data,hora,natureza,bairro,endereco,num_semaforo,sentido_via,tipo,auto,moto,ciclom,ciclista,pedestre,onibus,caminhao,viatura,outros,vitimas,vitimasfatais,acidente_verificado,tempo_clima,sinalizacao,condicao_via,conservacao_via,situacao_placa,velocidade_max_via,mao_direcao,divisao_via1
2022-01-01 00:00:00,,COM VÍTIMA,JORDÃO,AV MARIA IRENE,,SUBURBIO,COLISÃO FRONTAL,1,1,0,0,0,0,0,0,0,1,0,Longo da via,Bom,Não existente,Seca,Perfeito estado,Não há placas,,Dupla,Não existe
2022-01-01 00:00:00,,SEM VÍTIMA,IMBIRIBEIRA,AV MARECHAL MASCARENHAS DE MORAES,471,CIDADE,COLISÃO TRASEIRA,2,0,0,0,0,0,0,0,0,0,0,Longo da via,Bom,Perfeito estado,Seca,Perfeito estado,Não há placas,,Dupla,Canteiro central
2022-01-01 00:00:00,,COM VÍTIMA,CAXANGÁ,AV CAXANGA,,,COLISÃO TRASEIRA,1,1,0,0,0,0,0,0,0,2,0,,,,,,,,,
2022-01-01 00:00:00,,COM VÍTIMA,JOANA BEZERRA,AV GOVERNADOR AGAMENON MAGALHAES,,,COLISÃO LATERAL,1,1,0,0,0,0,0,0,0,1,0,,,,,,,,,
2022-01-02 00:00:00,,COM VÍTIMA,AFLITOS,RUA MANUEL DE CARVALHO,,SUBURBIO,COLISÃO LATERAL,1,1,0,0,0,0,0,0,0,1,0,Cruzamento,Bom,Perfeito estado,Seca,Perfeito estado,"Placas ""Pare""",,Única,Faixa contínua
2022-01-02 00:00:00,,COM VÍTIMA,TAMARINEIRA,AV NORTE MIGUEL ARRAES DE ALENCAR,62,SUBURBIO,COLISÃO LATERAL,1,1,0,0,0,0,0,0,0,1,0,Longo da via,Bom,Perfeito estado,Seca,Perfeito estado,Outras,,,
2022-01-02 00:00:00,,COM VÍTIMA,IMBIRIBEIRA,AV MARECHAL MASCARENHAS DE MORAES,,CIDADE,COLISÃO LATERAL,1,1,0,0,0,0,0,0,0,1,0,Longo da via,Chuvoso,Perfeito estado,Molhada,Perfeito estado,,40 km/h,,
2022-01-03 00:00:00,,SEM VÍTIMA,VASCO DA GAMA,RUA NORDESTE,,CIDADE,CAPOTAMENTO,0,0,0,0,0,1,0,0,0,0,0,,Chuvoso,Não existente,Molhada,Perfeito estado,Não há placas,,Dupla,Não existe
2022-01-03 00:00:00,,SEM VÍTIMA,TAMARINEIRA,RUA CONEGO BARATA,,SUBURBIO,,1,0,0,0,0,0,0,1,0,0,0,Longo da via,Bom,Perfeito estado,Seca,Perfeito estado,,,Dupla,Faixa seccionada
2022-01-03 00:00:00,,COM VÍTIMA,CAXANGÁ,AV CAXANGA,,CAMARAGIBE,COLISÃO LATERAL,1,0,0,1,0,0,0,0,0,1,0,,,,,,,,,
2022-01-04 00:00:00,,COM VÍTIMA,ARRUDA,AV BEBERIBE,,CIDADE,COLISÃO LATERAL,1,1,0,0,0,0,0,0,0,1,0,Cruzamento,Chuvoso,Perfeito estado,Molhada,Perfeito estado,Outras,,Dupla,Faixa contínua
2022-01-04 00:00:00,,COM VÍTIMA,APIPUCOS,RUA DE APIPUCOS,540,SUBURBIO,COLISÃO TRANSVERSAL,1,1,0,0,0,0,0,0,0,1,0,Cruzamento,Chuvoso,Perfeito estado,Molhada,Perfeito estado,Não há placas,,Dupla,Faixa contínua
2022-01-04 00:00:00,,COM VÍTIMA,GRAÇAS,AV RUI BARBOSA,,CIDADE,ATROPELAMENTO DE PESSOA,1,0,0,0,1,0,0,0,0,1,0,Longo da via,Chuvoso,Perfeito estado,Seca,Perfeito estado,Outras,60 km/h,Única,Faixa seccionada
2022-01-04 00:00:00,,COM VÍTIMA,ARRUDA,AV BEBERIBE,,CIDADE,COLISÃO TRANSVERSAL,1,1,0,0,0,0,0,0,0,1,0,Longo da via,Bom,Perfeito estado,Seca,Perfeito estado,R-6a,60 km/h,Dupla,Faixa contínua
2022-01-04 00:00:00,,COM VÍTIMA,BOA VIAGEM,AV ENGENHEIRO DOMINGOS FERREIRA,,,COLISÃO TRASEIRA,3,0,0,0,0,0,0,0,0,1,0,,,,,,,,,
2022-01-04 00:00:00,,COM VÍTIMA,IMBIRIBEIRA,AV MARECHAL MASCARENHAS DE MORAES,570,SUBURBIO,COLISÃO TRASEIRA,2,0,0,0,0,0,0,0,0,1,0,Longo da via,Bom,Perfeito estado,Seca,Perfeito estado,R-6a,60 km/h,Única,Faixa contínua
2022-01-04 00:00:00,,COM VÍTIMA,CASA AMARELA,RUA MAJOR NEREU GUERRA,,CIDADE,COLISÃO LATERAL,1,1,0,0,0,0,0,0,0,2,0,Esquina,Bom,Incompleta,Seca,Mal conservada,Outras,,Única,Faixa seccionada
2022-01-04 00:00:00,,SEM VÍTIMA,VASCO DA GAMA,RUA PLANALTO,,SUBURBIO,CHOQUE,0,0,0,0,0,0,1,0,0,0,0,,Bom,Perfeito estado,Seca,Perfeito estado,Não há placas,,Dupla,Não existe
2022-01-04 00:00:00,,COM VÍTIMA,ILHA DO LEITE,RUA GENERAL JOAQUIM INACIO,,SUBURBIO,COLISÃO LATERAL,1,1,0,0,0,0,0,0,0,1,0,Cruzamento,Bom,Perfeito estado,Seca,Perfeito estado,R-6a,40 km/h,Dupla,Faixa seccionada
2022-01-04 00:00:00,,COM VÍTIMA,IMBIRIBEIRA,AV ANTONIO TORRES GALVAO,,,COLISÃO COM CICLISTA,1,0,0,1,0,0,0,0,0,1,0,Longo da via,Bom,Perfeito estado,Seca,Perfeito estado,R-6a,,Única,Faixa seccionada
2022-01-04 00:00:00,,COM VÍTIMA,IPSEP,AV RECIFE,130,SUBURBIO,COLISÃO TRASEIRA,1,1,0,0,0,0,0,0,0,1,0,Longo da via,Chuvoso,Perfeito estado,Molhada,Perfeito estado,R-6a,,Dupla,Faixa contínua
2022-01-05 00:00:00,,COM VÍTIMA,DOIS IRMÃOS,RUA MANUEL DE MEDEIROS,,,COLISÃO LATERAL,1,1,0,0,0,0,1,0,0,1,0,Longo da via,Bom,Perfeito estado,Seca,Perfeito estado,,,Dupla,Faixa contínua
2022-01-05 00:00:00,,COM VÍTIMA,CABANGA,VIADUTO CAPITAO TEMUDO,,CIDADE,COLISÃO TRASEIRA,0,2,0,0,0,0,0,0,0,2,0,Viaduto,Bom,Perfeito estado,Seca,Perfeito estado,Não há placas,60 km/h,Única,Blocos
2022-01-05 00:00:00,,COM VÍTIMA,CAXANGÁ,AV CAXANGA,,,COLISÃO COM CICLISTA,1,0,0,1,0,0,0,0,0,1,0,,,,,,,,,
2022-01-05 00:00:00,,SEM VÍTIMA,ARRUDA,AV PROFESSOR JOSE DOS ANJOS,131,SUBURBIO,,0,1,0,0,0,0,0,1,0,0,0,Longo da via,Bom,Perfeito estado,Seca,Perfeito estado,R-4b,40 km/h,Dupla,Canal
2022-01-05 00:00:00,,COM VÍTIMA,ESPINHEIRO,RUA MARQUES DO PARANA,,,COLISÃO TRANSVERSAL,0,0,0,0,0,1,1,0,0,2,0,Cruzamento,Bom,Ilegível,Seca,Perfeito estado,R-4a,,Única,Não existe
2022-01-05 00:00:00,,COM VÍTIMA,IBURA,AV DOM HELDER CAMARA,315,,COLISÃO TRASEIRA,1,1,0,0,0,0,0,0,0,1,0,Longo da via,Bom,Perfeito estado,Seca,Perfeito estado,Não há placas,,Dupla,Faixa contínua
2022-01-05 00:00:00,,SEM VÍTIMA,ÁGUA FRIA,EST VELHA DE AGUA FRIA,,SUBURBIO,CHOQUE,0,0,0,0,0,0,1,0,0,0,0,Longo da via,Bom,Perfeito estado,Seca,Perfeito estado,Outras,,Dupla,Canteiro central
2022-01-05 00:00:00,,COM VÍTIMA,BAIRRO DO RECIFE,AV MILITAR,,S,COLISÃO LATERAL,1,1,0,0,0,0,0,0,0,1,0,Longo da via,Bom,Perfeito estado,Seca,Perfeito estado,R-6a,50 km/h,Única,
2022-01-05 00:00:00,,COM VÍTIMA,ILHA JOANA BEZERRA,AV GOVERNADOR AGAMENON MAGALHAES,,,CHOQUE,0,0,0,0,0,0,0,0,0,1,0,,,,,,,,,
2022-01-06 00:00:00,,COM VÍTIMA,ESPINHEIRO,AV JOAO DE BARROS,,SUBURBIO,CHOQUE,0,1,0,0,0,0,0,0,0,2,0,Longo da via,Bom,Perfeito estado,Seca,Perfeito estado,Outras,,Única,Faixa seccionada
2022-01-06 00:00:00,,COM VÍTIMA,NOVA DESCOBERTA,RUA NOVA DESCOBERTA,,,ATROPELAMENTO DE PESSOA,0,0,0,0,1,1,0,0,0,1,0,Longo da via,Nublado,Incompleta,Seca,Perfeito estado,,,Dupla,Faixa contínua
2022-01-06 00:00:00,,COM VÍTIMA,BARRO,AV DR JOSE RUFINO,,CIDADE,COLISÃO TRANSVERSAL,1,1,0,0,0,0,0,0,0,1,0,Longo da via,Bom,Perfeito estado,Seca,Perfeito estado,R-6a,60 km/h,Dupla,Faixa contínua
2022-01-06 00:00:00,,COM VÍTIMA,CASA FORTE,AV DEZESSETE DE AGOSTO,,CIDADE,COLISÃO TRASEIRA,1,1,0,0,0,0,0,0,0,2,0,Longo da via,Bom,Perfeito estado,Seca,Perfeito estado,Não há placas,,Dupla,Faixa contínua
2022-01-06 00:00:00,,SEM VÍTIMA,CASA AMARELA,RUA EUGENIO SAMICO,,SUBURBIO,,2,0,0,0,0,0,0,0,0,0,0,Cruzamento,Bom,,Seca,Perfeito estado,Outras,30 km/h,Dupla,Não existe
2022-01-06 00:00:00,,COM VÍTIMA,BOA VIAGEM,RUA VISCONDE DE JEQUITINHONHA,154,,COLISÃO TRANSVERSAL,2,0,0,0,0,0,0,0,0,2,0,Cruzamento,Bom,Perfeito estado,Seca,Perfeito estado,"Placas ""Pare""",60 km/h,Única,Faixa seccionada
2022-01-06 00:00:00,,SEM VÍTIMA,SANTO ANTÔNIO,RUA IMPERADOR PEDRO SEGUNDO,203,CIDADE,,3,0,0,0,0,0,0,0,0,0,0,Longo da via,Bom,Perfeito estado,Seca,Perfeito estado,Outras,,Única,Faixa contínua
2022-01-06 00:00:00,,COM VÍTIMA,BOA VIAGEM,RUA DOS NAVEGANTES,,SUBURBIO,COLISÃO LATERAL,1,0,0,0,0,0,0,0,1,1,0,Longo da via,Bom,Perfeito estado,Seca,Perfeito estado,"Placas ""Pare""",,Única,Faixa seccionada
2022-01-06 00:00:00,,COM VÍTIMA,CORDEIRO,RUA PROFESSOR JOAQUIM XAVIER DE BRITO,541,,COLISÃO TRANSVERSAL,0,1,0,0,0,0,1,0,0,1,0,Cruzamento,Bom,Perfeito estado,Seca,Perfeito estado,Não há placas,30 km/h,Dupla,Canteiro central
2022-01-06 00:00:00,,COM VÍTIMA,IPUTINGA,AV MAURICIO DE NASSAU,246,,COLISÃO TRANSVERSAL,1,1,0,0,0,0,0,0,0,1,0,Cruzamento,Bom,Perfeito estado,Seca,Perfeito estado,Não há placas,60 km/h,Dupla,Faixa contínua
2022-01-07 00:00:00,,COM VÍTIMA,SANTO AMARO,AV GOVERNADOR AGAMENON MAGALHAES,378,,COLISÃO TRASEIRA,1,1,0,0,0,0,0,0,0,1,0,Longo da via,Bom,Perfeito estado,Seca,,Não há placas,60 km/h,Dupla,Canteiro central
2022-01-07 00:00:00,,COM VÍTIMA,DERBY,AV GOVERNADOR AGAMENON MAGALHAES,75,BOA VIAGEM,COLISÃO TRASEIRA,0,2,0,0,0,0,0,0,0,2,0,Longo da via,Bom,Perfeito estado,Seca,Perfeito estado,Outras,60 km/h,Dupla,Canteiro central
2022-01-07 00:00:00,,COM VÍTIMA,LINHA DO TIRO,RUA URIEL DE HOLANDA,,SUBURBIO,ATROPELAMENTO DE PESSOA,0,1,0,0,1,0,0,0,0,1,0,Longo da via,Bom,Não existente,Seca,Perfeito estado,Outras,30 km/h,Dupla,Não existe
2022-01-07 00:00:00,,SEM VÍTIMA,BOA VISTA,AV CONDE DA BOA VISTA,,SUBURBIO,COLISÃO TRASEIRA,2,0,0,0,0,0,0,0,0,0,0,,,,,,,,,
2022-01-07 00:00:00,,COM VÍTIMA,AFOGADOS,RUA CINCO DE NOVEMBRO,,,COLISÃO LATERAL,1,1,0,0,0,0,0,0,0,1,0,,,,,,,,,
2022-01-07 00:00:00,,COM VÍTIMA,PINA,AV ENCANTA MOCA,,SUBURBIO,COLISÃO FRONTAL,0,2,0,0,0,0,0,0,0,1,0,Longo da via,Bom,Incompleta,Seca,Perfeito estado,Não há placas,,Dupla,Não existe
2022-01-08 00:00:00,,COM VÍTIMA,JOANA BEZERRA,VIADUTO CAPITAO TEMUDO,,CIDADE,COLISÃO FRONTAL,1,1,0,0,0,0,0,0,0,1,0,Viaduto,Bom,Perfeito estado,Seca,Perfeito estado,Não há placas,60 km/h,Única,Faixa seccionada
2022-01-08 00:00:00,,COM VÍTIMA,AFOGADOS,RUA DA PAZ,,SUBURBIO,COLISÃO TRASEIRA,1,1,0,0,0,0,0,0,0,1,0,Longo da via,Bom,Incompleta,Seca,Perfeito estado,R-6a,,Única,Não existe
2022-01-08 00:00:00,,COM VÍTIMA,AFOGADOS,RUA DA PAZ,,,COLISÃO TRASEIRA,1,1,0,0,0,0,0,0,0,1,0,,,,,,,,,
2022-01-08 00:00:00,,COM VÍTIMA,CASA AMARELA,RUA PADRE LEMOS,,CIDADE,ATROPELAMENTO DE PESSOA,0,1,0,0,1,0,0,0,0,1,0,Longo da via,Bom,Perfeito estado,Seca,Perfeito estado,Outras,,Dupla,Não existe
2022-01-08 00:00:00,,COM VÍTIMA,BOA VIAGEM,RUA DES JOAO PAES,,SUBURBIO,CHOQUE,3,0,0,0,0,0,0,0,0,1,0,Longo da via,Bom,Perfeito estado,Seca,Perfeito estado,"Placas ""Pare""",30 km/h,Única,Não existe
2022-01-08 00:00:00,,COM VÍTIMA,SANTO AMARO,AV GOVERNADOR AGAMENON MAGALHAES,378,OLINDA,COLISÃO LATERAL,1,1,0,0,0,0,0,0,0,1,0,Longo da via,Bom,Perfeito estado,Seca,Perfeito estado,Outras,60 km/h,Dupla,Canal
2022-01-08 00:00:00,,COM VÍTIMA,CASA FORTE,AV DEZESSETE DE AGOSTO,251,,COLISÃO FRONTAL,1,1,0,0,0,0,0,0,0,1,0,Outros,Bom,Perfeito estado,Seca,Perfeito estado,Não há placas,,Dupla,Não existe
2022-01-09 00:00:00,,COM VÍTIMA,BAIRRO DO RECIFE,CAIS DO APOLO,,,QUEDA,0,1,0,0,0,0,0,0,0,1,0,Longo da via,Bom,Perfeito estado,Seca,Perfeito estado,Outras,,Dupla,Canteiro central
2022-01-09 00:00:00,,COM VÍTIMA,IPUTINGA,RUA SAO MATEUS,,SUBURBIO,COLISÃO LATERAL,1,1,0,0,0,0,0,0,0,1,0,Longo da via,Bom,Incompleta,Seca,Mal conservada,Não há placas,,Dupla,Não existe
2022-01-09 00:00:00,,COM VÍTIMA,ESPINHEIRO,RUA ALFREDO DE CARVALHO,,SUBURBIO,CHOQUE,2,0,0,0,0,0,0,0,0,1,0,Longo da via,Bom,Perfeito estado,Seca,Perfeito estado,R-6b,30 km/h,Única,Não existe
2022-01-10 00:00:00,,SEM VÍTIMA,ILHA DO LEITE,AV GOVERNADOR AGAMENON MAGALHAES,,,COLISÃO LATERAL,2,0,0,0,0,0,0,0,0,0,0,,,,,,,,,
2022-01-10 00:00:00,,COM VÍTIMA,CORDEIRO,AV CAXANGA,533,SUBURBIO,ATROPELAMENTO DE PESSOA,0,1,0,0,1,0,0,0,0,1,0,Longo da via,Bom,Perfeito estado,Seca,Perfeito estado,Não há placas,60 km/h,Única,Faixa contínua
2022-01-10 00:00:00,,COM VÍTIMA,ESPINHEIRO,RUA AMELIA,675,CIDADE,COLISÃO TRANSVERSAL,1,1,0,0,0,0,0,0,0,1,0,Cruzamento,Bom,Perfeito estado,Seca,Perfeito estado,Outras,,Única,Faixa contínua
2022-01-10 00:00:00,,COM VÍTIMA,BOA VIAGEM,RUA BARAO DE SOUZA LEAO,,SUBURBIO,COLISÃO LATERAL,1,1,0,0,0,0,0,0,0,1,0,Longo da via,Bom,Perfeito estado,Seca,Perfeito estado,Não há placas,,Única,Faixa seccionada
2022-01-10 00:00:00,,COM VÍTIMA,BOA VIAGEM,RUA DOM JOSE LOPES,,SUBURBIO,COLISÃO TRANSVERSAL,1,1,0,0,0,0,0,0,0,1,0,Cruzamento,Chuvoso,Perfeito estado,Seca,Perfeito estado,"Placas ""Pare""",,Única,Faixa seccionada
2022-01-10 00:00:00,,COM VÍTIMA,IPUTINGA,AV MAURICIO DE NASSAU,,,COLISÃO FRONTAL,1,1,0,0,0,0,0,0,0,1,0,,,,,,,,,
2022-01-10 00:00:00,,COM VÍTIMA,IPUTINGA,AV CAXANGA,290,SUBURBIO,COLISÃO COM CICLISTA,0,1,0,1,0,0,0,0,0,1,0,Longo da via,Bom,Perfeito estado,Seca,Perfeito estado,Não há placas,60 km/h,Única,Faixa seccionada
2022-01-10 00:00:00,,COM VÍTIMA,ESPINHEIRO,RUA DO ESPINHEIRO,,CIDADE,COLISÃO TRANSVERSAL,0,2,0,0,0,0,0,0,0,3,0,Cruzamento,Bom,Ilegível,Seca,Perfeito estado,"Placas ""Pare""",,Única,Faixa seccionada
2022-01-10 00:00:00,,COM VÍTIMA,ENCRUZILHADA,AV BEBERIBE,186,CIDADE,COLISÃO TRANSVERSAL,1,1,0,0,0,0,0,0,0,1,0,Cruzamento,Bom,Perfeito estado,Seca,Perfeito estado,R-6a,40 km/h,Dupla,Faixa contínua
2022-01-10 00:00:00,,COM VÍTIMA,ALTO JOSÉ BONIFÁCIO,RUA CORREGO DO EUCLIDES,,SUBURBIO,COLISÃO FRONTAL,1,1,0,0,0,0,0,0,0,1,0,Longo da via,Bom,Não existente,Seca,,,,Dupla,Faixa seccionada
2022-01-10 00:00:00,,COM VÍTIMA,BOA VISTA,RUA DO PROGRESSO,,,COLISÃO FRONTAL,0,0,0,0,0,0,0,0,0,1,0,,,,,,,,,
2022-01-10 00:00:00,,SEM VÍTIMA,JOANA BEZERRA,VIADUTO CAPITAO TEMUDO,,CIDADE,CHOQUE,1,0,0,0,0,0,0,0,0,0,0,,,,,,,,,
2022-01-11 00:00:00,,COM VÍTIMA,MACAXEIRA,AV NORTE MIGUEL ARRAES DE ALENCAR,,CIDADE,COLISÃO TRASEIRA,2,1,0,0,0,0,0,0,0,1,0,Longo da via,Chuvoso,Perfeito estado,Molhada,Perfeito estado,Não há placas,60 km/h,Dupla,Faixa contínua
2022-01-11 00:00:00,,COM VÍTIMA,PINA,AVENIDA CELSO FURTADO (VIA MANGUE),,CIDADE,COLISÃO LATERAL,1,1,0,0,0,0,0,0,0,1,0,Longo da via,Chuvoso,Não existente,Molhada,Perfeito estado,Não há placas,,Única,Faixa seccionada
2022-01-11 00:00:00,,SEM VÍTIMA,MADALENA,AV CAXANGA,257,SUBURBIO,COLISÃO TRANSVERSAL,2,0,0,0,0,0,0,0,1,0,0,Cruzamento,Bom,Perfeito estado,Seca,Perfeito estado,Não há placas,40 km/h,Dupla,Faixa contínua
2022-01-11 00:00:00,,COM VÍTIMA,BOA VIAGEM,AV CONSELHEIRO AGUIAR,,,COLISÃO LATERAL,1,1,0,0,0,0,0,0,0,1,0,,,,,,,,,
2022-01-11 00:00:00,,COM VÍTIMA,ARRUDA,AV BEBERIBE,,CIDADE,COLISÃO TRANSVERSAL,1,0,1,0,0,0,0,0,0,1,0,Cruzamento,Bom,Perfeito estado,Seca,Perfeito estado,R-6a,,Dupla,Faixa contínua
2022-01-11 00:00:00,,COM VÍTIMA,BOA VIAGEM,AVENIDA CELSO FURTADO (VIA MANGUE),,SUBURBIO,COLISÃO LATERAL,1,1,0,0,0,0,0,0,0,2,0,Longo da via,Bom,Perfeito estado,Seca,Perfeito estado,Não há placas,,Única,
2022-01-11 00:00:00,,COM VÍTIMA,CORDEIRO,RUA GOMES TABORDA,,SUBURBIO,COLISÃO COM CICLISTA,2,0,0,1,0,0,0,0,0,1,0,Cruzamento,Bom,Não existente,Seca,Mal conservada,Não há placas,,Dupla,Faixa seccionada
2022-01-11 00:00:00,,SEM VÍTIMA,VÁRZEA,RUA AGRICOLANDIA,,,CHOQUE,0,0,0,0,0,0,0,0,0,0,0,,,,,,,,,
2022-01-11 00:00:00,,COM VÍTIMA,TAMARINEIRA,EST VELHA DE AGUA FRIA,,SUBURBIO,COLISÃO TRANSVERSAL,1,1,0,0,0,0,0,0,0,1,0,Longo da via,Bom,Perfeito estado,Seca,Perfeito estado,R-6a,,Dupla,Faixa contínua
2022-01-12 00:00:00,,COM VÍTIMA,MACAXEIRA,AV NORTE MIGUEL ARRAES DE ALENCAR,,SUBURBIO,TOMBAMENTO,0,1,0,0,0,0,0,0,0,1,0,Longo da via,Bom,Perfeito estado,Seca,Perfeito estado,,60 km/h,Dupla,Faixa contínua
2022-01-12 00:00:00,,SEM VÍTIMA,SANTO AMARO,AV GOVERNADOR AGAMENON MAGALHAES,,,COLISÃO FRONTAL,2,0,0,0,0,0,0,0,0,0,0,Longo da via,Bom,Perfeito estado,Seca,Perfeito estado,Outras,60 km/h,Dupla,Faixa seccionada
2022-01-12 00:00:00,,COM VÍTIMA,SÃO JOSÉ,RUA IMPERIAL,510,,COLISÃO TRANSVERSAL,0,2,0,0,0,0,0,1,0,2,0,Cruzamento,Bom,Perfeito estado,Seca,Perfeito estado,R-6a,,Única,Faixa contínua
2022-01-12 00:00:00,,COM VÍTIMA,PINA,AVENIDA CELSO FURTADO (VIA MANGUE),,SUBURBIO,COLISÃO COM CICLISTA,0,1,0,1,0,0,0,0,0,1,0,Longo da via,Bom,Perfeito estado,Seca,Perfeito estado,Outras,,Única,Faixa seccionada
2022-01-12 00:00:00,,SEM VÍTIMA,ESPINHEIRO,RUA CONS PORTELA,464,SUBURBIO,CHOQUE,1,0,0,0,0,0,0,0,0,0,0,Cruzamento,Bom,Perfeito estado,Seca,,Não há placas,,Única,Faixa contínua
2022-01-12 00:00:00,,COM VÍTIMA,ARRUDA,RUA DA REGENERACAO,,,COLISÃO LATERAL,1,1,0,0,0,0,0,0,0,1,0,,,,,,,,,
2022-01-13 00:00:00,,COM VÍTIMA,AFOGADOS,RUA SAO MIGUEL,,CIDADE,COLISÃO TRANSVERSAL,1,1,0,0,0,1,0,0,0,1,0,Longo da via,Bom,Perfeito estado,Seca,Perfeito estado,Não há placas,,Dupla,Faixa seccionada
2022-01-13 00:00:00,,COM VÍTIMA,CAMPO GRANDE,EST DE BELEM,94,SUBURBIO,COLISÃO TRANSVERSAL,1,1,0,0,0,0,0,0,0,1,0,Cruzamento,Bom,Perfeito estado,Seca,Perfeito estado,Não há placas,,Dupla,Faixa contínua
2022-01-13 00:00:00,,VÍTIMA FATAL,PAISSANDU,AV GOVERNADOR AGAMENON MAGALHAES,69,CIDADE,COLISÃO TRASEIRA,0,1,0,0,0,0,1,0,0,0,1,Esquina,Chuvoso,Perfeito estado,Molhada,Perfeito estado,Outras,,Dupla,Canteiro central
2022-01-14 00:00:00,,SEM VÍTIMA,AREIAS,AV RECIFE,599,,CHOQUE,1,0,0,0,0,0,0,0,0,0,0,Longo da via,Chuvoso,Perfeito estado,Molhada,Perfeito estado,Não há placas,60 km/h,Dupla,Faixa contínua
2022-01-14 00:00:00,,COM VÍTIMA,AFOGADOS,RUA SAO MIGUEL,,SUBURBIO,COLISÃO TRASEIRA,3,0,0,0,0,1,0,0,0,2,0,Longo da via,Chuvoso,Perfeito estado,Molhada,Perfeito estado,Outras,,Dupla,Faixa contínua
2022-01-14 00:00:00,,COM VÍTIMA,BOA VIAGEM,AV CONSELHEIRO AGUIAR,,,COLISÃO LATERAL,1,1,0,0,0,0,0,0,0,1,0,Longo da via,Chuvoso,Perfeito estado,Molhada,Perfeito estado,R-6a,,Única,Faixa seccionada
2022-01-15 00:00:00,,COM VÍTIMA,SANTO AMARO,RUA SAO MATEUS,,,COLISÃO FRONTAL,0,1,0,0,0,1,0,0,0,1,0,,,,,,,,,
2022-01-15 00:00:00,,SEM VÍTIMA,BOA VIAGEM,RUA JOAO CARDOSO AIRES,,SUBURBIO,COLISÃO TRANSVERSAL,1,0,0,0,0,0,1,0,0,0,0,Cruzamento,Chuvoso,Perfeito estado,Molhada,Perfeito estado,"Placas ""Pare""",30 km/h,Dupla,Faixa seccionada
2022-01-15 00:00:00,,COM VÍTIMA,BARRO,AV DR JOSE RUFINO,539,SUBURBIO,COLISÃO TRANSVERSAL,1,1,0,0,0,0,0,0,0,1,0,Longo da via,Chuvoso,Ilegível,Molhada,Mal conservada,Não há placas,,Dupla,Não existe
2022-01-16 00:00:00,,COM VÍTIMA,LINHA DO TIRO,RUA URIEL DE HOLANDA,447,CIDADE,COLISÃO FRONTAL,1,1,0,0,0,0,0,0,0,1,0,Longo da via,Bom,Perfeito estado,Seca,Perfeito estado,R-6a,30 km/h,Dupla,Não existe
2022-01-16 00:00:00,,COM VÍTIMA,PARNAMIRIM,AV PARNAMIRIM,,CIDADE,ATROPELAMENTO DE PESSOA,1,0,0,0,1,0,0,0,0,1,0,Esquina,Bom,Perfeito estado,Seca,Perfeito estado,R-6a,,Única,Faixa seccionada
2022-01-16 00:00:00,,COM VÍTIMA,VÁRZEA,AV AFONSO OLINDENSE,,SUBURBIO,COLISÃO TRANSVERSAL,1,1,0,0,0,0,0,0,0,1,0,Longo da via,Bom,Perfeito estado,Seca,Perfeito estado,R-6a,40 km/h,Dupla,Faixa contínua
2022-01-16 00:00:00,,COM VÍTIMA,BOA VIAGEM,AV CONSELHEIRO AGUIAR,240,CIDADE,COLISÃO TRASEIRA,1,1,0,0,0,0,0,0,0,1,0,Longo da via,Bom,Perfeito estado,Seca,Perfeito estado,Não há placas,60 km/h,Única,Faixa seccionada
2022-01-16 00:00:00,,COM VÍTIMA,SANTO AMARO,AV GOVERNADOR AGAMENON MAGALHAES,,CIDADE,ATROPELAMENTO DE PESSOA,0,1,0,0,1,0,0,0,0,2,0,Longo da via,Bom,Perfeito estado,Seca,Perfeito estado,Outras,60 km/h,Dupla,Faixa seccionada
2022-01-16 00:00:00,,COM VÍTIMA,VÁRZEA,AV AFONSO OLINDENSE,,,ATROPELAMENTO DE PESSOA,1,0,0,0,1,0,0,0,0,1,0,Longo da via,Bom,Perfeito estado,Seca,Perfeito estado,R-6a,,Dupla,Faixa contínua
2022-01-16 00:00:00,,SEM VÍTIMA,BOMBA DO HEMETÉRIO,RUA SAO BENTO,,,COLISÃO FRONTAL,0,0,0,0,0,0,0,0,0,0,0,,,,,,,,,
2022-01-16 00:00:00,,COM VÍTIMA,CASA AMARELA,EST DO ARRAIAL,74,SUBURBIO,COLISÃO TRANSVERSAL,1,1,0,0,0,0,0,0,0,2,0,Cruzamento,Bom,Perfeito estado,Seca,Perfeito estado,Outras,,Única,Faixa seccionada
2022-01-17 00:00:00,,VÍTIMA FATAL,PRADO,AV ENGENHEIRO ABDIAS DE CARVALHO,132,SUBURBIO,COLISÃO TRANSVERSAL,0,1,0,0,0,0,1,0,0,0,1,Cruzamento,Chuvoso,Perfeito estado,Molhada,Perfeito estado,Não há placas,,Dupla,Canteiro central
2022-01-17 00:00:00,,SEM VÍTIMA,ENGENHO DO MEIO,AV ENGENHEIRO ABDIAS DE CARVALHO,,,CHOQUE,1,0,0,0,0,0,0,0,0,0,0,,,,,,,,,
2022-01-17 00:00:00,,SEM VÍTIMA,SANTO AMARO,AV GOVERNADOR AGAMENON MAGALHAES,49,,,2,0,0,0,0,0,0,0,0,0,0,Longo da via,Bom,Perfeito estado,Seca,Perfeito estado,Não há placas,60 km/h,Dupla,Faixa seccionada
2022-01-17 00:00:00,,SEM VÍTIMA,GRAÇAS,RUA ESMERALDINO BANDEIRA,,SUBURBIO,,1,0,0,0,0,0,0,0,0,0,0,Longo da via,Bom,Perfeito estado,Seca,Perfeito estado,R-6a,30 km/h,Única,Não existe