data,hora,natureza,bairro,endereco,num_semaforo,sentido_via,tipo,auto,moto,ciclom,ciclista,pedestre,onibus,caminhao,viatura,outros,vitimas,vitimasfatais,acidente_verificado,tempo_clima,sinalizacao,condicao_via,conservacao_via,situacao_placa,velocidade_max_via,mao_direcao,divisao_via1
2022-01-17 00:00:00,,SEM VÍTIMA,IPSEP,RUA JEAN EMILE FAVRE,,CIDADE,CHOQUE,0,0,0,0,0,0,1,0,0,0,0,Cruzamento,Bom,Perfeito estado,Seca,Perfeito estado,R-6a,,Dupla,Faixa contínua
2022-01-17 00:00:00,,COM VÍTIMA,SÃO JOSÉ,RUA IMPERIAL,510,SUBURBIO,COLISÃO TRANSVERSAL,1,1,0,0,0,0,0,0,0,1,0,Cruzamento,Bom,Perfeito estado,Seca,Perfeito estado,Outras,,Única,Faixa contínua
2022-01-17 00:00:00,,COM VÍTIMA,CORDEIRO,RUA PROFESSOR JOAQUIM XAVIER DE BRITO,,,COLISÃO LATERAL,1,1,0,0,0,0,0,0,0,1,0,,,,,,,,,
2022-01-17 00:00:00,,COM VÍTIMA,SANTO AMARO,AV NORTE MIGUEL ARRAES DE ALENCAR,,SUBÚRBIO,COLISÃO TRASEIRA,0,1,0,1,0,1,1,0,0,1,0,Viaduto,Bom,Perfeito estado,Seca,Perfeito estado,Não há placas,60 km/h,Dupla,Faixa seccionada
2022-01-17 00:00:00,,COM VÍTIMA,MADALENA,RUA BENFICA,590,CIDADE,COLISÃO LATERAL,1,1,0,0,0,0,0,0,0,1,0,Rotatória,Bom,Perfeito estado,Seca,Perfeito estado,"Placas ""Pare""",,,Faixa contínua
2022-01-17 00:00:00,,COM VÍTIMA,IMBIRIBEIRA,RUA ITALIA,,,COLISÃO FRONTAL,0,0,1,0,0,1,0,0,0,1,0,Cruzamento,Bom,Incompleta,Seca,Perfeito estado,"Placas ""Pare""",,Dupla,Não existe
2022-01-18 00:00:00,,COM VÍTIMA,IMBIRIBEIRA,RUA IZABEL DE SOUZA,450,SUBURBIO,COLISÃO TRANSVERSAL,1,1,0,0,0,0,0,0,0,1,0,Cruzamento,Bom,Perfeito estado,Seca,Perfeito estado,Outras,,Única,Não existe
2022-01-18 00:00:00,,SEM VÍTIMA,PRADO,AV ENGENHEIRO ABDIAS DE CARVALHO,,SUBURBIO,CHOQUE,1,0,0,0,0,0,0,0,0,0,0,Longo da via,,Perfeito estado,,Perfeito estado,,,Única,Faixa seccionada
2022-01-18 00:00:00,,COM VÍTIMA,ENCRUZILHADA,AV NORTE MIGUEL ARRAES DE ALENCAR,45,SUBURBIO,COLISÃO TRASEIRA,1,1,0,0,0,0,0,0,0,1,0,Cruzamento,Bom,Perfeito estado,Seca,Perfeito estado,Não há placas,60 km/h,Dupla,Canteiro central
2022-01-18 00:00:00,,SEM VÍTIMA,AFOGADOS,RUA MOTOCOLOMBO,,SUBURBIO,ATROPELAMENTO DE ANIMAL,0,1,0,0,0,0,0,0,0,0,0,Longo da via,Bom,Perfeito estado,Seca,Perfeito estado,Não há placas,,Única,Faixa seccionada
2022-01-18 00:00:00,,COM VÍTIMA,BARRO,AV DR JOSE RUFINO,,,COLISÃO LATERAL,1,1,0,0,0,0,0,0,0,1,0,,,,,,,,,
2022-01-18 00:00:00,,COM VÍTIMA,VÁRZEA,AV AFONSO OLINDENSE,,,COLISÃO FRONTAL,0,0,0,0,0,0,0,0,0,1,0,,,,,,,,,
2022-01-19 00:00:00,,COM VÍTIMA,CAXANGÁ,AV CAXANGA,,CIDADE,COLISÃO LATERAL,1,1,0,0,0,0,0,0,0,1,0,Longo da via,Bom,Perfeito estado,Seca,Perfeito estado,Não há placas,60 km/h,Dupla,Canteiro central
2022-01-19 00:00:00,,COM VÍTIMA,PAISSANDU,RUA FRANCISCO ALVES,,,COLISÃO TRANSVERSAL,1,1,0,0,0,0,0,0,0,1,0,Longo da via,Bom,Perfeito estado,Seca,Perfeito estado,R-34,,Dupla,Faixa contínua
2022-01-19 00:00:00,,COM VÍTIMA,DOIS UNIDOS,RUA DIVISOPOLIS,,,COLISÃO FRONTAL,0,2,0,0,0,0,0,0,0,2,0,,,,,,,,,
2022-01-19 00:00:00,,COM VÍTIMA,VÁRZEA,RUA AMARO GOMES POROCA,,,COLISÃO LATERAL,1,0,0,0,0,0,1,0,0,1,0,Longo da via,Bom,Incompleta,Seca,,Não há placas,,Dupla,Não existe
2022-01-19 00:00:00,,COM VÍTIMA,GRAÇAS,RUA ALBERTO PAIVA,,,COLISÃO LATERAL,1,2,0,0,0,0,0,0,0,1,0,Longo da via,Bom,Perfeito estado,Seca,Perfeito estado,Não há placas,40 km/h,Única,Faixa seccionada
2022-01-19 00:00:00,,SEM VÍTIMA,IMBIRIBEIRA,AV MARECHAL MASCARENHAS DE MORAES,,,COLISÃO LATERAL,1,0,0,0,0,0,0,1,0,0,0,,,,,,,,,
2022-01-19 00:00:00,,COM VÍTIMA,VÁRZEA,AV AFONSO OLINDENSE,,CIDADE,COLISÃO TRANSVERSAL,1,1,0,0,0,0,0,0,0,1,0,Longo da via,Bom,Perfeito estado,Seca,Perfeito estado,Outras,,Dupla,Faixa contínua
2022-01-19 00:00:00,,COM VÍTIMA,BAIRRO DO RECIFE,PTE BUARQUE DE MACEDO,,,COLISÃO LATERAL,1,0,0,0,0,0,1,0,0,1,0,,,,,,,,,
2022-01-19 00:00:00,,COM VÍTIMA,CASA FORTE,EST DAS UBAIAS,,,COLISÃO LATERAL,0,0,0,0,0,0,0,0,0,1,0,,,,,,,,,
2022-01-20 00:00:00,,COM VÍTIMA,IPSEP,AV RECIFE,16,BOA VIAGEM,ATROPELAMENTO DE PESSOA,0,1,0,0,1,0,0,0,0,1,0,Longo da via,Bom,Perfeito estado,Seca,Perfeito estado,,,,
2022-01-20 00:00:00,,SEM VÍTIMA,BOA VISTA,RUA PRINCESA IZABEL,168,CIDADE,CHOQUE,0,0,0,0,0,0,1,0,0,0,0,,,,,,,,,
2022-01-20 00:00:00,,COM VÍTIMA,SANTO ANTÔNIO,PRC DA REPUBLICA,,SUBURBIO,CHOQUE,1,1,0,0,0,0,0,0,0,1,0,Longo da via,Bom,Perfeito estado,Seca,Perfeito estado,Outras,,Única,Não existe
2022-01-20 00:00:00,,COM VÍTIMA,GRAÇAS,AV RUI BARBOSA,,,COLISÃO LATERAL,0,0,0,0,0,0,0,0,0,1,0,,,,,,,,,
2022-01-20 00:00:00,,COM VÍTIMA,TORRE,AV BEIRA RIO,630,,COLISÃO TRANSVERSAL,1,1,0,0,0,0,0,0,0,2,0,Cruzamento,Bom,Perfeito estado,Seca,Perfeito estado,,,Dupla,Faixa contínua
2022-01-21 00:00:00,,SEM VÍTIMA,PAISSANDU,AV GOVERNADOR AGAMENON MAGALHAES,,,CHOQUE,1,0,0,0,0,0,0,0,0,0,0,,,,,,,,,
2022-01-21 00:00:00,,COM VÍTIMA,BOA VIAGEM,RUA VISCONDE DE JEQUITINHONHA,154,SUBURBIO,COLISÃO LATERAL,1,1,0,0,0,0,0,0,0,1,0,Cruzamento,Bom,Perfeito estado,Seca,Perfeito estado,"Placas ""Pare""",40 km/h,Única,Faixa contínua
2022-01-21 00:00:00,,SEM VÍTIMA,PINA,AVENIDA CELSO FURTADO (VIA MANGUE),,SUBURBIO,COLISÃO LATERAL,0,0,0,0,0,0,0,0,0,0,0,,,,,,,,,
2022-01-21 00:00:00,,COM VÍTIMA,VASCO DA GAMA,RUA VASCO DA GAMA,,,COLISÃO LATERAL,0,0,0,0,0,0,0,0,0,1,0,,,,,,,,,
2022-01-22 00:00:00,,COM VÍTIMA,AFOGADOS,RUA SAO MIGUEL,,,COLISÃO FRONTAL,1,1,0,0,0,0,0,0,0,1,0,,,,,,,,,
2022-01-22 00:00:00,,COM VÍTIMA,DERBY,AV GOVERNADOR AGAMENON MAGALHAES,,SUBURBIO,ATROPELAMENTO DE PESSOA,1,0,0,0,1,0,0,0,0,1,0,Longo da via,Bom,Perfeito estado,Seca,Perfeito estado,Outras,,,Faixa seccionada
2022-01-22 00:00:00,,COM VÍTIMA,BOA VIAGEM,RUA FRANCISCO DA CUNHA,,CIDADE,COLISÃO TRANSVERSAL,2,0,0,0,0,0,0,0,0,1,0,Cruzamento,Bom,Perfeito estado,Seca,Perfeito estado,"Placas ""Pare""",,Única,Não existe
2022-01-22 00:00:00,,SEM VÍTIMA,COHAB,RUA TERRA BRANCA,,,COLISÃO TRASEIRA,1,0,0,0,0,0,1,0,0,0,0,,,,,,,,,
2022-01-22 00:00:00,,COM VÍTIMA,IPUTINGA,RUA BALTAZAR DA SILVA LISBOA,,,ATROPELAMENTO DE PESSOA,0,1,0,0,1,0,0,0,0,1,0,,,,,,,,,
2022-01-22 00:00:00,,COM VÍTIMA,TORRE,RUA DOM MANOEL DA COSTA,,CIDADE,COLISÃO LATERAL,1,1,0,0,0,0,0,0,0,1,0,Longo da via,Bom,Incompleta,Seca,Mal conservada,,,Única,Faixa seccionada
2022-01-23 00:00:00,,COM VÍTIMA,TORRE,RUA TOMAZ GONZAGA,280,,COLISÃO TRANSVERSAL,1,1,0,0,0,0,0,0,0,2,0,Cruzamento,Bom,Perfeito estado,Seca,Perfeito estado,Não há placas,,Única,Faixa contínua
2022-01-23 00:00:00,,COM VÍTIMA,DERBY,AV GOVERNADOR AGAMENON MAGALHAES,68,OLINDA,COLISÃO LATERAL,0,2,0,0,0,0,0,0,0,1,0,Cruzamento,Bom,Perfeito estado,Seca,Perfeito estado,,,Única,Faixa contínua
2022-01-23 00:00:00,,COM VÍTIMA,PINA,PTE GOVERNADOR PAULO GUERRA,,SUBURBIO,COLISÃO FRONTAL,1,1,0,0,0,0,0,0,0,1,0,Longo da via,Bom,Perfeito estado,Seca,Perfeito estado,Não há placas,60 km/h,Única,Faixa seccionada
2022-01-23 00:00:00,,COM VÍTIMA,BOA VIAGEM,RUA VISCONDE DE JEQUITINHONHA,,SUBURBIO,ENGAVETAMENTO,3,0,0,0,0,0,0,0,0,3,0,Longo da via,Bom,Perfeito estado,Seca,Perfeito estado,Não há placas,,Única,Faixa seccionada
2022-01-23 00:00:00,,COM VÍTIMA,CAMPO GRANDE,RUA JERONIMO VILELA,565,SUBURBIO,COLISÃO COM CICLISTA,0,1,0,2,0,0,0,0,0,1,0,Cruzamento,Bom,Perfeito estado,Seca,Perfeito estado,R-28,,Dupla,Faixa seccionada
2022-01-23 00:00:00,,COM VÍTIMA,ESPINHEIRO,RUA DO FUTURO,,,COLISÃO LATERAL,1,1,0,0,0,0,0,0,0,1,0,,,,,,,,,
2022-01-23 00:00:00,,SEM VÍTIMA,BOA VIAGEM,RUA PEDRO BERGAMO,,,COLISÃO TRANSVERSAL,0,0,0,0,0,0,0,0,0,0,0,,,,,,,,,
2022-01-24 00:00:00,,SEM VÍTIMA,NOVA DESCOBERTA,RUA BUJARU,,,COLISÃO TRANSVERSAL,2,0,0,0,0,0,0,0,0,0,0,,,,,,,,,
2022-01-24 00:00:00,,COM VÍTIMA,APIPUCOS,RUA DE APIPUCOS,248,SUBURBIO,COLISÃO TRANSVERSAL,1,1,0,0,0,0,0,0,0,1,0,Cruzamento,Chuvoso,Perfeito estado,Molhada,Perfeito estado,R-6a,,Dupla,Faixa contínua
2022-01-24 00:00:00,,COM VÍTIMA,BOA VIAGEM,AV BOA VIAGEM,,CIDADE,COLISÃO LATERAL,1,1,0,0,0,0,0,0,0,1,0,Longo da via,Bom,Perfeito estado,Seca,Perfeito estado,Outras,,Única,Faixa contínua
2022-01-24 00:00:00,,COM VÍTIMA,ESPINHEIRO,RUA CONS PORTELA,,CIDADE,COLISÃO LATERAL,1,1,0,0,0,0,0,0,0,1,0,Longo da via,Bom,Perfeito estado,Seca,Perfeito estado,R-6c,,Única,Faixa seccionada
2022-01-24 00:00:00,,COM VÍTIMA,BOA VIAGEM,RUA SETUBAL,60,CIDADE,COLISÃO TRANSVERSAL,2,0,0,0,0,0,0,0,0,2,0,Cruzamento,Bom,Perfeito estado,Seca,Perfeito estado,R-4b,,Única,Não existe
2022-01-24 00:00:00,,COM VÍTIMA,AFLITOS,RUA MANUEL DE CARVALHO,,SUBURBIO,ATROPELAMENTO DE PESSOA,1,0,0,0,1,0,0,0,0,1,0,Longo da via,Bom,Perfeito estado,Seca,Perfeito estado,Outras,,,
2022-01-24 00:00:00,,SEM VÍTIMA,DERBY,AV GOVERNADOR AGAMENON MAGALHAES,75,,,1,1,0,0,0,0,0,0,0,0,0,Cruzamento,Bom,Perfeito estado,Seca,Perfeito estado,Outras,60 km/h,Dupla,Canteiro central
2022-01-24 00:00:00,,COM VÍTIMA,IPSEP,AV RECIFE,16,CIDADE,COLISÃO TRANSVERSAL,1,1,0,0,0,0,0,0,0,1,0,,,,,,,,,
2022-01-24 00:00:00,,COM VÍTIMA,IMBIRIBEIRA,AV MARECHAL MASCARENHAS DE MORAES,,SUBURBIO,COLISÃO LATERAL,0,1,0,0,0,0,0,0,0,1,0,Longo da via,Bom,Não existente,Seca,Perfeito estado,Não há placas,60 km/h,Dupla,Faixa seccionada
2022-01-24 00:00:00,,COM VÍTIMA,CASA FORTE,RUA AGRESTINA,,CIDADE,COLISÃO LATERAL,1,1,0,0,0,0,0,0,0,1,0,Cruzamento,Bom,Perfeito estado,Seca,Perfeito estado,"Placas ""Pare""",30 km/h,Dupla,Não existe
2022-01-24 00:00:00,,COM VÍTIMA,CASA FORTE,RUA LEONARDO BEZERRA CAVALCANTE,585,CIDADE,COLISÃO TRANSVERSAL,2,0,0,0,0,0,0,0,0,1,0,Cruzamento,Bom,Perfeito estado,Seca,Perfeito estado,Não há placas,60 km/h,Única,Faixa seccionada
2022-01-25 00:00:00,,COM VÍTIMA,NOVA DESCOBERTA,AV VEREADOR OTACILIO AZEVEDO,,SUBURBIO,COLISÃO COM CICLISTA,1,0,0,1,0,0,0,0,0,1,0,Esquina,Bom,Perfeito estado,Seca,Perfeito estado,R-6a,,Dupla,Não existe
2022-01-25 00:00:00,,COM VÍTIMA,CAXANGÁ,AV JOAQUIM RIBEIRO,,,COLISÃO LATERAL,1,1,0,0,0,0,0,0,0,1,0,,,,,,,,,
2022-01-25 00:00:00,,COM VÍTIMA,CASA AMARELA,RUA PADRE LEMOS,,CIDADE,ATROPELAMENTO DE PESSOA,1,0,0,0,1,0,0,0,0,1,0,Longo da via,Bom,Perfeito estado,Seca,Perfeito estado,R-6a,30 km/h,,Não existe
2022-01-25 00:00:00,,COM VÍTIMA,ROSARINHO,RUA DR JOSE MARIA,,,COLISÃO LATERAL,1,1,0,0,0,0,0,0,0,1,0,,,,,,,,,
2022-01-25 00:00:00,,COM VÍTIMA,BOA VIAGEM,AV BOA VIAGEM,483,CIDADE,COLISÃO TRASEIRA,1,1,0,0,0,0,0,0,0,1,0,Longo da via,Bom,Perfeito estado,Seca,Perfeito estado,Não há placas,,Única,Faixa contínua
2022-01-25 00:00:00,,COM VÍTIMA,CORDEIRO,RUA GOMES TABORDA,,,COLISÃO FRONTAL,1,1,0,0,0,0,0,0,0,1,0,,,,,,,,,
2022-01-25 00:00:00,,SEM VÍTIMA,VÁRZEA,RUA GASTAO VIDIGAL,281,CIDADE,COLISÃO TRANSVERSAL,1,0,0,0,0,0,0,1,0,0,0,Longo da via,Bom,Perfeito estado,Seca,Perfeito estado,Não há placas,,Dupla,Faixa seccionada
2022-01-25 00:00:00,,COM VÍTIMA,CASA AMARELA,AV NORTE MIGUEL ARRAES DE ALENCAR,677,CIDADE,COLISÃO TRASEIRA,1,0,0,0,0,1,0,0,0,1,0,Cruzamento,Bom,Perfeito estado,Seca,Perfeito estado,R-6a,,Dupla,Faixa seccionada
2022-01-25 00:00:00,,COM VÍTIMA,PRADO,RUA CARLOS GOMES,623,CIDADE,QUEDA,0,1,0,0,0,0,0,0,0,1,0,Longo da via,Bom,Perfeito estado,Oleosa,Perfeito estado,"Placas ""Pare""",,Dupla,Faixa contínua
2022-01-25 00:00:00,,COM VÍTIMA,BOA VIAGEM,RUA DR GASPAR REGUEIRA COSTA,,,COLISÃO LATERAL,1,1,0,0,0,0,0,0,0,1,0,,,,,,,,,
2022-01-25 00:00:00,,COM VÍTIMA,CASA AMARELA,AV NORTE MIGUEL ARRAES DE ALENCAR,364,CIDADE,COLISÃO LATERAL,1,0,0,0,0,1,0,0,0,1,0,Longo da via,Bom,Perfeito estado,Seca,Perfeito estado,Outras,60 km/h,Dupla,Faixa seccionada
2022-01-25 00:00:00,,SEM VÍTIMA,TAMARINEIRA,RUA JUNDIA,,,CHOQUE,0,0,0,0,0,0,0,0,0,0,0,,,,,,,,,
2022-01-25 00:00:00,,COM VÍTIMA,ENCRUZILHADA,AV BEBERIBE,480,,COLISÃO LATERAL,1,1,0,0,0,0,0,0,0,1,0,Esquina,Bom,Perfeito estado,Seca,Perfeito estado,Outras,,Dupla,Faixa seccionada
2022-01-26 00:00:00,,SEM VÍTIMA,PINA,AVENIDA CELSO FURTADO (VIA MANGUE),,,CAPOTAMENTO,1,0,0,0,0,0,0,0,0,0,0,,,,,,,,,
2022-01-26 00:00:00,,COM VÍTIMA,DERBY,AV GOVERNADOR AGAMENON MAGALHAES,147,BOA VIAGEM,ENGAVETAMENTO,2,0,0,0,0,1,0,0,0,1,0,Longo da via,Bom,Perfeito estado,Seca,Perfeito estado,,60 km/h,Dupla,Canteiro central
2022-01-26 00:00:00,,COM VÍTIMA,IMBIRIBEIRA,AV PRESIDENTE DUTRA,,,COLISÃO COM CICLISTA,0,1,0,1,0,0,0,0,0,1,0,Longo da via,Bom,Perfeito estado,Seca,Perfeito estado,Não há placas,,Única,Faixa seccionada
2022-01-26 00:00:00,,COM VÍTIMA,BOA VISTA,RUA JOAQUIM FELIPE,,CIDADE,COLISÃO LATERAL,1,1,0,0,0,0,0,0,0,1,0,Longo da via,Bom,Perfeito estado,Seca,Perfeito estado,Outras,,Única,Faixa seccionada
2022-01-26 00:00:00,,COM VÍTIMA,BREJO DA GUABIRABA,AV VEREADOR OTACILIO AZEVEDO,,CIDADE,COLISÃO TRANSVERSAL,0,1,0,0,0,0,0,1,0,1,0,Cruzamento,Bom,Não existente,Seca,Perfeito estado,Não há placas,30 km/h,Dupla,Não existe
2022-01-26 00:00:00,,SEM VÍTIMA,IPSEP,AV SALDANHA MARINHO,,,COLISÃO LATERAL,0,0,0,0,0,0,0,0,0,0,0,,,,,,,,,
2022-01-26 00:00:00,,COM VÍTIMA,CAJUEIRO,AV CIDADE DE MONTEIRO,,,COLISÃO LATERAL,1,1,0,0,0,0,0,0,0,1,0,Longo da via,Bom,Perfeito estado,Seca,Perfeito estado,Não há placas,,Única,Faixa contínua
2022-01-27 00:00:00,,SEM VÍTIMA,CASA AMARELA,AV NORTE MIGUEL ARRAES DE ALENCAR,,CIDADE,COLISÃO LATERAL,0,0,0,0,0,1,1,0,0,0,0,,,,,,,,,
2022-01-27 00:00:00,,COM VÍTIMA,BOA VIAGEM,AV CONSELHEIRO AGUIAR,5,CIDADE,COLISÃO LATERAL,1,1,0,0,0,0,0,0,0,1,0,Cruzamento,Bom,Perfeito estado,Molhada,Perfeito estado,Não há placas,,Única,Não existe
2022-01-27 00:00:00,,COM VÍTIMA,JAQUEIRA,AV RUI BARBOSA,292,CIDADE,COLISÃO LATERAL,1,1,0,0,0,0,0,0,0,1,0,Longo da via,Bom,Perfeito estado,Seca,Perfeito estado,R-6a,40 km/h,Única,Faixa contínua
2022-01-27 00:00:00,,COM VÍTIMA,BOA VIAGEM,AV DOM JOAO VI,639,,COLISÃO TRASEIRA,1,1,0,0,0,0,0,0,0,1,0,Longo da via,Bom,Perfeito estado,Molhada,Perfeito estado,Não há placas,,Única,Não existe
2022-01-27 00:00:00,,COM VÍTIMA,SANTO AMARO,AV DR JAYME DA FONTE,49,CIDADE,COLISÃO COM CICLISTA,1,0,0,1,0,0,0,0,0,1,0,Cruzamento,Chuvoso,Perfeito estado,Seca,Perfeito estado,Não há placas,60 km/h,Dupla,Canteiro central
2022-01-27 00:00:00,,SEM VÍTIMA,APIPUCOS,AV DEZESSETE DE AGOSTO,,,COLISÃO TRASEIRA,3,0,0,0,0,0,0,0,0,0,0,Longo da via,Bom,Perfeito estado,Seca,Perfeito estado,,60KM/H,Dupla,Faixa contínua
2022-01-28 00:00:00,,COM VÍTIMA,CAMPO GRANDE,RUA JERONIMO VILELA,,SUBURBIO,COLISÃO TRANSVERSAL,1,1,0,0,0,0,0,0,0,1,0,Longo da via,Bom,Ilegível,Seca,Mal iluminada,Não há placas,,Dupla,Faixa seccionada
2022-01-28 00:00:00,,COM VÍTIMA,IBURA,AV DOIS RIOS,,,TOMBAMENTO,0,0,0,0,0,0,0,0,0,1,0,,,,,,,,,
2022-01-28 00:00:00,,SEM VÍTIMA,SÍTIO DOS PINTOS,RUA DO SITIO SAO BRAZ,,CIDADE,CHOQUE,1,0,0,0,0,0,1,0,0,0,0,Longo da via,Bom,Perfeito estado,Seca,Perfeito estado,Não há placas,30 km/h,Dupla,Não existe
2022-01-28 00:00:00,,SEM VÍTIMA,GRAÇAS,RUA DAS GRACAS,,,COLISÃO TRASEIRA,2,0,0,0,0,0,0,0,0,0,0,,,,,,,,,
2022-01-28 00:00:00,,SEM VÍTIMA,PINA,AVENIDA CELSO FURTADO (VIA MANGUE),,,CHOQUE,0,0,0,0,0,0,0,0,0,0,0,,,,,,,,,
2022-01-29 00:00:00,,SEM VÍTIMA,SANTO AMARO,AV GOVERNADOR AGAMENON MAGALHAES,,SUBURBIO,COLISÃO LATERAL,2,0,0,0,0,0,0,0,0,0,0,,,,,,,,,
2022-01-29 00:00:00,,SEM VÍTIMA,IMBIRIBEIRA,AV GENERAL MAC ARTHUR,,,CHOQUE,1,0,0,0,0,0,0,0,0,0,0,Longo da via,Chuvoso,Perfeito estado,Seca,Perfeito estado,R-6a,,Única,Faixa seccionada
2022-01-29 00:00:00,,COM VÍTIMA,PRADO,AV ENGENHEIRO ABDIAS DE CARVALHO,354,CIDADE,COLISÃO TRASEIRA,3,0,0,0,0,0,0,0,0,1,0,Longo da via,Nublado,Perfeito estado,Seca,Perfeito estado,Outras,40 km/h,Dupla,Canteiro central
2022-01-29 00:00:00,,COM VÍTIMA,CAXANGÁ,AV CAXANGA,,,CHOQUE,0,1,0,0,0,0,0,0,0,1,0,,,,,,,,,
2022-01-29 00:00:00,,COM VÍTIMA,VÁRZEA,RUA RIBEIRO PESSOA,281,CIDADE,COLISÃO LATERAL,1,1,0,0,0,0,0,0,0,1,0,Longo da via,Nublado,Perfeito estado,Seca,Perfeito estado,Não há placas,,Dupla,Faixa seccionada
2022-01-30 00:00:00,,COM VÍTIMA,CORDEIRO,AV CAXANGA,236,SUBURBIO,COLISÃO LATERAL,0,1,0,0,0,1,0,0,0,2,0,Cruzamento,Bom,Perfeito estado,Seca,Perfeito estado,R-25d,60 km/h,Dupla,Faixa contínua
2022-01-30 00:00:00,,COM VÍTIMA,PORTO DA MADEIRA,AV BEBERIBE,3677,,COLISÃO TRANSVERSAL,1,1,0,0,0,0,0,0,0,2,0,Cruzamento,Bom,Perfeito estado,Seca,Perfeito estado,Outras,,Dupla,Não existe
2022-01-30 00:00:00,,COM VÍTIMA,BOMBA DO HEMETÉRIO,RUA CHA DE ALEGRIA,,SUBURBIO,CHOQUE,1,0,0,0,0,0,0,0,0,2,0,Longo da via,Bom,Perfeito estado,Seca,Mal conservada,Outras,30 km/h,Dupla,Não existe
2022-01-30 00:00:00,,SEM VÍTIMA,PARNAMIRIM,EST DO ENCANAMENTO,,,COLISÃO TRASEIRA,2,0,0,0,0,0,0,0,0,0,0,,,,,,,,,
2022-01-30 00:00:00,,COM VÍTIMA,CAMPO GRANDE,EST DE BELEM,,,ATROPELAMENTO DE ANIMAL,0,0,0,0,0,0,0,0,0,1,0,,,,,,,,,
2022-01-30 00:00:00,,SEM VÍTIMA,MADALENA,RUA DOM JOAO DE SOUZA,,,CHOQUE,0,0,0,0,0,0,0,0,0,0,0,,,,,,,,,
2022-01-30 00:00:00,,COM VÍTIMA,CASA AMARELA,RUA OSCAR DE BARROS,,,COLISÃO TRANSVERSAL,1,1,0,0,0,0,0,0,0,1,0,Cruzamento,Bom,Perfeito estado,Seca,Perfeito estado,R-6a,,Dupla,Não existe
2022-01-30 00:00:00,,SEM VÍTIMA,BOMBA DO HEMETÉRIO,RUA PROFESSOR JOSE AMARINO DOS REIS,,,COLISÃO TRASEIRA,0,0,0,0,0,0,0,0,0,0,0,,,,,,,,,
2022-01-31 00:00:00,,COM VÍTIMA,JOANA BEZERRA,AV GOVERNADOR AGAMENON MAGALHAES,,SUBURBIO,COLISÃO TRANSVERSAL,1,1,0,0,0,0,0,0,0,1,0,Viaduto,Bom,Perfeito estado,Seca,Perfeito estado,Não há placas,,Única,Faixa seccionada
2022-01-31 00:00:00,,VÍTIMA FATAL,CABANGA,VIADUTO CAPITAO TEMUDO,,SUBURBIO,COLISÃO LATERAL,1,1,0,0,0,0,0,0,0,0,1,Viaduto,Bom,Perfeito estado,Seca,Perfeito estado,Não há placas,60 km/h,Dupla,Canteiro central
2022-01-31 00:00:00,,SEM VÍTIMA,APIPUCOS,AV DEZESSETE DE AGOSTO,,,COLISÃO LATERAL,0,0,0,0,0,0,0,0,0,0,0,Longo da via,Bom,Perfeito estado,Seca,Perfeito estado,Outras,,Dupla,Faixa contínua
2022-01-31 00:00:00,,SEM VÍTIMA,SANTO AMARO,RUA PRINCESA IZABEL,,,COLISÃO LATERAL,2,0,0,0,0,0,0,0,0,0,0,,,,,,,,,
2022-01-31 00:00:00,,COM VÍTIMA,BOA VISTA,AV CONDE DA BOA VISTA,,,COLISÃO FRONTAL,1,0,0,0,0,1,0,0,0,1,0,,,,,,,,,
2022-01-31 00:00:00,,COM VÍTIMA,AFOGADOS,AV SUL,,CIDADE,COLISÃO LATERAL,1,1,0,0,0,0,0,0,0,1,0,Longo da via,Bom,Perfeito estado,Seca,Perfeito estado,Não há placas,,Única,Faixa seccionada
2022-01-31 00:00:00,,COM VÍTIMA,ENCRUZILHADA,AV NORTE MIGUEL ARRAES DE ALENCAR,665,SUBURBIO,COLISÃO LATERAL,1,1,0,0,0,0,0,0,0,1,0,Longo da via,Bom,Perfeito estado,Seca,Perfeito estado,R-6a,,Dupla,Canteiro central
2022-01-31 00:00:00,,SEM VÍTIMA,IPUTINGA,RUA DR VIRGINIO MARQUES,,,CHOQUE,0,0,0,0,0,0,0,0,0,0,0,,,,,,,,,
2022-01-31 00:00:00,,SEM VÍTIMA,PINA,AV BOA VIAGEM,,CIDADE,COLISÃO TRASEIRA,2,0,0,0,0,0,0,0,0,0,0,,,,,,,,,
2022-02-01 00:00:00,,COM VÍTIMA,PARNAMIRIM,AV PARNAMIRIM,,,QUEDA,0,1,0,0,0,1,0,0,0,1,0,Longo da via,Bom,Perfeito estado,Seca,Perfeito estado,Outras,,Única,Faixa seccionada
2022-02-01 00:00:00,,COM VÍTIMA,IPSEP,RUA ITANAGE,,SUBURBIO,COLISÃO TRASEIRA,1,1,0,0,0,0,0,0,0,1,0,Longo da via,Bom,Perfeito estado,Seca,Perfeito estado,Não há placas,,Dupla,Não existe
2022-02-01 00:00:00,,COM VÍTIMA,CAXANGÁ,AV JOAQUIM RIBEIRO,,,COLISÃO FRONTAL,1,1,0,0,0,0,0,0,0,1,0,,,,,,,,,
2022-02-01 00:00:00,,COM VÍTIMA,SÃO JOSÉ,C SANTA RITA,571,CIDADE,ATROPELAMENTO DE PESSOA,0,0,0,0,1,1,0,0,0,1,0,Outros,Bom,Incompleta,Seca,Mal conservada,Não há placas,,Dupla,Outros
2022-02-01 00:00:00,,SEM VÍTIMA,JARDIM SÃO PAULO,AV SAO PAULO,,,COLISÃO FRONTAL,1,1,0,0,0,0,0,0,0,0,0,,,,,,,,,
2022-02-01 00:00:00,,COM VÍTIMA,VÁRZEA,RUA DIOGO DE VASCONCELOS,,CIDADE,COLISÃO TRASEIRA,5,0,0,0,0,1,0,0,0,1,0,Longo da via,Bom,Ilegível,Seca,Perfeito estado,Não há placas,,Dupla,Não existe
2022-02-02 00:00:00,,COM VÍTIMA,SANTO AMARO,AV GOVERNADOR AGAMENON MAGALHAES,,,COLISÃO TRANSVERSAL,1,1,0,0,0,0,0,0,0,1,0,Longo da via,Bom,Perfeito estado,Seca,Perfeito estado,Outras,,Dupla,Canteiro central
2022-02-02 00:00:00,,COM VÍTIMA,IMBIRIBEIRA,AV MARECHAL MASCARENHAS DE MORAES,,CIDADE,COLISÃO LATERAL,1,1,0,0,0,0,0,0,0,1,0,Longo da via,Bom,Perfeito estado,Seca,Perfeito estado,Não há placas,,Dupla,Canteiro central