data,hora,natureza,bairro,endereco,num_semaforo,sentido_via,tipo,auto,moto,ciclom,ciclista,pedestre,onibus,caminhao,viatura,outros,vitimas,vitimasfatais,acidente_verificado,tempo_clima,sinalizacao,condicao_via,conservacao_via,situacao_placa,velocidade_max_via,mao_direcao,divisao_via1
2022-02-17 00:00:00,,COM VÍTIMA,SANTO AMARO,AV PREFEITO ARTUR LIMA CAVALCANTI,,SUBURBIO,QUEDA,0,1,0,0,0,0,0,0,0,1,0,Longo da via,Bom,Perfeito estado,Seca,Perfeito estado,Não há placas,,Dupla,Canteiro central
2022-02-17 00:00:00,,COM VÍTIMA,PINA,AV ANTONIO DE GOES,,CIDADE,COLISÃO TRANSVERSAL,1,1,0,0,0,0,0,0,0,1,0,Longo da via,Bom,Perfeito estado,Seca,Perfeito estado,Outras,60 km/h,Única,Faixa seccionada
2022-02-17 00:00:00,,SEM VÍTIMA,ALTO SANTA TERESINHA,RUA TAMBOARA,,SUBURBIO,COLISÃO FRONTAL,0,1,0,0,0,0,0,1,0,0,0,Longo da via,Bom,Perfeito estado,Seca,Perfeito estado,Não há placas,,Dupla,Faixa contínua
2022-02-17 00:00:00,,SEM VÍTIMA,BOA VIAGEM,AV CONSELHEIRO AGUIAR,,,COLISÃO LATERAL,0,0,0,0,0,0,0,0,0,0,0,,,,,,,,,
2022-02-18 00:00:00,,COM VÍTIMA,IMBIRIBEIRA,AV MARECHAL MASCARENHAS DE MORAES,,CIDADE,QUEDA,0,1,0,0,0,0,0,0,0,1,0,Longo da via,Bom,Perfeito estado,Seca,Perfeito estado,,60 km/h,Dupla,Faixa seccionada
2022-02-17 00:00:00,,COM VÍTIMA,DERBY,AV GOVERNADOR AGAMENON MAGALHAES,,SUBURBIO,COLISÃO TRASEIRA,1,1,0,0,0,0,0,0,0,1,0,Longo da via,Chuvoso,Perfeito estado,Molhada,Perfeito estado,Outras,,Única,Faixa seccionada
2022-02-18 00:00:00,,COM VÍTIMA,IMBIRIBEIRA,RUA LE PARC,,,COLISÃO TRASEIRA,1,1,0,0,0,0,0,0,0,1,0,,,,,,,,,
2022-02-18 00:00:00,,COM VÍTIMA,MANGUEIRA,RUA DR JOAO ELISIO,,SUBURBIO,COLISÃO FRONTAL,1,1,0,0,0,0,0,0,0,1,0,Esquina,Bom,Incompleta,Seca,Perfeito estado,Não há placas,,Dupla,Não existe
2022-02-18 00:00:00,,COM VÍTIMA,PINA,AV HERCULANO BANDEIRA,,,COLISÃO TRASEIRA,1,1,0,0,0,0,0,0,0,1,0,,,,,,,,,
2022-02-18 00:00:00,,COM VÍTIMA,IBURA,AV DOIS RIOS,,CIDADE,COLISÃO TRASEIRA,1,1,0,0,0,0,0,0,0,1,0,Longo da via,Bom,Perfeito estado,Seca,Perfeito estado,Não há placas,,Dupla,Faixa contínua
2022-02-18 00:00:00,,COM VÍTIMA,BEBERIBE,AV BEBERIBE,,CIDADE,CHOQUE,2,1,0,0,0,0,0,0,0,1,0,Longo da via,Chuvoso,Perfeito estado,,Perfeito estado,Não há placas,,Dupla,Faixa seccionada
2022-02-19 00:00:00,,COM VÍTIMA,AFOGADOS,RUA NICOLAU PEREIRA,,SUBURBIO,COLISÃO COM CICLISTA,1,0,0,1,0,0,0,0,0,1,0,Longo da via,Bom,Perfeito estado,Seca,Perfeito estado,R-6a,,Única,Faixa seccionada
2022-02-19 00:00:00,,COM VÍTIMA,SAN MARTIN,AV GENERAL SAN MARTIN,58,SUBURBIO,QUEDA,0,0,0,1,0,0,0,0,0,1,0,Longo da via,Bom,Perfeito estado,Seca,Perfeito estado,Não há placas,,Dupla,Faixa contínua
2022-02-19 00:00:00,,COM VÍTIMA,VÁRZEA,AV CAXANGA,262,CIDADE,COLISÃO TRASEIRA,1,1,0,0,0,0,0,0,0,1,0,Longo da via,Bom,Perfeito estado,Seca,Perfeito estado,R-6a,60 km/h,Dupla,Faixa contínua
2022-02-19 00:00:00,,COM VÍTIMA,SANTO AMARO,AV GOVERNADOR AGAMENON MAGALHAES,37,SUBURBIO,COLISÃO TRANSVERSAL,1,1,0,0,0,0,0,0,0,1,0,Cruzamento,Bom,Perfeito estado,Seca,Perfeito estado,,60 km/h,Única,Faixa seccionada
2022-02-19 00:00:00,,COM VÍTIMA,TEJIPIÓ,RUA FALCAO DE LACERDA,,CIDADE,COLISÃO LATERAL,1,1,0,0,0,0,0,0,0,1,0,Longo da via,Bom,Incompleta,Seca,Perfeito estado,Não há placas,,Dupla,Não existe
2022-02-19 00:00:00,,COM VÍTIMA,PINA,AV CONSELHEIRO AGUIAR,,CIDADE,COLISÃO LATERAL,1,1,0,0,0,0,0,0,0,2,0,Longo da via,Chuvoso,Perfeito estado,Molhada,Perfeito estado,Não há placas,,Única,Faixa seccionada
2022-02-20 00:00:00,,COM VÍTIMA,ESPINHEIRO,RUA DO ESPINHEIRO,166,CIDADE,COLISÃO TRANSVERSAL,1,1,0,0,0,0,0,0,0,1,0,Cruzamento,Bom,Perfeito estado,Seca,Perfeito estado,Não há placas,,Única,Faixa contínua
2022-02-20 00:00:00,,COM VÍTIMA,SANTO AMARO,AV GOVERNADOR AGAMENON MAGALHAES,,,COLISÃO LATERAL,1,1,0,0,0,0,0,0,0,1,0,,,,,,,,,
2022-02-20 00:00:00,,COM VÍTIMA,BOA VIAGEM,AV ENGENHEIRO DOMINGOS FERREIRA,,,COLISÃO LATERAL,1,1,0,0,0,0,0,0,0,1,0,,,,,,,,,
2022-02-20 00:00:00,,COM VÍTIMA,SÃO JOSÉ,C SANTA RITA,,,COLISÃO TRASEIRA,1,1,0,0,0,0,0,0,0,1,0,,,,,,,,,
2022-02-21 00:00:00,,VÍTIMA FATAL,AFOGADOS,RUA MOTOCOLOMBO,,,CHOQUE,0,1,0,0,0,0,0,0,0,0,1,Longo da via,Chuvoso,Perfeito estado,Molhada,Perfeito estado,Outras,,Única,Não existe
2022-02-21 00:00:00,,COM VÍTIMA,GRAÇAS,AV GOVERNADOR AGAMENON MAGALHAES,37,CIDADE,COLISÃO TRASEIRA,0,1,0,0,0,0,0,0,0,1,0,Longo da via,Bom,Perfeito estado,Molhada,Perfeito estado,Não há placas,60 km/h,Dupla,Canteiro central
2022-02-21 00:00:00,,COM VÍTIMA,CASA AMARELA,AV NORTE MIGUEL ARRAES DE ALENCAR,,CIDADE,COLISÃO TRASEIRA,1,2,0,0,0,0,0,0,0,1,0,Longo da via,Bom,Perfeito estado,Seca,Perfeito estado,Não há placas,,Dupla,Canteiro central
2022-02-21 00:00:00,,COM VÍTIMA,IBURA,AV DOM HELDER CAMARA,518,,COLISÃO TRASEIRA,0,0,0,0,0,2,0,0,0,8,0,Longo da via,Bom,Perfeito estado,Seca,Perfeito estado,R-6c,,Dupla,Canteiro central
2022-02-21 00:00:00,,COM VÍTIMA,TORRE,RUA REAL DA TORRE,106,,COLISÃO TRASEIRA,1,1,0,0,0,0,0,0,0,1,0,Cruzamento,Bom,Perfeito estado,Seca,Perfeito estado,Não há placas,,Única,Não existe
2022-02-21 00:00:00,,COM VÍTIMA,DERBY,AV GOVERNADOR AGAMENON MAGALHAES,174,SUBURBIO,COLISÃO TRANSVERSAL,1,1,0,0,0,0,0,0,0,1,0,Longo da via,Bom,Perfeito estado,Seca,Perfeito estado,Outras,60 km/h,Única,Faixa seccionada
2022-02-21 00:00:00,,SEM VÍTIMA,SÃO JOSÉ,RUA CERRO CORA,,,COLISÃO TRASEIRA,2,0,0,0,0,0,0,0,0,0,0,Longo da via,Bom,Perfeito estado,Seca,Perfeito estado,Não há placas,60KM/H,Única,Faixa contínua
2022-02-21 00:00:00,,COM VÍTIMA,IMBIRIBEIRA,VIADUTO TANCREDO NEVES,,CIDADE,CHOQUE,0,1,0,0,0,0,0,0,0,1,0,Longo da via,Bom,Perfeito estado,Seca,Perfeito estado,Não há placas,,Dupla,Canteiro central
2022-02-21 00:00:00,,SEM VÍTIMA,BOA VIAGEM,AV DES JOSE NEVES,,,COLISÃO TRASEIRA,1,1,0,0,0,0,0,0,0,0,0,,,,,,,,,
2022-02-21 00:00:00,,SEM VÍTIMA,MADALENA,RUA REAL DA TORRE,,,COLISÃO LATERAL,1,1,0,0,0,0,0,0,0,0,0,,,,,,,,,
2022-02-21 00:00:00,,VÍTIMA FATAL,SANTO AMARO,RUA DA AURORA,,,CHOQUE,0,1,0,0,0,0,0,0,0,0,1,Longo da via,Bom,Perfeito estado,Seca,Perfeito estado,Não há placas,60 km/h,Dupla,Canteiro central
2022-02-22 00:00:00,,COM VÍTIMA,IPSEP,RUA JEAN EMILE FAVRE,,,COLISÃO LATERAL,1,1,0,0,0,0,0,0,0,1,0,Cruzamento,Bom,Perfeito estado,Seca,Perfeito estado,R-6a,,Única,Faixa seccionada
2022-02-22 00:00:00,,SEM VÍTIMA,BOA VIAGEM,RUA PROFESSOR AUGUSTO LINS E SILVA,,,COLISÃO FRONTAL,1,0,0,0,0,0,0,1,0,0,0,Cruzamento,Bom,Perfeito estado,Seca,Perfeito estado,Outras,,Dupla,Canteiro central
2022-02-22 00:00:00,,COM VÍTIMA,MANGABEIRA,AV NORTE MIGUEL ARRAES DE ALENCAR,96,SUBURBIO,COLISÃO LATERAL,2,1,0,0,0,0,0,0,0,1,0,,,,,,,,,
2022-02-22 00:00:00,,COM VÍTIMA,BOA VIAGEM,RUA PROFESSOR JOSE BRANDAO,,SUBURBIO,COLISÃO LATERAL,2,0,0,0,0,0,0,0,0,2,0,Cruzamento,Bom,Perfeito estado,Seca,Perfeito estado,Não há placas,,Dupla,Faixa seccionada
2022-02-22 00:00:00,,COM VÍTIMA,BOA VIAGEM,RUA BALTAZAR PASSOS,149,CIDADE,COLISÃO TRANSVERSAL,0,2,0,0,0,0,0,0,0,1,0,Cruzamento,Bom,Perfeito estado,Seca,Perfeito estado,Não há placas,,Única,Não existe
2022-02-22 00:00:00,,SEM VÍTIMA,ESPINHEIRO,AV JOAO DE BARROS,,,COLISÃO LATERAL,1,0,0,0,0,0,0,0,1,0,0,,,,,,,,,
2022-02-22 00:00:00,,COM VÍTIMA,ROSARINHO,AV NORTE MIGUEL ARRAES DE ALENCAR,,CIDADE,ATROPELAMENTO DE PESSOA,0,0,0,0,1,1,0,0,0,1,0,Longo da via,Bom,Perfeito estado,Seca,Perfeito estado,R-6c,,Dupla,Canteiro central
2022-02-22 00:00:00,,COM VÍTIMA,MADALENA,RUA BENFICA,,SUBURBIO,COLISÃO LATERAL,1,1,0,0,0,0,0,0,0,1,0,Longo da via,Bom,Perfeito estado,Seca,Perfeito estado,Outras,,Dupla,Não existe
2022-02-22 00:00:00,,COM VÍTIMA,IMBIRIBEIRA,RUA ARQUITETO LUIZ NUNES,633,CIDADE,COLISÃO COM CICLISTA,1,0,0,1,0,0,0,0,0,1,0,Cruzamento,Bom,Perfeito estado,Seca,Perfeito estado,R-19,30 km/h,Dupla,Faixa contínua
2022-02-22 00:00:00,,COM VÍTIMA,BOA VIAGEM,AV CONSELHEIRO AGUIAR,147,,COLISÃO LATERAL,1,1,0,0,0,0,0,0,0,1,0,,,,,,,,,
2022-02-23 00:00:00,,SEM VÍTIMA,BONGI,AV ENGENHEIRO ABDIAS DE CARVALHO,,,COLISÃO TRASEIRA,2,0,0,0,0,0,0,0,0,0,0,Cruzamento,Bom,Perfeito estado,Seca,Perfeito estado,R-6a,60KM/H,Dupla,Canteiro central
2022-02-23 00:00:00,,COM VÍTIMA,CASA AMARELA,AV NORTE MIGUEL ARRAES DE ALENCAR,364,CIDADE,QUEDA,0,1,0,0,0,0,0,0,0,2,0,Cruzamento,Bom,Perfeito estado,Seca,Perfeito estado,Outras,,Dupla,Faixa contínua
2022-02-23 00:00:00,,SEM VÍTIMA,PARNAMIRIM,RUA TITO ROSAS,,,COLISÃO LATERAL,0,0,0,0,0,0,1,1,0,0,0,Cruzamento,Bom,,Seca,Perfeito estado,Não há placas,60KM/H,Única,Faixa seccionada
2022-02-24 00:00:00,,COM VÍTIMA,MADALENA,RUA BENFICA,,,COLISÃO COM CICLISTA,1,0,0,1,0,0,0,0,0,1,0,,,,,,,,,
2022-02-23 00:00:00,,SEM VÍTIMA,MADALENA,AV VISCONDE DE ALBUQUERQUE,,,COLISÃO LATERAL,2,0,0,0,0,0,0,0,0,0,0,,,,,,,,,
2022-02-23 00:00:00,,COM VÍTIMA,BREJO DA GUABIRABA,AV VEREADOR OTACILIO AZEVEDO,,,COLISÃO FRONTAL,0,2,0,0,0,0,0,0,0,2,0,,,,,,,,,
2022-02-24 00:00:00,,VÍTIMA FATAL,IPSEP,RUA HELIO BRANDAO,,,QUEDA,0,0,0,1,0,0,0,0,0,0,1,,,,,,,,,
2022-02-24 00:00:00,,COM VÍTIMA,BOA VIAGEM,AV MARECHAL JUAREZ TAVORA,,CIDADE,COLISÃO TRANSVERSAL,1,1,0,0,0,0,0,0,0,1,0,Longo da via,Bom,Perfeito estado,Seca,Perfeito estado,"Placas ""Pare""",,Única,Faixa contínua
2022-02-24 00:00:00,,COM VÍTIMA,SANTO ANTÔNIO,AV DANTAS BARRETO,181,SUBURBIO,COLISÃO TRANSVERSAL,1,0,0,0,0,1,0,0,0,1,0,Cruzamento,Bom,Perfeito estado,Seca,Perfeito estado,R-6a,,,Faixa contínua
2022-02-24 00:00:00,,COM VÍTIMA,CORDEIRO,RUA GOMES TABORDA,,CIDADE,COLISÃO TRANSVERSAL,1,1,0,0,0,0,0,0,0,1,0,Longo da via,Bom,Perfeito estado,Seca,Perfeito estado,R-6a,,Dupla,Faixa seccionada
2022-02-25 00:00:00,,COM VÍTIMA,CASA AMARELA,RUA PADRE LEMOS,,,COLISÃO LATERAL,1,1,0,0,0,0,0,0,0,1,0,Longo da via,Bom,Perfeito estado,Seca,Perfeito estado,Outras,,Dupla,Faixa contínua
2022-02-25 00:00:00,,SEM VÍTIMA,DERBY,AV GOVERNADOR AGAMENON MAGALHAES,,,COLISÃO TRASEIRA,1,0,0,0,0,1,0,0,0,0,0,Ponte,Bom,Perfeito estado,Seca,Perfeito estado,Não há placas,,Única,Faixa contínua
2022-02-25 00:00:00,,SEM VÍTIMA,MADALENA,AV ENGENHEIRO ABDIAS DE CARVALHO,,,COLISÃO TRASEIRA,1,1,0,0,0,0,0,0,0,0,0,,,,,,,,,
2022-02-26 00:00:00,,COM VÍTIMA,IBURA,RUA PARANAVAI,,,COLISÃO FRONTAL,1,1,0,0,0,0,0,0,0,1,0,,,,,,,,,
2022-02-26 00:00:00,,SEM VÍTIMA,BOA VISTA,AV CONDE DA BOA VISTA,,,COLISÃO TRASEIRA,1,0,0,0,0,0,0,1,0,0,0,Longo da via,Bom,Perfeito estado,Seca,Perfeito estado,Não há placas,,Dupla,Canteiro central
2022-02-26 00:00:00,,COM VÍTIMA,BOA VIAGEM,RUA DEZ DE JULHO,,CIDADE,COLISÃO TRANSVERSAL,2,1,0,0,0,0,0,0,0,1,0,Cruzamento,Bom,Perfeito estado,Seca,Perfeito estado,R-4a,,Única,Faixa seccionada
2022-02-26 00:00:00,,SEM VÍTIMA,AREIAS,RUA SAO MIGUEL,,,COLISÃO LATERAL,2,0,0,0,0,0,0,0,0,0,0,,,,,,,,,
2022-02-26 00:00:00,,COM VÍTIMA,PARNAMIRIM,RUA DONA RITA DE SOUZA,,SUBURBIO,COLISÃO TRANSVERSAL,1,1,0,0,0,0,0,0,0,1,0,Cruzamento,Bom,Perfeito estado,Seca,Perfeito estado,Outras,,Dupla,Faixa seccionada
2022-02-26 00:00:00,,COM VÍTIMA,JORDÃO,AV DONA CARENTINA,,SUBURBIO,COLISÃO FRONTAL,1,1,0,0,0,0,0,0,0,1,0,Longo da via,Bom,Incompleta,Seca,Perfeito estado,Não há placas,40 km/h,Dupla,Não existe
2022-02-26 00:00:00,,COM VÍTIMA,PINA,AVENIDA CELSO FURTADO (VIA MANGUE),,SUBURBIO,COLISÃO LATERAL,1,1,0,0,0,0,0,0,0,1,0,Longo da via,Bom,Perfeito estado,Seca,Perfeito estado,Outras,60 km/h,Dupla,Canteiro central
2022-02-28 00:00:00,,SEM VÍTIMA,IBURA,AV MANAUS,,,COLISÃO LATERAL,1,0,0,0,0,0,0,1,0,0,0,,,,,,,,,
2022-02-28 00:00:00,,COM VÍTIMA,ESPINHEIRO,RUA MARQUES DO PARANA,,SUBURBIO,COLISÃO TRANSVERSAL,1,0,0,0,0,1,0,0,0,1,0,Cruzamento,Bom,Ilegível,Seca,Perfeito estado,Não há placas,,Única,Não existe
2022-02-28 00:00:00,,COM VÍTIMA,PINA,AV HERCULANO BANDEIRA,,,COLISÃO LATERAL,1,1,0,0,0,0,0,0,0,1,0,Esquina,Bom,Perfeito estado,Seca,Perfeito estado,Não há placas,,Única,Faixa contínua
2022-02-28 00:00:00,,COM VÍTIMA,CORDEIRO,AV CAXANGA,265,SUBURBIO,COLISÃO TRASEIRA,1,1,0,0,0,0,0,0,0,1,0,Longo da via,Bom,Perfeito estado,Seca,Perfeito estado,Não há placas,60 km/h,Única,Faixa contínua
2022-02-28 00:00:00,,COM VÍTIMA,BARRO,AV DR JOSE RUFINO,,CIDADE,COLISÃO TRANSVERSAL,0,2,0,0,0,0,0,0,0,1,0,Longo da via,Bom,Incompleta,Seca,Perfeito estado,Não há placas,,Dupla,Faixa contínua
2022-02-28 00:00:00,,COM VÍTIMA,BOA VIAGEM,AV ENGENHEIRO DOMINGOS FERREIRA,155,SUBURBIO,CHOQUE,1,0,0,0,0,0,0,0,0,1,0,Longo da via,Bom,Perfeito estado,Seca,Perfeito estado,Outras,,Única,Canteiro central
2022-02-28 00:00:00,,COM VÍTIMA,ESPINHEIRO,AV CONS ROSA E SILVA,46,SUBURBIO,COLISÃO LATERAL,1,1,0,0,0,0,0,0,0,1,0,Cruzamento,Bom,Perfeito estado,Seca,Perfeito estado,Outras,,Única,
2022-02-28 00:00:00,,SEM VÍTIMA,TEJIPIÓ,AV DR JOSE RUFINO,,,COLISÃO TRASEIRA,2,0,0,0,0,0,0,0,0,0,0,,,,,,,,,
2022-02-28 00:00:00,,SEM VÍTIMA,IPUTINGA,RUA DR JOSE ANASTACIO DA SILVA GUIMARAES,,,COLISÃO FRONTAL,0,1,0,0,0,0,0,1,0,0,0,Longo da via,Bom,Não existente,Seca,Perfeito estado,Não há placas,,Dupla,Não existe
2022-02-28 00:00:00,,SEM VÍTIMA,BREJO DA GUABIRABA,RUA CORREGO DA BICA,,,COLISÃO LATERAL,1,0,0,0,0,1,0,0,0,0,0,Longo da via,Bom,Não existente,Seca,Perfeito estado,Não há placas,,Dupla,Não existe
2022-03-01 00:00:00,,COM VÍTIMA,GUABIRABA,RUA DAS FLORES,,SUBURBIO,COLISÃO FRONTAL,0,1,0,0,0,1,0,0,0,2,0,Longo da via,Bom,Perfeito estado,Seca,Mal conservada,Outras,,Dupla,Faixa seccionada
2022-03-01 00:00:00,,COM VÍTIMA,CABANGA,VDO PAPA JOAO PAULO II,,CIDADE,COLISÃO COM CICLISTA,1,0,0,1,0,0,0,0,0,1,0,Viaduto,Bom,Perfeito estado,Seca,Perfeito estado,Não há placas,60 km/h,Única,Faixa seccionada
2022-03-01 00:00:00,,COM VÍTIMA,ESPINHEIRO,RUA AMELIA,,CIDADE,COLISÃO TRANSVERSAL,1,1,0,0,0,0,0,0,0,1,0,Outros,Bom,Perfeito estado,Seca,Perfeito estado,"Placas ""Pare""",40 km/h,Única,Faixa seccionada
2022-03-01 00:00:00,,COM VÍTIMA,IBURA,AV DOIS RIOS,,CIDADE,COLISÃO TRANSVERSAL,1,1,0,0,0,0,0,0,0,1,0,Esquina,Bom,Perfeito estado,Seca,Perfeito estado,Não há placas,,Dupla,Faixa seccionada
2022-03-02 00:00:00,,COM VÍTIMA,CORDEIRO,AV CAXANGA,,SUBURBIO,COLISÃO TRANSVERSAL,2,0,0,0,0,0,0,0,0,1,0,Cruzamento,Bom,Perfeito estado,Seca,Perfeito estado,R-6a,,Dupla,Canteiro central
2022-03-02 00:00:00,,COM VÍTIMA,BOA VIAGEM,RUA ALMIRANTE BATISTA LEAO,,CIDADE,COLISÃO TRANSVERSAL,1,1,0,0,0,0,0,0,0,1,0,Cruzamento,Chuvoso,Perfeito estado,Molhada,Perfeito estado,"Placas ""Pare""",30 km/h,Única,Não existe
2022-03-02 00:00:00,,SEM VÍTIMA,PINA,AV ENGENHEIRO DOMINGOS FERREIRA,,,CHOQUE,0,0,0,0,0,1,0,0,0,0,0,,,,,,,,,
2022-03-02 00:00:00,,COM VÍTIMA,BOA VIAGEM,RUA ANTONIO FALCAO,,SUBURBIO,COLISÃO LATERAL,1,1,0,0,0,0,0,0,0,1,0,Longo da via,Bom,Não existente,Seca,Perfeito estado,Não há placas,,Única,Não existe
2022-03-02 00:00:00,,COM VÍTIMA,CORDEIRO,AV CAXANGA,236,CIDADE,COLISÃO LATERAL,1,0,0,0,0,1,0,1,0,1,0,Longo da via,Bom,Perfeito estado,Seca,Perfeito estado,Não há placas,60 km/h,Única,Faixa contínua
2022-03-02 00:00:00,,COM VÍTIMA,ARRUDA,AV PROFESSOR JOSE DOS ANJOS,,CIDADE,COLISÃO COM CICLISTA,0,1,0,1,0,0,0,0,0,2,0,Longo da via,Bom,Perfeito estado,Seca,Perfeito estado,Outras,40 km/h,Única,Faixa seccionada
2022-03-03 00:00:00,,COM VÍTIMA,IMBIRIBEIRA,PTE DO MOTOCOLOMBO,,CIDADE,COLISÃO TRANSVERSAL,1,1,0,0,0,0,0,0,0,2,0,,,,,,,,,
2022-03-03 00:00:00,,COM VÍTIMA,ESTÂNCIA,AV DR JOSE RUFINO,,CIDADE,COLISÃO TRASEIRA,1,1,0,0,0,0,0,0,0,1,0,Longo da via,Bom,Perfeito estado,Seca,Perfeito estado,Não há placas,,Dupla,Faixa contínua
2022-03-03 00:00:00,,COM VÍTIMA,BONGI,AV MANOEL GONCALVES DA LUZ,,,COLISÃO FRONTAL,2,0,0,0,0,0,0,0,0,1,0,Cruzamento,Bom,Incompleta,Seca,Perfeito estado,Não há placas,,Dupla,Faixa seccionada
2022-03-03 00:00:00,,COM VÍTIMA,APIPUCOS,RUA DE APIPUCOS,500,,COLISÃO TRASEIRA,0,1,0,0,0,0,1,0,0,1,0,Longo da via,Bom,Perfeito estado,Seca,Perfeito estado,Não há placas,,Dupla,Faixa contínua
2022-03-03 00:00:00,,COM VÍTIMA,TORRÕES,AV ENGENHEIRO ABDIAS DE CARVALHO,375,SUBURBIO,COLISÃO TRASEIRA,1,1,0,0,0,0,0,0,0,1,0,Cruzamento,Bom,Incompleta,Seca,Perfeito estado,Outras,60 km/h,Dupla,Faixa contínua
2022-03-03 00:00:00,,COM VÍTIMA,SANTO AMARO,AV GOVERNADOR AGAMENON MAGALHAES,,CIDADE,COLISÃO LATERAL,1,0,0,0,0,0,0,1,0,1,0,Longo da via,Bom,Perfeito estado,Seca,Perfeito estado,Não há placas,60 km/h,Dupla,Canteiro central
2022-03-03 00:00:00,,COM VÍTIMA,BOA VIAGEM,AVENIDA CELSO FURTADO (VIA MANGUE),,SUBURBIO,CHOQUE,0,1,0,0,0,0,0,0,0,1,0,Cruzamento,Bom,Perfeito estado,Seca,Perfeito estado,Outras,60 km/h,Única,Faixa seccionada
2022-03-03 00:00:00,,COM VÍTIMA,CORDEIRO,RUA GOMES TABORDA,,SUBURBIO,ATROPELAMENTO DE PESSOA,0,1,0,0,1,0,0,0,0,1,0,Longo da via,Bom,,Seca,Mal conservada,,,,
2022-03-04 00:00:00,,COM VÍTIMA,SANTO AMARO,PRC DO CAMPO SANTO,,CIDADE,COLISÃO LATERAL,1,1,0,0,0,0,0,0,0,1,0,Longo da via,Bom,Perfeito estado,Seca,Perfeito estado,"Placas ""Pare""",,Dupla,Não existe
2022-03-04 00:00:00,,SEM VÍTIMA,BOA VISTA,RUA DO GIRIQUITI,,CIDADE,,1,0,0,0,0,0,0,1,0,0,0,Longo da via,Bom,Perfeito estado,Seca,Perfeito estado,Outras,,Única,Não existe
2022-03-04 00:00:00,,SEM VÍTIMA,BOA VIAGEM,RUA BALTAZAR PASSOS,,,COLISÃO LATERAL,1,1,0,0,0,0,0,0,0,0,0,,,,,,,,,
2022-03-04 00:00:00,,COM VÍTIMA,BOA VISTA,AV CONDE DA BOA VISTA,,SUBURBIO,ATROPELAMENTO DE PESSOA,0,0,0,0,1,1,0,0,0,1,0,Cruzamento,Bom,Perfeito estado,Molhada,Perfeito estado,Outras,,Dupla,Canteiro central
2022-03-04 00:00:00,,SEM VÍTIMA,AFOGADOS,RUA IMPERIAL,510,,COLISÃO LATERAL,2,0,0,0,0,0,0,0,0,0,0,,,,,,,,,
2022-03-05 00:00:00,,COM VÍTIMA,ROSARINHO,AV NORTE MIGUEL ARRAES DE ALENCAR,81,CIDADE,COLISÃO LATERAL,1,1,0,0,0,0,0,0,0,1,0,Cruzamento,Chuvoso,Perfeito estado,Molhada,Perfeito estado,Outras,,Dupla,Canteiro central
2022-03-05 00:00:00,,COM VÍTIMA,BOA VISTA,AV CONDE DA BOA VISTA,24,CIDADE,COLISÃO TRANSVERSAL,2,0,0,0,0,0,0,0,0,1,0,Cruzamento,Chuvoso,Perfeito estado,Molhada,Perfeito estado,Outras,,Dupla,Canteiro central
2022-03-05 00:00:00,,COM VÍTIMA,AREIAS,AV DR JOSE RUFINO,,SUBURBIO,COLISÃO TRANSVERSAL,1,1,0,0,0,0,0,0,0,1,0,Longo da via,Chuvoso,Perfeito estado,Molhada,Perfeito estado,Não há placas,,Dupla,Faixa contínua
2022-03-05 00:00:00,,COM VÍTIMA,CURADO,AV PREFEITO ANTONIO PEREIRA,,SUBURBIO,COLISÃO TRANSVERSAL,1,0,0,0,0,1,0,0,0,2,0,Cruzamento,Chuvoso,Não existente,Molhada,Perfeito estado,Não há placas,,Dupla,Canteiro central
2022-03-05 00:00:00,,COM VÍTIMA,SAN MARTIN,RUA COMENDADOR FRANCO FERREIRA,,CIDADE,COLISÃO COM CICLISTA,1,0,0,1,0,0,0,0,0,1,0,Cruzamento,Chuvoso,Ilegível,Molhada,Perfeito estado,,30 km/h,Dupla,Não existe
2022-03-06 00:00:00,,SEM VÍTIMA,BOA VIAGEM,AV BOA VIAGEM,,,COLISÃO TRASEIRA,2,0,0,0,0,0,0,0,0,0,0,,,,,,,,,
2022-03-06 00:00:00,,COM VÍTIMA,IBURA,RUA EMILIO MONTEIRO FONSECA,,,COLISÃO LATERAL,1,1,0,0,0,0,0,0,0,1,0,Cruzamento,Chuvoso,Incompleta,Molhada,Mal conservada,Outras,40 km/h,Dupla,Não existe
2022-03-06 00:00:00,,COM VÍTIMA,TAMARINEIRA,AV NORTE MIGUEL ARRAES DE ALENCAR,62,SUBURBIO,COLISÃO TRASEIRA,1,1,0,0,0,0,0,0,0,1,0,Longo da via,Bom,Perfeito estado,Seca,Perfeito estado,Outras,,Dupla,Canteiro central
2022-03-06 00:00:00,,COM VÍTIMA,TORRE,RUA PIO NONO,,SUBURBIO,COLISÃO TRANSVERSAL,1,1,0,0,0,0,0,0,0,1,0,Cruzamento,Bom,Perfeito estado,Seca,Perfeito estado,"Placas ""Pare""",20 km/h,Dupla,Não existe
2022-03-06 00:00:00,,COM VÍTIMA,ÁGUA FRIA,AV BEBERIBE,,,ATROPELAMENTO DE PESSOA,1,0,0,0,1,0,0,0,0,1,0,,,,,,,,,
2022-03-07 00:00:00,,COM VÍTIMA,BOA VISTA,RUA VELHA,,,COLISÃO LATERAL,0,1,0,1,0,0,0,0,0,2,0,,,,,,,,,
2022-03-07 00:00:00,,COM VÍTIMA,GRAÇAS,RUA ALBERTO PAIVA,521,CIDADE,COLISÃO LATERAL,3,0,0,0,0,0,0,0,0,1,0,Cruzamento,Chuvoso,Perfeito estado,Seca,Perfeito estado,Outras,,Única,Faixa contínua
2022-03-07 00:00:00,,COM VÍTIMA,BOA VIAGEM,AV BOA VIAGEM,,CIDADE,COLISÃO LATERAL,1,1,0,0,0,0,0,0,0,1,0,Longo da via,Bom,Perfeito estado,Seca,Perfeito estado,Outras,60 km/h,Única,Faixa seccionada