data,hora,natureza,bairro,endereco,num_semaforo,sentido_via,tipo,auto,moto,ciclom,ciclista,pedestre,onibus,caminhao,viatura,outros,vitimas,vitimasfatais,acidente_verificado,tempo_clima,sinalizacao,condicao_via,conservacao_via,situacao_placa,velocidade_max_via,mao_direcao,divisao_via1
2022-03-07 00:00:00,,COM VÍTIMA,MUSTARDINHA,AV MANOEL GONCALVES DA LUZ,,CIDADE,COLISÃO TRANSVERSAL,2,1,0,0,0,0,0,0,0,1,0,Cruzamento,Bom,Incompleta,Seca,Mal conservada,Outras,40 km/h,Dupla,Faixa seccionada
2022-03-07 00:00:00,,COM VÍTIMA,VÁRZEA,AV AFONSO OLINDENSE,,,COLISÃO FRONTAL,1,0,0,0,0,1,0,0,0,1,0,Longo da via,Bom,Perfeito estado,Seca,Perfeito estado,R-19,30 km/h,Dupla,Faixa contínua
2022-03-08 00:00:00,,COM VÍTIMA,CORDEIRO,AV CAXANGA,,,COLISÃO LATERAL,1,1,0,0,0,0,0,0,0,1,0,,,,,,,,,
2022-03-08 00:00:00,,COM VÍTIMA,ILHA DO LEITE,RUA MARQUES AMORIM,,,COLISÃO TRANSVERSAL,2,0,0,0,0,0,0,0,0,1,0,Cruzamento,Bom,Perfeito estado,Seca,Perfeito estado,"Placas ""Pare""",,,Faixa seccionada
2022-03-08 00:00:00,,COM VÍTIMA,CASA AMARELA,AV NORTE MIGUEL ARRAES DE ALENCAR,364,SUBURBIO,COLISÃO FRONTAL,0,2,0,0,0,0,0,0,0,1,0,Ponte,Bom,Ilegível,Seca,Perfeito estado,Outras,60 km/h,,Não existe
2022-03-08 00:00:00,,COM VÍTIMA,ILHA DO RETIRO,RUA TABAIARES,,,COLISÃO LATERAL,0,1,0,0,0,0,0,0,1,2,0,,,,,,,,,
2022-03-08 00:00:00,,COM VÍTIMA,BAIRRO DO RECIFE,AV ALFREDO LISBOA,,CIDADE,COLISÃO LATERAL,0,2,0,0,0,0,0,0,0,1,0,Longo da via,Bom,Perfeito estado,Seca,Perfeito estado,Não há placas,,Única,Não existe
2022-03-09 00:00:00,,COM VÍTIMA,SANTO AMARO,AV CRUZ CABUGA,,CIDADE,COLISÃO LATERAL,1,0,1,0,0,0,0,0,0,1,0,Longo da via,Bom,Perfeito estado,Seca,Perfeito estado,Não há placas,60 km/h,Dupla,Faixa contínua
2022-03-09 00:00:00,,COM VÍTIMA,BOA VISTA,RUA DO HOSPICIO,32,CIDADE,COLISÃO COM CICLISTA,0,1,0,1,0,0,0,0,0,1,0,Cruzamento,Bom,Perfeito estado,Seca,Perfeito estado,Outras,,Dupla,Faixa contínua
2022-03-09 00:00:00,,COM VÍTIMA,BEBERIBE,RUA PORTAO DO GELO,,SUBURBIO,CHOQUE,1,1,0,0,0,0,0,0,0,1,0,Longo da via,Bom,Perfeito estado,Seca,Perfeito estado,R-6a,,Dupla,Faixa contínua
2022-03-09 00:00:00,,COM VÍTIMA,SANTO ANTÔNIO,AV MARTINS DE BARROS,194,SUBURBIO,ATROPELAMENTO DE PESSOA,0,1,0,0,1,0,0,0,0,1,0,Cruzamento,Bom,Perfeito estado,Seca,Perfeito estado,Não há placas,,Única,Faixa seccionada
2022-03-10 00:00:00,,COM VÍTIMA,AFOGADOS,AV SUL,,CIDADE,QUEDA,0,1,0,0,0,0,0,0,0,1,0,Longo da via,Bom,Não existente,Molhada,Perfeito estado,Não há placas,,Única,Canteiro central
2022-03-10 00:00:00,,COM VÍTIMA,ZUMBI,AV CAXANGA,274,CIDADE,COLISÃO COM CICLISTA,0,0,0,1,0,1,0,0,0,1,0,Longo da via,Bom,Perfeito estado,Seca,Perfeito estado,Outras,50 km/h,Dupla,Canteiro central
2022-03-10 00:00:00,,COM VÍTIMA,CASA FORTE,AV DEZESSETE DE AGOSTO,345,SUBURBIO,COLISÃO TRASEIRA,1,1,0,0,0,0,0,0,0,1,0,Longo da via,Bom,Perfeito estado,Seca,Perfeito estado,Outras,,Dupla,Faixa contínua
2022-03-11 00:00:00,,COM VÍTIMA,SANTO ANTÔNIO,AV GUARARAPES,15,,ATROPELAMENTO DE PESSOA,0,0,0,0,1,1,0,0,0,1,0,Cruzamento,Bom,Perfeito estado,Seca,Perfeito estado,Outras,40 km/h,Dupla,Canteiro central
2022-03-10 00:00:00,,COM VÍTIMA,BOA VIAGEM,AV ENGENHEIRO DOMINGOS FERREIRA,139,SUBURBIO,COLISÃO TRASEIRA,3,0,0,0,0,0,0,0,0,1,0,Cruzamento,Bom,Perfeito estado,Seca,Perfeito estado,R-4a,,Única,Canteiro central
2022-03-10 00:00:00,,COM VÍTIMA,CAMPO GRANDE,RUA CATULO DA PAIXAO CEARENSE,,CIDADE,COLISÃO LATERAL,1,1,0,0,0,0,0,0,0,2,0,Cruzamento,Bom,Perfeito estado,Seca,Perfeito estado,"Placas ""Pare""",,Dupla,
2022-03-10 00:00:00,,COM VÍTIMA,PONTO DE PARADA,RUA PROFESSOR JERONIMO GUEIROS,,,COLISÃO LATERAL,1,1,0,0,0,0,0,0,0,1,0,,,,,,,,,
2022-03-10 00:00:00,,COM VÍTIMA,SANTO AMARO,RUA DOS PALMARES,30,CIDADE,COLISÃO COM CICLISTA,1,0,0,1,0,0,0,0,0,1,0,,Chuvoso,Perfeito estado,Molhada,Perfeito estado,Outras,,Dupla,Canteiro central
2022-03-11 00:00:00,,COM VÍTIMA,BOA VISTA,RUA GERVASIO PIRES,169,SUBURBIO,COLISÃO TRANSVERSAL,0,0,0,0,0,2,0,0,0,1,0,Cruzamento,Bom,Perfeito estado,Seca,Perfeito estado,R-6a,,Única,Faixa seccionada
2022-03-11 00:00:00,,SEM VÍTIMA,PINA,RUA SAO LUIZ,,,COLISÃO TRASEIRA,3,0,0,0,0,0,0,0,0,0,0,Longo da via,Bom,Incompleta,Seca,Mal conservada,Não há placas,,Dupla,Não existe
2022-03-11 00:00:00,,COM VÍTIMA,ESPINHEIRO,RUA GOMES PACHECO,,CIDADE,COLISÃO TRANSVERSAL,1,1,0,0,0,0,0,0,0,1,0,Cruzamento,Bom,Ilegível,Seca,Mal conservada,"Placas ""Pare""",,Dupla,Não existe
2022-03-11 00:00:00,,COM VÍTIMA,CAXANGÁ,AV CAXANGA,,CIDADE,COLISÃO TRASEIRA,2,1,0,0,0,0,0,0,0,1,0,Longo da via,Bom,Perfeito estado,Seca,Perfeito estado,Não há placas,,Dupla,Canteiro central
2022-03-11 00:00:00,,COM VÍTIMA,PINA,AV ENGENHEIRO DOMINGOS FERREIRA,324,SUBURBIO,COLISÃO TRASEIRA,1,1,0,0,0,0,0,0,0,1,0,Cruzamento,Bom,Perfeito estado,Seca,Perfeito estado,Não há placas,60 km/h,Única,Faixa contínua
2022-03-11 00:00:00,,COM VÍTIMA,BOA VIAGEM,RUA VISCONDE DE JEQUITINHONHA,,SUBURBIO,COLISÃO TRASEIRA,1,1,0,0,0,0,0,0,0,1,0,Longo da via,Bom,Não existente,Seca,Perfeito estado,Não há placas,,Única,Faixa seccionada
2022-03-11 00:00:00,,COM VÍTIMA,CORDEIRO,AV INACIO MONTEIRO,566,SUBURBIO,COLISÃO FRONTAL,1,1,0,0,0,0,0,0,0,1,0,Cruzamento,Bom,Incompleta,Seca,Perfeito estado,Não há placas,,Dupla,Faixa contínua
2022-03-11 00:00:00,,COM VÍTIMA,VÁRZEA,AV PROFESSOR ARTUR DE SA,,CIDADE,COLISÃO TRANSVERSAL,1,1,0,0,0,0,0,0,0,1,0,Longo da via,Bom,Perfeito estado,Seca,Perfeito estado,Não há placas,,Dupla,Faixa contínua
2022-03-12 00:00:00,,COM VÍTIMA,BARRO,AV DR JOSE RUFINO,,SUBURBIO,COLISÃO FRONTAL,1,1,0,0,0,0,0,0,0,2,0,Longo da via,Bom,Incompleta,Seca,Perfeito estado,Outras,,Dupla,Não existe
2022-03-12 00:00:00,,COM VÍTIMA,TORREÃO,RUA DJALMA FARIAS,,SUBURBIO,COLISÃO COM CICLISTA,1,0,0,1,0,0,0,0,0,1,0,Cruzamento,Bom,Incompleta,Seca,Perfeito estado,Outras,,Dupla,Canteiro central
2022-03-12 00:00:00,,SEM VÍTIMA,APIPUCOS,RUA DOIS IRMAOS,,,COLISÃO TRASEIRA,2,0,0,0,0,0,0,0,0,0,0,,,,,,,,,
2022-03-12 00:00:00,,COM VÍTIMA,MACAXEIRA,AV NORTE MIGUEL ARRAES DE ALENCAR,,,COLISÃO LATERAL,1,1,0,0,0,0,0,0,0,1,0,,,,,,,,,
2022-03-12 00:00:00,,SEM VÍTIMA,POÇO DA PANELA,RUA LUIZ GUIMARAES,,SUBURBIO,CHOQUE,1,0,0,0,0,0,0,1,0,0,0,Longo da via,Bom,Perfeito estado,Seca,Perfeito estado,R-6a,,Dupla,Não existe
2022-03-12 00:00:00,,SEM VÍTIMA,BOA VIAGEM,AV CONSELHEIRO AGUIAR,6,CIDADE,,1,0,0,0,0,0,0,1,0,0,0,Cruzamento,Bom,Perfeito estado,Seca,Perfeito estado,Outras,,Única,Não existe
2022-03-13 00:00:00,,COM VÍTIMA,BOA VIAGEM,RUA RIBEIRO DE BRITO,,CIDADE,COLISÃO TRANSVERSAL,1,0,0,0,0,1,0,0,0,1,0,Cruzamento,Chuvoso,Perfeito estado,Molhada,Perfeito estado,Outras,,Única,Faixa seccionada
2022-03-13 00:00:00,,COM VÍTIMA,CAMPO GRANDE,RUA JERONIMO VILELA,282,CIDADE,COLISÃO TRANSVERSAL,0,2,0,0,0,0,0,0,0,2,0,Cruzamento,Bom,Perfeito estado,Seca,Perfeito estado,R-6a,,Dupla,Faixa contínua
2022-03-13 00:00:00,,VÍTIMA FATAL,APIPUCOS,RUA DOIS IRMAOS,535,SUBURBIO,COLISÃO COM CICLISTA,0,0,0,1,0,1,0,0,0,0,1,Longo da via,Bom,Perfeito estado,Seca,Perfeito estado,Outras,60 km/h,Dupla,Faixa contínua
2022-03-13 00:00:00,,SEM VÍTIMA,PINA,AV ANTONIO DE GOES,,,COLISÃO LATERAL,2,0,0,0,0,0,0,0,0,0,0,,,,,,,,,
2022-03-13 00:00:00,,COM VÍTIMA,IBURA,AV DOIS RIOS,,SUBURBIO,COLISÃO TRANSVERSAL,1,1,0,0,0,0,0,0,0,1,0,Longo da via,Bom,Perfeito estado,Seca,Perfeito estado,Não há placas,,Dupla,Faixa seccionada
2022-03-14 00:00:00,,COM VÍTIMA,MUSTARDINHA,RUA VINTE E UM DE ABRIL,,SUBURBIO,COLISÃO TRANSVERSAL,1,1,0,0,0,0,0,0,0,1,0,Longo da via,Chuvoso,Perfeito estado,Molhada,Perfeito estado,Não há placas,,Dupla,Faixa seccionada
2022-03-14 00:00:00,,COM VÍTIMA,BAIRRO DO RECIFE,AV MILITAR,,SUBURBIO,QUEDA,0,1,0,0,0,0,0,0,0,1,0,Longo da via,Bom,Perfeito estado,Seca,Perfeito estado,Não há placas,,Única,Faixa seccionada
2022-03-14 00:00:00,,SEM VÍTIMA,SÃO JOSÉ,C SANTA RITA,473,CIDADE,,5,0,0,0,0,0,0,0,0,0,0,Longo da via,Bom,Perfeito estado,Seca,Perfeito estado,Não há placas,,Dupla,Canteiro central
2022-03-15 00:00:00,,COM VÍTIMA,BARRO,AV DR JOSE RUFINO,615,SUBURBIO,COLISÃO TRASEIRA,1,0,0,0,0,1,0,0,0,1,0,Longo da via,Bom,Ilegível,Seca,Perfeito estado,Outras,40 km/h,Dupla,Faixa contínua
2022-03-15 00:00:00,,COM VÍTIMA,AFOGADOS,RUA JOAO IVO DA SILVA,503,CIDADE,COLISÃO TRANSVERSAL,1,1,0,0,0,0,0,0,0,2,0,Cruzamento,Bom,Perfeito estado,Seca,Perfeito estado,R-32,,Dupla,Faixa contínua
2022-03-15 00:00:00,,COM VÍTIMA,IPUTINGA,RUA SAO MATEUS,,SUBURBIO,COLISÃO FRONTAL,1,1,0,0,0,0,0,0,0,1,0,Longo da via,Bom,Incompleta,Seca,Perfeito estado,Não há placas,,Dupla,Não existe
2022-03-15 00:00:00,,COM VÍTIMA,BOA VIAGEM,AV ENGENHEIRO DOMINGOS FERREIRA,545,SUBURBIO,COLISÃO TRANSVERSAL,1,1,0,0,0,0,0,0,0,1,0,Cruzamento,Bom,Perfeito estado,Seca,Perfeito estado,Outras,60 km/h,Única,Faixa contínua
2022-03-15 00:00:00,,SEM VÍTIMA,CAXANGÁ,AV JOAQUIM RIBEIRO,281,CIDADE,COLISÃO TRANSVERSAL,2,0,0,0,0,0,0,0,0,0,0,Cruzamento,Bom,Perfeito estado,Seca,Perfeito estado,Não há placas,60 km/h,Única,Canteiro central
2022-03-15 00:00:00,,COM VÍTIMA,DOIS IRMÃOS,RUA DOIS IRMAOS,,,COLISÃO LATERAL,1,1,0,0,0,0,0,0,0,2,0,Longo da via,Bom,Não existente,Seca,Perfeito estado,Não há placas,,Única,Não existe
2022-03-15 00:00:00,,SEM VÍTIMA,CABANGA,AV ENGENHEIRO JOSE ESTELITA,,,COLISÃO LATERAL,1,0,0,0,0,0,1,0,0,0,0,,,,,,,,,
2022-03-15 00:00:00,,COM VÍTIMA,ESPINHEIRO,RUA BARAO DE ITAMARACA,86,SUBURBIO,COLISÃO TRANSVERSAL,1,1,0,0,0,0,0,0,0,1,0,Cruzamento,Bom,Perfeito estado,Seca,Perfeito estado,Outras,,Dupla,Faixa contínua
2022-03-15 00:00:00,,COM VÍTIMA,BOA VISTA,RUA DOM BOSCO,,CIDADE,COLISÃO LATERAL,1,1,0,0,0,0,0,0,0,1,0,Longo da via,Bom,Perfeito estado,Seca,Perfeito estado,Não há placas,,Dupla,Faixa contínua
2022-03-15 00:00:00,,COM VÍTIMA,CORDEIRO,AV ENGENHEIRO ABDIAS DE CARVALHO,688,SUBURBIO,COLISÃO TRASEIRA,0,2,0,0,0,0,0,0,0,1,0,Longo da via,Bom,Perfeito estado,Seca,Perfeito estado,Não há placas,60 km/h,Única,Faixa contínua
2022-03-15 00:00:00,,SEM VÍTIMA,SANTO AMARO,AV NORTE MIGUEL ARRAES DE ALENCAR,,,COLISÃO FRONTAL,0,0,0,0,0,0,0,0,0,0,0,,,,,,,,,
2022-03-16 00:00:00,,COM VÍTIMA,JOANA BEZERRA,AV CENTRAL,,SUBURBIO,ATROPELAMENTO DE PESSOA,1,0,0,0,1,0,0,0,0,1,0,Outros,Bom,Não existente,Seca,Mal conservada,Não há placas,,Dupla,Não existe
2022-03-16 00:00:00,,COM VÍTIMA,TAMARINEIRA,RUA PADRE ROMA,,SUBURBIO,COLISÃO TRASEIRA,0,2,0,0,0,0,0,0,0,1,0,Longo da via,Bom,Perfeito estado,Seca,Perfeito estado,R-6a,,Única,Faixa seccionada
2022-03-16 00:00:00,,COM VÍTIMA,CORDEIRO,RUA GOMES TABORDA,,CIDADE,COLISÃO LATERAL,1,1,0,0,0,0,0,0,0,2,0,Cruzamento,Bom,Incompleta,Seca,Perfeito estado,Não há placas,,Dupla,Faixa seccionada
2022-03-16 00:00:00,,COM VÍTIMA,CORDEIRO,RUA GOMES TABORDA,,,COLISÃO LATERAL,1,1,0,0,0,0,0,0,0,2,0,,,,,,,,,
2022-03-16 00:00:00,,SEM VÍTIMA,IBURA,RUA EXP FRANCISCO VITORIANO,,,CHOQUE,1,0,0,0,0,0,0,0,0,0,0,,,,,,,,,
2022-03-16 00:00:00,,SEM VÍTIMA,FUNDÃO,RUA DALVA DE OLIVEIRA,,,,2,0,0,0,0,0,0,0,0,0,0,Cruzamento,Bom,,Seca,Perfeito estado,Não há placas,,Dupla,
2022-03-16 00:00:00,,COM VÍTIMA,VÁRZEA,AV CAXANGA,,CIDADE,COLISÃO TRASEIRA,1,1,0,0,0,0,0,0,0,1,0,Longo da via,Bom,Perfeito estado,Seca,Perfeito estado,Não há placas,,Dupla,Faixa seccionada
2022-03-16 00:00:00,,COM VÍTIMA,IPUTINGA,AV CAXANGA,,SUL,COLISÃO LATERAL,0,2,0,0,0,0,0,0,0,2,0,Longo da via,Chuvoso,Perfeito estado,Molhada,Perfeito estado,R-6a,40 km/h,Única,Não existe
2022-03-16 00:00:00,,COM VÍTIMA,SANTO AMARO,AV VISCONDE DE SUASSUNA,,SUBURBIO,COLISÃO LATERAL,1,1,0,0,0,0,0,0,0,1,0,Cruzamento,Bom,Perfeito estado,Seca,Perfeito estado,R-6a,40 km/h,,Faixa seccionada
2022-03-16 00:00:00,,COM VÍTIMA,BOA VIAGEM,RUA VISCONDE DE JEQUITINHONHA,,SUBURBIO,COLISÃO LATERAL,1,1,0,0,0,0,0,0,0,1,0,Longo da via,Chuvoso,Perfeito estado,Molhada,Perfeito estado,Não há placas,,Única,Faixa seccionada
2022-03-16 00:00:00,,COM VÍTIMA,ARRUDA,RUA DAS MOCAS,472,CIDADE,COLISÃO FRONTAL,1,1,0,0,0,0,0,0,0,1,0,Cruzamento,Bom,Perfeito estado,Seca,Perfeito estado,Não há placas,30 km/h,Dupla,Não existe
2022-03-17 00:00:00,,COM VÍTIMA,ILHA DO LEITE,AV GOVERNADOR AGAMENON MAGALHAES,672,OLINDA,ATROPELAMENTO DE PESSOA,0,1,0,0,1,0,0,0,0,1,0,Longo da via,Bom,Perfeito estado,Seca,Perfeito estado,Não há placas,60 km/h,Dupla,Canteiro central
2022-03-17 00:00:00,,COM VÍTIMA,BOA VIAGEM,AV ENGENHEIRO DOMINGOS FERREIRA,217,SUBURBIO,COLISÃO COM CICLISTA,1,0,0,1,0,0,0,0,0,1,0,Longo da via,Bom,Perfeito estado,Seca,Perfeito estado,"Placas ""Pare""",,Dupla,Canteiro central
2022-03-17 00:00:00,,COM VÍTIMA,TORRÕES,AV ENGENHEIRO ABDIAS DE CARVALHO,,SUBURBIO,ATROPELAMENTO DE PESSOA,2,0,0,0,1,0,0,0,0,1,0,Longo da via,Bom,Perfeito estado,Seca,Perfeito estado,Outras,60 km/h,Dupla,Faixa seccionada
2022-03-17 00:00:00,,COM VÍTIMA,IMBIRIBEIRA,RUA SARGENTO SILVINO DE MACEDO,,SUBURBIO,COLISÃO TRANSVERSAL,1,1,0,0,0,0,0,0,0,2,0,Longo da via,Bom,Não existente,Seca,Perfeito estado,Não há placas,,Dupla,Não existe
2022-03-18 00:00:00,,COM VÍTIMA,ILHA JOANA BEZERRA,AV BEIRA RIO,,SUBURBIO,COLISÃO TRASEIRA,0,1,0,0,0,0,1,0,0,1,0,Longo da via,Bom,Não existente,Seca,Perfeito estado,Não há placas,60 km/h,Dupla,Não existe
2022-03-18 00:00:00,,COM VÍTIMA,IMBIRIBEIRA,VIADUTO TANCREDO NEVES,,SUBURBIO,COLISÃO LATERAL,1,1,0,0,0,0,0,0,0,2,0,Longo da via,Bom,Perfeito estado,Seca,Perfeito estado,Não há placas,,Dupla,Blocos
2022-03-18 00:00:00,,SEM VÍTIMA,SAN MARTIN,AV CONSUL VILARES FRAGOSO,326,SUBURBIO,,1,1,0,0,0,0,0,0,0,0,0,Cruzamento,Bom,Perfeito estado,Seca,Perfeito estado,Outras,,Dupla,Faixa contínua
2022-03-18 00:00:00,,COM VÍTIMA,BOA VIAGEM,AVENIDA CELSO FURTADO (VIA MANGUE),,,COLISÃO LATERAL,0,0,0,0,0,0,0,0,0,2,0,,,,,,,,,
2022-03-19 00:00:00,,COM VÍTIMA,PRADO,AV ENGENHEIRO ABDIAS DE CARVALHO,,CIDADE,TOMBAMENTO,0,1,0,0,0,0,0,0,0,1,0,Longo da via,Bom,Perfeito estado,Molhada,Perfeito estado,R-6a,60 km/h,Dupla,Canteiro central
2022-03-19 00:00:00,,SEM VÍTIMA,TEJIPIÓ,AV DR JOSE RUFINO,,SUBURBIO,,2,0,0,0,0,0,0,0,0,0,0,Longo da via,Bom,Não existente,Seca,Perfeito estado,Não há placas,,Única,Não existe
2022-03-20 00:00:00,,COM VÍTIMA,CASA AMARELA,EST DO ARRAIAL,291,SUBURBIO,COLISÃO COM CICLISTA,1,0,0,1,0,0,0,0,0,1,0,Longo da via,Bom,Perfeito estado,Seca,Perfeito estado,Outras,,Única,
2022-03-20 00:00:00,,COM VÍTIMA,BOA VIAGEM,AV CONSELHEIRO AGUIAR,,CIDADE,COLISÃO LATERAL,2,0,0,0,0,0,0,0,0,1,0,Longo da via,Bom,,Seca,Perfeito estado,R-6a,,Única,Faixa seccionada
2022-03-20 00:00:00,,COM VÍTIMA,NOVA DESCOBERTA,AV VEREADOR OTACILIO AZEVEDO,,SUBURBIO,COLISÃO TRANSVERSAL,0,1,0,0,0,0,0,1,0,1,0,Longo da via,Chuvoso,Perfeito estado,Molhada,Perfeito estado,,,Dupla,Faixa seccionada
2022-03-21 00:00:00,,SEM VÍTIMA,BOA VIAGEM,RUA PADRE BERNADINO PESSOA,,,COLISÃO LATERAL,2,0,0,0,0,0,0,0,0,0,0,,,,,,,,,
2022-03-21 00:00:00,,COM VÍTIMA,BOA VIAGEM,AVENIDA CELSO FURTADO (VIA MANGUE),,SUBURBIO,COLISÃO TRASEIRA,1,1,0,0,0,0,0,0,0,1,0,Longo da via,Bom,Perfeito estado,Seca,Perfeito estado,R-6a,60 km/h,Dupla,Canteiro central
2022-03-21 00:00:00,,COM VÍTIMA,SANTO AMARO,AV GOVERNADOR AGAMENON MAGALHAES,684,OLINDA,COLISÃO LATERAL,1,1,0,0,0,0,0,0,0,1,0,Longo da via,Bom,Perfeito estado,Seca,Perfeito estado,,,Dupla,Faixa seccionada
2022-03-21 00:00:00,,COM VÍTIMA,IPSEP,AV RECIFE,,BR-101,ATROPELAMENTO DE PESSOA,0,1,0,0,1,0,0,0,0,2,0,Longo da via,Bom,Não existente,Seca,Perfeito estado,Não há placas,,Dupla,Canteiro central
2022-03-21 00:00:00,,SEM VÍTIMA,BOA VIAGEM,AV MARECHAL JUAREZ TAVORA,556,SUBURBIO,,2,0,0,0,0,0,0,0,0,0,0,Longo da via,Bom,Perfeito estado,Seca,Perfeito estado,Outras,,Única,Faixa contínua
2022-03-21 00:00:00,,SEM VÍTIMA,VÁRZEA,RUA TAMBIA,,SUBURBIO,,0,0,0,0,0,1,0,0,0,0,0,Longo da via,Bom,Perfeito estado,Seca,Perfeito estado,R-6a,30 km/h,Dupla,Não existe
2022-03-21 00:00:00,,COM VÍTIMA,ILHA DO RETIRO,RUA SPORT CLUBE DO RECIFE,367,CIDADE,COLISÃO LATERAL,1,1,0,0,0,0,0,0,0,1,0,Longo da via,Bom,Perfeito estado,Seca,Perfeito estado,Não há placas,,Dupla,Canteiro central
2022-03-21 00:00:00,,COM VÍTIMA,BOA VIAGEM,AV BOA VIAGEM,119,CIDADE,COLISÃO TRASEIRA,3,0,0,0,0,0,0,0,0,1,0,Longo da via,Bom,Perfeito estado,Seca,Perfeito estado,R-4a,,Única,Faixa contínua
2022-03-21 00:00:00,,COM VÍTIMA,SAN MARTIN,AV JOAO CABRAL DE MELO NETO,250,SUBURBIO,COLISÃO LATERAL,1,1,0,0,0,0,0,0,0,2,0,Esquina,Chuvoso,Perfeito estado,Molhada,Perfeito estado,Outras,60 km/h,Dupla,Faixa contínua
2022-03-21 00:00:00,,COM VÍTIMA,IMBIRIBEIRA,AV MARECHAL MASCARENHAS DE MORAES,386,CIDADE,COLISÃO LATERAL,1,1,0,0,0,0,0,0,0,1,0,Longo da via,Bom,Perfeito estado,Seca,Perfeito estado,Outras,,Única,Faixa seccionada
2022-03-21 00:00:00,,SEM VÍTIMA,CASA FORTE,AV DEZESSETE DE AGOSTO,,SUBURBIO,COLISÃO TRASEIRA,2,0,0,0,0,0,0,0,0,0,0,Longo da via,Chuvoso,Perfeito estado,Molhada,Perfeito estado,,,Dupla,Faixa seccionada
2022-03-21 00:00:00,,COM VÍTIMA,FUNDÃO,AV BEBERIBE,,SUBURBIO,ATROPELAMENTO DE PESSOA,1,0,0,0,1,0,0,0,0,1,0,Longo da via,Chuvoso,Perfeito estado,Molhada,Perfeito estado,Não há placas,,Dupla,Faixa seccionada
2022-03-21 00:00:00,,SEM VÍTIMA,IPUTINGA,AV CAXANGA,,,COLISÃO LATERAL,2,0,0,0,0,0,0,0,0,0,0,,,,,,,,,
2022-03-22 00:00:00,,COM VÍTIMA,ZUMBI,RUA SOUZA BANDEIRA,448,CIDADE,COLISÃO FRONTAL,1,1,0,0,0,0,0,0,0,1,0,Cruzamento,Chuvoso,Perfeito estado,Molhada,Perfeito estado,Outras,,Única,Outros
2022-03-22 00:00:00,,COM VÍTIMA,IBURA,RUA EXP FRANCISCO VITORIANO,,SUBURBIO,COLISÃO LATERAL,1,1,0,0,0,0,0,0,0,1,0,Longo da via,Chuvoso,Perfeito estado,Molhada,Perfeito estado,R-6a,30 km/h,Dupla,Faixa seccionada
2022-03-22 00:00:00,,SEM VÍTIMA,VÁRZEA,RUA EVARISTO FERREIRA DA SILVA,,CIDADE,CHOQUE,3,0,0,0,0,0,0,0,0,0,0,Longo da via,Chuvoso,Não existente,Molhada,Mal conservada,Não há placas,,Dupla,Não existe
2022-03-22 00:00:00,,COM VÍTIMA,SÃO JOSÉ,RUA IMPERIAL,,SUBURBIO,COLISÃO LATERAL,1,1,0,0,0,0,0,0,0,1,0,Longo da via,Bom,Perfeito estado,Molhada,Perfeito estado,Não há placas,,Única,Não existe
2022-03-22 00:00:00,,SEM VÍTIMA,AREIAS,AV CAPITAO GREGORIO DE CALDAS,494,,,1,0,0,0,0,0,0,1,0,0,0,Cruzamento,Chuvoso,,Molhada,Perfeito estado,R-4a,30 km/h,Única,Canteiro central
2022-03-22 00:00:00,,COM VÍTIMA,ÁGUA FRIA,RUA SAO SEBASTIAO,,SUBURBIO,COLISÃO COM CICLISTA,1,0,0,1,0,0,0,0,0,1,0,Longo da via,Chuvoso,Perfeito estado,Molhada,Perfeito estado,Não há placas,,Dupla,Faixa contínua
2022-03-22 00:00:00,,COM VÍTIMA,PARNAMIRIM,RUA LEONARDO BEZERRA CAVALCANTE,,,COLISÃO LATERAL,1,1,0,0,0,0,0,0,0,1,0,Longo da via,Chuvoso,Perfeito estado,Molhada,Perfeito estado,Outras,,,Não existe
2022-03-23 00:00:00,,COM VÍTIMA,BOA VIAGEM,RUA JORNALISTA FRANCISCO ALMEIDA,,,COLISÃO COM CICLISTA,1,0,0,1,0,0,0,0,0,1,0,,,,,,,,,
2022-03-23 00:00:00,,COM VÍTIMA,SANTO ANTÔNIO,AV MARTINS DE BARROS,,,CHOQUE,3,0,0,0,0,0,0,0,0,1,0,Longo da via,Bom,Perfeito estado,Seca,Perfeito estado,Não há placas,,Única,Faixa seccionada
2022-03-23 00:00:00,,SEM VÍTIMA,SANTO AMARO,RUA DA UNIAO,,,COLISÃO TRANSVERSAL,1,0,0,0,0,1,0,0,0,0,0,Cruzamento,Bom,Perfeito estado,Seca,Perfeito estado,"Placas ""Pare""",,Única,Não existe
2022-03-23 00:00:00,,COM VÍTIMA,DERBY,AV GOVERNADOR CARLOS DE LIMA CAVALCANTI,75,CIDADE,ATROPELAMENTO DE PESSOA,0,0,0,0,1,1,0,0,0,1,0,Cruzamento,Bom,Perfeito estado,Seca,Perfeito estado,Não há placas,40 km/h,Dupla,Canteiro central
2022-03-23 00:00:00,,COM VÍTIMA,BOA VIAGEM,RUA VISCONDE DE JEQUITINHONHA,,SUBURBIO,COLISÃO LATERAL,1,1,0,0,0,0,0,0,0,1,0,Cruzamento,Chuvoso,Perfeito estado,Molhada,Perfeito estado,Não há placas,30 km/h,Única,Faixa seccionada