data,hora,natureza,bairro,endereco,num_semaforo,sentido_via,tipo,auto,moto,ciclom,ciclista,pedestre,onibus,caminhao,viatura,outros,vitimas,vitimasfatais,acidente_verificado,tempo_clima,sinalizacao,condicao_via,conservacao_via,situacao_placa,velocidade_max_via,mao_direcao,divisao_via1
2022-05-11 00:00:00,,SEM VÍTIMA,JARDIM SÃO PAULO,RUA DR HOLMES DO REGO BARROS,,,COLISÃO LATERAL,1,0,0,0,0,0,1,0,0,0,0,Longo da via,Bom,Não existente,Molhada,Mal iluminada,Não há placas,,Dupla,Não existe
2022-05-11 00:00:00,,COM VÍTIMA,CAXANGÁ,AV CAXANGA,,CIDADE,QUEDA,0,1,0,0,0,0,0,0,0,1,0,Longo da via,Bom,Perfeito estado,Oleosa,Perfeito estado,Outras,,Dupla,Faixa seccionada
2022-05-11 00:00:00,,SEM VÍTIMA,MADALENA,RUA REAL DA TORRE,,,COLISÃO LATERAL,1,0,0,0,0,0,0,1,0,0,0,Esquina,Chuvoso,Perfeito estado,Molhada,Perfeito estado,,,Única,Faixa seccionada
2022-05-11 00:00:00,,COM VÍTIMA,IMBIRIBEIRA,RUA ARQUITETO LUIZ NUNES,560,CIDADE,ATROPELAMENTO DE PESSOA,1,0,0,0,1,0,0,0,0,1,0,Longo da via,Bom,Perfeito estado,Seca,Perfeito estado,R-19,30 km/h,Dupla,Faixa contínua
2022-05-11 00:00:00,,COM VÍTIMA,BOA VIAGEM,RUA DOS NAVEGANTES,,SUBURBIO,COLISÃO TRANSVERSAL,2,1,0,0,0,0,0,0,0,1,0,Longo da via,Bom,Perfeito estado,Seca,Perfeito estado,Não há placas,,Única,Não existe
2022-05-11 00:00:00,,SEM VÍTIMA,BOA VISTA,RUA DA UNIAO,,,COLISÃO LATERAL,2,0,0,0,0,0,0,0,0,0,0,Cruzamento,Bom,Perfeito estado,Seca,Perfeito estado,"Placas ""Pare""",,Única,Não existe
2022-05-11 00:00:00,,COM VÍTIMA,PRADO,RUA RODRIGUES DE MENDONCA,,CIDADE,COLISÃO TRANSVERSAL,0,2,0,0,0,0,0,0,0,1,0,Cruzamento,Bom,Perfeito estado,Seca,Perfeito estado,Outras,,Única,Não existe
2022-05-11 00:00:00,,COM VÍTIMA,MONTEIRO,AV DEZESSETE DE AGOSTO,,,COLISÃO TRASEIRA,1,2,0,0,0,0,0,0,0,1,0,Longo da via,Bom,Perfeito estado,Seca,Perfeito estado,Outras,,Dupla,Faixa contínua
2022-05-12 00:00:00,,SEM VÍTIMA,BOA VIAGEM,RUA ERNESTO DE PAULA SANTOS,,,COLISÃO LATERAL,1,1,0,0,0,0,0,0,0,0,0,,,,,,,,,
2022-05-12 00:00:00,,COM VÍTIMA,PAISSANDU,AV GOVERNADOR AGAMENON MAGALHAES,,BOA VIAGEM,COLISÃO TRASEIRA,1,1,0,0,0,0,0,0,0,1,0,Longo da via,Bom,Perfeito estado,Seca,Perfeito estado,Outras,60 km/h,Única,Canteiro central
2022-05-12 00:00:00,,COM VÍTIMA,CAMPO GRANDE,RUA ODORICO MENDES,,CIDADE,COLISÃO TRANSVERSAL,1,1,0,0,0,0,0,0,0,1,0,Cruzamento,Bom,Perfeito estado,Seca,Perfeito estado,Não há placas,,Dupla,Faixa
2022-05-12 00:00:00,,COM VÍTIMA,BOA VIAGEM,AV ENGENHEIRO DOMINGOS FERREIRA,,SUBURBIO,COLISÃO TRASEIRA,1,1,0,0,0,0,0,0,0,1,0,Longo da via,Bom,Perfeito estado,Seca,Perfeito estado,Outras,60 km/h,Única,Faixa seccionada
2022-05-12 00:00:00,,COM VÍTIMA,SANTO AMARO,RUA DO HOSPICIO,32,SUBURBIO,COLISÃO TRANSVERSAL,1,1,0,0,0,0,0,0,0,1,0,Cruzamento,Chuvoso,Perfeito estado,Molhada,Perfeito estado,Outras,,Dupla,Faixa seccionada
2022-05-12 00:00:00,,COM VÍTIMA,ARRUDA,AV BEBERIBE,,CIDADE,COLISÃO LATERAL,1,1,0,0,0,0,0,0,0,1,0,Cruzamento,Bom,Perfeito estado,Seca,Perfeito estado,R-6a,60 km/h,Dupla,Faixa contínua
2022-05-12 00:00:00,,COM VÍTIMA,BOA VISTA,AV GOVERNADOR AGAMENON MAGALHAES,174,SUBURBIO,COLISÃO TRASEIRA,1,1,0,0,0,0,0,0,0,1,0,Longo da via,Bom,Perfeito estado,Molhada,Perfeito estado,Não há placas,60 km/h,Única,Faixa seccionada
2022-05-12 00:00:00,,COM VÍTIMA,IPUTINGA,RUA QUIPAPA,,SUBURBIO,COLISÃO LATERAL,0,1,0,0,0,1,0,0,0,1,0,Longo da via,Chuvoso,Perfeito estado,Molhada,Perfeito estado,Não há placas,,Única,Não existe
2022-05-12 00:00:00,,COM VÍTIMA,BOA VIAGEM,RUA JOAO CARDOSO AIRES,,SUBURBIO,COLISÃO LATERAL,1,1,0,0,0,0,0,0,0,1,0,Cruzamento,Bom,Perfeito estado,Seca,Perfeito estado,Outras,,Única,Outros
2022-05-13 00:00:00,,COM VÍTIMA,ESTÂNCIA,AV RECIFE,,CIDADE,COLISÃO LATERAL,2,1,0,0,0,0,0,0,0,2,0,Longo da via,Chuvoso,Perfeito estado,Molhada,Perfeito estado,Não há placas,,Única,Faixa seccionada
2022-05-13 00:00:00,,COM VÍTIMA,GRAÇAS,AV RUI BARBOSA,305,,COLISÃO TRASEIRA,1,1,0,0,0,0,0,0,0,1,0,,,,,,,,,
2022-05-13 00:00:00,,COM VÍTIMA,ENCRUZILHADA,AV BEBERIBE,186,SUBURBIO,COLISÃO TRANSVERSAL,1,1,0,0,0,0,0,0,0,1,0,Cruzamento,Bom,Perfeito estado,Seca,Perfeito estado,R-6a,40 km/h,Dupla,Faixa contínua
2022-05-13 00:00:00,,COM VÍTIMA,PINA,AV BOA VIAGEM,119,CIDADE,COLISÃO LATERAL,1,1,0,0,0,0,0,0,0,1,0,Longo da via,Bom,Perfeito estado,Seca,Perfeito estado,Não há placas,60 km/h,Única,Faixa contínua
2022-05-13 00:00:00,,COM VÍTIMA,SÃO JOSÉ,VDO DAS CINCO PONTAS,,,QUEDA,0,0,0,1,0,0,0,0,0,1,0,,,,,,,,,
2022-05-13 00:00:00,,COM VÍTIMA,AFOGADOS,RUA SAO MIGUEL,,,COLISÃO LATERAL,0,0,0,0,0,0,0,0,0,1,0,,,,,,,,,
2022-05-13 00:00:00,,COM VÍTIMA,MADALENA,AV ENGENHEIRO ABDIAS DE CARVALHO,52,SUBURBIO,COLISÃO TRANSVERSAL,0,1,0,0,0,0,0,0,1,1,0,Cruzamento,Bom,Perfeito estado,Seca,Perfeito estado,Não há placas,,Dupla,Canteiro central
2022-05-13 00:00:00,,SEM VÍTIMA,BOA VISTA,AV MANOEL BORBA,,,COLISÃO LATERAL,2,0,0,0,0,0,0,0,0,0,0,,,,,,,,,
2022-05-14 00:00:00,,VÍTIMA FATAL,CORDEIRO,AV MAURICIO DE NASSAU,,SUBURBIO,CHOQUE,1,0,0,0,0,0,0,0,0,1,1,Outros,Chuvoso,Perfeito estado,Molhada,Perfeito estado,Outras,,Dupla,Faixa contínua
2022-05-14 00:00:00,,COM VÍTIMA,AFOGADOS,EST DOS REMEDIOS,,CIDADE,COLISÃO LATERAL,1,1,0,0,0,0,0,0,0,1,0,Longo da via,Chuvoso,Perfeito estado,Molhada,Perfeito estado,R-6a,,Única,Faixa seccionada
2022-05-14 00:00:00,,COM VÍTIMA,BOA VISTA,AV CONDE DA BOA VISTA,,SUBURBIO,COLISÃO LATERAL,1,1,0,0,0,0,0,0,0,1,0,Longo da via,Chuvoso,Perfeito estado,Molhada,Perfeito estado,R-6c,40 km/h,Dupla,Faixa seccionada
2022-05-14 00:00:00,,COM VÍTIMA,ROSARINHO,AV NORTE MIGUEL ARRAES DE ALENCAR,,,COLISÃO LATERAL,1,1,0,0,0,0,0,0,0,1,0,,,,,,,,,
2022-05-14 00:00:00,,COM VÍTIMA,TOTÓ,RUA PAULINO DE FARIAS,,AV LIBERDADE,QUEDA,0,1,0,0,0,0,0,0,0,2,0,Longo da via,Bom,Perfeito estado,Seca,Perfeito estado,R-6a,,Dupla,Não existe
2022-05-14 00:00:00,,COM VÍTIMA,TEJIPIÓ,RUA FALCAO DE LACERDA,,SUBURBIO,COLISÃO LATERAL,2,1,0,0,0,0,0,0,0,1,0,Longo da via,Bom,Perfeito estado,Seca,Mal conservada,Não há placas,,Dupla,Faixa contínua
2022-05-14 00:00:00,,COM VÍTIMA,BOA VIAGEM,AVENIDA CELSO FURTADO (VIA MANGUE),,SUBURBIO,COLISÃO LATERAL,1,1,0,0,0,0,0,0,0,2,0,Viaduto,Bom,Incompleta,Seca,,Não há placas,,Dupla,Faixa seccionada
2022-05-14 00:00:00,,SEM VÍTIMA,CAMPO GRANDE,RUA MARIA AUGUSTA DE SOUZA,,,COLISÃO LATERAL,2,0,0,0,0,0,0,0,0,0,0,,,,,,,,,
2022-05-14 00:00:00,,COM VÍTIMA,AFOGADOS,AV SUL,39,CIDADE,COLISÃO COM CICLISTA,0,0,0,1,0,1,0,0,0,1,0,Longo da via,Chuvoso,Perfeito estado,Molhada,Perfeito estado,Não há placas,,Única,Faixa seccionada
2022-05-14 00:00:00,,SEM VÍTIMA,AREIAS,AV CAPITAO GREGORIO DE CALDAS,,,COLISÃO LATERAL,2,0,0,0,0,0,0,0,0,0,0,,,,,,,,,
2022-05-15 00:00:00,,COM VÍTIMA,GRAÇAS,AV GOVERNADOR AGAMENON MAGALHAES,173,CIDADE,COLISÃO LATERAL,0,1,0,0,0,0,0,0,1,2,0,Cruzamento,Bom,Perfeito estado,Seca,Perfeito estado,R-26,60 km/h,Dupla,Canteiro central
2022-05-15 00:00:00,,COM VÍTIMA,IPSEP,AV RECIFE,,CIDADE,COLISÃO TRASEIRA,1,1,0,0,0,0,0,0,0,1,0,Longo da via,Chuvoso,Perfeito estado,Molhada,Perfeito estado,Não há placas,60 km/h,Dupla,Canteiro central
2022-05-15 00:00:00,,COM VÍTIMA,BOA VIAGEM,AV CONSELHEIRO AGUIAR,,CIDADE,COLISÃO TRANSVERSAL,3,0,0,0,0,0,0,0,0,2,0,Longo da via,Bom,Perfeito estado,Seca,Perfeito estado,Não há placas,60 km/h,Única,Faixa seccionada
2022-05-15 00:00:00,,COM VÍTIMA,CORDEIRO,AV GENERAL SAN MARTIN,67,,COLISÃO LATERAL,1,1,0,0,0,0,0,0,0,1,0,Cruzamento,Bom,Incompleta,Seca,Mal conservada,R-6a,,Dupla,Faixa seccionada
2022-05-15 00:00:00,,SEM VÍTIMA,PAISSANDU,AV GOVERNADOR AGAMENON MAGALHAES,68,,,1,0,0,0,0,0,0,1,0,0,0,Cruzamento,Bom,Perfeito estado,Seca,Perfeito estado,R-4a,60 km/h,Dupla,Faixa contínua
2022-05-15 00:00:00,,COM VÍTIMA,BOA VIAGEM,RUA SA E SOUZA,,SUBURBIO,COLISÃO TRANSVERSAL,1,1,0,0,0,0,0,0,0,2,0,Cruzamento,Bom,Perfeito estado,Seca,Perfeito estado,"Placas ""Pare""",,Dupla,Faixa contínua
2022-05-16 00:00:00,,COM VÍTIMA,BONGI,EST DO BONGI,,SUBURBIO,COLISÃO TRANSVERSAL,1,1,0,0,0,0,0,0,0,2,0,Longo da via,Bom,Perfeito estado,Seca,Perfeito estado,R-6a,40 km/h,Dupla,Faixa contínua
2022-05-16 00:00:00,,COM VÍTIMA,ROSARINHO,AV SANTOS DUMONT,,,QUEDA,0,1,0,0,0,0,0,0,0,1,0,,,,,,,,,
2022-05-16 00:00:00,,COM VÍTIMA,ROSARINHO,AV SANTOS DUMONT,,SUBURBIO,COLISÃO LATERAL,1,1,0,0,0,0,0,0,0,1,0,Cruzamento,Bom,Perfeito estado,Seca,Perfeito estado,"Placas ""Pare""",40 km/h,Única,Faixa seccionada
2022-05-16 00:00:00,,COM VÍTIMA,CURADO,RUA DR GEORGE WILLIAM BUTLER,,CIDADE,COLISÃO FRONTAL,0,1,0,0,0,1,0,0,0,1,0,Longo da via,Bom,Incompleta,Seca,Perfeito estado,Não há placas,,Dupla,Não existe
2022-05-16 00:00:00,,COM VÍTIMA,SANTO AMARO,AV NORTE MIGUEL ARRAES DE ALENCAR,243,SUBURBIO,COLISÃO COM CICLISTA,1,0,0,1,0,0,0,0,0,1,0,Cruzamento,Bom,Perfeito estado,Seca,Perfeito estado,R-6a,,Dupla,Faixa seccionada
2022-05-17 00:00:00,,COM VÍTIMA,CORDEIRO,AV CAXANGA,,SUBURBIO,COLISÃO TRASEIRA,1,0,1,0,0,0,0,0,0,1,0,Longo da via,Bom,Perfeito estado,Seca,Perfeito estado,Outras,,Dupla,Faixa seccionada
2022-05-17 00:00:00,,COM VÍTIMA,CASA AMARELA,AV NORTE MIGUEL ARRAES DE ALENCAR,677,SUBURBIO,COLISÃO LATERAL,1,1,0,0,0,0,0,0,0,1,0,Longo da via,Bom,Perfeito estado,Seca,Perfeito estado,R-6a,,Dupla,Blocos
2022-05-17 00:00:00,,COM VÍTIMA,JORDÃO,AV MARIA IRENE,,CIDADE,ATROPELAMENTO DE PESSOA,0,0,0,0,1,0,0,1,0,1,0,Longo da via,Bom,Perfeito estado,Seca,Perfeito estado,Não há placas,,Dupla,Faixa contínua
2022-05-17 00:00:00,,SEM VÍTIMA,JARDIM SÃO PAULO,EST DO CURADO,,SUBURBIO,,1,0,0,0,0,1,0,0,0,0,0,Cruzamento,Bom,Não existente,Seca,Mal conservada,"Placas ""Pare""",40 km/h,Dupla,Não existe
2022-05-17 00:00:00,,COM VÍTIMA,CORDEIRO,AV CAXANGA,236,SUBURBIO,COLISÃO COM CICLISTA,0,1,0,1,0,0,0,0,0,2,0,Cruzamento,Bom,Perfeito estado,Seca,Perfeito estado,Não há placas,60 km/h,Única,Faixa contínua
2022-05-17 00:00:00,,COM VÍTIMA,BOA VISTA,AV GOVERNADOR AGAMENON MAGALHAES,,BOA VIAGEM,COLISÃO LATERAL,1,1,0,0,0,0,0,0,0,1,0,Longo da via,Bom,Perfeito estado,Seca,Perfeito estado,R-4b,60 km/h,Única,Faixa contínua
2022-05-17 00:00:00,,COM VÍTIMA,MANGUEIRA,RUA VINTE E UM DE ABRIL,,CIDADE,COLISÃO FRONTAL,1,1,0,0,0,0,0,0,0,1,0,Longo da via,Bom,Perfeito estado,Seca,Perfeito estado,Outras,,Dupla,Faixa seccionada
2022-05-17 00:00:00,,COM VÍTIMA,BOA VIAGEM,RUA VISCONDE DE JEQUITINHONHA,154,,ATROPELAMENTO DE PESSOA,1,0,0,0,1,0,0,0,0,1,0,,,,,,,,,
2022-05-17 00:00:00,,COM VÍTIMA,MACAXEIRA,AV JOSE AMERICO DE ALMEIDA,,CIDADE,COLISÃO LATERAL,0,1,0,0,0,1,0,0,0,1,0,Longo da via,Bom,Incompleta,Seca,Perfeito estado,Não há placas,,Dupla,Não existe
2022-05-18 00:00:00,,COM VÍTIMA,AREIAS,AV CAPITAO GREGORIO DE CALDAS,494,SUBURBIO,ATROPELAMENTO DE PESSOA,0,0,0,0,2,1,0,0,0,2,0,Cruzamento,Bom,Não existente,Seca,Perfeito estado,Não há placas,30 km/h,Dupla,Canteiro central
2022-05-18 00:00:00,,COM VÍTIMA,AFOGADOS,AV SUL,,CIDADE,COLISÃO TRASEIRA,2,0,0,0,0,0,0,0,0,1,0,Longo da via,Bom,Perfeito estado,Seca,Mal iluminada,Não há placas,,Única,Faixa seccionada
2022-05-18 00:00:00,,COM VÍTIMA,AREIAS,AV RECIFE,620,BR-101,COLISÃO LATERAL,2,1,0,0,0,0,0,0,0,1,0,Longo da via,Bom,Perfeito estado,Seca,Perfeito estado,R-6a,,Dupla,Faixa seccionada
2022-05-18 00:00:00,,SEM VÍTIMA,SANTO AMARO,AV GOVERNADOR AGAMENON MAGALHAES,,,COLISÃO TRASEIRA,1,0,0,0,0,0,0,1,0,0,0,,,,,,,,,
2022-05-18 00:00:00,,SEM VÍTIMA,ESPINHEIRO,RUA SANTO ELIAS,,,COLISÃO TRASEIRA,1,0,0,0,0,0,1,0,0,0,0,,,,,,,,,
2022-05-18 00:00:00,,COM VÍTIMA,JOANA BEZERRA,VIADUTO CAPITAO TEMUDO,,BOA VIAGEM,COLISÃO TRASEIRA,1,1,0,0,0,0,0,0,0,1,0,Viaduto,Bom,Perfeito estado,Seca,Perfeito estado,Não há placas,60 km/h,Dupla,Canteiro central
2022-05-18 00:00:00,,SEM VÍTIMA,GRAÇAS,RUA DR BANDEIRA FILHO,,,COLISÃO LATERAL,2,0,0,0,0,0,0,0,0,0,0,,,,,,,,,
2022-05-18 00:00:00,,SEM VÍTIMA,BOA VIAGEM,RUA BRUNO VELOSO,,,COLISÃO LATERAL,2,0,0,0,0,0,0,0,0,0,0,,,,,,,,,
2022-05-18 00:00:00,,COM VÍTIMA,PORTO DA MADEIRA,AV BEBERIBE,,,COLISÃO TRANSVERSAL,1,1,0,0,0,0,0,0,0,1,0,Longo da via,Bom,Perfeito estado,Seca,Perfeito estado,R-6a,,Dupla,Faixa contínua
2022-05-19 00:00:00,,SEM VÍTIMA,SÃO JOSÉ,RUA IMPERIAL,511,SUBURBIO,COLISÃO TRASEIRA,1,0,0,0,0,0,0,1,0,0,0,Longo da via,Bom,Perfeito estado,Seca,Perfeito estado,Não há placas,,Única,Faixa contínua
2022-05-19 00:00:00,,COM VÍTIMA,NOVA DESCOBERTA,RUA DA PAZ,,SUBURBIO,COLISÃO FRONTAL,0,1,0,0,0,1,0,0,0,1,0,Ponte,Bom,Não existente,Seca,Mal conservada,Não há placas,,Dupla,Não existe
2022-05-19 00:00:00,,COM VÍTIMA,BOA VIAGEM,RUA DOS NAVEGANTES,,,COLISÃO TRANSVERSAL,2,0,0,0,0,0,0,0,0,3,0,Cruzamento,Bom,Perfeito estado,Seca,Perfeito estado,"Placas ""Pare""",,Única,Faixa seccionada
2022-05-19 00:00:00,,COM VÍTIMA,DERBY,AV GOVERNADOR AGAMENON MAGALHAES,,,COLISÃO TRASEIRA,0,1,0,0,0,1,0,0,0,1,0,Longo da via,Bom,Perfeito estado,Seca,Perfeito estado,Outras,60 km/h,Única,Faixa seccionada
2022-05-19 00:00:00,,SEM VÍTIMA,SANTO AMARO,RUA ALMEIDA CUNHA,,,COLISÃO LATERAL,2,0,0,0,0,0,0,0,0,0,0,,,,,,,,,
2022-05-20 00:00:00,,COM VÍTIMA,IMBIRIBEIRA,RUA ARQUITETO LUIZ NUNES,634,CIDADE,COLISÃO TRANSVERSAL,1,1,0,0,0,0,0,0,0,1,0,Cruzamento,Bom,Perfeito estado,Seca,Perfeito estado,Não há placas,40 km/h,Dupla,Faixa contínua
2022-05-21 00:00:00,,SEM VÍTIMA,CASA FORTE,RUA JADER DE ANDRADE,,,,1,1,0,0,0,0,0,0,0,0,0,Longo da via,Chuvoso,Não existente,Molhada,Perfeito estado,Não há placas,,Dupla,Não existe
2022-05-21 00:00:00,,COM VÍTIMA,ARRUDA,RUA DO MACHADO,,CIDADE,COLISÃO FRONTAL,1,1,0,0,0,0,0,0,0,1,0,Longo da via,Bom,Perfeito estado,Seca,Perfeito estado,"Placas ""Pare""",30 km/h,Dupla,Não existe
2022-05-21 00:00:00,,COM VÍTIMA,APIPUCOS,RUA DE APIPUCOS,,SUBURBIO,COLISÃO TRASEIRA,1,1,0,0,0,0,0,0,0,1,0,Longo da via,Bom,Perfeito estado,Seca,Perfeito estado,R-6a,,Dupla,Faixa contínua
2022-05-21 00:00:00,,COM VÍTIMA,IMBIRIBEIRA,AV SUL,,,COLISÃO FRONTAL,0,1,0,0,0,0,0,0,0,2,0,,,,,,,,,
2022-05-21 00:00:00,,COM VÍTIMA,MADALENA,AV JOSE GONCALVES DE MEDEIROS,,CIDADE,COLISÃO LATERAL,1,1,0,0,0,0,0,0,0,2,0,Longo da via,Bom,Incompleta,Seca,Perfeito estado,R-6a,,Única,Não existe
2022-05-21 00:00:00,,SEM VÍTIMA,SANTO AMARO,AV CRUZ CABUGA,674,SUBURBIO,CHOQUE,1,0,0,0,0,0,0,0,0,0,0,Cruzamento,Bom,Perfeito estado,Seca,Perfeito estado,Não há placas,,Dupla,Faixa seccionada
2022-05-21 00:00:00,,SEM VÍTIMA,ESPINHEIRO,AV GOVERNADOR AGAMENON MAGALHAES,,BOA VIAGEM,COLISÃO LATERAL,2,0,0,0,0,0,0,0,0,0,0,,,,,,,,,
2022-05-21 00:00:00,,COM VÍTIMA,TORRE,RUA PROFESSOR TRAJANO DE MENDONCA,,CIDADE,COLISÃO COM CICLISTA,1,0,0,1,0,0,0,0,0,1,0,Longo da via,Bom,Perfeito estado,Seca,Perfeito estado,Não há placas,,Única,Faixa seccionada
2022-05-22 00:00:00,,COM VÍTIMA,MADALENA,EST DOS REMEDIOS,353,CIDADE,COLISÃO TRANSVERSAL,1,1,0,0,0,0,0,0,0,1,0,Cruzamento,Bom,Perfeito estado,Seca,Perfeito estado,"Placas ""Pare""",,Única,Faixa seccionada
2022-05-22 00:00:00,,COM VÍTIMA,AFOGADOS,RUA SAO MIGUEL,,CIDADE,ATROPELAMENTO DE PESSOA,0,1,0,0,1,0,0,0,0,2,0,Cruzamento,Bom,Perfeito estado,Seca,Perfeito estado,,60 km/h,Dupla,Faixa contínua
2022-05-22 00:00:00,,COM VÍTIMA,VÁRZEA,AV AFONSO OLINDENSE,568,SUBURBIO,COLISÃO LATERAL,1,1,0,0,0,0,0,0,0,1,0,Longo da via,Bom,Incompleta,Seca,Perfeito estado,R-6a,30 km/h,Dupla,Faixa contínua
2022-05-22 00:00:00,,COM VÍTIMA,MACAXEIRA,RUA MARIA AMALIA,,CIDADE,COLISÃO LATERAL,1,1,0,0,0,0,0,0,0,1,0,Longo da via,Chuvoso,Não existente,Seca,Mal conservada,Não há placas,,Dupla,Não existe
2022-05-22 00:00:00,,SEM VÍTIMA,IPUTINGA,AV CAXANGA,533,,,1,1,0,0,0,0,0,0,0,0,0,Cruzamento,Bom,Perfeito estado,,,Não há placas,,Dupla,Canteiro central
2022-05-22 00:00:00,,COM VÍTIMA,BOA VIAGEM,RUA RIBEIRO DE BRITO,331,,COLISÃO TRANSVERSAL,1,1,0,0,0,0,0,0,0,2,0,Cruzamento,Chuvoso,Perfeito estado,Molhada,Perfeito estado,Não há placas,,Única,Não existe
2022-05-22 00:00:00,,COM VÍTIMA,JAQUEIRA,AV CONS ROSA E SILVA,686,SUBURBIO,COLISÃO TRANSVERSAL,0,2,0,0,0,0,0,0,0,1,0,Longo da via,Bom,Perfeito estado,Seca,Perfeito estado,Não há placas,60 km/h,Única,Faixa seccionada
2022-05-23 00:00:00,,COM VÍTIMA,CORDEIRO,AV CAXANGA,235,SUBURBIO,ATROPELAMENTO DE PESSOA,1,0,0,0,1,1,0,0,0,1,0,Longo da via,Chuvoso,Perfeito estado,Molhada,Perfeito estado,Outras,,Dupla,Faixa seccionada
2022-05-23 00:00:00,,COM VÍTIMA,CAXANGÁ,AV CAXANGA,,,ATROPELAMENTO DE PESSOA,0,0,0,0,1,1,0,0,0,1,0,,,,,,,,,
2022-05-23 00:00:00,,COM VÍTIMA,PARNAMIRIM,RUA DA ESTRELA,,SUBURBIO,COLISÃO LATERAL,1,1,0,0,0,0,0,0,0,2,0,Longo da via,Chuvoso,Perfeito estado,Molhada,Perfeito estado,Outras,30 km/h,Dupla,Não existe
2022-05-23 00:00:00,,COM VÍTIMA,TORRE,RUA JOSE BONIFACIO,301,SUBURBIO,COLISÃO TRASEIRA,1,1,0,0,0,0,0,0,0,1,0,Longo da via,Bom,Perfeito estado,Seca,Perfeito estado,Não há placas,,Única,Faixa seccionada
2022-05-23 00:00:00,,COM VÍTIMA,BOA VISTA,RUA DOM BOSCO,,SUBURBIO,COLISÃO TRANSVERSAL,1,1,0,0,0,0,0,0,0,1,0,Longo da via,Bom,Perfeito estado,Seca,Perfeito estado,Não há placas,40 km/h,Única,Faixa seccionada
2022-05-23 00:00:00,,COM VÍTIMA,PINA,RUA MANOEL DE BRITO,,CIDADE,COLISÃO COM CICLISTA,1,0,0,1,0,0,0,0,0,1,0,Longo da via,Bom,Perfeito estado,Seca,Perfeito estado,Não há placas,,Única,Faixa seccionada
2022-05-23 00:00:00,,COM VÍTIMA,BOA VIAGEM,AV ENGENHEIRO DOMINGOS FERREIRA,,,ATROPELAMENTO DE PESSOA,1,0,0,0,1,0,0,0,0,1,0,,,,,,,,,
2022-05-23 00:00:00,,COM VÍTIMA,TORRE,RUA JOSE OSORIO,,,COLISÃO FRONTAL,1,1,0,0,0,0,0,0,0,1,0,,,,,,,,,
2022-05-23 00:00:00,,COM VÍTIMA,NOVA DESCOBERTA,RUA TEREZA CARNEIRO,,,COLISÃO LATERAL,0,1,0,0,0,0,1,0,0,1,0,,,,,,,,,
2022-05-23 00:00:00,,COM VÍTIMA,JOANA BEZERRA,VDO PAPA JOAO PAULO II,,SUBURBIO,ATROPELAMENTO DE PESSOA,3,0,0,0,1,0,0,0,0,1,0,Viaduto,Chuvoso,Não existente,Molhada,Perfeito estado,Não há placas,60 km/h,Única,
2022-05-23 00:00:00,,SEM VÍTIMA,IPUTINGA,AV PROFESSOR MORAES REGO,,,COLISÃO TRASEIRA,3,0,0,0,0,0,0,0,0,0,0,,,,,,,,,
2022-05-24 00:00:00,,SEM VÍTIMA,GRAÇAS,RUA AMARO BEZERRA,,CIDADE,,1,0,0,0,0,0,0,0,0,0,0,Longo da via,Chuvoso,Perfeito estado,Molhada,Perfeito estado,Outras,,Única,Não existe
2022-05-24 00:00:00,,COM VÍTIMA,TORRÕES,RUA QUINZE DE MARCO,,SUBURBIO,CHOQUE,1,0,0,0,0,0,0,0,0,1,0,Cruzamento,Chuvoso,Perfeito estado,Molhada,Mal conservada,Não há placas,60 km/h,Dupla,Faixa seccionada
2022-05-24 00:00:00,,COM VÍTIMA,IMBIRIBEIRA,AV MARECHAL MASCARENHAS DE MORAES,,SUBURBIO,CAPOTAMENTO,1,0,0,0,0,0,0,0,0,1,0,Longo da via,Chuvoso,Perfeito estado,Molhada,Perfeito estado,Outras,,Única,Não existe
2022-05-24 00:00:00,,COM VÍTIMA,ESTÂNCIA,AV RECIFE,705,SUBURBIO,COLISÃO LATERAL,0,1,0,0,0,0,1,0,0,1,0,Cruzamento,Chuvoso,Perfeito estado,Molhada,Perfeito estado,R-19,50 km/h,Dupla,Canteiro central
2022-05-24 00:00:00,,SEM VÍTIMA,BOA VIAGEM,AVENIDA CELSO FURTADO (VIA MANGUE),,,CAPOTAMENTO,0,0,0,0,0,0,0,0,0,0,0,,,,,,,,,
2022-05-24 00:00:00,,COM VÍTIMA,SAN MARTIN,AV CONSUL VILARES FRAGOSO,,,COLISÃO LATERAL,1,1,0,0,0,0,0,0,0,1,0,,,,,,,,,
2022-05-24 00:00:00,,COM VÍTIMA,VÁRZEA,AV CAXANGA,568,SUBURBIO,COLISÃO COM CICLISTA,0,0,0,1,0,1,0,0,0,1,0,Longo da via,Chuvoso,Perfeito estado,Molhada,Perfeito estado,Outras,,Dupla,Faixa contínua
2022-05-25 00:00:00,,COM VÍTIMA,CASA AMARELA,RUA DA HARMONIA,,SUBURBIO,COLISÃO FRONTAL,2,0,0,0,0,0,0,0,0,1,0,Longo da via,Chuvoso,Perfeito estado,Seca,Perfeito estado,Outras,30 km/h,Dupla,Faixa contínua
2022-05-26 00:00:00,,SEM VÍTIMA,BOA VIAGEM,RUA AVIADOR SEVERIANO LINS,,SUBURBIO,COLISÃO TRANSVERSAL,3,0,0,0,0,0,0,0,0,0,0,Longo da via,Chuvoso,Não existente,Molhada,Perfeito estado,Não há placas,,Dupla,Não existe
2022-05-26 00:00:00,,SEM VÍTIMA,BOA VIAGEM,RUA AVIADOR SEVERIANO LINS,,,COLISÃO TRASEIRA,3,0,0,0,0,0,0,0,0,0,0,,,,,,,,,
2022-05-26 00:00:00,,COM VÍTIMA,BARRO,AV DR JOSE RUFINO,539,CIDADE,COLISÃO FRONTAL,3,0,0,0,0,0,0,0,0,1,0,Cruzamento,Bom,Incompleta,Seca,Mal conservada,R-6a,40 km/h,Dupla,Faixa contínua