data,hora,natureza,bairro,endereco,num_semaforo,sentido_via,tipo,auto,moto,ciclom,ciclista,pedestre,onibus,caminhao,viatura,outros,vitimas,vitimasfatais,acidente_verificado,tempo_clima,sinalizacao,condicao_via,conservacao_via,situacao_placa,velocidade_max_via,mao_direcao,divisao_via1
2022-05-26 00:00:00,,SEM VÍTIMA,MADALENA,RUA SPORT CLUBE DO RECIFE,481,CIDADE,COLISÃO TRASEIRA,3,0,0,0,0,0,0,0,0,0,0,Longo da via,Bom,Perfeito estado,Seca,Perfeito estado,Não há placas,,Dupla,Canteiro central
2022-05-26 00:00:00,,COM VÍTIMA,GRAÇAS,AV GOVERNADOR AGAMENON MAGALHAES,,CIDADE,COLISÃO LATERAL,1,2,0,0,0,0,0,0,0,2,0,Longo da via,Chuvoso,Perfeito estado,Molhada,Perfeito estado,Não há placas,,Dupla,Canteiro central
2022-05-26 00:00:00,,COM VÍTIMA,ALTO SANTA TERESINHA,RUA PROFESSOR JOSE AMARINO DOS REIS,,,COLISÃO FRONTAL,1,1,0,0,0,0,0,0,0,1,0,Longo da via,Chuvoso,Perfeito estado,Molhada,Perfeito estado,Não há placas,,Dupla,Faixa seccionada
2022-05-26 00:00:00,,COM VÍTIMA,CASA AMARELA,AV DR EURICO CHAVES,,SUBURBIO,COLISÃO FRONTAL,0,2,0,0,0,0,0,0,0,1,0,Longo da via,Chuvoso,Perfeito estado,Molhada,Perfeito estado,Não há placas,,Dupla,Faixa seccionada
2022-05-27 00:00:00,,COM VÍTIMA,DERBY,AV GOVERNADOR AGAMENON MAGALHAES,174,SUBURBIO,COLISÃO TRASEIRA,1,1,0,0,0,0,0,0,0,1,0,Longo da via,Chuvoso,Perfeito estado,Molhada,Perfeito estado,R-6a,60 km/h,Dupla,Canteiro central
2022-05-27 00:00:00,,COM VÍTIMA,DERBY,PRC DO DERBY,40,CIDADE,COLISÃO TRASEIRA,1,1,0,0,0,0,0,0,0,1,0,Cruzamento,Chuvoso,Perfeito estado,Molhada,Perfeito estado,Não há placas,,Única,Faixa contínua
2022-05-27 00:00:00,,COM VÍTIMA,IMBIRIBEIRA,AV MARECHAL MASCARENHAS DE MORAES,289,CIDADE,COLISÃO LATERAL,2,1,0,0,0,0,0,0,0,1,0,Longo da via,Chuvoso,Perfeito estado,Molhada,Perfeito estado,Outras,,Dupla,Canteiro central
2022-05-27 00:00:00,,COM VÍTIMA,CABANGA,RUA GUTIUBA,,SUBURBIO,COLISÃO FRONTAL,1,1,0,0,0,0,0,0,0,1,0,Cruzamento,Chuvoso,Perfeito estado,Seca,Perfeito estado,Não há placas,40 km/h,Dupla,Não existe
2022-05-27 00:00:00,,SEM VÍTIMA,CORDEIRO,AV GENERAL SAN MARTIN,,,COLISÃO LATERAL,2,0,0,0,0,0,0,0,0,0,0,,,,,,,,,
2022-05-27 00:00:00,,SEM VÍTIMA,VÁRZEA,AV AFONSO OLINDENSE,,,COLISÃO LATERAL,1,0,0,0,0,0,0,1,0,0,0,,,,,,,,,
2022-05-27 00:00:00,,COM VÍTIMA,BOA VIAGEM,AV ENGENHEIRO DOMINGOS FERREIRA,,SUBURBIO,ATROPELAMENTO DE PESSOA,0,1,0,0,1,0,0,0,0,1,0,Longo da via,Chuvoso,Perfeito estado,Molhada,Mal conservada,Outras,,Única,Faixa contínua
2022-05-30 00:00:00,,COM VÍTIMA,PORTO DA MADEIRA,AV BEBERIBE,388,SUBURBIO,COLISÃO TRANSVERSAL,1,1,0,0,0,0,0,0,0,1,0,Longo da via,Chuvoso,Perfeito estado,Molhada,Perfeito estado,R-6a,,Dupla,Faixa contínua
2022-05-30 00:00:00,,COM VÍTIMA,DERBY,AV GOVERNADOR AGAMENON MAGALHAES,68,,ATROPELAMENTO DE PESSOA,0,0,0,0,1,1,0,0,0,1,0,Longo da via,Chuvoso,Perfeito estado,Molhada,Perfeito estado,,60 km/h,Dupla,Canal
2022-05-30 00:00:00,,COM VÍTIMA,AREIAS,RUA JOSE NATARIO,,,COLISÃO LATERAL,0,1,0,0,0,0,1,0,0,1,0,Longo da via,Chuvoso,Ilegível,Seca,Perfeito estado,R-6a,40 km/h,Dupla,Faixa seccionada
2022-05-30 00:00:00,,SEM VÍTIMA,,AV SUL,,,COLISÃO TRASEIRA,3,0,0,0,0,0,0,0,0,0,0,,,,,,,,,
2022-05-31 00:00:00,,COM VÍTIMA,CASA AMARELA,AV NORTE MIGUEL ARRAES DE ALENCAR,,CIDADE,COLISÃO TRASEIRA,1,1,0,0,0,0,1,0,0,1,0,Longo da via,Chuvoso,Perfeito estado,Molhada,Perfeito estado,Não há placas,,Dupla,Faixa seccionada
2022-05-31 00:00:00,,COM VÍTIMA,DOIS IRMÃOS,RUA DOIS IRMAOS,416,SUBURBIO,CHOQUE,0,0,0,0,0,1,0,0,0,1,0,Longo da via,Bom,Perfeito estado,Molhada,Perfeito estado,R-6a,,Dupla,Faixa contínua
2022-06-01 00:00:00,,COM VÍTIMA,ÁGUA FRIA,EST VELHA DE AGUA FRIA,,,QUEDA,0,1,0,0,0,0,0,0,0,1,0,,,,,,,,,
2022-06-01 00:00:00,,SEM VÍTIMA,TORRE,RUA CONDE DE IRAJA,630,SUBURBIO,,2,0,0,0,0,0,0,0,0,0,0,Longo da via,Chuvoso,Perfeito estado,Molhada,Perfeito estado,R-3,,Única,Faixa seccionada
2022-06-01 00:00:00,,COM VÍTIMA,IMBIRIBEIRA,VIADUTO TANCREDO NEVES,,SUBURBIO,COLISÃO LATERAL,1,1,0,0,0,0,0,0,0,1,0,,,,,,,,,
2022-06-01 00:00:00,,COM VÍTIMA,CASA AMARELA,AV NORTE MIGUEL ARRAES DE ALENCAR,,SUBURBIO,ATROPELAMENTO DE PESSOA,0,1,0,0,1,0,0,0,0,1,0,Longo da via,Bom,Perfeito estado,Seca,Perfeito estado,Não há placas,,Dupla,Canteiro central
2022-06-01 00:00:00,,COM VÍTIMA,IMBIRIBEIRA,AV PINHEIROS,,,COLISÃO LATERAL,2,0,0,0,0,0,0,0,0,2,0,,,,,,,,,
2022-06-01 00:00:00,,COM VÍTIMA,ENCRUZILHADA,AV BEBERIBE,,,ATROPELAMENTO DE PESSOA,0,0,0,0,0,1,0,0,0,1,0,,,,,,,,,
2022-06-02 00:00:00,,COM VÍTIMA,SÃO JOSÉ,AV DANTAS BARRETO,54,SUBURBIO,COLISÃO TRANSVERSAL,1,0,0,0,0,1,0,0,0,2,0,Cruzamento,Chuvoso,Perfeito estado,Molhada,Perfeito estado,Não há placas,,Dupla,Faixa contínua
2022-06-02 00:00:00,,COM VÍTIMA,ILHA DO RETIRO,AV ENGENHEIRO ABDIAS DE CARVALHO,355,SUBURBIO,COLISÃO COM CICLISTA,0,1,0,1,0,0,0,0,0,2,0,Cruzamento,Bom,Perfeito estado,Molhada,Perfeito estado,Não há placas,60 km/h,Dupla,Canteiro central
2022-06-02 00:00:00,,COM VÍTIMA,ENCRUZILHADA,AV NORTE MIGUEL ARRAES DE ALENCAR,43,CIDADE,ATROPELAMENTO DE PESSOA,0,1,0,0,1,0,0,0,0,2,0,Longo da via,Bom,Perfeito estado,Seca,Perfeito estado,R-6a,,Dupla,Blocos
2022-06-02 00:00:00,,COM VÍTIMA,PINA,AV ENGENHEIRO DOMINGOS FERREIRA,,SUBURBIO,COLISÃO LATERAL,3,1,0,0,0,0,0,0,0,1,0,Longo da via,Bom,Não existente,Seca,Perfeito estado,Não há placas,60 km/h,Única,Não existe
2022-06-02 00:00:00,,COM VÍTIMA,ENCRUZILHADA,AV NORTE MIGUEL ARRAES DE ALENCAR,,,ATROPELAMENTO DE PESSOA,0,1,0,0,1,0,0,0,0,2,0,,,,,,,,,
2022-06-02 00:00:00,,COM VÍTIMA,ENCRUZILHADA,EST DE BELEM,,CIDADE,QUEDA,0,1,0,0,0,0,0,0,0,2,0,Longo da via,Bom,Perfeito estado,Seca,Perfeito estado,R-6a,,Dupla,Faixa contínua
2022-06-02 00:00:00,,COM VÍTIMA,AREIAS,AV DR JOSE RUFINO,,,ATROPELAMENTO DE PESSOA,0,1,0,0,1,0,0,0,0,1,0,,,,,,,,,
2022-06-03 00:00:00,,SEM VÍTIMA,AREIAS,AV RECIFE,,,CHOQUE,1,0,0,0,0,0,0,0,0,0,0,Longo da via,Chuvoso,Não existente,Molhada,Mal conservada,Não há placas,50 km/h,Dupla,Canteiro central
2022-06-03 00:00:00,,COM VÍTIMA,PRADO,AV ENGENHEIRO ABDIAS DE CARVALHO,57,SUBURBIO,COLISÃO TRASEIRA,1,1,0,0,0,0,0,0,0,1,0,Cruzamento,Chuvoso,Perfeito estado,Molhada,Perfeito estado,,60 km/h,Única,Faixa seccionada
2022-06-03 00:00:00,,COM VÍTIMA,CAMPO GRANDE,AV GOVERNADOR AGAMENON MAGALHAES,49,CIDADE,COLISÃO TRANSVERSAL,2,0,0,0,0,0,0,0,0,1,0,Cruzamento,Bom,Perfeito estado,Seca,Perfeito estado,Não há placas,60 km/h,Dupla,Faixa contínua
2022-06-03 00:00:00,,SEM VÍTIMA,IMBIRIBEIRA,RUA ARQUITETO LUIZ NUNES,,SUBURBIO,COLISÃO TRASEIRA,1,1,0,0,0,0,0,0,0,0,0,,,,,,,,,
2022-06-03 00:00:00,,COM VÍTIMA,CASA FORTE,AV DEZESSETE DE AGOSTO,,,COLISÃO LATERAL,1,1,0,0,0,0,0,0,0,1,0,Longo da via,Bom,Perfeito estado,Seca,Perfeito estado,Outras,,Dupla,Faixa contínua
2022-06-03 00:00:00,,COM VÍTIMA,TEJIPIÓ,RUA SARGENTO JUVENCIO,,,COLISÃO LATERAL,1,1,0,0,0,0,0,0,0,1,0,,,,,,,,,
2022-06-03 00:00:00,,COM VÍTIMA,CAXANGÁ,AV CAXANGA,,SUBURBIO,ENGAVETAMENTO,2,0,0,0,0,1,0,0,0,2,0,,,,,,,,,
2022-06-04 00:00:00,,SEM VÍTIMA,ENCRUZILHADA,AV BEBERIBE,,,COLISÃO TRANSVERSAL,1,1,0,0,0,0,0,0,0,0,0,,,,,,,,,
2022-06-04 00:00:00,,COM VÍTIMA,CAMPO GRANDE,RUA JERONIMO VILELA,642,,COLISÃO LATERAL,2,0,0,0,0,0,0,0,0,1,0,Cruzamento,Chuvoso,Perfeito estado,Molhada,Perfeito estado,,40 km/h,Dupla,Canteiro central
2022-06-04 00:00:00,,COM VÍTIMA,ESPINHEIRO,RUA DR FERNANDO ALLAIN,,,COLISÃO LATERAL,1,1,0,0,0,0,0,0,0,1,0,,,,,,,,,
2022-06-04 00:00:00,,COM VÍTIMA,PINA,AV HERCULANO BANDEIRA,,SUBURBIO,COLISÃO TRASEIRA,1,1,0,0,0,0,0,0,0,1,0,Longo da via,Chuvoso,Perfeito estado,Molhada,Mal conservada,R-6a,,Única,Faixa contínua
2022-06-04 00:00:00,,COM VÍTIMA,AFOGADOS,RUA SAO MIGUEL,391,CIDADE,COLISÃO LATERAL,1,1,0,0,0,0,0,0,0,1,0,Esquina,Chuvoso,Perfeito estado,Molhada,Perfeito estado,Outras,,Dupla,Faixa contínua
2022-06-04 00:00:00,,SEM VÍTIMA,CASA AMARELA,AV NORTE MIGUEL ARRAES DE ALENCAR,,CIDADE,,2,0,0,0,0,0,0,0,0,0,0,Longo da via,Bom,Não existente,Seca,Perfeito estado,Não há placas,,Única,Não existe
2022-06-04 00:00:00,,COM VÍTIMA,CASA AMARELA,AV NORTE MIGUEL ARRAES DE ALENCAR,79,CIDADE,COLISÃO TRANSVERSAL,0,2,0,0,0,0,0,0,0,2,0,Longo da via,Chuvoso,Perfeito estado,Molhada,Perfeito estado,R-6a,,Dupla,Blocos
2022-06-05 00:00:00,,COM VÍTIMA,MANGABEIRA,RUA JACOB,,SUBURBIO,COLISÃO TRASEIRA,1,0,0,0,0,0,0,1,0,1,0,Longo da via,Chuvoso,Incompleta,Molhada,Perfeito estado,Outras,,Dupla,Não existe
2022-06-05 00:00:00,,SEM VÍTIMA,ÁGUA FRIA,RUA SAO BENTO,,SUBURBIO,COLISÃO TRASEIRA,2,0,0,0,0,0,0,0,0,0,0,,Bom,Incompleta,Seca,Perfeito estado,R-6a,,Única,Outros
2022-06-05 00:00:00,,COM VÍTIMA,BOA VIAGEM,RUA DEZ DE JULHO,,CIDADE,COLISÃO TRANSVERSAL,1,1,0,0,0,0,0,0,0,1,0,Cruzamento,Bom,Perfeito estado,Seca,Perfeito estado,"Placas ""Pare""",,Única,Faixa seccionada
2022-06-05 00:00:00,,COM VÍTIMA,ARRUDA,AV BEBERIBE,,SUBURBIO,COLISÃO LATERAL,1,1,0,0,0,0,0,0,0,1,0,Longo da via,Bom,Perfeito estado,Seca,Perfeito estado,Não há placas,,Dupla,Faixa seccionada
2022-06-06 00:00:00,,COM VÍTIMA,TEJIPIÓ,RUA GENERAL MANUEL RABELO,,SUBURBIO,COLISÃO COM CICLISTA,1,1,0,1,0,0,0,0,0,3,0,Longo da via,Chuvoso,Perfeito estado,Molhada,Perfeito estado,Não há placas,,Dupla,Faixa contínua
2022-06-06 00:00:00,,COM VÍTIMA,CAXANGÁ,AV CAXANGA,,SUBURBIO,COLISÃO LATERAL,0,0,0,0,0,0,0,0,0,1,0,,,,,,,,,
2022-06-06 00:00:00,,COM VÍTIMA,IPSEP,RUA JEAN EMILE FAVRE,,CIDADE,COLISÃO TRANSVERSAL,1,1,0,0,0,0,0,0,0,1,0,Longo da via,Chuvoso,,Molhada,Perfeito estado,R-6a,,Dupla,Faixa contínua
2022-06-06 00:00:00,,SEM VÍTIMA,MADALENA,AV BEIRA RIO,,SUBURBIO,,2,0,0,0,0,0,0,0,0,0,0,Longo da via,Chuvoso,Perfeito estado,Molhada,Perfeito estado,Não há placas,,Dupla,Não existe
2022-06-06 00:00:00,,SEM VÍTIMA,CIDADE UNIVERSITÁRIA,RUA EMILIANO BRAGA,,,COLISÃO LATERAL,1,0,0,0,0,0,1,0,0,0,0,,,,,,,,,
2022-06-07 00:00:00,,COM VÍTIMA,CASA AMARELA,AV NORTE MIGUEL ARRAES DE ALENCAR,256,SUBURBIO,COLISÃO TRASEIRA,1,1,0,0,0,0,0,0,0,1,0,Esquina,Chuvoso,Perfeito estado,Molhada,Perfeito estado,R-6a,60 km/h,Dupla,Faixa contínua
2022-06-07 00:00:00,,COM VÍTIMA,BOA VISTA,AV GOVERNADOR AGAMENON MAGALHAES,174,SUBURBIO,COLISÃO TRANSVERSAL,1,1,0,0,0,0,0,0,0,1,0,Cruzamento,Chuvoso,Incompleta,Molhada,Mal conservada,,60 km/h,Dupla,Canal
2022-06-07 00:00:00,,COM VÍTIMA,MADALENA,RUA JANUARIO BARBOSA,,SUBURBIO,COLISÃO LATERAL,1,1,0,0,0,0,0,0,0,1,0,Cruzamento,Chuvoso,Perfeito estado,Molhada,Perfeito estado,R-6a,,Única,Faixa seccionada
2022-06-07 00:00:00,,SEM VÍTIMA,DERBY,AV BEIRA RIO,,CIDADE,COLISÃO TRANSVERSAL,0,0,0,0,0,0,0,0,0,0,0,,,,,,,,,
2022-06-07 00:00:00,,COM VÍTIMA,ESTÂNCIA,AV DR JOSE RUFINO,,SUBURBIO,COLISÃO LATERAL,1,1,0,0,0,0,0,0,0,1,0,,,,,,,,,
2022-06-07 00:00:00,,COM VÍTIMA,CASA FORTE,AV DEZESSETE DE AGOSTO,,CIDADE,COLISÃO TRANSVERSAL,1,1,0,0,0,0,0,0,0,1,0,Longo da via,Bom,Perfeito estado,Seca,Perfeito estado,Outras,,Dupla,Faixa contínua
2022-06-07 00:00:00,,COM VÍTIMA,AREIAS,AV RECIFE,,,COLISÃO LATERAL,0,1,0,0,0,0,0,1,0,1,0,Longo da via,Bom,Perfeito estado,Seca,,Não há placas,60 km/h,Dupla,Canteiro central
2022-06-07 00:00:00,,SEM VÍTIMA,VÁRZEA,AV AFONSO OLINDENSE,,CIDADE,CHOQUE,2,0,0,0,0,0,0,0,0,0,0,Longo da via,Bom,Perfeito estado,Seca,Perfeito estado,R-6a,40 km/h,Única,Faixa seccionada
2022-06-07 00:00:00,,COM VÍTIMA,BOA VISTA,RUA GERVASIO PIRES,169,SUBURBIO,COLISÃO TRASEIRA,2,0,0,0,0,0,0,0,0,1,0,Cruzamento,Bom,Perfeito estado,Seca,Perfeito estado,,,Única,Faixa contínua
2022-06-08 00:00:00,,COM VÍTIMA,FUNDÃO,AV BEBERIBE,,SUBURBIO,COLISÃO FRONTAL,1,1,0,0,0,0,0,0,0,1,0,Longo da via,Chuvoso,Não existente,Molhada,Perfeito estado,Não há placas,,Dupla,Canteiro central
2022-06-08 00:00:00,,COM VÍTIMA,ILHA DO RETIRO,RUA ASTORGA,,CIDADE,COLISÃO LATERAL,1,1,0,0,0,0,0,0,0,1,0,Longo da via,Bom,Perfeito estado,Seca,Perfeito estado,Não há placas,30 km/h,Dupla,Não existe
2022-06-08 00:00:00,,COM VÍTIMA,ILHA DO RETIRO,RUA SPORT CLUBE DO RECIFE,367,CIDADE,COLISÃO LATERAL,0,0,0,0,0,0,0,0,0,1,0,,,,,,,,,
2022-06-08 00:00:00,,SEM VÍTIMA,SÃO JOSÉ,RUA BARAO DA VITORIA,,,COLISÃO TRASEIRA,1,0,0,0,0,0,0,1,0,0,0,Longo da via,Bom,Perfeito estado,Seca,Perfeito estado,Não há placas,,Única,Não existe
2022-06-08 00:00:00,,SEM VÍTIMA,,AV CAXANGA,231,CIDADE,COLISÃO TRANSVERSAL,2,0,0,0,0,0,0,0,0,0,0,Cruzamento,Bom,Perfeito estado,Seca,Perfeito estado,Outras,60 km/h,Dupla,Canteiro central
2022-06-08 00:00:00,,SEM VÍTIMA,SANTO AMARO,AV CRUZ CABUGA,,SUBURBIO,,0,0,0,0,0,1,0,1,0,0,0,Cruzamento,Bom,Perfeito estado,Seca,Perfeito estado,"Placas ""Pare""",,Dupla,Faixa contínua
2022-06-08 00:00:00,,COM VÍTIMA,PINA,AV HERCULANO BANDEIRA,,,COLISÃO FRONTAL,1,1,0,0,0,0,0,0,0,1,0,,,,,,,,,
2022-06-08 00:00:00,,COM VÍTIMA,IPUTINGA,AV CAXANGA,,SUBURBIO,ATROPELAMENTO DE PESSOA,1,1,0,0,1,0,0,0,0,1,0,Longo da via,Bom,Perfeito estado,Seca,Perfeito estado,Não há placas,60 km/h,Única,Faixa seccionada
2022-06-08 00:00:00,,COM VÍTIMA,BOA VIAGEM,AV BOA VIAGEM,,CIDADE,COLISÃO TRASEIRA,1,1,0,0,0,0,0,0,0,1,0,Longo da via,Bom,Perfeito estado,Seca,Perfeito estado,Não há placas,60 km/h,Única,
2022-06-08 00:00:00,,COM VÍTIMA,SÃO JOSÉ,AV DANTAS BARRETO,,SUBURBIO,ATROPELAMENTO DE PESSOA,0,0,0,0,1,1,0,0,0,1,0,Longo da via,Bom,Perfeito estado,Seca,Perfeito estado,Outras,,Dupla,Faixa contínua
2022-06-08 00:00:00,,COM VÍTIMA,GRAÇAS,RUA ALBERTO PAIVA,,SUBURBIO,COLISÃO TRASEIRA,1,1,0,0,0,0,0,0,0,1,0,Longo da via,Bom,Perfeito estado,Seca,Perfeito estado,R-6a,,Única,Faixa seccionada
2022-06-09 00:00:00,,COM VÍTIMA,SÍTIO DOS PINTOS,EST DOS PINTOS,,DOIS IRMÃOS,COLISÃO FRONTAL,0,1,0,0,0,1,0,0,0,1,0,Longo da via,Nublado,Incompleta,Seca,Perfeito estado,Outras,,Dupla,Não existe
2022-06-09 00:00:00,,COM VÍTIMA,TEJIPIÓ,AV DR JOSE RUFINO,434,SUBURBIO,COLISÃO TRANSVERSAL,1,1,0,0,0,0,0,0,0,1,0,Longo da via,Bom,Incompleta,Seca,Perfeito estado,,,,Faixa contínua
2022-06-09 00:00:00,,COM VÍTIMA,CORDEIRO,AV CAXANGA,,SUBURBIO,ATROPELAMENTO DE PESSOA,0,1,0,0,1,0,0,0,0,1,0,,,,,,,,,
2022-06-09 00:00:00,,COM VÍTIMA,PINA,AV ENGENHEIRO DOMINGOS FERREIRA,,SUBURBIO,COLISÃO FRONTAL,1,0,0,1,0,1,0,0,0,1,0,,,,,,,,,
2022-06-09 00:00:00,,COM VÍTIMA,CAXANGÁ,RUA RIBEIRO PESSOA,,SUBURBIO,COLISÃO TRANSVERSAL,1,1,0,0,0,0,0,0,0,1,0,Longo da via,Bom,Perfeito estado,Seca,Perfeito estado,,60 km/h,Dupla,Faixa seccionada
2022-06-09 00:00:00,,COM VÍTIMA,ESTÂNCIA,AV DR JOSE RUFINO,,SUBURBIO,ATROPELAMENTO DE PESSOA,1,0,0,0,1,0,0,0,0,1,0,Longo da via,Bom,Perfeito estado,Seca,Perfeito estado,Outras,50 km/h,Dupla,Faixa contínua
2022-06-10 00:00:00,,COM VÍTIMA,BOA VIAGEM,AV BOA VIAGEM,,CIDADE,COLISÃO LATERAL,5,0,0,0,0,0,0,0,0,1,0,Longo da via,Bom,Perfeito estado,Seca,Perfeito estado,Não há placas,,Única,Faixa seccionada
2022-06-10 00:00:00,,SEM VÍTIMA,BOA VIAGEM,RUA FRANCISCO DA CUNHA,,,COLISÃO LATERAL,2,0,0,0,1,0,0,0,0,0,0,,,,,,,,,
2022-06-10 00:00:00,,COM VÍTIMA,SANTO AMARO,AV GOVERNADOR AGAMENON MAGALHAES,,SUBURBIO,COLISÃO LATERAL,1,1,0,0,0,0,0,0,0,1,0,Viaduto,Bom,Não existente,Seca,Perfeito estado,Outras,,Dupla,Canteiro central
2022-06-10 00:00:00,,COM VÍTIMA,CAMPO GRANDE,AV GOVERNADOR AGAMENON MAGALHAES,49,CIDADE,COLISÃO TRANSVERSAL,2,0,0,1,0,0,0,0,0,2,0,Cruzamento,Bom,Perfeito estado,Seca,Perfeito estado,Outras,,Dupla,Faixa contínua
2022-06-10 00:00:00,,COM VÍTIMA,SANTO AMARO,RUA DOS PALMARES,,SUBURBIO,COLISÃO TRANSVERSAL,1,1,0,0,0,0,0,0,0,1,0,Cruzamento,Bom,Perfeito estado,Seca,Perfeito estado,Não há placas,60 km/h,Única,Faixa seccionada
2022-06-10 00:00:00,,COM VÍTIMA,SANTO AMARO,RUA DA AURORA,429,SUBURBIO,COLISÃO TRASEIRA,2,0,0,0,0,2,0,0,0,3,0,Longo da via,Bom,Perfeito estado,Seca,Perfeito estado,R-6a,,Única,Canteiro central
2022-06-10 00:00:00,,COM VÍTIMA,BOA VIAGEM,RUA DOS NAVEGANTES,,SUBURBIO,COLISÃO TRANSVERSAL,1,1,0,0,0,0,0,0,0,2,0,Cruzamento,Bom,Perfeito estado,Seca,Perfeito estado,"Placas ""Pare""",,Única,Não existe
2022-06-10 00:00:00,,COM VÍTIMA,CASA AMARELA,AV NORTE MIGUEL ARRAES DE ALENCAR,364,SUBURBIO,COLISÃO TRANSVERSAL,1,1,0,0,0,0,0,0,0,1,0,Longo da via,Bom,Perfeito estado,Seca,Perfeito estado,"Placas ""Pare""",,Dupla,Canteiro central
2022-06-10 00:00:00,,COM VÍTIMA,JORDÃO,AV MARIA IRENE,,SUBURBIO,COLISÃO FRONTAL,1,1,0,0,0,0,0,0,0,1,0,Esquina,Bom,Não existente,Molhada,Mal conservada,Não há placas,30 km/h,Dupla,Faixa contínua
2022-06-11 00:00:00,,COM VÍTIMA,IMBIRIBEIRA,AV MARECHAL MASCARENHAS DE MORAES,,CIDADE,ATROPELAMENTO DE PESSOA,0,0,0,0,1,1,0,0,0,1,0,Longo da via,Chuvoso,,Molhada,,Não há placas,,Única,Faixa seccionada
2022-06-11 00:00:00,,SEM VÍTIMA,ALTO SANTA TERESINHA,RUA TAMBOARA,,,COLISÃO TRASEIRA,1,1,0,0,0,0,0,0,0,0,0,Longo da via,Chuvoso,Não existente,Molhada,Perfeito estado,Não há placas,,Dupla,
2022-06-11 00:00:00,,COM VÍTIMA,HIPÓDROMO,RUA MADRE ROSA GATTORNO,,,COLISÃO LATERAL,1,1,0,0,0,0,0,0,0,1,0,,,,,,,,,
2022-06-11 00:00:00,,COM VÍTIMA,MUSTARDINHA,AV MANOEL GONCALVES DA LUZ,,SUBURBIO,COLISÃO LATERAL,1,1,0,0,0,0,0,0,0,1,0,Longo da via,Chuvoso,Incompleta,Molhada,Mal conservada,R-6a,,Dupla,Faixa seccionada
2022-06-11 00:00:00,,COM VÍTIMA,JAQUEIRA,RUA PADRE ROMA,223,SUBURBIO,COLISÃO COM CICLISTA,0,0,0,1,0,1,0,0,0,1,0,Longo da via,Chuvoso,Perfeito estado,Molhada,Perfeito estado,R-4b,,Dupla,Canteiro central
2022-06-11 00:00:00,,COM VÍTIMA,AFOGADOS,EST DOS REMEDIOS,,,COLISÃO TRASEIRA,2,0,0,0,0,0,0,0,0,1,0,,,,,,,,,
2022-06-12 00:00:00,,COM VÍTIMA,SANTO AMARO,AV DR JAYME DA FONTE,,SUBURBIO,ATROPELAMENTO DE PESSOA,1,0,0,0,1,0,0,0,0,1,0,Longo da via,Bom,Perfeito estado,Seca,Perfeito estado,Não há placas,,Dupla,Faixa seccionada
2022-06-12 00:00:00,,COM VÍTIMA,PINA,RUA ARTUR MUNIZ,,CIDADE,CHOQUE,1,1,0,0,0,0,0,0,0,1,0,Longo da via,Bom,Não existente,Seca,Perfeito estado,Não há placas,30 km/h,Dupla,Não existe
2022-06-12 00:00:00,,COM VÍTIMA,MADALENA,RUA REAL DA TORRE,,CIDADE,COLISÃO TRANSVERSAL,2,0,0,0,0,0,0,0,0,1,0,Longo da via,Bom,Perfeito estado,Seca,Perfeito estado,R-6a,,Única,Faixa seccionada
2022-06-12 00:00:00,,COM VÍTIMA,IMBIRIBEIRA,AV MARECHAL MASCARENHAS DE MORAES,,CIDADE,COLISÃO LATERAL,2,0,0,0,0,0,0,0,0,1,0,Cruzamento,Bom,Perfeito estado,Seca,Perfeito estado,Não há placas,,Dupla,Canteiro central
2022-06-12 00:00:00,,COM VÍTIMA,TOTÓ,AV LIBERDADE,,CIDADE,ATROPELAMENTO DE PESSOA,1,0,0,0,1,0,0,0,0,1,0,,,,,,,,,
2022-06-12 00:00:00,,COM VÍTIMA,BOMBA DO HEMETÉRIO,RUA ARLINDO CISNEIRO,,SUBURBIO,ATROPELAMENTO DE PESSOA,1,0,0,0,2,0,0,0,0,2,0,Rotatória,Bom,Incompleta,Seca,Perfeito estado,Não há placas,,Dupla,Não existe
2022-06-12 00:00:00,,COM VÍTIMA,CORDEIRO,EST DO FORTE DO ARRAIAL N. DO B. JESUS,249,SUBURBIO,COLISÃO FRONTAL,1,1,0,0,0,0,0,0,0,1,0,Cruzamento,Bom,Perfeito estado,Seca,Perfeito estado,Não há placas,30 km/h,Dupla,Faixa contínua
2022-06-13 00:00:00,,SEM VÍTIMA,SANTO AMARO,AV GOVERNADOR AGAMENON MAGALHAES,,SUBURBIO,CHOQUE,0,0,0,0,0,0,0,1,0,0,0,Longo da via,Bom,Não existente,Seca,Perfeito estado,Não há placas,30KM/H,Única,
2022-06-13 00:00:00,,SEM VÍTIMA,AFOGADOS,RUA DORMENTOS,,,COLISÃO TRASEIRA,2,0,0,0,0,0,0,0,0,0,0,Longo da via,Bom,Perfeito estado,Seca,Perfeito estado,Não há placas,,Única,Faixa seccionada
2022-06-13 00:00:00,,COM VÍTIMA,PINA,AVENIDA CELSO FURTADO (VIA MANGUE),,SUBURBIO,COLISÃO TRASEIRA,0,2,0,0,0,0,0,0,0,2,0,Viaduto,Bom,Perfeito estado,Seca,Perfeito estado,Não há placas,60 km/h,Única,Faixa seccionada
2022-06-13 00:00:00,,SEM VÍTIMA,BOA VIAGEM,RUA PROFESSOR JOAO MEDEIROS,,,COLISÃO LATERAL,1,0,0,0,0,0,1,0,0,0,0,Esquina,Bom,Perfeito estado,Seca,Perfeito estado,,,Única,Faixa seccionada
2022-06-13 00:00:00,,SEM VÍTIMA,BOA VIAGEM,RUA CONEGO ROMEU,,,COLISÃO TRANSVERSAL,1,0,0,0,0,0,0,1,0,0,0,Longo da via,Bom,Incompleta,Seca,Mal iluminada,Não há placas,40KM/H,Dupla,Faixa contínua