data,hora,natureza,bairro,endereco,num_semaforo,sentido_via,tipo,auto,moto,ciclom,ciclista,pedestre,onibus,caminhao,viatura,outros,vitimas,vitimasfatais,acidente_verificado,tempo_clima,sinalizacao,condicao_via,conservacao_via,situacao_placa,velocidade_max_via,mao_direcao,divisao_via1
2022-07-28 00:00:00,,COM VÍTIMA,IBURA,AV DOIS RIOS,,SUBURBIO,ATROPELAMENTO DE PESSOA,0,1,0,0,1,0,0,0,0,1,0,Longo da via,Bom,Ilegível,Seca,Mal conservada,Não há placas,,Dupla,Não existe
2022-07-29 00:00:00,,COM VÍTIMA,MANGABEIRA,AV NORTE MIGUEL ARRAES DE ALENCAR,364,CIDADE,COLISÃO TRANSVERSAL,1,1,0,0,0,0,0,0,0,2,0,Longo da via,Bom,Perfeito estado,Seca,Perfeito estado,,,Dupla,Faixa contínua
2022-07-29 00:00:00,,COM VÍTIMA,IBURA,AV DOIS RIOS,475,CIDADE,COLISÃO TRANSVERSAL,1,1,0,0,0,0,0,0,0,1,0,Cruzamento,Bom,Incompleta,Seca,Perfeito estado,Não há placas,60 km/h,Dupla,Faixa contínua
2022-07-29 00:00:00,,COM VÍTIMA,SÍTIO DOS PINTOS,,,,,1,0,0,1,0,0,0,0,0,1,0,,,,,,,,,
2022-07-29 00:00:00,,COM VÍTIMA,VÁRZEA,RUA RIBEIRO PESSOA,,SUBURBIO,COLISÃO COM CICLISTA,1,0,0,1,0,0,0,0,0,1,0,Longo da via,Bom,Perfeito estado,Seca,Perfeito estado,Não há placas,,Dupla,Faixa seccionada
2022-07-29 00:00:00,,SEM VÍTIMA,BOA VISTA,AV GOVERNADOR AGAMENON MAGALHAES,,SUBURBIO,,1,0,0,0,0,1,0,0,0,0,0,Longo da via,Bom,Perfeito estado,Seca,Perfeito estado,Não há placas,60 km/h,Dupla,Faixa seccionada
2022-07-29 00:00:00,,SEM VÍTIMA,SANTO AMARO,AV CRUZ CABUGA,,CIDADE,COLISÃO TRASEIRA,1,0,0,0,0,1,0,0,0,0,0,Longo da via,Bom,Perfeito estado,Seca,Perfeito estado,Outras,,Dupla,Canteiro central
2022-07-29 00:00:00,,COM VÍTIMA,IPUTINGA,AV MAURICIO DE NASSAU,,CIDADE,COLISÃO LATERAL,1,1,0,0,0,0,0,0,0,1,0,Longo da via,Bom,Perfeito estado,Seca,Perfeito estado,Não há placas,,Dupla,Faixa contínua
2022-07-29 00:00:00,,SEM VÍTIMA,SANTO AMARO,AV CRUZ CABUGA,,CIDADE,COLISÃO TRANSVERSAL,0,0,0,0,0,1,0,1,0,0,0,Longo da via,Bom,Perfeito estado,Seca,Perfeito estado,Outras,,Dupla,Faixa contínua
2022-07-29 00:00:00,,COM VÍTIMA,TORRE,RUA PROFESSOR TRAJANO DE MENDONCA,,,COLISÃO TRASEIRA,1,1,0,0,0,0,0,0,0,1,0,Longo da via,Bom,Não existente,Seca,Perfeito estado,Não há placas,60 km/h,Única,Não existe
2022-07-29 00:00:00,,SEM VÍTIMA,IMBIRIBEIRA,AV MARECHAL MASCARENHAS DE MORAES,,,,0,0,0,0,0,1,0,1,0,0,0,,Bom,Perfeito estado,Seca,Perfeito estado,Não há placas,60 km/h,Dupla,Canteiro central
2022-07-29 00:00:00,,COM VÍTIMA,IPSEP,RUA ADERBAL DE MELO,,SUBURBIO,COLISÃO COM CICLISTA,1,0,0,1,0,0,0,0,0,1,0,Cruzamento,Bom,Incompleta,Seca,Perfeito estado,"Placas ""Pare""",,Dupla,Não existe
2022-07-29 00:00:00,,COM VÍTIMA,ILHA JOANA BEZERRA,VDO PAPA JOAO PAULO II,,CIDADE,COLISÃO TRASEIRA,1,1,0,0,0,0,0,0,0,2,0,Viaduto,Bom,Perfeito estado,Seca,Perfeito estado,Não há placas,,Única,Faixa contínua
2022-07-29 00:00:00,,COM VÍTIMA,ILHA DO LEITE,AV GOVERNADOR AGAMENON MAGALHAES,,OLINDA,COLISÃO FRONTAL,1,2,0,0,0,0,0,0,0,3,0,Longo da via,Bom,Perfeito estado,Seca,Perfeito estado,,60 km/h,Dupla,Canteiro central
2022-07-29 00:00:00,,COM VÍTIMA,TORRÕES,AV ENGENHEIRO ABDIAS DE CARVALHO,271,CIDADE,COLISÃO TRASEIRA,0,2,0,0,0,0,0,0,0,3,0,,,,,,,,,
2022-07-29 00:00:00,,COM VÍTIMA,CORDEIRO,AV ENGENHEIRO ABDIAS DE CARVALHO,422,,COLISÃO TRANSVERSAL,1,1,0,0,0,0,0,0,0,1,0,Cruzamento,Bom,Perfeito estado,Seca,Perfeito estado,,,Dupla,
2022-07-30 00:00:00,,COM VÍTIMA,SANTO AMARO,AV CRUZ CABUGA,,CIDADE,COLISÃO LATERAL,1,1,0,0,0,0,0,0,0,1,0,Longo da via,Bom,Perfeito estado,Seca,Perfeito estado,Não há placas,40 km/h,Dupla,Faixa seccionada
2022-07-30 00:00:00,,COM VÍTIMA,IPUTINGA,RUA EMILIANO BRAGA,,SUBURBIO,COLISÃO LATERAL,1,1,0,0,0,0,0,0,0,1,0,Cruzamento,Chuvoso,Não existente,,Mal conservada,Não há placas,,,
2022-07-30 00:00:00,,COM VÍTIMA,ARRUDA,RUA DO MACHADO,,,COLISÃO LATERAL,1,1,0,0,0,0,0,0,0,1,0,,,,,,,,,
2022-07-30 00:00:00,,SEM VÍTIMA,TORRE,AV BEIRA RIO,,,COLISÃO LATERAL,2,0,0,0,0,0,0,0,0,0,0,,,,,,,,,
2022-07-30 00:00:00,,SEM VÍTIMA,BOA VIAGEM,AV BOA VIAGEM,,,COLISÃO LATERAL,2,0,0,0,0,0,0,0,0,0,0,,,,,,,,,
2022-07-30 00:00:00,,COM VÍTIMA,VÁRZEA,AV JOAQUIM RIBEIRO,,,COLISÃO LATERAL,1,1,0,0,0,0,0,0,0,1,0,,,,,,,,,
2022-07-31 00:00:00,,SEM VÍTIMA,AREIAS,AV RECIFE,,,ATROPELAMENTO DE ANIMAL,1,0,0,0,0,0,0,0,1,0,0,,,,,,,,,
2022-07-31 00:00:00,,SEM VÍTIMA,AREIAS,AV RECIFE,,,ATROPELAMENTO DE ANIMAL,0,0,0,0,0,0,0,0,0,0,0,,,,,,,,,
2022-07-31 00:00:00,,SEM VÍTIMA,CORDEIRO,AV ENGENHEIRO ABDIAS DE CARVALHO,,SUBURBIO,ENGAVETAMENTO,3,0,0,0,0,0,0,0,0,0,0,,,,,,,,,
2022-07-31 00:00:00,,COM VÍTIMA,CASA AMARELA,RUA PADRE LEMOS,,CIDADE,COLISÃO FRONTAL,0,2,0,0,0,0,0,0,0,2,0,Longo da via,Bom,Incompleta,Seca,Mal conservada,R-6a,,Dupla,Não existe
2022-07-31 00:00:00,,SEM VÍTIMA,MANGABEIRA,AV PROFESSOR JOSE DOS ANJOS,,,ATROPELAMENTO DE ANIMAL,0,0,0,0,0,0,0,0,0,0,0,,,,,,,,,
2022-07-31 00:00:00,,COM VÍTIMA,BOA VIAGEM,RUA VISCONDE DE JEQUITINHONHA,,SUBURBIO,COLISÃO LATERAL,1,1,0,0,0,1,0,0,0,1,0,Viaduto,Chuvoso,Perfeito estado,Molhada,Perfeito estado,Outras,60 km/h,Única,Faixa contínua
2022-07-31 00:00:00,,SEM VÍTIMA,ILHA JOANA BEZERRA,AV ADVOGADO JOSE PAULO CAVALCANTI,,CIDADE,ATROPELAMENTO DE ANIMAL,0,0,0,0,0,0,0,0,0,0,0,,,,,,,,,
2022-07-31 00:00:00,,SEM VÍTIMA,TORRE,RUA JOSE BONIFACIO,191,SUBURBIO,CHOQUE,1,0,0,0,0,0,0,0,0,0,0,Longo da via,Nublado,Incompleta,Seca,Perfeito estado,R-6a,,Única,Faixa seccionada
2022-07-31 00:00:00,,SEM VÍTIMA,COHAB,RUA JOAO CORDEIRO DE SOUZA,,CIDADE,COLISÃO FRONTAL,2,0,0,0,0,0,0,0,0,0,0,Longo da via,Bom,Perfeito estado,Seca,Perfeito estado,Não há placas,,Dupla,Não existe
2022-08-01 00:00:00,,COM VÍTIMA,BARRO,AV DR JOSE RUFINO,,CIDADE,COLISÃO LATERAL,0,0,0,0,0,0,0,0,0,1,0,,,,,,,,,
2022-08-01 00:00:00,,COM VÍTIMA,BOA VISTA,RUA HENRIQUE DIAS,,CIDADE,QUEDA,0,1,0,0,0,0,0,0,0,1,0,,,,,,,,,
2022-08-01 00:00:00,,COM VÍTIMA,BOA VIAGEM,RUA MARIA CAROLINA,,,ATROPELAMENTO DE PESSOA,1,0,0,0,1,0,0,0,0,1,0,Cruzamento,Bom,Perfeito estado,Seca,Perfeito estado,Não há placas,,Única,Não existe
2022-08-02 00:00:00,,COM VÍTIMA,SÃO JOSÉ,AV SUL,76,SUBURBIO,COLISÃO TRANSVERSAL,1,0,0,0,0,1,0,0,0,1,0,Esquina,Chuvoso,Perfeito estado,Molhada,Perfeito estado,Não há placas,,Dupla,Canteiro central
2022-08-02 00:00:00,,COM VÍTIMA,ESPINHEIRO,AV JOAO DE BARROS,,SUBURBIO,COLISÃO TRASEIRA,1,0,1,0,0,0,0,0,0,1,0,,,,,,,,,
2022-08-02 00:00:00,,SEM VÍTIMA,BOA VIAGEM,AV ENGENHEIRO DOMINGOS FERREIRA,,SUBURBIO,COLISÃO TRASEIRA,2,0,0,0,0,0,0,0,0,0,0,Longo da via,Bom,Perfeito estado,Seca,Perfeito estado,Não há placas,,Única,Faixa seccionada
2022-08-02 00:00:00,,SEM VÍTIMA,DERBY,RUA JENER DE SOUZA,,CIDADE,,1,0,0,0,0,0,0,1,0,0,0,Cruzamento,Bom,Incompleta,Seca,Perfeito estado,R-6c,,Única,Faixa seccionada
2022-08-02 00:00:00,,COM VÍTIMA,SANTO AMARO,AV NORTE MIGUEL ARRAES DE ALENCAR,397,SUBURBIO,COLISÃO TRASEIRA,1,1,0,0,0,0,0,0,0,1,0,Longo da via,Bom,Perfeito estado,Seca,Perfeito estado,Outras,60 km/h,Dupla,Faixa seccionada
2022-08-02 00:00:00,,COM VÍTIMA,MADALENA,AV CAXANGA,257,CIDADE,COLISÃO COM CICLISTA,0,1,0,1,0,0,0,0,0,2,0,Longo da via,Bom,Perfeito estado,Seca,Perfeito estado,Outras,,Dupla,Faixa contínua
2022-08-03 00:00:00,,COM VÍTIMA,CAXANGÁ,AV CAXANGA,,CIDADE,COLISÃO FRONTAL,1,1,0,0,0,0,0,0,0,1,0,,,,,,,,,
2022-08-03 00:00:00,,SEM VÍTIMA,SANTO AMARO,RUA COELHO LEITE,,CIDADE,,1,0,0,0,0,0,0,1,0,0,0,Cruzamento,Chuvoso,Não existente,Molhada,Perfeito estado,Não há placas,30 km/h,Dupla,Não existe
2022-08-03 00:00:00,,SEM VÍTIMA,BOA VIAGEM,RUA ANTONIO FALCAO,,,COLISÃO FRONTAL,2,0,0,0,0,0,0,0,0,0,0,,,,,,,,,
2022-08-03 00:00:00,,SEM VÍTIMA,ESPINHEIRO,RUA DO ESPINHEIRO,,SUBURBIO,COLISÃO TRASEIRA,2,0,0,0,0,0,0,0,0,0,0,Longo da via,Chuvoso,Perfeito estado,Molhada,Perfeito estado,Outras,40 km/h,Única,Não existe
2022-08-03 00:00:00,,COM VÍTIMA,MADALENA,RUA BENFICA,257,CIDADE,COLISÃO LATERAL,0,1,0,0,0,0,0,1,0,1,0,Longo da via,Chuvoso,Perfeito estado,Molhada,Perfeito estado,Outras,,Única,Faixa contínua
2022-08-03 00:00:00,,COM VÍTIMA,BOA VIAGEM,RUA TENENTE JOAO CICERO,,CIDADE,COLISÃO LATERAL,1,1,0,0,0,0,0,0,0,1,0,Cruzamento,Chuvoso,Perfeito estado,Molhada,Perfeito estado,"Placas ""Pare""",60 km/h,Única,Faixa contínua
2022-08-03 00:00:00,,COM VÍTIMA,IPSEP,RUA PINTOR ANTONIO ALBUQUERQUE,,SUBURBIO,COLISÃO TRANSVERSAL,1,1,0,0,0,0,0,0,0,1,0,Cruzamento,Chuvoso,Perfeito estado,Molhada,Perfeito estado,"Placas ""Pare""",40 km/h,Única,Faixa seccionada
2022-08-03 00:00:00,,COM VÍTIMA,DERBY,AV GOVERNADOR AGAMENON MAGALHAES,75,SUBURBIO,COLISÃO TRASEIRA,1,0,0,0,0,1,0,0,0,1,0,Cruzamento,Chuvoso,Perfeito estado,Molhada,Perfeito estado,R-26,60 km/h,Única,Faixa contínua
2022-08-04 00:00:00,,SEM VÍTIMA,ILHA JOANA BEZERRA,AV DES GUERRA BARRETO,,,COLISÃO FRONTAL,0,0,0,0,0,0,0,0,0,0,0,,,,,,,,,
2022-08-04 00:00:00,,COM VÍTIMA,ARRUDA,AV PROFESSOR JOSE DOS ANJOS,642,CIDADE,COLISÃO LATERAL,0,1,0,0,0,0,1,0,0,1,0,Esquina,Bom,,Seca,Perfeito estado,Outras,40 km/h,Dupla,Canal
2022-08-04 00:00:00,,COM VÍTIMA,ROSARINHO,RUA DES MARTINS PEREIRA,,,COLISÃO LATERAL,1,1,0,0,0,0,0,0,0,1,0,Cruzamento,Bom,Perfeito estado,Seca,Perfeito estado,"Placas ""Pare""",30 km/h,Única,Faixa contínua
2022-08-04 00:00:00,,COM VÍTIMA,JIQUIÁ,AV DR JOSE RUFINO,,CIDADE,COLISÃO FRONTAL,0,1,0,0,0,0,0,1,0,1,0,Cruzamento,Bom,Incompleta,Seca,Perfeito estado,R-19,60 km/h,Dupla,Faixa contínua
2022-08-04 00:00:00,,SEM VÍTIMA,AFOGADOS,RUA PEDRO CABRAL DE OLIVEIRA,,CIDADE,CHOQUE,2,0,0,0,0,0,1,0,0,0,0,Cruzamento,Bom,Perfeito estado,Seca,Perfeito estado,Não há placas,,Única,Não existe
2022-08-04 00:00:00,,COM VÍTIMA,CORDEIRO,EST DO FORTE DO ARRAIAL N. DO B. JESUS,,,COLISÃO COM CICLISTA,1,0,0,1,0,0,0,0,0,1,0,Longo da via,Bom,Perfeito estado,Seca,Perfeito estado,Não há placas,40 km/h,Dupla,Faixa contínua
2022-08-04 00:00:00,,SEM VÍTIMA,SANTO AMARO,RUA BARROS BARRETO,,CIDADE,CHOQUE,0,0,0,0,0,0,0,1,0,0,0,Longo da via,Bom,Não existente,Seca,Perfeito estado,"Placas ""Pare""",,Dupla,Não existe
2022-08-04 00:00:00,,COM VÍTIMA,DOIS IRMÃOS,RUA DOIS IRMAOS,,SUBURBIO,COLISÃO TRASEIRA,1,1,0,0,0,0,0,0,0,1,0,Longo da via,Bom,Perfeito estado,Seca,Perfeito estado,,,Dupla,Faixa seccionada
2022-08-04 00:00:00,,COM VÍTIMA,TEJIPIÓ,AV DR JOSE RUFINO,,CIDADE,COLISÃO TRANSVERSAL,1,1,0,0,0,0,0,0,0,1,0,Esquina,Bom,Perfeito estado,Seca,Perfeito estado,Outras,,Dupla,Faixa seccionada
2022-08-05 00:00:00,,COM VÍTIMA,IPUTINGA,AV CAXANGA,,,COLISÃO LATERAL,0,1,0,0,0,1,0,0,0,1,0,Longo da via,Chuvoso,Perfeito estado,Molhada,Perfeito estado,Não há placas,60 km/h,Dupla,Canteiro central
2022-08-05 00:00:00,,COM VÍTIMA,BOA VIAGEM,RUA ERNESTO DE PAULA SANTOS,,SUBURBIO,COLISÃO TRASEIRA,1,1,0,0,0,0,0,0,0,2,0,Longo da via,Bom,Perfeito estado,Seca,Perfeito estado,R-6a,,Única,Faixa seccionada
2022-08-05 00:00:00,,SEM VÍTIMA,BOA VISTA,RUA JOAQUIM FELIPE,,CIDADE,,1,0,0,0,0,1,0,0,0,0,0,Longo da via,Bom,Perfeito estado,Seca,Perfeito estado,Não há placas,60 km/h,Única,Não existe
2022-08-05 00:00:00,,COM VÍTIMA,SANTO ANTÔNIO,AV DOM PEDRO I - IMPERADOR,,,COLISÃO LATERAL,2,1,0,0,0,0,0,0,0,1,0,Longo da via,Bom,Perfeito estado,Seca,Perfeito estado,Não há placas,60 km/h,Única,Faixa seccionada
2022-08-05 00:00:00,,COM VÍTIMA,BOA VIAGEM,AV DOM JOAO VI,,,COLISÃO LATERAL,1,1,0,0,0,0,0,0,0,1,0,Longo da via,Bom,Ilegível,Seca,Mal iluminada,Não há placas,,Única,Não existe
2022-08-05 00:00:00,,COM VÍTIMA,IPUTINGA,AV MAURICIO DE NASSAU,645,SUBURBIO,COLISÃO TRANSVERSAL,1,1,0,0,0,0,0,0,0,1,0,Longo da via,Bom,Perfeito estado,Seca,Perfeito estado,Não há placas,40 km/h,Dupla,Faixa contínua
2022-08-05 00:00:00,,COM VÍTIMA,CABANGA,AV ENGENHEIRO JOSE ESTELITA,,CIDADE,COLISÃO LATERAL,1,1,0,0,0,0,0,0,0,1,0,Longo da via,Bom,Perfeito estado,Seca,Perfeito estado,Não há placas,60 km/h,Dupla,Canteiro central
2022-08-05 00:00:00,,COM VÍTIMA,ARRUDA,RUA DESENHISTA EULINO SANTOS,,CIDADE,ATROPELAMENTO DE ANIMAL,0,1,0,0,1,0,0,0,1,3,0,Longo da via,Bom,Perfeito estado,Seca,Perfeito estado,Não há placas,40 km/h,Dupla,Canteiro central
2022-08-05 00:00:00,,SEM VÍTIMA,BREJO DA GUABIRABA,RUA SENHOR DO BONFIM,,,COLISÃO LATERAL,1,0,0,0,0,1,0,0,0,0,0,,,,,,,,,
2022-08-05 00:00:00,,COM VÍTIMA,AREIAS,AV RECIFE,,SUBURBIO,COLISÃO TRASEIRA,2,1,0,0,0,0,0,0,0,2,0,Longo da via,Bom,Perfeito estado,Seca,Perfeito estado,,60 km/h,Única,Faixa seccionada
2022-08-05 00:00:00,,COM VÍTIMA,AREIAS,RUA AURORA CACOTE,,,COLISÃO FRONTAL,1,1,0,0,0,0,0,0,0,2,0,Longo da via,Bom,Perfeito estado,Seca,Perfeito estado,Não há placas,,Dupla,Não existe
2022-08-06 00:00:00,,COM VÍTIMA,BOA VIAGEM,AV BOA VIAGEM,,,COLISÃO TRASEIRA,2,0,0,0,0,0,0,0,0,1,0,,,,,,,,,
2022-08-06 00:00:00,,SEM VÍTIMA,MADALENA,RUA JOSE OSORIO,,,COLISÃO LATERAL,2,0,0,0,0,0,0,0,0,0,0,,,,,,,,,
2022-08-06 00:00:00,,SEM VÍTIMA,CASA AMARELA,AV NORTE MIGUEL ARRAES DE ALENCAR,,,COLISÃO TRASEIRA,1,0,0,0,0,0,0,1,0,0,0,Longo da via,Bom,Incompleta,Seca,Mal conservada,Outras,,Dupla,Canteiro central
2022-08-06 00:00:00,,COM VÍTIMA,IMBIRIBEIRA,AV MARECHAL MASCARENHAS DE MORAES,534,,COLISÃO LATERAL,1,1,0,0,0,0,0,0,0,1,0,Longo da via,Bom,Perfeito estado,Seca,Perfeito estado,,,Única,
2022-08-06 00:00:00,,COM VÍTIMA,IPSEP,RUA ITAJAI,,SUBURBIO,COLISÃO TRANSVERSAL,2,0,0,0,0,0,0,0,0,2,0,Cruzamento,Bom,Perfeito estado,Seca,Perfeito estado,Outras,40 km/h,Única,Não existe
2022-08-06 00:00:00,,COM VÍTIMA,APIPUCOS,RUA DE APIPUCOS,,SUBURBIO,CHOQUE,0,1,0,0,0,0,0,0,0,1,0,Longo da via,Bom,Incompleta,Seca,Perfeito estado,Outras,,Dupla,Faixa contínua
2022-08-06 00:00:00,,COM VÍTIMA,IMBIRIBEIRA,RUA JOAQUIM BANDEIRA,,SUBURBIO,COLISÃO TRASEIRA,2,0,0,0,0,0,0,0,0,1,0,Cruzamento,Bom,Incompleta,Seca,Mal iluminada,Não há placas,,Dupla,Não existe
2022-08-07 00:00:00,,COM VÍTIMA,SANTO AMARO,AV MARIO MELO,,,COLISÃO TRANSVERSAL,0,2,0,0,0,0,0,0,0,2,0,Cruzamento,Chuvoso,Perfeito estado,Molhada,Perfeito estado,Não há placas,,Dupla,Canteiro central
2022-08-07 00:00:00,,COM VÍTIMA,CAMPO GRANDE,RUA PROFESSOR FRANCISCO DA TRINDADE,,CIDADE,COLISÃO TRANSVERSAL,2,0,0,0,0,0,0,0,0,3,0,Cruzamento,Chuvoso,Perfeito estado,Molhada,,"Placas ""Pare""",40 km/h,Dupla,Faixa seccionada
2022-08-07 00:00:00,,COM VÍTIMA,GRAÇAS,AV RUI BARBOSA,126,,COLISÃO LATERAL,1,1,0,0,0,0,0,0,0,1,0,Cruzamento,Chuvoso,Perfeito estado,Molhada,Perfeito estado,Não há placas,,Única,Não existe
2022-08-07 00:00:00,,COM VÍTIMA,BONGI,AV ENGENHEIRO ABDIAS DE CARVALHO,,CIDADE,ATROPELAMENTO DE PESSOA,1,0,0,0,1,0,0,0,0,1,0,Longo da via,Bom,Não existente,Seca,Perfeito estado,Não há placas,,Dupla,
2022-08-07 00:00:00,,COM VÍTIMA,FUNDÃO,AV BEBERIBE,307,CIDADE,COLISÃO TRANSVERSAL,1,1,0,0,0,0,0,0,0,1,0,Cruzamento,Bom,Perfeito estado,Seca,Mal conservada,Outras,,Dupla,Faixa contínua
2022-08-08 00:00:00,,SEM VÍTIMA,IMBIRIBEIRA,AV MARECHAL MASCARENHAS DE MORAES,,,COLISÃO FRONTAL,0,0,0,0,0,2,0,0,0,0,0,,,,,,,,,
2022-08-08 00:00:00,,COM VÍTIMA,BOA VIAGEM,AV DOM JOAO VI,,SUBURBIO,COLISÃO LATERAL,1,0,0,0,1,0,1,0,0,1,0,Longo da via,Bom,Perfeito estado,Seca,Perfeito estado,Não há placas,50 km/h,Única,Canal
2022-08-08 00:00:00,,COM VÍTIMA,SÃO JOSÉ,RUA IMPERIAL,510,SUBURBIO,COLISÃO TRANSVERSAL,1,1,0,0,0,0,0,0,0,1,0,Cruzamento,Bom,Incompleta,Seca,Mal conservada,R-6a,,Única,Faixa seccionada
2022-08-08 00:00:00,,COM VÍTIMA,ENCRUZILHADA,AV NORTE MIGUEL ARRAES DE ALENCAR,,CIDADE,ATROPELAMENTO DE PESSOA,0,1,0,0,1,0,0,0,0,2,0,Longo da via,Bom,Perfeito estado,Seca,Perfeito estado,Outras,,Dupla,Canteiro central
2022-08-08 00:00:00,,COM VÍTIMA,JIQUIÁ,RUA SAO MIGUEL,,SUBURBIO,COLISÃO LATERAL,1,1,0,0,0,0,0,0,0,1,0,Longo da via,Bom,Perfeito estado,Seca,Perfeito estado,Não há placas,,Dupla,Faixa seccionada
2022-08-08 00:00:00,,COM VÍTIMA,JORDÃO,AV MARIA IRENE,,,COLISÃO LATERAL,1,1,0,0,0,0,0,0,0,1,0,Longo da via,Bom,Incompleta,Seca,Perfeito estado,Não há placas,,Dupla,Faixa contínua
2022-08-08 00:00:00,,COM VÍTIMA,CABANGA,AV ANTONIO DE GOES,,CIDADE,COLISÃO LATERAL,1,1,0,0,0,1,0,0,0,2,0,Ponte,Bom,Perfeito estado,Seca,Perfeito estado,Não há placas,60 km/h,Única,Faixa contínua
2022-08-09 00:00:00,,COM VÍTIMA,IPUTINGA,AV CAXANGA,8,SUBURBIO,COLISÃO LATERAL,1,1,0,0,0,0,0,0,0,1,0,Cruzamento,Bom,Perfeito estado,Seca,Perfeito estado,Outras,,Dupla,Canteiro central
2022-08-09 00:00:00,,COM VÍTIMA,PINA,RUA AMAZONAS,,SUBURBIO,COLISÃO LATERAL,5,0,0,0,0,0,0,0,0,1,0,Cruzamento,Bom,Perfeito estado,Seca,Perfeito estado,"Placas ""Pare""",,Única,Faixa seccionada
2022-08-09 00:00:00,,COM VÍTIMA,PINA,AVENIDA CELSO FURTADO (VIA MANGUE),,CIDADE,CHOQUE,1,1,0,0,0,0,0,0,0,1,0,Longo da via,Bom,Perfeito estado,Seca,Perfeito estado,,,Dupla,Canteiro central
2022-08-09 00:00:00,,COM VÍTIMA,BOA VIAGEM,AV ENGENHEIRO DOMINGOS FERREIRA,,SUBURBIO,COLISÃO TRASEIRA,1,1,0,0,0,0,0,0,0,1,0,Longo da via,Bom,Perfeito estado,Seca,Perfeito estado,R-6a,60 km/h,Única,Canteiro central
2022-08-09 00:00:00,,COM VÍTIMA,SANTO AMARO,RUA DOS PALMARES,,SUBURBIO,COLISÃO COM CICLISTA,1,0,0,1,0,0,0,0,0,1,0,Cruzamento,Bom,Perfeito estado,Seca,Perfeito estado,Outras,,Única,Faixa seccionada
2022-08-09 00:00:00,,COM VÍTIMA,ILHA DO LEITE,RUA MINAS GERAIS,,,COLISÃO FRONTAL,1,1,0,0,0,0,0,0,0,1,0,Longo da via,Bom,Perfeito estado,Seca,Perfeito estado,Não há placas,60 km/h,Única,Faixa seccionada
2022-08-09 00:00:00,,COM VÍTIMA,SÃO JOSÉ,RUA TOBIAS BARRETO,,CIDADE,ATROPELAMENTO DE PESSOA,1,0,0,0,1,0,0,0,0,1,0,Longo da via,Bom,Perfeito estado,Seca,Perfeito estado,Outras,,Única,Não existe
2022-08-09 00:00:00,,COM VÍTIMA,TAMARINEIRA,RUA PADRE ROMA,,,COLISÃO COM CICLISTA,0,1,0,1,0,0,0,0,0,1,0,Cruzamento,Bom,Perfeito estado,Seca,Perfeito estado,Não há placas,40 km/h,Única,Faixa seccionada
2022-08-10 00:00:00,,COM VÍTIMA,CIDADE UNIVERSITÁRIA,RUA PROFESSOR ANTONIO COELHO,,,ATROPELAMENTO DE PESSOA,0,0,0,0,1,1,0,0,0,1,0,,,,,,,,,
2022-08-10 00:00:00,,COM VÍTIMA,IBURA,AV DOIS RIOS,,CIDADE,COLISÃO TRASEIRA,1,1,0,0,0,0,0,0,0,1,0,Longo da via,Bom,Perfeito estado,Seca,Perfeito estado,R-6a,,Dupla,Faixa contínua
2022-08-10 00:00:00,,COM VÍTIMA,IMBIRIBEIRA,AV MARECHAL MASCARENHAS DE MORAES,,,COLISÃO LATERAL,1,1,0,0,0,0,0,0,0,1,0,Longo da via,Bom,Perfeito estado,Seca,Perfeito estado,R-6a,60 km/h,Dupla,Canteiro central
2022-08-10 00:00:00,,COM VÍTIMA,GRAÇAS,RUA DAS CREOULAS,,,CHOQUE,1,0,0,0,0,0,0,0,0,1,0,Longo da via,Bom,Perfeito estado,Seca,Perfeito estado,R-6a,60 km/h,Única,Faixa seccionada
2022-08-10 00:00:00,,COM VÍTIMA,JOANA BEZERRA,RUA IMPERIAL,,SUBURBIO,COLISÃO TRANSVERSAL,1,1,0,0,0,0,0,0,0,1,0,Cruzamento,Bom,Incompleta,Seca,Perfeito estado,Não há placas,,Única,Faixa seccionada
2022-08-10 00:00:00,,COM VÍTIMA,MADALENA,AV JOSE GONCALVES DE MEDEIROS,,SUBURBIO,COLISÃO LATERAL,1,1,0,0,0,0,0,0,0,1,0,Cruzamento,Bom,Não existente,Seca,Mal conservada,Não há placas,,Única,
2022-08-10 00:00:00,,COM VÍTIMA,AREIAS,AV CAPITAO GREGORIO DE CALDAS,,,ATROPELAMENTO DE PESSOA,0,1,0,0,1,0,0,0,0,1,0,Longo da via,Bom,Incompleta,Seca,Mal conservada,"Placas ""Pare""",,Dupla,Não existe
2022-08-11 00:00:00,,COM VÍTIMA,SAN MARTIN,AV ENGENHEIRO ABDIAS DE CARVALHO,58,SUBURBIO,COLISÃO LATERAL,1,1,0,0,0,0,0,0,0,1,0,Cruzamento,Bom,Perfeito estado,Seca,Perfeito estado,Não há placas,60 km/h,Dupla,Canteiro central
2022-08-11 00:00:00,,COM VÍTIMA,AFOGADOS,RUA SAO MIGUEL,,CIDADE,COLISÃO FRONTAL,2,1,0,0,0,0,0,0,0,1,0,Longo da via,Chuvoso,Perfeito estado,Molhada,Perfeito estado,Outras,,Dupla,Faixa contínua
2022-08-11 00:00:00,,SEM VÍTIMA,BOA VISTA,RUA PRINCESA IZABEL,,CIDADE,COLISÃO TRANSVERSAL,0,0,0,0,0,1,0,1,0,0,0,Cruzamento,Bom,Perfeito estado,Seca,Perfeito estado,"Placas ""Pare""",,,Não existe
2022-08-11 00:00:00,,COM VÍTIMA,ARRUDA,AV BEBERIBE,,CIDADE,COLISÃO TRANSVERSAL,1,1,0,0,0,0,0,0,0,2,0,,Bom,,Seca,Perfeito estado,,40 km/h,Única,Faixa contínua