data,hora,natureza,bairro,endereco,num_semaforo,sentido_via,tipo,auto,moto,ciclom,ciclista,pedestre,onibus,caminhao,viatura,outros,vitimas,vitimasfatais,acidente_verificado,tempo_clima,sinalizacao,condicao_via,conservacao_via,situacao_placa,velocidade_max_via,mao_direcao,divisao_via1
2022-08-11 00:00:00,,COM VÍTIMA,SÃO JOSÉ,AV SUL,509,CIDADE,COLISÃO TRASEIRA,1,1,0,0,0,0,0,0,0,1,0,Cruzamento,Bom,Perfeito estado,Seca,Perfeito estado,Não há placas,,Única,Faixa contínua
2022-08-11 00:00:00,,COM VÍTIMA,MADALENA,RUA REAL DA TORRE,,,COLISÃO LATERAL,1,1,0,0,0,0,0,0,0,1,0,Longo da via,Bom,Perfeito estado,Seca,Perfeito estado,Outras,,Única,Faixa seccionada
2022-08-11 00:00:00,,COM VÍTIMA,ÁGUA FRIA,RUA DA REGENERACAO,,SUBURBIO,COLISÃO FRONTAL,0,2,0,0,0,0,0,0,0,1,0,Longo da via,Bom,Não existente,Molhada,Mal conservada,Outras,40 km/h,Dupla,Não existe
2022-08-11 00:00:00,,SEM VÍTIMA,IPUTINGA,RUA CAPITAO AURELIO DE ARAUJO,,,CHOQUE,2,0,0,0,0,0,0,0,0,0,0,Longo da via,Bom,,Seca,Perfeito estado,Não há placas,,Dupla,Não existe
2022-08-12 00:00:00,,COM VÍTIMA,ROSARINHO,AV NORTE MIGUEL ARRAES DE ALENCAR,,SUBURBIO,QUEDA,0,1,0,0,0,0,0,0,0,1,0,,,,,,,,,
2022-08-12 00:00:00,,COM VÍTIMA,SANTO AMARO,AV GOVERNADOR AGAMENON MAGALHAES,,SUBURBIO,COLISÃO LATERAL,1,1,0,0,0,0,0,0,0,1,0,Longo da via,Bom,Perfeito estado,Seca,Perfeito estado,Outras,,Única,Faixa seccionada
2022-08-12 00:00:00,,SEM VÍTIMA,SAN MARTIN,RUA VINTE E UM DE ABRIL,,CIDADE,,1,0,0,0,0,0,0,0,0,0,0,Longo da via,Bom,Incompleta,Seca,Perfeito estado,Não há placas,,Dupla,Faixa seccionada
2022-08-12 00:00:00,,COM VÍTIMA,CORDEIRO,AV CAXANGA,80,CIDADE,COLISÃO TRASEIRA,1,1,0,0,0,0,0,0,0,1,0,Longo da via,Bom,Perfeito estado,Seca,Perfeito estado,Não há placas,60 km/h,Única,
2022-08-12 00:00:00,,COM VÍTIMA,VÁRZEA,AV CAXANGA,,,COLISÃO TRASEIRA,1,1,0,0,0,0,0,0,0,1,0,,,,,,,,,
2022-08-12 00:00:00,,COM VÍTIMA,VÁRZEA,AV AFONSO OLINDENSE,,,COLISÃO LATERAL,1,1,0,0,0,0,0,0,0,1,0,Longo da via,Bom,Perfeito estado,Seca,Perfeito estado,Outras,30 km/h,Dupla,Faixa contínua
2022-08-12 00:00:00,,SEM VÍTIMA,ROSARINHO,AV NORTE MIGUEL ARRAES DE ALENCAR,,,COLISÃO FRONTAL,1,2,0,0,0,0,0,0,0,0,0,,,,,,,,,
2022-08-12 00:00:00,,COM VÍTIMA,COQUEIRAL,RUA LINHA NOVA,,,COLISÃO LATERAL,0,1,0,0,0,0,1,0,0,1,0,Esquina,Bom,Perfeito estado,Seca,Perfeito estado,Não há placas,,Dupla,Não existe
2022-08-12 00:00:00,,COM VÍTIMA,SANTO AMARO,RUA FREI CASSIMIRO,,SUBURBIO,COLISÃO TRANSVERSAL,1,1,0,0,0,0,0,0,0,1,0,Cruzamento,Bom,Perfeito estado,Seca,Perfeito estado,Não há placas,,Dupla,Faixa contínua
2022-08-12 00:00:00,,COM VÍTIMA,IPSEP,AV RECIFE,,,ATROPELAMENTO DE PESSOA,0,0,0,0,0,0,0,0,0,1,0,,,,,,,,,
2022-08-12 00:00:00,,SEM VÍTIMA,IBURA,,,SUBURBIO,CHOQUE,0,0,0,0,0,0,0,1,0,0,0,Longo da via,Bom,Incompleta,Seca,Mal iluminada,Não há placas,,Dupla,Não existe
2022-08-13 00:00:00,,SEM VÍTIMA,BOA VIAGEM,AV CONSELHEIRO AGUIAR,,,COLISÃO FRONTAL,2,0,0,0,0,0,0,0,0,0,0,,,,,,,,,
2022-08-13 00:00:00,,COM VÍTIMA,VÁRZEA,AV AFONSO OLINDENSE,,SUBURBIO,COLISÃO TRASEIRA,1,1,0,0,0,0,0,0,0,1,0,Longo da via,Bom,Perfeito estado,Seca,Perfeito estado,,40 km/h,Dupla,Faixa contínua
2022-08-13 00:00:00,,COM VÍTIMA,AREIAS,AV DR JOSE RUFINO,,SUBURBIO,COLISÃO TRANSVERSAL,1,1,0,0,0,0,0,0,0,2,0,Cruzamento,Bom,Perfeito estado,Seca,Perfeito estado,Outras,50 km/h,Dupla,Faixa contínua
2022-08-13 00:00:00,,COM VÍTIMA,IMBIRIBEIRA,AV GENERAL MAC ARTHUR,673,SUBURBIO,COLISÃO TRANSVERSAL,1,1,0,0,0,0,0,0,0,1,0,Longo da via,Bom,Perfeito estado,Seca,Perfeito estado,Não há placas,40 km/h,Única,Faixa seccionada
2022-08-13 00:00:00,,COM VÍTIMA,BOA VIAGEM,RUA DR LUIZ INACIO PESSOA DE MELO,,CIDADE,COLISÃO FRONTAL,1,1,0,0,0,0,0,0,0,1,0,Longo da via,Bom,Perfeito estado,Seca,Perfeito estado,Outras,,Dupla,Faixa seccionada
2022-08-13 00:00:00,,COM VÍTIMA,BOA VISTA,AV GOVERNADOR AGAMENON MAGALHAES,37,SUBURBIO,COLISÃO TRASEIRA,1,1,0,0,0,0,0,0,0,1,0,Longo da via,Bom,Perfeito estado,Seca,Perfeito estado,R-6a,,Dupla,Canteiro central
2022-08-13 00:00:00,,COM VÍTIMA,SANTO AMARO,RUA TREZE DE MAIO,,SUBURBIO,COLISÃO LATERAL,1,1,0,0,0,0,0,0,0,2,0,Cruzamento,Bom,Perfeito estado,Seca,Perfeito estado,Outras,,Dupla,Faixa contínua
2022-08-14 00:00:00,,COM VÍTIMA,DERBY,AV GOVERNADOR AGAMENON MAGALHAES,75,,COLISÃO TRANSVERSAL,1,1,0,0,0,0,0,0,0,1,0,,,,,,,,,
2022-08-14 00:00:00,,COM VÍTIMA,BARRO,AV DR JOSE RUFINO,,CIDADE,CHOQUE,1,0,0,0,0,0,0,0,0,1,0,Longo da via,Bom,Perfeito estado,Seca,Perfeito estado,Não há placas,40 km/h,,Faixa contínua
2022-08-14 00:00:00,,COM VÍTIMA,CAJUEIRO,AV BEBERIBE,307,,COLISÃO TRANSVERSAL,1,1,0,0,0,0,0,0,0,1,0,Cruzamento,Bom,Perfeito estado,Seca,Perfeito estado,Não há placas,,Dupla,Faixa contínua
2022-08-14 00:00:00,,COM VÍTIMA,ALTO SANTA TERESINHA,AV ANIBAL BENEVOLO,,CIDADE,COLISÃO LATERAL,1,0,1,0,0,0,0,0,0,1,0,Longo da via,Bom,Perfeito estado,Seca,Perfeito estado,Outras,30 km/h,Dupla,Não existe
2022-08-14 00:00:00,,COM VÍTIMA,ESPINHEIRO,RUA DO ESPINHEIRO,,CIDADE,COLISÃO TRANSVERSAL,2,0,0,0,0,0,0,0,0,1,0,Cruzamento,Bom,Incompleta,Seca,Perfeito estado,"Placas ""Pare""",,Única,Faixa seccionada
2022-08-14 00:00:00,,COM VÍTIMA,ÁGUA FRIA,AV BEBERIBE,,SUBURBIO,COLISÃO COM CICLISTA,0,0,0,1,0,1,0,0,0,1,0,Longo da via,Bom,Perfeito estado,Seca,Perfeito estado,R-6a,,Dupla,Faixa seccionada
2022-08-15 00:00:00,,SEM VÍTIMA,IMBIRIBEIRA,AV MARECHAL MASCARENHAS DE MORAES,,CIDADE,COLISÃO TRASEIRA,2,0,0,0,0,0,0,0,0,0,0,Longo da via,Bom,Perfeito estado,Seca,Perfeito estado,R-6a,60 km/h,Única,Faixa seccionada
2022-08-15 00:00:00,,COM VÍTIMA,IMBIRIBEIRA,RUA ITACARI,,,COLISÃO LATERAL,1,1,0,0,0,0,0,0,0,1,0,Cruzamento,Bom,Perfeito estado,Seca,Perfeito estado,Outras,,Dupla,Faixa contínua
2022-08-15 00:00:00,,SEM VÍTIMA,IMBIRIBEIRA,AV MARECHAL MASCARENHAS DE MORAES,7,CIDADE,COLISÃO TRASEIRA,1,0,0,0,0,0,0,0,1,0,0,Cruzamento,Bom,Incompleta,Seca,Perfeito estado,R-6a,,Dupla,Canteiro central
2022-08-15 00:00:00,,SEM VÍTIMA,ALTO DO MANDU,RUA TRAMANDAI,,,COLISÃO LATERAL,1,0,0,0,0,0,1,0,0,0,0,,,,,,,,,
2022-08-15 00:00:00,,SEM VÍTIMA,ESTÂNCIA,RUA JOAO TEIXEIRA,,,COLISÃO FRONTAL,2,0,0,0,0,0,0,0,0,0,0,,,,,,,,,
2022-08-15 00:00:00,,COM VÍTIMA,MADALENA,RUA REAL DA TORRE,,SUBURBIO,ATROPELAMENTO DE PESSOA,0,1,0,0,1,0,0,0,0,1,0,Longo da via,Bom,Perfeito estado,Seca,Perfeito estado,Outras,50 km/h,,Faixa seccionada
2022-08-15 00:00:00,,COM VÍTIMA,SANTO AMARO,AV GOVERNADOR AGAMENON MAGALHAES,,SUBURBIO,COLISÃO LATERAL,1,1,0,0,0,0,0,0,0,1,0,Longo da via,Bom,Perfeito estado,Seca,Perfeito estado,Não há placas,,Dupla,Canal
2022-08-15 00:00:00,,COM VÍTIMA,SANTO AMARO,AV NORTE MIGUEL ARRAES DE ALENCAR,,CIDADE,ATROPELAMENTO DE PESSOA,0,1,0,0,1,0,0,0,0,1,0,Longo da via,Bom,Perfeito estado,Seca,Perfeito estado,Não há placas,60 km/h,Dupla,Canteiro central
2022-08-16 00:00:00,,COM VÍTIMA,PINA,AV ANTONIO DE GOES,103,,ATROPELAMENTO DE ANIMAL,0,1,0,0,0,0,0,0,1,2,0,Cruzamento,Bom,Perfeito estado,Seca,Perfeito estado,R-25b,60 km/h,Única,Canteiro central
2022-08-16 00:00:00,,SEM VÍTIMA,JAQUEIRA,RUA PADRE ROMA,61,SUBURBIO,COLISÃO TRASEIRA,2,0,0,0,0,0,0,1,0,0,0,Cruzamento,Bom,Perfeito estado,Seca,Perfeito estado,R-6a,,Dupla,Faixa contínua
2022-08-16 00:00:00,,COM VÍTIMA,ESPINHEIRO,RUA CONS PORTELA,,,ATROPELAMENTO DE PESSOA,1,0,0,0,1,0,0,0,0,1,0,Longo da via,Bom,Perfeito estado,Seca,Perfeito estado,R-6a,,Única,Faixa
2022-08-17 00:00:00,,COM VÍTIMA,VASCO DA GAMA,RUA CORREGO DO OURO,,,COLISÃO LATERAL,1,0,0,0,0,0,1,0,0,1,0,Longo da via,Bom,Não existente,Seca,Perfeito estado,Não há placas,,Dupla,Não existe
2022-08-17 00:00:00,,COM VÍTIMA,DOIS IRMÃOS,RUA MANUEL DE MEDEIROS,,,COLISÃO FRONTAL,1,1,0,0,0,0,0,0,0,1,0,Cruzamento,Chuvoso,Perfeito estado,Molhada,Perfeito estado,Não há placas,,Dupla,Faixa seccionada
2022-08-17 00:00:00,,SEM VÍTIMA,IMBIRIBEIRA,RUA JOAQUIM BANDEIRA,,CIDADE,,1,0,0,0,0,0,0,1,0,0,0,Longo da via,Bom,Perfeito estado,Seca,Perfeito estado,Outras,,Única,Faixa seccionada
2022-08-17 00:00:00,,COM VÍTIMA,SANTO ANTÔNIO,PRC DA REPUBLICA,,,COLISÃO LATERAL,1,1,0,0,0,0,0,0,0,1,0,,,,,,,,,
2022-08-17 00:00:00,,COM VÍTIMA,BOA VISTA,RUA DO HOSPICIO,31,,ATROPELAMENTO DE PESSOA,1,0,0,0,1,0,0,0,0,1,0,Cruzamento,Bom,Perfeito estado,Seca,Perfeito estado,Outras,,Dupla,Faixa contínua
2022-08-17 00:00:00,,COM VÍTIMA,BOA VISTA,AV CONDE DA BOA VISTA,,SUBURBIO,COLISÃO TRASEIRA,1,1,0,0,0,0,0,0,0,1,0,Longo da via,Chuvoso,Perfeito estado,Molhada,Perfeito estado,Não há placas,,Dupla,Canteiro central
2022-08-17 00:00:00,,COM VÍTIMA,DERBY,AV GOVERNADOR AGAMENON MAGALHAES,,,COLISÃO LATERAL,0,1,0,0,0,1,0,0,0,1,0,Longo da via,Bom,Perfeito estado,Seca,Perfeito estado,Outras,60 km/h,Dupla,Canal
2022-08-18 00:00:00,,COM VÍTIMA,AFOGADOS,RUA SAO MIGUEL,,,COLISÃO FRONTAL,1,1,0,0,0,0,0,0,0,1,0,Longo da via,Bom,Perfeito estado,Seca,Perfeito estado,Outras,50 km/h,Dupla,Faixa contínua
2022-08-18 00:00:00,,COM VÍTIMA,IPSEP,AV RECIFE,130,IMBIRIBEIRA,COLISÃO TRASEIRA,0,1,0,0,0,0,0,0,0,1,0,Cruzamento,Bom,Perfeito estado,,Perfeito estado,R-5a,,,Faixa contínua
2022-08-18 00:00:00,,COM VÍTIMA,IMBIRIBEIRA,RUA JACI,534,CIDADE,COLISÃO LATERAL,0,1,0,0,0,1,0,0,0,1,0,Cruzamento,Bom,Não existente,Molhada,Perfeito estado,Não há placas,60 km/h,Única,Não existe
2022-08-18 00:00:00,,COM VÍTIMA,TEJIPIÓ,AV LIBERDADE,,,COLISÃO LATERAL,1,1,0,0,0,0,0,0,0,1,0,Longo da via,Bom,Não existente,Seca,Perfeito estado,,30 km/h,Dupla,Não existe
2022-08-18 00:00:00,,SEM VÍTIMA,AFOGADOS,RUA SANTOS ARAUJO,333,SUBURBIO,,0,0,0,0,0,0,1,0,0,0,0,Longo da via,Bom,Perfeito estado,Seca,Perfeito estado,Não há placas,,Única,Faixa seccionada
2022-08-18 00:00:00,,COM VÍTIMA,SANTO ANTÔNIO,RUA IMPERADOR PEDRO SEGUNDO,18,CI,COLISÃO FRONTAL,0,2,0,0,0,0,0,0,0,2,0,Cruzamento,Bom,Perfeito estado,Seca,Perfeito estado,R-6a,,Única,Faixa contínua
2022-08-18 00:00:00,,COM VÍTIMA,PINA,AV HERCULANO BANDEIRA,,,COLISÃO TRASEIRA,1,1,0,0,0,0,0,0,0,2,0,Longo da via,Bom,Perfeito estado,Seca,Perfeito estado,R-6a,,Única,Faixa seccionada
2022-08-18 00:00:00,,SEM VÍTIMA,DERBY,AV GOVERNADOR AGAMENON MAGALHAES,,,,1,0,0,0,0,0,0,1,0,0,0,Longo da via,Bom,Perfeito estado,Seca,Perfeito estado,Não há placas,,Única,Faixa seccionada
2022-08-18 00:00:00,,COM VÍTIMA,BOA VIAGEM,RUA DOM JOSE LOPES,,,COLISÃO FRONTAL,1,1,0,0,0,0,0,0,0,1,0,Cruzamento,Bom,Perfeito estado,Seca,Perfeito estado,"Placas ""Pare""",,Dupla,Não existe
2022-08-18 00:00:00,,COM VÍTIMA,IPSEP,AV RECIFE,,,COLISÃO TRASEIRA,1,1,0,0,0,0,0,0,0,1,0,Longo da via,Bom,Perfeito estado,Seca,Perfeito estado,R-6a,60 km/h,Única,Faixa seccionada
2022-08-18 00:00:00,,COM VÍTIMA,IMBIRIBEIRA,AV MARECHAL MASCARENHAS DE MORAES,,,COLISÃO TRASEIRA,1,1,0,0,0,0,0,0,0,1,0,Longo da via,Bom,Perfeito estado,Seca,Perfeito estado,Outras,,Dupla,Faixa seccionada
2022-08-18 00:00:00,,COM VÍTIMA,IPSEP,AV RECIFE,494,CIDADE,COLISÃO TRASEIRA,1,1,0,0,0,0,0,0,0,1,0,Longo da via,Bom,Perfeito estado,Seca,Perfeito estado,Não há placas,60 km/h,Única,Faixa seccionada
2022-08-18 00:00:00,,COM VÍTIMA,JORDÃO,RUA DR ALVARO FERRAZ,,,COLISÃO LATERAL,0,2,0,0,0,0,0,0,0,1,0,Longo da via,Bom,Perfeito estado,Seca,Perfeito estado,Outras,,,Não existe
2022-08-18 00:00:00,,COM VÍTIMA,CÓRREGO DO JENIPAPO,RUA ERUNDINA NEGREIROS DE ARAUJO,,,ATROPELAMENTO DE PESSOA,0,1,0,0,1,0,0,0,0,1,0,,,,,,,,,
2022-08-18 00:00:00,,COM VÍTIMA,ESPINHEIRO,RUA SANTO ELIAS,,,COLISÃO TRANSVERSAL,0,1,0,0,0,0,0,1,0,1,0,Cruzamento,Chuvoso,Perfeito estado,Molhada,Perfeito estado,,,Dupla,
2022-08-19 00:00:00,,SEM VÍTIMA,IMBIRIBEIRA,AV MARECHAL MASCARENHAS DE MORAES,,SUBURBIO,COLISÃO TRASEIRA,1,0,0,0,0,1,0,0,0,0,0,Longo da via,Chuvoso,Perfeito estado,Molhada,Perfeito estado,R-32,,Dupla,Canteiro central
2022-08-19 00:00:00,,COM VÍTIMA,AREIAS,RUA AURORA CACOTE,,,COLISÃO FRONTAL,1,1,0,0,0,0,0,0,0,1,0,Longo da via,Bom,Perfeito estado,Seca,Perfeito estado,Não há placas,,Dupla,Não existe
2022-08-19 00:00:00,,COM VÍTIMA,ROSARINHO,AV NORTE MIGUEL ARRAES DE ALENCAR,,SUBURBIO,COLISÃO TRASEIRA,1,1,0,0,0,0,0,0,0,1,0,Longo da via,Bom,Perfeito estado,Seca,Perfeito estado,R-6a,,Dupla,Blocos
2022-08-19 00:00:00,,COM VÍTIMA,TORRE,RUA JOSE BONIFACIO,,,COLISÃO TRASEIRA,2,1,0,0,0,0,0,0,0,1,0,Longo da via,Bom,Perfeito estado,Seca,Perfeito estado,R-6a,,Única,Faixa seccionada
2022-08-20 00:00:00,,SEM VÍTIMA,MADALENA,RUA CARLOS GOMES,348,,CHOQUE,1,0,0,0,0,0,0,0,0,0,0,,,,,,,,,
2022-08-20 00:00:00,,COM VÍTIMA,MADALENA,RUA REAL DA TORRE,179,SUL,COLISÃO LATERAL,1,1,0,0,0,0,0,0,0,1,0,Cruzamento,Bom,Perfeito estado,Seca,Perfeito estado,Não há placas,50 km/h,Única,Faixa seccionada
2022-08-20 00:00:00,,COM VÍTIMA,BOA VIAGEM,RUA CAMBOIM,,,COLISÃO LATERAL,1,1,0,0,0,0,0,0,0,1,0,Cruzamento,Bom,Perfeito estado,Seca,Perfeito estado,"Placas ""Pare""",30 km/h,Única,Faixa contínua
2022-08-20 00:00:00,,COM VÍTIMA,AFOGADOS,RUA IMPERIAL,510,,COLISÃO FRONTAL,1,1,0,0,0,0,0,0,0,1,0,Cruzamento,Bom,Perfeito estado,Seca,Perfeito estado,R-6a,,Única,Faixa seccionada
2022-08-20 00:00:00,,COM VÍTIMA,IMBIRIBEIRA,AV GENERAL MAC ARTHUR,,,CHOQUE,1,0,0,0,0,0,0,0,0,5,0,Longo da via,Bom,Perfeito estado,Seca,Perfeito estado,"Placas ""Pare""",40 km/h,Única,Faixa seccionada
2022-08-20 00:00:00,,COM VÍTIMA,SAN MARTIN,RUA QUINZE DE MARCO,,SUBURBIO,COLISÃO TRASEIRA,0,2,0,0,0,0,0,0,0,1,0,Cruzamento,Bom,Incompleta,Seca,Perfeito estado,Não há placas,,Única,Não existe
2022-08-20 00:00:00,,COM VÍTIMA,AREIAS,AV DR JOSE RUFINO,,,COLISÃO TRASEIRA,0,1,0,0,0,1,0,0,0,1,0,Longo da via,Bom,Perfeito estado,Seca,Perfeito estado,R-6a,60 km/h,Dupla,Faixa contínua
2022-08-20 00:00:00,,SEM VÍTIMA,BOA VIAGEM,RUA RIBEIRO DE BRITO,,,COLISÃO LATERAL,2,0,0,0,0,0,0,0,0,0,0,,,,,,,,,
2022-08-20 00:00:00,,COM VÍTIMA,PINA,AV ENGENHEIRO DOMINGOS FERREIRA,200,SUBURBIO,COLISÃO COM CICLISTA,0,1,0,1,0,0,0,0,0,1,0,Cruzamento,Bom,Perfeito estado,Seca,Perfeito estado,R-6a,60 km/h,Única,Canteiro central
2022-08-20 00:00:00,,SEM VÍTIMA,JOANA BEZERRA,RUA IMPERIAL,,,COLISÃO TRANSVERSAL,2,0,0,0,0,0,0,0,0,0,0,,,,,,,,,
2022-08-21 00:00:00,,COM VÍTIMA,CAMPO GRANDE,RUA MARECHAL DEODORO,,,COLISÃO TRASEIRA,1,1,0,0,0,0,0,0,0,1,0,Longo da via,Chuvoso,Não existente,Molhada,Perfeito estado,Não há placas,,Dupla,Não existe
2022-08-21 00:00:00,,COM VÍTIMA,PARNAMIRIM,RUA SEBASTIAO MALTA ARCOVERDE,,,COLISÃO TRASEIRA,5,0,0,0,0,0,0,0,0,1,0,Longo da via,Bom,Perfeito estado,Seca,Perfeito estado,Não há placas,,Única,Faixa contínua
2022-08-21 00:00:00,,COM VÍTIMA,DERBY,AV GOVERNADOR AGAMENON MAGALHAES,,OLINDA,COLISÃO LATERAL,1,1,0,0,0,0,0,0,0,1,0,Longo da via,Bom,Perfeito estado,Seca,Perfeito estado,Não há placas,60 km/h,Dupla,Canteiro central
2022-08-21 00:00:00,,COM VÍTIMA,GRAÇAS,RUA DA AMIZADE,,,COLISÃO COM CICLISTA,1,0,0,1,0,0,0,0,0,1,0,Longo da via,Bom,Perfeito estado,Seca,Perfeito estado,Não há placas,30 km/h,Única,Não existe
2022-08-21 00:00:00,,COM VÍTIMA,ILHA DO RETIRO,RUA SPORT CLUBE DO RECIFE,,,COLISÃO LATERAL,1,0,0,0,0,0,1,0,0,1,0,,,,,,,,,
2022-08-21 00:00:00,,SEM VÍTIMA,BOA VIAGEM,AV ENGENHEIRO DOMINGOS FERREIRA,,CIDADE,,2,0,0,0,0,0,0,0,0,0,0,Longo da via,Chuvoso,Incompleta,Molhada,Mal iluminada,Não há placas,,Única,Faixa seccionada
2022-08-21 00:00:00,,COM VÍTIMA,MADALENA,RUA JOSE OSORIO,,SUBURBIO,COLISÃO LATERAL,1,1,0,0,0,0,0,0,0,1,0,,,,,,,,,
2022-08-21 00:00:00,,SEM VÍTIMA,ALTO DO MANDU,RUA MANDACARU,,,COLISÃO TRASEIRA,2,0,0,0,0,0,0,0,0,0,0,,,,,,,,,
2022-08-21 00:00:00,,COM VÍTIMA,BOA VIAGEM,RUA BALTAZAR PASSOS,556,LESTE,COLISÃO COM CICLISTA,1,0,0,1,0,0,0,0,0,1,0,Cruzamento,Bom,Perfeito estado,Seca,Perfeito estado,Não há placas,,Única,Faixa contínua
2022-08-21 00:00:00,,COM VÍTIMA,SANTO ANTÔNIO,RUA PRIMEIRO DE MARCO,,,COLISÃO TRASEIRA,0,0,0,0,0,2,0,0,0,1,0,Cruzamento,Bom,Perfeito estado,Seca,Perfeito estado,Não há placas,,Única,Não existe
2022-08-22 00:00:00,,SEM VÍTIMA,APIPUCOS,RUA DE APIPUCOS,,CIDADE,CHOQUE,1,0,0,0,0,0,0,0,0,0,0,Longo da via,Chuvoso,Perfeito estado,Molhada,Perfeito estado,R-6a,,Dupla,Faixa contínua
2022-08-22 00:00:00,,COM VÍTIMA,BOA VIAGEM,RUA ANTONIO DE SA LEITAO,,,COLISÃO FRONTAL,1,1,0,0,0,0,0,0,0,1,0,Cruzamento,Chuvoso,Ilegível,Molhada,Mal conservada,"Placas ""Pare""",,Dupla,Faixa seccionada
2022-08-22 00:00:00,,SEM VÍTIMA,SANTO AMARO,AV CRUZ CABUGA,,,COLISÃO FRONTAL,0,1,0,0,0,0,0,0,0,0,0,,,,,,,,,
2022-08-22 00:00:00,,COM VÍTIMA,BONGI,TRV ESTRADA DO BONGI,,,COLISÃO LATERAL,1,1,0,0,0,0,0,0,0,1,0,Cruzamento,Bom,Ilegível,Seca,Mal conservada,"Placas ""Pare""",30 km/h,Dupla,Faixa contínua
2022-08-22 00:00:00,,COM VÍTIMA,CABANGA,RUA CAPITAO TEMUDO,,SUBURBIO,COLISÃO LATERAL,1,1,0,0,0,0,0,0,0,1,0,Longo da via,Bom,Incompleta,Seca,Perfeito estado,Outras,,Única,Canteiro central
2022-08-22 00:00:00,,COM VÍTIMA,ENCRUZILHADA,EST DE BELEM,,CIDADE,COLISÃO LATERAL,1,1,0,0,0,0,0,0,0,2,0,Esquina,Bom,Perfeito estado,Seca,Perfeito estado,R-6a,,Dupla,Faixa contínua
2022-08-22 00:00:00,,COM VÍTIMA,BARRO,AV DR JOSE RUFINO,,CIDADE,COLISÃO TRASEIRA,0,2,0,0,0,0,0,0,0,1,0,Longo da via,Chuvoso,Perfeito estado,Molhada,Perfeito estado,Não há placas,60 km/h,Dupla,Faixa contínua
2022-08-22 00:00:00,,COM VÍTIMA,SÃO JOSÉ,AV DANTAS BARRETO,181,CIDADE,COLISÃO LATERAL,0,1,0,0,0,1,0,0,0,1,0,Cruzamento,Chuvoso,Perfeito estado,Molhada,Perfeito estado,"Placas ""Pare""",,Única,Não existe
2022-08-22 00:00:00,,COM VÍTIMA,CASA FORTE,AV DEZESSETE DE AGOSTO,,,COLISÃO LATERAL,1,1,0,0,0,0,0,0,0,1,0,,,,,,,,,
2022-08-22 00:00:00,,COM VÍTIMA,COHAB,AV CHAPADA DO ARARIPE,,SUBURBIO,ATROPELAMENTO DE PESSOA,0,1,0,0,1,0,0,0,0,1,0,Longo da via,Chuvoso,Incompleta,Molhada,Perfeito estado,Não há placas,,Dupla,Canal
2022-08-22 00:00:00,,SEM VÍTIMA,LINHA DO TIRO,RUA PROFESSOR JOSE AMARINO DOS REIS,,,COLISÃO LATERAL,1,1,0,0,0,0,0,0,0,0,0,,,,,,,,,
2022-08-23 00:00:00,,COM VÍTIMA,ENCRUZILHADA,RUA DR JOSE MARIA,,SUBURBIO,COLISÃO LATERAL,1,1,0,0,0,0,0,0,0,1,0,Cruzamento,Chuvoso,Perfeito estado,Molhada,Perfeito estado,"Placas ""Pare""",,Dupla,Faixa seccionada
2022-08-23 00:00:00,,SEM VÍTIMA,TORRE,RUA JOSE BONIFACIO,,,COLISÃO LATERAL,1,0,0,0,0,0,1,0,0,0,0,,,,,,,,,
2022-08-23 00:00:00,,SEM VÍTIMA,IPSEP,RUA PINTOR ANTONIO ALBUQUERQUE,,SUBURBIO,,0,1,0,0,0,0,0,1,0,0,0,Cruzamento,Chuvoso,Perfeito estado,Molhada,Perfeito estado,R-6a,20 km/h,Dupla,Faixa seccionada
2022-08-23 00:00:00,,SEM VÍTIMA,DERBY,AV GOVERNADOR AGAMENON MAGALHAES,75,,COLISÃO TRASEIRA,1,0,0,0,0,0,0,1,0,0,0,,,,,,,,,
2022-08-23 00:00:00,,COM VÍTIMA,IMBIRIBEIRA,AV MARECHAL MASCARENHAS DE MORAES,,,COLISÃO TRASEIRA,1,1,0,0,0,0,0,0,0,1,0,,,,,,,,,
2022-08-20 00:00:00,,COM VÍTIMA,NOVA DESCOBERTA,AV VEREADOR OTACILIO AZEVEDO,,CIDADE,COLISÃO TRANSVERSAL,0,1,0,0,0,0,0,0,1,2,0,Longo da via,Bom,Perfeito estado,Seca,Perfeito estado,Não há placas,60 km/h,,Não existe
2022-08-23 00:00:00,,COM VÍTIMA,PAISSANDU,RUA FRANCISCO ALVES,,SUBURBIO,COLISÃO LATERAL,0,1,0,0,0,0,1,0,0,1,0,Cruzamento,Chuvoso,Perfeito estado,Seca,Perfeito estado,R-4b,,Dupla,Faixa seccionada
2022-08-23 00:00:00,,SEM VÍTIMA,CORDEIRO,EST DO FORTE DO ARRAIAL N. DO B. JESUS,,,,0,1,0,0,0,0,0,1,0,0,0,Cruzamento,Nublado,Incompleta,Molhada,Perfeito estado,Não há placas,,Dupla,Não existe
2022-08-23 00:00:00,,COM VÍTIMA,CAXANGÁ,AV CAXANGA,,SUBURBIO,COLISÃO TRASEIRA,0,2,0,0,0,0,0,0,0,1,0,Longo da via,Bom,Perfeito estado,Seca,Mal conservada,Não há placas,60 km/h,Dupla,Canteiro central
2022-08-24 00:00:00,,COM VÍTIMA,AREIAS,AV DR JOSE RUFINO,,,COLISÃO TRASEIRA,1,2,0,0,0,0,0,0,0,1,0,Longo da via,Bom,Incompleta,Seca,Mal conservada,R-6a,60 km/h,Dupla,Faixa contínua