data,hora,natureza,bairro,endereco,num_semaforo,sentido_via,tipo,auto,moto,ciclom,ciclista,pedestre,onibus,caminhao,viatura,outros,vitimas,vitimasfatais,acidente_verificado,tempo_clima,sinalizacao,condicao_via,conservacao_via,situacao_placa,velocidade_max_via,mao_direcao,divisao_via1
2022-09-03 00:00:00,,SEM VÍTIMA,MADALENA,AV ENGENHEIRO ABDIAS DE CARVALHO,,CIDADE,CHOQUE,0,0,0,0,0,0,0,0,0,0,0,Longo da via,Bom,Perfeito estado,Seca,Perfeito estado,R-6a,,Única,Faixa seccionada
2022-09-04 00:00:00,,COM VÍTIMA,CAXANGÁ,AV JOAQUIM RIBEIRO,281,,COLISÃO FRONTAL,1,1,0,0,0,0,0,0,0,1,0,,,,,,,,,
2022-09-04 00:00:00,,COM VÍTIMA,JARDIM SÃO PAULO,AV RECIFE,704,,COLISÃO TRASEIRA,1,1,0,0,0,0,0,0,0,1,0,Longo da via,Bom,Perfeito estado,Seca,Perfeito estado,Não há placas,60 km/h,Dupla,Canteiro central
2022-09-04 00:00:00,,COM VÍTIMA,MANGUEIRA,RUA DR JOAO ELISIO,,CIDADE,COLISÃO LATERAL,1,1,0,0,0,0,0,0,0,1,0,Longo da via,Bom,Perfeito estado,Seca,Perfeito estado,Não há placas,30 km/h,Dupla,Não existe
2022-09-04 00:00:00,,SEM VÍTIMA,BONGI,EST DO BONGI,,,COLISÃO LATERAL,0,0,0,0,0,0,0,0,0,0,0,,,,,,,,,
2022-09-04 00:00:00,,COM VÍTIMA,MADALENA,AV CAXANGA,257,CIDADE,COLISÃO FRONTAL,1,1,0,0,0,0,0,0,0,1,0,Cruzamento,Nublado,Perfeito estado,Seca,Perfeito estado,R-26,40 km/h,Dupla,Faixa contínua
2022-09-04 00:00:00,,COM VÍTIMA,CASA AMARELA,RUA NOVA DESCOBERTA,,SUBURBIO,COLISÃO FRONTAL,1,1,0,0,0,0,0,0,0,1,0,Esquina,Bom,Perfeito estado,Seca,Perfeito estado,Outras,30 km/h,Dupla,
2022-09-04 00:00:00,,COM VÍTIMA,ENCRUZILHADA,AV NORTE MIGUEL ARRAES DE ALENCAR,43,SUBURBIO,COLISÃO LATERAL,1,1,0,0,0,0,0,0,0,2,0,Cruzamento,Chuvoso,Perfeito estado,Molhada,Perfeito estado,R-6a,,Dupla,Canteiro central
2022-09-05 00:00:00,,SEM VÍTIMA,BOA VIAGEM,AVENIDA CELSO FURTADO (VIA MANGUE),,CIDADE,CHOQUE,0,0,0,0,0,0,0,0,0,0,0,,,,,,,,,
2022-09-05 00:00:00,,COM VÍTIMA,IMBIRIBEIRA,AV MARECHAL MASCARENHAS DE MORAES,7,SUBURBIO,COLISÃO TRASEIRA,1,1,0,0,0,0,0,0,0,1,0,Longo da via,Chuvoso,Não existente,Molhada,Perfeito estado,Não há placas,60 km/h,Única,Não existe
2022-09-05 00:00:00,,COM VÍTIMA,MADALENA,RUA JOSE BONIFACIO,,SUBURBIO,COLISÃO LATERAL,2,0,0,0,0,0,0,0,0,1,0,Cruzamento,Chuvoso,Perfeito estado,Molhada,Perfeito estado,"Placas ""Pare""",,Única,Faixa seccionada
2022-09-05 00:00:00,,SEM VÍTIMA,IMBIRIBEIRA,AV MARECHAL MASCARENHAS DE MORAES,,,COLISÃO TRASEIRA,1,1,0,0,0,0,0,0,0,0,0,,,,,,,,,
2022-09-05 00:00:00,,COM VÍTIMA,AREIAS,RUA IPOJUCA,,CIDADE,COLISÃO LATERAL,1,1,0,0,0,0,0,0,0,1,0,Cruzamento,Chuvoso,Perfeito estado,Molhada,Perfeito estado,"Placas ""Pare""",30 km/h,Dupla,Não existe
2022-09-05 00:00:00,,SEM VÍTIMA,BOA VIAGEM,RUA RIBEIRO DE BRITO,147,,CHOQUE,0,0,0,0,0,1,0,0,0,0,0,,,,,,,,,
2022-09-05 00:00:00,,COM VÍTIMA,CABANGA,RUA GENERAL ESTILAC LEAL,,CIDADE,QUEDA,0,1,0,0,0,0,0,0,0,2,0,Longo da via,Bom,Não existente,Oleosa,Perfeito estado,Não há placas,,Dupla,Não existe
2022-09-05 00:00:00,,COM VÍTIMA,TAMARINEIRA,AV CONS ROSA E SILVA,61,SUBURBIO,COLISÃO LATERAL,2,1,0,0,0,0,0,0,0,1,0,Longo da via,,Perfeito estado,,Perfeito estado,R-6a,,Única,Canteiro central
2022-09-05 00:00:00,,COM VÍTIMA,JARDIM SÃO PAULO,RUA LEANDRO BARRETO,507,SUBURBIO,COLISÃO TRASEIRA,1,2,0,0,0,0,0,0,0,1,0,Longo da via,Chuvoso,Perfeito estado,Molhada,Perfeito estado,Não há placas,,Dupla,Não existe
2022-09-05 00:00:00,,COM VÍTIMA,BOA VIAGEM,AV BOA VIAGEM,,,COLISÃO TRASEIRA,1,1,0,0,0,0,0,0,0,1,0,,,,,,,,,
2022-09-05 00:00:00,,COM VÍTIMA,DERBY,RUA JENER DE SOUZA,,,COLISÃO FRONTAL,1,1,0,0,0,0,0,0,0,1,0,Cruzamento,Chuvoso,Perfeito estado,Molhada,Perfeito estado,"Placas ""Pare""",,Única,Canteiro central
2022-09-06 00:00:00,,SEM VÍTIMA,BARRO,AV DR JOSE RUFINO,,CIDADE,COLISÃO FRONTAL,2,0,0,0,0,0,0,0,0,0,0,Longo da via,Bom,Não existente,Seca,Perfeito estado,Não há placas,,Dupla,Faixa contínua
2022-09-06 00:00:00,,COM VÍTIMA,ENCRUZILHADA,AV JOAO DE BARROS,43,CIDADE,COLISÃO TRANSVERSAL,1,1,0,0,0,0,0,0,0,1,0,Cruzamento,Bom,Perfeito estado,Seca,Perfeito estado,Outras,,Dupla,Canteiro central
2022-09-06 00:00:00,,COM VÍTIMA,BOA VIAGEM,RUA MANOEL DE BRITO,103,,COLISÃO LATERAL,1,1,0,0,0,0,0,0,0,1,0,Cruzamento,Bom,Perfeito estado,Seca,Perfeito estado,Não há placas,,Única,Faixa contínua
2022-09-06 00:00:00,,COM VÍTIMA,IBURA,RUA RIO PAJEU,,,COLISÃO TRASEIRA,2,0,0,0,0,0,0,0,0,1,0,Longo da via,Bom,Não existente,Seca,Perfeito estado,Não há placas,,Única,Não existe
2022-09-06 00:00:00,,COM VÍTIMA,IBURA,RUA EXP FRANCISCO VITORIANO,,,COLISÃO LATERAL,0,2,0,0,0,0,0,0,0,3,0,Longo da via,Bom,Perfeito estado,Seca,Perfeito estado,R-6a,,Dupla,Não existe
2022-09-06 00:00:00,,COM VÍTIMA,GUABIRABA,AV VEREADOR OTACILIO AZEVEDO,,,COLISÃO FRONTAL,0,1,0,0,0,0,1,0,0,1,0,Longo da via,Bom,Incompleta,Seca,Perfeito estado,"Placas ""Pare""",40 km/h,Dupla,Não existe
2022-09-06 00:00:00,,COM VÍTIMA,MADALENA,RUA JOSE OSORIO,,,COLISÃO LATERAL,1,1,0,0,0,0,0,0,0,1,0,Longo da via,Bom,Perfeito estado,Seca,Perfeito estado,R-6a,,Dupla,Faixa contínua
2022-09-06 00:00:00,,COM VÍTIMA,ÁGUA FRIA,EST VELHA DE AGUA FRIA,,,COLISÃO FRONTAL,1,1,0,0,0,0,0,0,0,1,0,Cruzamento,Bom,Perfeito estado,Seca,Perfeito estado,Outras,40 km/h,Dupla,Faixa contínua
2022-09-06 00:00:00,,SEM VÍTIMA,TEJIPIÓ,AV DR JOSE RUFINO,,,,1,0,0,0,0,1,0,0,0,0,0,Longo da via,Bom,Perfeito estado,Seca,Perfeito estado,R-6a,,Dupla,Faixa contínua
2022-09-07 00:00:00,,COM VÍTIMA,MADALENA,RUA JOSE BONIFACIO,,,COLISÃO TRASEIRA,2,1,0,0,0,0,0,0,0,1,0,Longo da via,Bom,Perfeito estado,Seca,Perfeito estado,Não há placas,60 km/h,Única,Faixa seccionada
2022-09-07 00:00:00,,SEM VÍTIMA,BOA VIAGEM,AV BOA VIAGEM,,CIDADE,,1,0,0,0,0,0,0,1,0,0,0,,Bom,Perfeito estado,Seca,Perfeito estado,Outras,,Única,Faixa seccionada
2022-09-07 00:00:00,,COM VÍTIMA,BOA VIAGEM,AV CONSELHEIRO AGUIAR,,,COLISÃO LATERAL,1,1,0,0,0,0,0,0,0,1,0,Longo da via,Bom,Perfeito estado,Seca,Perfeito estado,R-6a,,Única,Faixa seccionada
2022-09-07 00:00:00,,SEM VÍTIMA,SANTO AMARO,AV MARIO MELO,,,COLISÃO TRASEIRA,1,0,0,0,0,1,0,0,0,0,0,,,,,,,,,
2022-09-08 00:00:00,,COM VÍTIMA,CASA FORTE,AV DEZESSETE DE AGOSTO,,,COLISÃO TRASEIRA,3,0,0,0,0,0,0,0,0,1,0,Longo da via,Bom,Perfeito estado,Seca,Perfeito estado,Outras,40 km/h,Dupla,Faixa contínua
2022-09-08 00:00:00,,COM VÍTIMA,BOA VIAGEM,RUA PADRE CARAPUCEIRO,216,CIDADE,COLISÃO FRONTAL,1,1,0,0,0,0,0,0,0,1,0,Longo da via,Bom,Perfeito estado,Seca,Perfeito estado,,60 km/h,Única,
2022-09-08 00:00:00,,COM VÍTIMA,BOA VISTA,RUA DO PRINCIPE,,,COLISÃO TRASEIRA,1,1,0,0,0,0,0,0,0,1,0,,,,,,,,,
2022-09-08 00:00:00,,COM VÍTIMA,TAMARINEIRA,AV NORTE MIGUEL ARRAES DE ALENCAR,62,,COLISÃO TRANSVERSAL,1,1,0,0,0,0,0,0,0,1,0,Cruzamento,Bom,Perfeito estado,Seca,Perfeito estado,R-4a,,Dupla,Canteiro central
2022-09-09 00:00:00,,COM VÍTIMA,IMBIRIBEIRA,RUA MIS JOEL CARLSON,,,COLISÃO LATERAL,1,1,0,0,0,0,0,0,0,1,0,Cruzamento,Bom,Não existente,Seca,Perfeito estado,Não há placas,30 km/h,Dupla,Não existe
2022-09-09 00:00:00,,COM VÍTIMA,MADALENA,AV ENGENHEIRO ABDIAS DE CARVALHO,132,SUBURBIO,COLISÃO LATERAL,1,1,0,0,0,0,0,0,0,1,0,Cruzamento,Bom,Perfeito estado,Seca,Perfeito estado,R-6a,60 km/h,Dupla,Faixa seccionada
2022-09-09 00:00:00,,SEM VÍTIMA,SANTO ANTÔNIO,RUA VINTE E QUATRO DE MAIO,,SUBURBIO,FISCALIZAÇÃO,0,0,0,0,0,0,0,0,0,0,0,,,,,,,,,
2022-09-09 00:00:00,,COM VÍTIMA,JOANA BEZERRA,VIADUTO CAPITAO TEMUDO,,,COLISÃO LATERAL,1,1,0,0,0,0,0,0,0,1,0,Viaduto,Bom,Incompleta,Seca,Perfeito estado,Não há placas,60 km/h,Única,Faixa seccionada
2022-09-09 00:00:00,,COM VÍTIMA,AREIAS,AV RECIFE,,SUBURBIO,COLISÃO LATERAL,0,2,0,0,0,0,0,0,0,1,0,Longo da via,Bom,Perfeito estado,Seca,Perfeito estado,R-6a,60 km/h,Única,Faixa seccionada
2022-09-10 00:00:00,,SEM VÍTIMA,MADALENA,AV VISCONDE DE ALBUQUERQUE,,,COLISÃO FRONTAL,0,0,0,0,0,0,0,0,0,0,0,Cruzamento,Chuvoso,Perfeito estado,Molhada,Perfeito estado,R-6a,60KM/H,Única,Faixa seccionada
2022-09-10 00:00:00,,SEM VÍTIMA,BARRO,RUA FRANCISCO RUSSO,,,CHOQUE,0,0,0,0,0,0,0,1,0,0,0,Longo da via,Bom,Perfeito estado,Seca,Perfeito estado,Não há placas,,Dupla,Não existe
2022-09-10 00:00:00,,COM VÍTIMA,BOA VIAGEM,AVENIDA CELSO FURTADO (VIA MANGUE),,CIDADE,COLISÃO LATERAL,1,1,0,0,0,0,0,0,0,1,0,Longo da via,Bom,Perfeito estado,Seca,Perfeito estado,R-19,60 km/h,Dupla,Canteiro central
2022-09-10 00:00:00,,COM VÍTIMA,MADALENA,AV JOSE GONCALVES DE MEDEIROS,,SUBURBIO,COLISÃO LATERAL,1,1,0,0,0,0,0,0,0,1,0,Longo da via,Bom,Perfeito estado,Seca,Perfeito estado,Não há placas,,Dupla,Faixa contínua
2022-09-10 00:00:00,,COM VÍTIMA,BEBERIBE,AV BEBERIBE,,CIDADE,COLISÃO LATERAL,1,1,0,0,0,0,0,0,0,1,0,Cruzamento,Bom,Perfeito estado,Seca,Perfeito estado,Não há placas,,Dupla,Faixa seccionada
2022-09-10 00:00:00,,COM VÍTIMA,CAMPO GRANDE,RUA ODORICO MENDES,,,COLISÃO LATERAL,1,1,0,0,0,0,0,0,0,1,0,Cruzamento,Bom,,Seca,Perfeito estado,R-6a,,Dupla,
2022-09-10 00:00:00,,COM VÍTIMA,TEJIPIÓ,AV DR JOSE RUFINO,,,COLISÃO FRONTAL,1,1,0,0,0,0,0,0,0,1,0,Longo da via,Bom,Perfeito estado,Seca,Perfeito estado,Não há placas,,Dupla,Faixa contínua
2022-09-10 00:00:00,,SEM VÍTIMA,ESTÂNCIA,AV ESTANCIA,,SUBURBIO,COLISÃO LATERAL,2,0,0,0,0,0,0,0,0,0,0,,,,,,,,,
2022-09-10 00:00:00,,COM VÍTIMA,IBURA,LAD DA COHAB,,SUBURBIO,COLISÃO FRONTAL,1,1,0,0,0,0,0,0,0,2,0,Longo da via,Bom,Não existente,Molhada,Perfeito estado,Não há placas,,Dupla,Não existe
2022-09-11 00:00:00,,COM VÍTIMA,IBURA,AV MATO GROSSO,,,COLISÃO LATERAL,1,1,0,0,0,0,0,0,0,1,0,,,,,,,,,
2022-09-11 00:00:00,,COM VÍTIMA,BOA VIAGEM,RUA SETUBAL,419,SUBURBIO,COLISÃO LATERAL,1,1,0,0,0,0,0,0,0,1,0,Cruzamento,Bom,Perfeito estado,Seca,Perfeito estado,Não há placas,,Única,Faixa seccionada
2022-09-11 00:00:00,,COM VÍTIMA,BOA VIAGEM,RUA BARAO DE SOUZA LEAO,129,SUBURBIO,COLISÃO COM CICLISTA,0,0,0,1,0,1,0,0,0,1,0,Cruzamento,Bom,Perfeito estado,Seca,Perfeito estado,Outras,,Única,Faixa seccionada
2022-09-11 00:00:00,,SEM VÍTIMA,CASA AMARELA,AV NORTE MIGUEL ARRAES DE ALENCAR,,,COLISÃO LATERAL,1,0,0,0,0,0,0,0,1,0,0,Cruzamento,Bom,Perfeito estado,Seca,Perfeito estado,Outras,,Dupla,Canteiro central
2022-09-11 00:00:00,,COM VÍTIMA,ARRUDA,RUA DO TRIUNFO,,SUBURBIO,COLISÃO LATERAL,0,2,0,0,0,0,0,0,0,2,0,Cruzamento,Bom,Perfeito estado,Seca,Perfeito estado,"Placas ""Pare""",,Dupla,Não existe
2022-09-11 00:00:00,,COM VÍTIMA,MACAXEIRA,RUA MARIA CANDIDA,296,SUBURBIO,COLISÃO FRONTAL,0,2,0,0,0,0,0,0,0,1,0,Longo da via,Bom,Perfeito estado,Seca,Perfeito estado,Não há placas,,Dupla,Não existe
2022-09-11 00:00:00,,COM VÍTIMA,ALTO SANTA TERESINHA,AV ANIBAL BENEVOLO,,,COLISÃO FRONTAL,1,1,0,0,0,0,0,0,0,1,0,,,,,,,,,
2022-09-12 00:00:00,,SEM VÍTIMA,IMBIRIBEIRA,AV MARECHAL MASCARENHAS DE MORAES,,CIDADE,COLISÃO TRANSVERSAL,1,0,0,0,0,1,0,0,0,0,0,,,,,,,,,
2022-09-12 00:00:00,,COM VÍTIMA,VASCO DA GAMA,RUA ALTO DO EUCALIPTO,,,COLISÃO LATERAL,0,1,0,0,0,1,0,0,0,1,0,Longo da via,Bom,Não existente,Seca,Perfeito estado,Não há placas,30 km/h,Dupla,Não existe
2022-09-12 00:00:00,,COM VÍTIMA,AFLITOS,RUA CARNEIRO VILELA,,SUBURBIO,COLISÃO LATERAL,1,1,0,0,0,0,0,0,0,1,0,Longo da via,Bom,Não existente,Seca,Perfeito estado,Não há placas,,Única,Não existe
2022-09-12 00:00:00,,COM VÍTIMA,CASA FORTE,AV DEZESSETE DE AGOSTO,,,COLISÃO TRASEIRA,0,2,0,0,0,0,0,0,0,1,0,,,,,,,,,
2022-09-12 00:00:00,,COM VÍTIMA,CAMPO GRANDE,RUA JERONIMO VILELA,565,SUBURBIO,COLISÃO LATERAL,1,1,0,0,0,0,0,0,0,1,0,Cruzamento,Bom,Perfeito estado,Seca,Perfeito estado,Outras,30 km/h,Dupla,Faixa seccionada
2022-09-12 00:00:00,,COM VÍTIMA,IPSEP,AV SALDANHA MARINHO,,,COLISÃO FRONTAL,1,1,0,0,0,0,0,0,0,1,0,,,,,,,,,
2022-09-12 00:00:00,,SEM VÍTIMA,IMBIRIBEIRA,AV MARECHAL MASCARENHAS DE MORAES,,CIDADE,CHOQUE,1,0,0,0,0,0,0,0,0,0,0,Cruzamento,Bom,Perfeito estado,Seca,Perfeito estado,Não há placas,,Dupla,Canteiro central
2022-09-13 00:00:00,,COM VÍTIMA,SANTO AMARO,AV CRUZ CABUGA,,SUBURBIO,COLISÃO TRANSVERSAL,1,1,0,0,0,0,0,0,0,2,0,Longo da via,Bom,Perfeito estado,Seca,Perfeito estado,Não há placas,,Dupla,Faixa contínua
2022-09-13 00:00:00,,COM VÍTIMA,TEJIPIÓ,RUA FALCAO DE LACERDA,411,CIDADE,COLISÃO FRONTAL,0,2,0,0,0,0,0,0,0,2,0,Longo da via,Bom,Perfeito estado,Seca,Perfeito estado,Não há placas,60 km/h,Dupla,Faixa contínua
2022-09-13 00:00:00,,COM VÍTIMA,AFOGADOS,RUA VINTE E UM DE ABRIL,245,CIDADE,COLISÃO COM CICLISTA,0,1,0,1,0,0,0,0,0,1,0,Longo da via,Bom,Incompleta,Seca,Mal conservada,Não há placas,40 km/h,Dupla,Faixa seccionada
2022-09-13 00:00:00,,COM VÍTIMA,CORDEIRO,AV CAXANGA,235,CIDADE,COLISÃO COM CICLISTA,1,0,0,1,0,0,0,0,0,1,0,Outros,Bom,Ilegível,Seca,Perfeito estado,Não há placas,60 km/h,Única,Faixa seccionada
2022-09-13 00:00:00,,SEM VÍTIMA,BAIRRO DO RECIFE,CAIS DO APOLO,,,COLISÃO TRASEIRA,2,0,0,0,0,0,0,0,0,0,0,Longo da via,Bom,Perfeito estado,Seca,Perfeito estado,R-6a,,Única,Faixa contínua
2022-09-13 00:00:00,,COM VÍTIMA,ILHA JOANA BEZERRA,VIADUTO CAPITAO TEMUDO,,SUBURBIO,COLISÃO TRASEIRA,0,1,0,0,0,1,0,0,0,2,0,Longo da via,Bom,Perfeito estado,Seca,Perfeito estado,Não há placas,,Dupla,Outros
2022-09-13 00:00:00,,COM VÍTIMA,ESPINHEIRO,RUA QUARENTA E OITO,,,COLISÃO TRASEIRA,3,0,0,0,0,0,0,0,0,1,0,,,,,,,,,
2022-09-13 00:00:00,,COM VÍTIMA,ILHA DO RETIRO,AV ENGENHEIRO ABDIAS DE CARVALHO,,CIDADE,COLISÃO TRASEIRA,1,1,0,0,0,0,0,0,0,2,0,Longo da via,Bom,Perfeito estado,Seca,Perfeito estado,Não há placas,,Dupla,Canteiro central
2022-09-13 00:00:00,,COM VÍTIMA,AFOGADOS,RUA SAO MIGUEL,,CIDADE,COLISÃO LATERAL,1,1,0,0,0,0,0,0,0,1,0,Longo da via,Bom,Perfeito estado,Seca,Perfeito estado,Outras,30 km/h,Dupla,Faixa contínua
2022-09-13 00:00:00,,COM VÍTIMA,TORRE,RUA MARCOS ANDRE,,,COLISÃO TRASEIRA,1,1,0,0,0,0,0,0,0,1,0,,,,,,,,,
2022-09-13 00:00:00,,COM VÍTIMA,ESPINHEIRO,RUA DO ESPINHEIRO,,SUBURBIO,COLISÃO LATERAL,1,1,0,0,0,0,0,0,0,1,0,Cruzamento,Bom,Perfeito estado,Seca,Perfeito estado,"Placas ""Pare""",,Dupla,Outros
2022-09-14 00:00:00,,COM VÍTIMA,BONGI,AV ENGENHEIRO ABDIAS DE CARVALHO,,CIDADE,CHOQUE,0,0,0,0,0,0,0,0,0,1,0,,,,,,,,,
2022-09-14 00:00:00,,COM VÍTIMA,ENCRUZILHADA,RUA PADRE MIGUELINHO,,,COLISÃO LATERAL,1,1,0,0,0,0,0,0,0,2,0,Cruzamento,Bom,Perfeito estado,Seca,Perfeito estado,Outras,,Única,Não existe
2022-09-14 00:00:00,,COM VÍTIMA,CASA AMARELA,AV NORTE MIGUEL ARRAES DE ALENCAR,677,CIDADE,COLISÃO TRASEIRA,1,1,0,0,0,0,0,0,0,1,0,Longo da via,Bom,Perfeito estado,Seca,Perfeito estado,Outras,50 km/h,Dupla,Canteiro central
2022-09-14 00:00:00,,SEM VÍTIMA,CORDEIRO,AV INACIO MONTEIRO,,,COLISÃO LATERAL,1,0,0,0,0,0,0,1,0,0,0,Cruzamento,Bom,Perfeito estado,Seca,Perfeito estado,Não há placas,60KM/H,Única,Faixa contínua
2022-09-14 00:00:00,,COM VÍTIMA,MADALENA,AV JOSE GONCALVES DE MEDEIROS,,CIDADE,COLISÃO FRONTAL,1,1,0,0,0,0,0,0,0,1,0,Cruzamento,Bom,Perfeito estado,Seca,Perfeito estado,Não há placas,,Dupla,Não existe
2022-09-14 00:00:00,,SEM VÍTIMA,BOA VISTA,RUA DO PRINCIPE,,,COLISÃO LATERAL,0,0,0,0,0,1,0,1,0,0,0,Longo da via,Chuvoso,Perfeito estado,Molhada,Perfeito estado,Outras,,Única,Canteiro central
2022-09-14 00:00:00,,SEM VÍTIMA,IBURA,AV RIO LARGO,,,COLISÃO TRASEIRA,1,0,0,0,0,1,0,0,0,0,0,,,,,,,,,
2022-09-14 00:00:00,,COM VÍTIMA,BOA VIAGEM,RUA VISCONDE DE JEQUITINHONHA,,SUBURBIO,COLISÃO TRASEIRA,1,1,0,0,0,0,0,0,0,1,0,Esquina,Bom,Perfeito estado,Seca,Perfeito estado,,,Única,Canteiro central
2022-09-14 00:00:00,,COM VÍTIMA,PINA,AV ANTONIO DE GOES,,CIDADE,COLISÃO TRASEIRA,1,1,0,0,0,0,0,0,0,1,0,Ponte,Bom,Perfeito estado,Seca,Perfeito estado,Outras,60 km/h,Única,Canteiro central
2022-09-14 00:00:00,,COM VÍTIMA,SAN MARTIN,AV GENERAL SAN MARTIN,326,,COLISÃO FRONTAL,1,1,0,0,0,0,0,0,0,2,0,Cruzamento,Chuvoso,Incompleta,Molhada,Perfeito estado,Não há placas,40 km/h,Única,Não existe
2022-09-14 00:00:00,,COM VÍTIMA,MADALENA,AV BEIRA RIO,,SUBURBIO,COLISÃO LATERAL,1,1,0,0,0,0,0,0,0,1,0,Longo da via,Bom,Perfeito estado,Seca,Perfeito estado,R-6a,,Dupla,Faixa seccionada
2022-09-15 00:00:00,,COM VÍTIMA,MADALENA,AV PROFESSOR ESTEVAO FRANCISCO DA COSTA,,CIDADE,COLISÃO LATERAL,0,2,0,0,0,0,0,0,0,2,0,Longo da via,Bom,Perfeito estado,Seca,Perfeito estado,Não há placas,,Única,Não existe
2022-09-15 00:00:00,,SEM VÍTIMA,CAMPO GRANDE,RUA FRANKLIN TAVORA,,,COLISÃO LATERAL,2,0,0,0,0,0,0,0,0,0,0,Longo da via,Bom,Perfeito estado,Seca,Perfeito estado,Não há placas,,Dupla,Não existe
2022-09-15 00:00:00,,SEM VÍTIMA,IBURA,AV SAO PAULO,,,COLISÃO LATERAL,1,0,0,0,0,1,0,0,0,0,0,Longo da via,Bom,Perfeito estado,Seca,Perfeito estado,Não há placas,,Dupla,Não existe
2022-09-15 00:00:00,,SEM VÍTIMA,ESPINHEIRO,RUA AMELIA,,,COLISÃO LATERAL,1,0,0,0,0,1,0,0,0,0,0,Cruzamento,Bom,Perfeito estado,Seca,Perfeito estado,Outras,,Única,Faixa seccionada
2022-09-15 00:00:00,,COM VÍTIMA,JOANA BEZERRA,AV MARTIN LUTHER KING,,CIDADE,COLISÃO LATERAL,0,1,0,0,0,1,0,0,0,1,0,Cruzamento,Bom,Incompleta,Seca,Perfeito estado,R-6a,60 km/h,Dupla,Não existe
2022-09-15 00:00:00,,SEM VÍTIMA,AREIAS,,,,COLISÃO TRASEIRA,1,0,0,0,0,0,0,1,0,0,0,Longo da via,Bom,Incompleta,Seca,Perfeito estado,Não há placas,,Dupla,Não existe
2022-09-15 00:00:00,,COM VÍTIMA,BOA VIAGEM,RUA SA E SOUZA,,SUBURBIO,COLISÃO LATERAL,1,1,0,0,0,0,0,0,0,1,0,Cruzamento,Bom,Não existente,Seca,Mal conservada,Não há placas,30 km/h,Dupla,Não existe
2022-09-15 00:00:00,,COM VÍTIMA,BOA VIAGEM,AV DOM JOAO VI,,SUBURBIO/ PIEDADE,COLISÃO LATERAL,1,1,0,0,0,0,0,0,0,1,0,Longo da via,Bom,Perfeito estado,Seca,Perfeito estado,Não há placas,50 km/h,Única,Faixa seccionada
2022-09-15 00:00:00,,SEM VÍTIMA,IMBIRIBEIRA,AV MARECHAL MASCARENHAS DE MORAES,,CIDADE,COLISÃO FRONTAL,1,0,0,0,0,0,0,1,0,0,0,Longo da via,Bom,Perfeito estado,Seca,Perfeito estado,Não há placas,,Única,Faixa seccionada
2022-09-15 00:00:00,,COM VÍTIMA,HIPÓDROMO,EST DE BELEM,201,,COLISÃO LATERAL,1,1,0,0,0,0,0,0,0,1,0,Cruzamento,Bom,Perfeito estado,Seca,Perfeito estado,R-6a,,Dupla,Não existe
2022-09-16 00:00:00,,COM VÍTIMA,MADALENA,RUA JOSE OSORIO,,SUBURBIO,ATROPELAMENTO DE PESSOA,0,1,0,0,1,0,0,0,0,2,0,Longo da via,Bom,Perfeito estado,Seca,Perfeito estado,Outras,40 km/h,Dupla,Faixa contínua
2022-09-16 00:00:00,,COM VÍTIMA,SANTO AMARO,AV CRUZ CABUGA,468,CIDADE,ATROPELAMENTO DE PESSOA,0,1,0,0,1,0,0,0,0,1,0,Longo da via,Bom,Perfeito estado,Seca,Perfeito estado,Não há placas,60 km/h,Única,Faixa seccionada
2022-09-16 00:00:00,,COM VÍTIMA,CAXANGÁ,AV CAXANGA,,CIDADE,ATROPELAMENTO DE PESSOA,0,1,0,0,1,0,0,0,0,1,0,Longo da via,Bom,Perfeito estado,Seca,Perfeito estado,Não há placas,60 km/h,Dupla,Canteiro central
2022-09-16 00:00:00,,COM VÍTIMA,CASA AMARELA,AV NORTE MIGUEL ARRAES DE ALENCAR,677,SUBURBIO,COLISÃO LATERAL,1,1,0,0,0,0,0,0,0,1,0,Cruzamento,Bom,Perfeito estado,Seca,Perfeito estado,Não há placas,,Única,Canteiro central
2022-09-16 00:00:00,,COM VÍTIMA,APIPUCOS,RUA DE APIPUCOS,1078,,COLISÃO TRASEIRA,0,2,0,0,0,0,0,0,0,1,0,,,,,,,,,
2022-09-16 00:00:00,,COM VÍTIMA,BONGI,EST DO BONGI,,,COLISÃO COM CICLISTA,1,0,0,1,0,0,0,0,0,1,0,,,,,,,,,
2022-09-16 00:00:00,,COM VÍTIMA,SANTO ANTÔNIO,PTE DO LIMOEIRO,243,CIDADE / PREFEITURA DO RECIFE,COLISÃO COM CICLISTA,0,1,0,1,0,0,0,0,0,2,0,Longo da via,Bom,Perfeito estado,Seca,Perfeito estado,Não há placas,60 km/h,Dupla,Faixa contínua
2022-09-16 00:00:00,,COM VÍTIMA,ESPINHEIRO,RUA SANTO ELIAS,,CIDADE,COLISÃO FRONTAL,1,1,0,0,0,0,0,0,0,1,0,Longo da via,Bom,Perfeito estado,Seca,Perfeito estado,R-6a,30 km/h,Dupla,Não existe
2022-09-16 00:00:00,,COM VÍTIMA,PARNAMIRIM,RUA JOAO TUDE DE MELO,,,COLISÃO LATERAL,1,1,0,0,0,0,0,0,0,1,0,,,,,,,,,