data,hora,natureza,bairro,endereco,num_semaforo,sentido_via,tipo,auto,moto,ciclom,ciclista,pedestre,onibus,caminhao,viatura,outros,vitimas,vitimasfatais,acidente_verificado,tempo_clima,sinalizacao,condicao_via,conservacao_via,situacao_placa,velocidade_max_via,mao_direcao,divisao_via1
2022-09-17 00:00:00,,COM VÍTIMA,AFOGADOS,EST DOS REMEDIOS,,CIDADE,COLISÃO LATERAL,1,1,0,0,0,0,0,0,0,1,0,Longo da via,Bom,Incompleta,Seca,Perfeito estado,R-6a,60 km/h,Única,Faixa seccionada
2022-09-17 00:00:00,,COM VÍTIMA,SANTO AMARO,RUA DOS PALMARES,,SUBURBIO,COLISÃO LATERAL,1,1,0,0,0,0,0,0,0,1,0,Cruzamento,Bom,Perfeito estado,Seca,Perfeito estado,Outras,,Única,Faixa
2022-09-17 00:00:00,,COM VÍTIMA,ARRUDA,AV BEBERIBE,,,COLISÃO TRASEIRA,1,1,0,0,0,0,0,0,0,1,0,Cruzamento,Bom,Incompleta,Seca,Perfeito estado,Outras,,Dupla,Faixa contínua
2022-09-17 00:00:00,,COM VÍTIMA,ALTO JOSÉ DO PINHO,RUA HORACIO SILVA,,,COLISÃO LATERAL,1,1,0,0,0,0,0,0,0,1,0,,,,,,,,,
2022-09-17 00:00:00,,COM VÍTIMA,BOMBA DO HEMETÉRIO,RUA ARLINDO CISNEIRO,,SUBURBIO,COLISÃO LATERAL,2,1,0,0,0,0,0,0,0,1,0,Longo da via,Bom,Não existente,Seca,Perfeito estado,Não há placas,40 km/h,Dupla,Não existe
2022-09-17 00:00:00,,COM VÍTIMA,BOA VIAGEM,RUA BALTAZAR PASSOS,154,SUBURBIO,COLISÃO COM CICLISTA,1,0,0,1,0,0,0,0,0,1,0,Cruzamento,Bom,Perfeito estado,Seca,Perfeito estado,Outras,40 km/h,Única,Faixa contínua
2022-09-17 00:00:00,,SEM VÍTIMA,PINA,AV HERCULANO BANDEIRA,,,CHOQUE,1,0,0,0,0,0,0,0,0,0,0,,,,,,,,,
2022-09-17 00:00:00,,SEM VÍTIMA,MUSTARDINHA,AV MANOEL GONCALVES DA LUZ,,SUBURBIO,COLISÃO TRASEIRA,1,0,0,0,0,0,0,1,0,0,0,Longo da via,Bom,Perfeito estado,Seca,Perfeito estado,Não há placas,30 km/h,Dupla,Faixa seccionada
2022-09-18 00:00:00,,COM VÍTIMA,IBURA,AV JORNALISTA COSTA PORTO,,,COLISÃO FRONTAL,0,2,0,0,0,0,0,0,0,2,0,Longo da via,Bom,,Seca,Perfeito estado,,,Dupla,Não existe
2022-09-18 00:00:00,,SEM VÍTIMA,CORDEIRO,AV INACIO MONTEIRO,,SUBURBIO,COLISÃO TRASEIRA,2,0,0,0,0,0,0,0,0,0,0,Longo da via,Bom,Perfeito estado,Seca,Perfeito estado,Não há placas,,Única,Faixa seccionada
2022-09-18 00:00:00,,COM VÍTIMA,SANCHO,AV LIBERDADE,,,COLISÃO FRONTAL,1,1,0,0,0,0,0,0,0,1,0,,,,,,,,,
2022-09-18 00:00:00,,COM VÍTIMA,BOA VISTA,RUA DO HOSPICIO,32,SUBURBIO,COLISÃO FRONTAL,1,1,0,0,0,0,0,0,0,1,0,Cruzamento,Bom,Perfeito estado,Seca,Perfeito estado,Não há placas,60 km/h,Única,Faixa contínua
2022-09-18 00:00:00,,COM VÍTIMA,AFOGADOS,RUA SAO MIGUEL,,SUBURBIO,COLISÃO TRASEIRA,1,1,0,0,0,0,0,0,0,2,0,Cruzamento,Bom,Não existente,Seca,Perfeito estado,Não há placas,,Dupla,Faixa seccionada
2022-09-18 00:00:00,,COM VÍTIMA,IPSEP,AV RECIFE,130,CIDADE,COLISÃO TRASEIRA,1,1,0,0,0,0,0,0,0,1,0,Cruzamento,Bom,Perfeito estado,Seca,Perfeito estado,Não há placas,60 km/h,Única,Faixa contínua
2022-09-18 00:00:00,,SEM VÍTIMA,AFOGADOS,RUA TRES DE AGOSTO,,,COLISÃO LATERAL,2,0,0,0,0,1,0,0,0,0,0,,,,,,,,,
2022-09-18 00:00:00,,SEM VÍTIMA,BOA VIAGEM,AV CONSELHEIRO AGUIAR,318,SUBURBIO,,1,1,0,0,0,0,0,0,0,0,0,Longo da via,Bom,Perfeito estado,Seca,Perfeito estado,R-6a,,Única,Faixa seccionada
2022-09-18 00:00:00,,COM VÍTIMA,BOA VIAGEM,RUA FELIX DE BRITO E MELO,,SUBURBIO,COLISÃO LATERAL,2,0,0,0,0,0,0,0,0,1,0,Cruzamento,Bom,Perfeito estado,Seca,Perfeito estado,"Placas ""Pare""",30 km/h,Única,Faixa seccionada
2022-09-18 00:00:00,,SEM VÍTIMA,BOMBA DO HEMETÉRIO,RUA CORREGO DO EUCLIDES,,,CHOQUE,1,3,0,0,0,0,0,0,0,0,0,,,,,,,,,
2022-09-19 00:00:00,,COM VÍTIMA,ARRUDA,AV BEBERIBE,64,CIDADE,COLISÃO FRONTAL,0,0,0,1,0,1,0,0,0,2,0,Esquina,Bom,Perfeito estado,Seca,Perfeito estado,R-6a,30 km/h,Dupla,Faixa contínua
2022-09-19 00:00:00,,COM VÍTIMA,JIQUIÁ,RUA SAO MIGUEL,,CIDADE,COLISÃO TRASEIRA,2,1,0,0,0,0,0,0,0,1,0,Longo da via,Bom,Incompleta,Seca,Perfeito estado,R-6c,60 km/h,Dupla,Faixa contínua
2022-09-19 00:00:00,,SEM VÍTIMA,ESPINHEIRO,AV GOVERNADOR AGAMENON MAGALHAES,78,CIDADE,,1,0,0,0,0,1,0,0,0,0,0,Cruzamento,Bom,Perfeito estado,Seca,Perfeito estado,,60 km/h,Única,Canteiro central
2022-09-19 00:00:00,,COM VÍTIMA,SÃO JOSÉ,AV SUL,,CIDADE,COLISÃO FRONTAL,1,1,0,0,0,0,0,0,0,1,0,Longo da via,Bom,Perfeito estado,Seca,Perfeito estado,Não há placas,,Única,Faixa contínua
2022-09-19 00:00:00,,COM VÍTIMA,AFOGADOS,RUA COSME VIANA,,,ATROPELAMENTO DE PESSOA,0,0,0,0,1,1,0,0,0,1,0,,,,,,,,,
2022-09-19 00:00:00,,COM VÍTIMA,AFOGADOS,RUA SAO MIGUEL,,,COLISÃO LATERAL,0,1,0,0,0,0,0,1,0,1,0,Longo da via,Bom,Ilegível,Seca,Perfeito estado,Não há placas,60 km/h,Dupla,Faixa contínua
2022-09-19 00:00:00,,COM VÍTIMA,SANTO AMARO,RUA TREZE DE MAIO,427,,COLISÃO LATERAL,1,1,0,0,0,0,0,0,0,1,0,Cruzamento,Bom,Perfeito estado,Seca,Perfeito estado,Não há placas,40 km/h,Dupla,Faixa
2022-09-19 00:00:00,,COM VÍTIMA,AFOGADOS,RUA SAO MIGUEL,,SUBURBIO,COLISÃO LATERAL,1,1,0,0,0,0,0,0,0,1,0,Longo da via,Bom,Perfeito estado,Seca,Perfeito estado,Não há placas,60 km/h,Dupla,Faixa contínua
2022-09-19 00:00:00,,COM VÍTIMA,BOA VISTA,RUA BISPO CARDOSO AYRES,,,COLISÃO LATERAL,1,1,0,0,0,0,0,0,0,1,0,Cruzamento,Bom,Perfeito estado,,Perfeito estado,R-6a,40 km/h,Única,Não existe
2022-09-20 00:00:00,,COM VÍTIMA,IMBIRIBEIRA,AV PINHEIROS,,,COLISÃO TRASEIRA,1,1,0,0,0,0,0,0,0,2,0,Longo da via,Bom,Perfeito estado,Seca,Perfeito estado,Outras,30 km/h,Dupla,Faixa contínua
2022-09-20 00:00:00,,SEM VÍTIMA,BOA VIAGEM,AV BOA VIAGEM,118,CIDADE,COLISÃO TRASEIRA,2,0,0,0,0,0,0,1,0,0,0,Longo da via,Bom,Perfeito estado,Seca,Perfeito estado,R-6a,60 km/h,Única,Faixa seccionada
2022-09-20 00:00:00,,COM VÍTIMA,CASA AMARELA,EST DO ARRAIAL,,,COLISÃO LATERAL,1,1,0,0,0,0,0,0,0,1,0,Longo da via,Bom,Incompleta,Seca,Perfeito estado,Outras,,Única,Não existe
2022-09-20 00:00:00,,COM VÍTIMA,JOANA BEZERRA,AV DES GUERRA BARRETO,38,CIDADE,COLISÃO LATERAL,1,1,0,0,0,0,0,0,0,1,0,Longo da via,Bom,Perfeito estado,Seca,Perfeito estado,Outras,,Dupla,Faixa contínua
2022-09-20 00:00:00,,COM VÍTIMA,DERBY,AV GOVERNADOR AGAMENON MAGALHAES,68,,COLISÃO LATERAL,1,1,0,0,0,0,0,0,0,1,0,Longo da via,Bom,Perfeito estado,Seca,Perfeito estado,Outras,60 km/h,Dupla,Canal
2022-09-20 00:00:00,,SEM VÍTIMA,BAIRRO DO RECIFE,CAIS DO APOLO,19,SUBURBIO,,2,0,0,0,0,0,0,0,1,0,0,Longo da via,Bom,Perfeito estado,Seca,Perfeito estado,Outras,,Dupla,Canteiro central
2022-09-20 00:00:00,,COM VÍTIMA,IMBIRIBEIRA,RUA ITACARI,,,COLISÃO FRONTAL,1,1,0,0,0,0,0,0,0,1,0,Cruzamento,Bom,Perfeito estado,Seca,Perfeito estado,"Placas ""Pare""",40 km/h,,Faixa contínua
2022-09-20 00:00:00,,COM VÍTIMA,MADALENA,AV BEIRA RIO,,SUBURBIO,ATROPELAMENTO DE PESSOA,1,0,0,0,1,0,0,0,0,1,0,Longo da via,Bom,Perfeito estado,Seca,Perfeito estado,Outras,40 km/h,Dupla,Faixa contínua
2022-09-20 00:00:00,,SEM VÍTIMA,ESPINHEIRO,RUA BARAO DE ITAMARACA,,SUBURBIO,COLISÃO FRONTAL,2,0,0,0,0,0,0,0,0,0,0,Longo da via,Bom,Perfeito estado,Seca,Perfeito estado,Outras,30 km/h,Dupla,Não existe
2022-09-20 00:00:00,,SEM VÍTIMA,BOA VIAGEM,RUA CORONEL ANIZIO RODRIGUES COELHO,,SUBURBIO,COLISÃO TRANSVERSAL,2,0,0,0,0,0,0,0,0,0,0,Cruzamento,Bom,Perfeito estado,Seca,Perfeito estado,"Placas ""Pare""",,Única,Não existe
2022-09-20 00:00:00,,COM VÍTIMA,IPSEP,AV RECIFE,55,,COLISÃO LATERAL,0,2,0,0,0,0,0,0,0,1,0,,,,,,,,,
2022-09-21 00:00:00,,COM VÍTIMA,BAIRRO DO RECIFE,PTE GIRATORIA,,,COLISÃO TRASEIRA,1,1,0,0,0,0,0,0,0,1,0,Longo da via,Bom,Perfeito estado,Seca,Perfeito estado,Não há placas,,Dupla,Canteiro central
2022-09-21 00:00:00,,COM VÍTIMA,AREIAS,AV DR JOSE RUFINO,,,COLISÃO LATERAL,1,1,0,0,0,0,0,0,0,1,0,Longo da via,Bom,Perfeito estado,Seca,Perfeito estado,Não há placas,50 km/h,Dupla,Faixa contínua
2022-09-21 00:00:00,,COM VÍTIMA,JOANA BEZERRA,VDO PAPA JOAO PAULO II,,,COLISÃO TRASEIRA,1,1,0,0,0,0,0,0,0,1,0,Longo da via,Bom,Perfeito estado,Seca,Perfeito estado,Não há placas,60 km/h,Única,
2022-09-21 00:00:00,,SEM VÍTIMA,DOIS IRMÃOS,PRC FARIAS NEVES,,,,1,1,0,0,0,0,0,0,0,0,0,Longo da via,Bom,Incompleta,Seca,Mal conservada,Outras,,Única,Não existe
2022-09-21 00:00:00,,COM VÍTIMA,BOA VIAGEM,RUA MARIA CAROLINA,,,COLISÃO FRONTAL,0,2,0,0,0,0,0,0,0,1,0,,,,,,,,,
2022-09-21 00:00:00,,COM VÍTIMA,VÁRZEA,AV CAXANGA,,SUBURBIO,COLISÃO TRASEIRA,1,1,0,0,0,0,0,0,0,1,0,Longo da via,Bom,Perfeito estado,Seca,Perfeito estado,R-19,60 km/h,Dupla,Faixa seccionada
2022-09-21 00:00:00,,SEM VÍTIMA,TORRE,RUA MARCOS ANDRE,,,COLISÃO TRASEIRA,1,0,0,0,0,0,0,0,0,0,0,,,,,,,,,
2022-09-21 00:00:00,,COM VÍTIMA,SÃO JOSÉ,AV MARTINS DE BARROS,,,ATROPELAMENTO DE PESSOA,0,0,0,0,1,1,0,0,0,1,0,Longo da via,Bom,Perfeito estado,Seca,Perfeito estado,Não há placas,,Única,Não existe
2022-09-21 00:00:00,,COM VÍTIMA,IPSEP,AV RECIFE,,SUBURBIO,COLISÃO LATERAL,1,1,0,0,0,0,0,0,0,1,0,Longo da via,Bom,Perfeito estado,Seca,Perfeito estado,Não há placas,60 km/h,Dupla,Canteiro central
2022-09-21 00:00:00,,COM VÍTIMA,IMBIRIBEIRA,RUA ENGENHEIRO JOSE BRANDAO CAVALCANTE,,,COLISÃO LATERAL,1,1,0,0,0,0,0,0,0,1,0,,,,,,,,,
2022-09-21 00:00:00,,COM VÍTIMA,TORRE,RUA PADRE LANDIM,,,COLISÃO LATERAL,0,2,0,0,0,0,0,0,0,3,0,Cruzamento,Bom,Perfeito estado,Seca,Perfeito estado,"Placas ""Pare""",,Única,Outros
2022-09-22 00:00:00,,COM VÍTIMA,TAMARINEIRA,AV PROFESSOR JOSE DOS ANJOS,,,QUEDA,0,1,0,0,0,0,0,0,0,1,0,,,,,,,,,
2022-09-22 00:00:00,,COM VÍTIMA,ÁGUA FRIA,AV BEBERIBE,405,SUBURBIO,COLISÃO LATERAL,1,1,0,0,0,0,0,0,0,1,0,Cruzamento,Bom,Perfeito estado,Seca,Perfeito estado,Não há placas,60 km/h,Única,Faixa contínua
2022-09-22 00:00:00,,COM VÍTIMA,IMBIRIBEIRA,AV PRESIDENTE DUTRA,,,COLISÃO COM CICLISTA,0,1,0,1,0,0,0,0,0,1,0,Longo da via,Bom,Perfeito estado,Seca,Perfeito estado,Outras,,Dupla,Canteiro central
2022-09-22 00:00:00,,SEM VÍTIMA,IMBIRIBEIRA,AV MARECHAL MASCARENHAS DE MORAES,631,SUBURBIO,COLISÃO TRASEIRA,1,1,0,0,0,0,0,0,0,0,0,Longo da via,Bom,Perfeito estado,Seca,Perfeito estado,R-4b,,Única,Faixa contínua
2022-09-22 00:00:00,,COM VÍTIMA,CAXANGÁ,AV CAXANGA,,CIDADE,COLISÃO LATERAL,0,2,0,0,0,0,0,0,0,3,0,Longo da via,Bom,Perfeito estado,Molhada,Perfeito estado,Não há placas,,Única,Faixa seccionada
2022-09-22 00:00:00,,COM VÍTIMA,IMBIRIBEIRA,RUA ITACARI,,,COLISÃO LATERAL,2,1,0,0,0,0,0,0,0,1,0,Cruzamento,Bom,Ilegível,Seca,Mal iluminada,"Placas ""Pare""",40 km/h,Única,Faixa seccionada
2022-09-23 00:00:00,,COM VÍTIMA,TORRE,AV BEIRA RIO,,,COLISÃO LATERAL,1,1,0,0,0,0,0,0,0,1,0,Longo da via,Bom,Perfeito estado,Seca,Perfeito estado,Não há placas,40 km/h,Dupla,Faixa contínua
2022-09-23 00:00:00,,COM VÍTIMA,ILHA JOANA BEZERRA,VIADUTO CAPITAO TEMUDO,,,CHOQUE,1,0,0,0,0,0,0,0,0,1,0,Viaduto,Bom,Perfeito estado,Seca,Perfeito estado,Não há placas,,Dupla,Outros
2022-09-23 00:00:00,,COM VÍTIMA,BEBERIBE,AV BEBERIBE,,,COLISÃO LATERAL,1,1,0,0,0,0,0,0,0,3,0,Cruzamento,Bom,Perfeito estado,Seca,Mal conservada,Outras,,Dupla,Não existe
2022-09-23 00:00:00,,COM VÍTIMA,SAN MARTIN,AV GENERAL SAN MARTIN,,,COLISÃO TRASEIRA,1,1,0,0,0,0,0,0,0,1,0,Longo da via,Bom,Perfeito estado,Seca,Perfeito estado,Não há placas,30 km/h,Dupla,Não existe
2022-09-23 00:00:00,,COM VÍTIMA,BOA VIAGEM,AV ENGENHEIRO DOMINGOS FERREIRA,,,COLISÃO LATERAL,1,1,0,0,0,0,0,0,0,1,0,Longo da via,Bom,Perfeito estado,Seca,Perfeito estado,Não há placas,,Única,Faixa seccionada
2022-09-23 00:00:00,,COM VÍTIMA,BOA VIAGEM,AV ENGENHEIRO DOMINGOS FERREIRA,,SUBURBIO,ATROPELAMENTO DE PESSOA,0,0,0,0,1,1,0,0,0,1,0,Longo da via,Bom,Perfeito estado,Seca,Perfeito estado,Não há placas,,Única,Não existe
2022-09-23 00:00:00,,COM VÍTIMA,JARDIM SÃO PAULO,RUA LORENA,,,COLISÃO FRONTAL,1,1,0,0,0,0,0,0,0,1,0,Cruzamento,Bom,Incompleta,Seca,Perfeito estado,"Placas ""Pare""",,,
2022-09-23 00:00:00,,COM VÍTIMA,DERBY,AV GOVERNADOR AGAMENON MAGALHAES,68,,COLISÃO LATERAL,0,2,0,0,0,0,0,0,0,2,0,Cruzamento,Bom,Perfeito estado,Seca,Perfeito estado,Não há placas,60 km/h,Única,Canal
2022-09-23 00:00:00,,COM VÍTIMA,AREIAS,AV RECIFE,,SUBURBIO,COLISÃO COM CICLISTA,0,1,0,1,0,0,0,0,0,3,0,,,,,,,,,
2022-09-23 00:00:00,,COM VÍTIMA,BOMBA DO HEMETÉRIO,RUA CHA DE ALEGRIA,,,COLISÃO FRONTAL,0,0,0,0,0,0,0,0,0,1,0,,,,,,,,,
2022-09-24 00:00:00,,COM VÍTIMA,PORTO DA MADEIRA,AV BEBERIBE,,,COLISÃO LATERAL,0,2,0,0,0,0,0,0,0,2,0,Longo da via,Bom,Perfeito estado,Seca,Perfeito estado,Outras,,Dupla,Faixa seccionada
2022-09-24 00:00:00,,COM VÍTIMA,PAISSANDU,AV GOVERNADOR AGAMENON MAGALHAES,,,ATROPELAMENTO DE PESSOA,0,0,0,0,1,0,1,0,0,1,0,Longo da via,Bom,Perfeito estado,Seca,Perfeito estado,R-6a,,Dupla,Canteiro central
2022-09-24 00:00:00,,COM VÍTIMA,TORRE,RUA REAL DA TORRE,,,COLISÃO LATERAL,1,1,0,0,0,0,0,0,0,1,0,Longo da via,Bom,Perfeito estado,Seca,Perfeito estado,Outras,,Única,Faixa seccionada
2022-09-24 00:00:00,,SEM VÍTIMA,TORRE,AV VISCONDE DE ALBUQUERQUE,,,COLISÃO TRASEIRA,0,0,0,0,0,0,0,0,0,0,0,,,,,,,,,
2022-09-24 00:00:00,,COM VÍTIMA,ROSARINHO,AV SANTOS DUMONT,,,COLISÃO TRASEIRA,1,1,0,0,0,0,0,0,0,1,0,,,,,,,,,
2022-09-24 00:00:00,,SEM VÍTIMA,JARDIM SÃO PAULO,AV RECIFE,,,COLISÃO TRASEIRA,1,0,0,0,0,0,0,1,0,0,0,,,,,,,,,
2022-09-24 00:00:00,,COM VÍTIMA,IPSEP,AV RECIFE,,,CHOQUE,0,0,0,0,0,0,0,0,0,2,0,Longo da via,Bom,Perfeito estado,Seca,Perfeito estado,Não há placas,,Dupla,Faixa contínua
2022-09-25 00:00:00,,COM VÍTIMA,BAIRRO DO RECIFE,AV ALFREDO LISBOA,,,ATROPELAMENTO DE PESSOA,1,0,0,0,1,0,0,0,0,1,0,Longo da via,Bom,Perfeito estado,Seca,Perfeito estado,R-6a,30 km/h,Única,
2022-09-26 00:00:00,,COM VÍTIMA,MADALENA,AV VISCONDE DE ALBUQUERQUE,,CIDADE,COLISÃO LATERAL,1,1,0,0,0,0,0,0,0,1,0,Cruzamento,Bom,Perfeito estado,Seca,Perfeito estado,Outras,,Única,Faixa seccionada
2022-09-26 00:00:00,,COM VÍTIMA,ESTÂNCIA,RUA JOAO TEIXEIRA,,,COLISÃO LATERAL,1,0,0,0,0,1,0,0,0,1,0,,,,,,,,,
2022-09-26 00:00:00,,COM VÍTIMA,BOA VISTA,RUA DR LEOPOLDO LINS,78,,COLISÃO TRASEIRA,1,1,0,0,0,0,0,0,0,1,0,Cruzamento,Bom,Perfeito estado,Seca,Perfeito estado,Não há placas,60 km/h,Única,Faixa seccionada
2022-09-26 00:00:00,,SEM VÍTIMA,IMBIRIBEIRA,AV MARECHAL MASCARENHAS DE MORAES,,CIDADE,COLISÃO TRANSVERSAL,1,0,0,0,0,0,1,0,0,0,0,Longo da via,Bom,Perfeito estado,Seca,Perfeito estado,Não há placas,,Única,Canteiro central
2022-09-26 00:00:00,,COM VÍTIMA,BOA VISTA,RUA DR LEOPOLDO LINS,78,,QUEDA,0,1,0,0,0,0,0,0,0,1,0,Cruzamento,Bom,Perfeito estado,Seca,Perfeito estado,Não há placas,60 km/h,Única,Faixa seccionada
2022-09-26 00:00:00,,COM VÍTIMA,BOA VIAGEM,AV ENGENHEIRO DOMINGOS FERREIRA,216,,COLISÃO LATERAL,1,1,0,0,0,0,0,0,0,1,0,Cruzamento,Bom,Perfeito estado,Seca,Perfeito estado,Outras,,Única,Canteiro central
2022-09-26 00:00:00,,COM VÍTIMA,SANTO AMARO,AV CRUZ CABUGA,,CIDADE,COLISÃO LATERAL,1,1,0,0,0,0,0,0,0,1,0,Longo da via,Bom,Perfeito estado,Seca,Perfeito estado,Não há placas,60 km/h,Dupla,Faixa contínua
2022-09-26 00:00:00,,COM VÍTIMA,SANTO AMARO,AV CRUZ CABUGA,343,,COLISÃO LATERAL,2,0,0,0,0,0,0,0,0,1,0,Cruzamento,Bom,Perfeito estado,Seca,Perfeito estado,R-6a,,Dupla,Faixa contínua
2022-09-26 00:00:00,,COM VÍTIMA,SANCHO,AV LIBERDADE,,,COLISÃO FRONTAL,1,1,0,0,0,0,0,0,0,1,0,Longo da via,Bom,Ilegível,Seca,Perfeito estado,R-6c,,Dupla,Não existe
2022-09-26 00:00:00,,COM VÍTIMA,DERBY,PRC DO DERBY,,,QUEDA,0,1,0,0,0,0,0,0,0,2,0,Longo da via,Bom,Perfeito estado,Seca,Perfeito estado,Outras,,Dupla,Canteiro central
2022-09-26 00:00:00,,COM VÍTIMA,IMBIRIBEIRA,AV MARECHAL MASCARENHAS DE MORAES,,,ATROPELAMENTO DE PESSOA,0,1,0,0,1,0,0,0,0,1,0,Longo da via,Bom,Perfeito estado,Seca,Perfeito estado,Não há placas,60 km/h,Única,Faixa seccionada
2022-09-26 00:00:00,,COM VÍTIMA,CAMPO GRANDE,RUA PROFESSOR FRANCISCO DA TRINDADE,,,COLISÃO FRONTAL,1,1,0,0,0,0,0,0,0,2,0,,,,,,,,,
2022-09-26 00:00:00,,COM VÍTIMA,TORRE,RUA JOSE BONIFACIO,,,COLISÃO TRASEIRA,1,1,0,0,0,0,0,0,0,1,0,,,,,,,,,
2022-09-26 00:00:00,,COM VÍTIMA,ILHA DO RETIRO,RUA PROFESSOR BENEDITO MONTEIRO,,,COLISÃO LATERAL,1,1,0,0,0,0,0,0,0,1,0,,,,,,,,,
2022-09-27 00:00:00,,COM VÍTIMA,BOMBA DO HEMETÉRIO,RUA BOMBA DO HEMETERIO,,SUBURBIO,COLISÃO FRONTAL,1,1,0,0,0,0,0,0,0,2,0,Longo da via,Bom,Perfeito estado,Seca,Perfeito estado,R-6a,,Dupla,Não existe
2022-09-27 00:00:00,,COM VÍTIMA,CAXANGÁ,AV CAXANGA,,,COLISÃO TRASEIRA,1,1,0,0,0,0,0,0,0,1,0,Longo da via,Bom,Perfeito estado,Seca,Perfeito estado,Não há placas,,Dupla,Canteiro central
2022-09-27 00:00:00,,COM VÍTIMA,CORDEIRO,AV GENERAL SAN MARTIN,,,COLISÃO LATERAL,1,1,0,0,0,0,0,0,0,1,0,Longo da via,Bom,Ilegível,Seca,Perfeito estado,Não há placas,,Dupla,
2022-09-27 00:00:00,,COM VÍTIMA,VÁRZEA,AV PROFESSOR ARTUR DE SA,,,COLISÃO LATERAL,1,1,0,0,0,0,0,0,0,1,0,Longo da via,Bom,Perfeito estado,Seca,Perfeito estado,R-6a,,Dupla,Faixa contínua
2022-09-27 00:00:00,,COM VÍTIMA,CAXANGÁ,AV MAURICIO DE NASSAU,,,COLISÃO TRANSVERSAL,1,1,0,0,0,0,0,0,0,1,0,Longo da via,Bom,Perfeito estado,Seca,Perfeito estado,Não há placas,,Dupla,Faixa contínua
2022-09-27 00:00:00,,COM VÍTIMA,MADALENA,AV VISCONDE DE ALBUQUERQUE,,,COLISÃO FRONTAL,1,1,0,0,0,0,0,0,0,1,0,Cruzamento,Bom,Incompleta,Seca,Perfeito estado,"Placas ""Pare""",60 km/h,Única,Faixa contínua
2022-09-27 00:00:00,,SEM VÍTIMA,DOIS UNIDOS,RUA VILA FLOR,,SUBURBIO,COLISÃO FRONTAL,1,1,0,0,0,0,0,0,0,0,0,,,,,,,,,
2022-09-27 00:00:00,,COM VÍTIMA,BEBERIBE,AV ANIBAL BENEVOLO,,,COLISÃO LATERAL,1,1,0,0,0,0,0,0,0,1,0,,,,,,,,,
2022-09-27 00:00:00,,COM VÍTIMA,CABANGA,RUA GENERAL ESTILAC LEAL,,,COLISÃO TRASEIRA,1,0,0,0,0,0,0,0,0,1,0,,,,,,,,,
2022-09-28 00:00:00,,COM VÍTIMA,ESPINHEIRO,RUA CONS PORTELA,,,COLISÃO LATERAL,1,1,0,0,0,0,0,0,0,1,0,Longo da via,Bom,Perfeito estado,Seca,Perfeito estado,Outras,30 km/h,Única,Não existe
2022-09-28 00:00:00,,COM VÍTIMA,IBURA,AV RECIFE,,,ATROPELAMENTO DE PESSOA,0,1,0,0,1,0,0,0,0,2,0,Longo da via,Bom,Perfeito estado,Seca,Perfeito estado,Não há placas,,Dupla,Não existe
2022-09-28 00:00:00,,SEM VÍTIMA,AFLITOS,AV SANTOS DUMONT,,SUBURBIO,CHOQUE,2,0,0,0,0,0,0,0,0,0,0,Longo da via,Bom,Perfeito estado,Seca,Perfeito estado,R-6a,30 km/h,Única,
2022-09-28 00:00:00,,COM VÍTIMA,IMBIRIBEIRA,AV MARECHAL MASCARENHAS DE MORAES,,,COLISÃO TRASEIRA,0,2,0,0,0,0,0,0,0,1,0,Longo da via,Bom,Perfeito estado,Seca,Perfeito estado,R-6a,60 km/h,Dupla,Canteiro central
2022-09-28 00:00:00,,COM VÍTIMA,GRAÇAS,RUA DAS PERNAMBUCANAS,600,SUBURBIO,COLISÃO TRANSVERSAL,1,1,0,0,0,0,0,0,0,1,0,Cruzamento,Bom,Perfeito estado,Seca,Perfeito estado,R-6a,,Dupla,Faixa seccionada
2022-09-29 00:00:00,,COM VÍTIMA,TEJIPIÓ,RUA LEANDRO BARRETO,,,QUEDA,0,1,0,0,0,0,0,0,0,1,0,,,,,,,,,
2022-09-29 00:00:00,,COM VÍTIMA,,RUA SAO MIGUEL,,,COLISÃO FRONTAL,1,1,0,0,0,0,0,0,0,1,0,,,,,,,,,
2022-09-29 00:00:00,,COM VÍTIMA,DERBY,RUA HENRIQUE DIAS,,,COLISÃO TRASEIRA,1,1,0,0,0,0,0,0,0,1,0,Longo da via,Bom,Perfeito estado,Seca,Perfeito estado,Outras,,Dupla,Faixa seccionada
2022-09-29 00:00:00,,COM VÍTIMA,AFOGADOS,RUA SAO MIGUEL,,,COLISÃO LATERAL,1,2,0,0,0,0,0,0,0,1,0,Longo da via,Bom,Perfeito estado,Seca,Perfeito estado,Não há placas,,Dupla,Faixa contínua
2022-09-29 00:00:00,,COM VÍTIMA,CIDADE UNIVERSITÁRIA,AV PROFESSOR LUIZ FREIRE,,,COLISÃO TRASEIRA,0,2,0,0,0,0,0,0,0,2,0,Longo da via,Bom,Perfeito estado,Seca,Perfeito estado,Não há placas,40 km/h,Dupla,Faixa seccionada
2022-09-29 00:00:00,,COM VÍTIMA,BARRO,AV DR JOSE RUFINO,,,COLISÃO LATERAL,1,1,0,0,0,0,0,0,0,1,0,,,,,,,,,
2022-09-29 00:00:00,,SEM VÍTIMA,BOA VIAGEM,AV MARECHAL MASCARENHAS DE MORAES,,CIDADE,,1,0,0,0,0,0,0,1,0,0,0,Longo da via,Bom,Perfeito estado,Seca,Perfeito estado,Não há placas,60 km/h,Única,Faixa contínua
2022-09-29 00:00:00,,COM VÍTIMA,DOIS IRMÃOS,RUA DOIS IRMAOS,,,QUEDA,0,1,0,0,0,0,0,0,0,1,0,Longo da via,Bom,Perfeito estado,Seca,Perfeito estado,R-6a,,Dupla,Faixa contínua
2022-09-29 00:00:00,,SEM VÍTIMA,BOA VIAGEM,RUA BALTAZAR PASSOS,,,COLISÃO LATERAL,1,0,0,0,0,0,1,0,0,0,0,,,,,,,,,
2022-09-29 00:00:00,,SEM VÍTIMA,BOA VIAGEM,AV BOA VIAGEM,547,CIDADE,COLISÃO TRASEIRA,2,0,0,0,0,0,0,0,0,0,0,Longo da via,Bom,Perfeito estado,Seca,Perfeito estado,,,Única,Faixa seccionada