data,hora,natureza,bairro,endereco,num_semaforo,sentido_via,tipo,auto,moto,ciclom,ciclista,pedestre,onibus,caminhao,viatura,outros,vitimas,vitimasfatais,acidente_verificado,tempo_clima,sinalizacao,condicao_via,conservacao_via,situacao_placa,velocidade_max_via,mao_direcao,divisao_via1
2022-10-27 00:00:00,,SEM VÍTIMA,ILHA DO LEITE,VIADUTO CAPITAO TEMUDO,,,COLISÃO TRASEIRA,2,0,0,0,0,0,0,0,0,0,0,,,,,,,,,
2022-10-27 00:00:00,,COM VÍTIMA,ARRUDA,RUA PETRONILA BOTELHO,554,,COLISÃO FRONTAL,2,0,0,0,0,0,0,0,0,1,0,Cruzamento,Bom,Perfeito estado,Seca,Perfeito estado,Não há placas,,Dupla,
2022-10-27 00:00:00,,SEM VÍTIMA,SANTO ANTÔNIO,PTE PRINCESA IZABEL,,,COLISÃO TRASEIRA,2,0,0,0,0,0,0,0,0,0,0,Longo da via,Bom,Perfeito estado,Seca,Perfeito estado,Não há placas,,Dupla,Faixa contínua
2022-10-27 00:00:00,,COM VÍTIMA,BOA VIAGEM,RUA CAPITAO REBELINHO,,SUBURBIO,COLISÃO FRONTAL,1,1,0,0,0,0,0,0,0,1,0,Cruzamento,Bom,Perfeito estado,Seca,Perfeito estado,Não há placas,,Única,Não existe
2022-10-27 00:00:00,,COM VÍTIMA,DERBY,AV GOVERNADOR AGAMENON MAGALHAES,75,SUBURBIO,COLISÃO LATERAL,1,1,0,0,0,0,0,0,0,1,0,Cruzamento,Bom,Perfeito estado,Seca,Perfeito estado,Outras,60 km/h,Dupla,
2022-10-27 00:00:00,,SEM VÍTIMA,PARNAMIRIM,AV DEZESSETE DE AGOSTO,,,CHOQUE,1,0,0,0,0,0,0,0,0,0,0,Longo da via,Bom,Perfeito estado,Seca,Perfeito estado,,,Dupla,Faixa contínua
2022-10-28 00:00:00,,COM VÍTIMA,AFOGADOS,RUA VINTE E UM DE ABRIL,,SUBURBIO,ATROPELAMENTO DE PESSOA,0,1,0,0,1,0,0,0,0,1,0,Longo da via,Bom,,Seca,Perfeito estado,Não há placas,,Dupla,Não existe
2022-10-28 00:00:00,,COM VÍTIMA,SANTO AMARO,AV GOVERNADOR AGAMENON MAGALHAES,,CIDADE,COLISÃO LATERAL,0,2,0,0,0,0,0,0,0,1,0,Longo da via,Bom,Perfeito estado,Seca,Perfeito estado,Não há placas,60 km/h,Única,Faixa seccionada
2022-10-28 00:00:00,,COM VÍTIMA,CORDEIRO,RUA TEOTONIO FREIRE,,CIDADE,COLISÃO LATERAL,1,1,0,0,0,0,0,0,0,1,0,Cruzamento,Bom,Perfeito estado,Seca,Perfeito estado,Não há placas,,Dupla,Faixa seccionada
2022-10-28 00:00:00,,COM VÍTIMA,CAMPO GRANDE,EST DE BELEM,,CIDADE,COLISÃO LATERAL,1,1,0,0,0,0,0,0,0,1,0,Longo da via,Bom,Perfeito estado,Seca,Perfeito estado,R-6a,,Dupla,Faixa contínua
2022-10-28 00:00:00,,COM VÍTIMA,SAN MARTIN,AV RECIFE,,,ATROPELAMENTO DE PESSOA,1,0,0,1,0,0,0,0,0,1,0,,,,,,,,,
2022-10-28 00:00:00,,COM VÍTIMA,ESTÂNCIA,AV JOAO CABRAL DE MELO NETO,259,CIDADE,COLISÃO COM CICLISTA,1,0,0,1,0,0,0,0,0,1,0,Longo da via,Bom,Perfeito estado,Seca,Perfeito estado,Outras,60 km/h,,Canteiro central
2022-10-28 00:00:00,,COM VÍTIMA,TEJIPIÓ,AV DR JOSE RUFINO,,SUBURBIO,COLISÃO LATERAL,1,1,0,0,0,0,0,0,0,1,0,Longo da via,Bom,Incompleta,Seca,Perfeito estado,Não há placas,,Dupla,Faixa contínua
2022-10-28 00:00:00,,COM VÍTIMA,AFOGADOS,RUA SAO MIGUEL,,SUBURBIO,COLISÃO LATERAL,1,1,0,0,0,0,0,0,0,1,0,Longo da via,Bom,Perfeito estado,Seca,Perfeito estado,Não há placas,,Dupla,Faixa contínua
2022-10-28 00:00:00,,COM VÍTIMA,BOA VISTA,RUA DOM BOSCO,27,SUBURBIO,COLISÃO LATERAL,1,1,0,0,0,0,0,0,0,1,0,Cruzamento,Bom,Perfeito estado,Seca,Perfeito estado,Não há placas,40 km/h,Única,Faixa contínua
2022-10-28 00:00:00,,COM VÍTIMA,ILHA DO LEITE,RUA FRANCISCO ALVES,508,SUBURBIO,COLISÃO LATERAL,2,1,0,0,0,0,0,0,0,1,0,Cruzamento,Bom,Perfeito estado,Seca,Perfeito estado,Outras,60 km/h,Dupla,Faixa contínua
2022-10-28 00:00:00,,COM VÍTIMA,BOA VISTA,RUA SETE DE SETEMBRO,486,CIDADE,COLISÃO COM CICLISTA,0,0,0,1,0,1,0,0,0,1,0,Longo da via,Bom,Perfeito estado,Seca,Perfeito estado,Outras,40 km/h,Dupla,Faixa contínua
2022-10-28 00:00:00,,COM VÍTIMA,CASA AMARELA,AV NORTE MIGUEL ARRAES DE ALENCAR,364,,ATROPELAMENTO DE PESSOA,1,0,0,0,1,0,0,0,0,1,0,Cruzamento,Bom,Perfeito estado,Seca,Perfeito estado,,,,
2022-10-28 00:00:00,,COM VÍTIMA,SÃO JOSÉ,AV SUL,311,CIDADE,ATROPELAMENTO DE PESSOA,0,1,0,0,1,0,0,0,0,1,0,Longo da via,Bom,Perfeito estado,Seca,Perfeito estado,Não há placas,60 km/h,Única,Canteiro central
2022-10-28 00:00:00,,COM VÍTIMA,VÁRZEA,RUA ACADEMICO HELIO RAMOS,,SUBURBIO,CHOQUE,1,1,0,0,0,0,0,0,0,1,0,Longo da via,Bom,Perfeito estado,Seca,Perfeito estado,Não há placas,30 km/h,Dupla,Não existe
2022-10-29 00:00:00,,COM VÍTIMA,GRAÇAS,RUA JOAQUIM NABUCO,,SUBURBIO,COLISÃO LATERAL,1,1,0,0,0,0,0,0,0,1,0,Longo da via,Bom,Perfeito estado,Seca,Perfeito estado,Não há placas,,Dupla,Faixa seccionada
2022-10-29 00:00:00,,SEM VÍTIMA,CORDEIRO,RUA GOMES TABORDA,,,COLISÃO LATERAL,0,0,0,0,0,0,0,0,0,0,0,,,,,,,,,
2022-10-29 00:00:00,,COM VÍTIMA,IPUTINGA,AV CAXANGA,533,SUBURBIO,ATROPELAMENTO DE PESSOA,0,1,0,0,2,0,0,0,0,3,0,Longo da via,Bom,Perfeito estado,Seca,Perfeito estado,R-6a,,Dupla,Canteiro central
2022-10-29 00:00:00,,COM VÍTIMA,MADALENA,AV VISCONDE DE ALBUQUERQUE,,SUBURBIO,COLISÃO TRASEIRA,1,1,0,0,0,0,0,0,0,1,0,Cruzamento,Bom,Perfeito estado,Seca,Perfeito estado,"Placas ""Pare""",60 km/h,Única,Faixa seccionada
2022-10-29 00:00:00,,COM VÍTIMA,ESTÂNCIA,AV RECIFE,,,COLISÃO COM CICLISTA,1,0,0,1,0,1,0,0,0,1,0,Longo da via,Bom,Perfeito estado,Seca,Perfeito estado,Não há placas,60 km/h,Única,Faixa seccionada
2022-10-29 00:00:00,,COM VÍTIMA,IMBIRIBEIRA,AV MARECHAL MASCARENHAS DE MORAES,310,SUBURBIO,COLISÃO LATERAL,1,1,0,0,0,0,0,0,0,1,0,Cruzamento,Bom,Perfeito estado,Seca,Perfeito estado,Não há placas,60 km/h,Dupla,Canteiro central
2022-10-29 00:00:00,,COM VÍTIMA,SANTO AMARO,AV CRUZ CABUGA,104,,COLISÃO TRASEIRA,0,0,0,0,0,0,0,0,0,2,0,,,,,,,,,
2022-10-29 00:00:00,,COM VÍTIMA,SANTO AMARO,AV CRUZ CABUGA,343,,COLISÃO FRONTAL,2,0,0,0,0,0,0,0,0,1,0,Cruzamento,Bom,Perfeito estado,Seca,Perfeito estado,Outras,,Dupla,Faixa seccionada
2022-10-29 00:00:00,,COM VÍTIMA,SANTO ANTÔNIO,AV GUARARAPES,14,,COLISÃO LATERAL,1,1,0,0,0,0,0,0,0,1,0,Cruzamento,Bom,Perfeito estado,Seca,Perfeito estado,Não há placas,40 km/h,Dupla,Não existe
2022-10-29 00:00:00,,COM VÍTIMA,SANCHO,AV LIBERDADE,,SUBURBIO,COLISÃO FRONTAL,0,2,0,0,0,0,0,0,0,2,0,Longo da via,Bom,Perfeito estado,Seca,Perfeito estado,Não há placas,,Dupla,Não existe
2022-10-29 00:00:00,,COM VÍTIMA,IBURA,AV DOIS RIOS,561,CIDADE,COLISÃO LATERAL,1,1,0,0,0,0,0,0,0,1,0,Longo da via,Bom,Perfeito estado,Seca,Perfeito estado,Não há placas,60 km/h,Dupla,Faixa contínua
2022-10-29 00:00:00,,COM VÍTIMA,JORDÃO,AV MARIA IRENE,,SUBURBIO,COLISÃO FRONTAL,2,0,0,0,0,0,0,0,0,1,0,Longo da via,Bom,Não existente,Seca,Perfeito estado,Não há placas,,Dupla,Não existe
2022-10-30 00:00:00,,COM VÍTIMA,ENCRUZILHADA,EST DE BELEM,,SUBURBIO,COLISÃO FRONTAL,1,1,0,0,0,0,0,0,0,1,0,Esquina,Bom,Perfeito estado,Seca,Perfeito estado,Não há placas,60 km/h,Dupla,Faixa seccionada
2022-10-30 00:00:00,,SEM VÍTIMA,VÁRZEA,AV AFONSO OLINDENSE,,,COLISÃO TRASEIRA,2,0,0,0,0,0,0,0,0,0,0,,,,,,,,,
2022-10-30 00:00:00,,COM VÍTIMA,CASA FORTE,RUA JERONIMO DE ALBUQUERQUE,,SUBURBIO,COLISÃO LATERAL,1,1,0,0,0,0,0,0,0,1,0,Longo da via,Bom,Ilegível,Seca,Perfeito estado,R-6a,,Dupla,Não existe
2022-10-30 00:00:00,,COM VÍTIMA,JOANA BEZERRA,RUA DES RODOLFO AURELIANO,,,COLISÃO COM CICLISTA,1,0,0,1,0,0,0,0,0,1,0,,,,,,,,,
2022-10-30 00:00:00,,COM VÍTIMA,SANCHO,AV LIBERDADE,,,COLISÃO LATERAL,1,1,0,0,0,0,0,0,0,2,0,Longo da via,Bom,,Seca,,Não há placas,60 km/h,Dupla,Não existe
2022-10-30 00:00:00,,COM VÍTIMA,ARRUDA,RUA DO MACHADO,,SUBURBIO,COLISÃO TRANSVERSAL,1,1,0,0,0,0,0,0,0,1,0,Cruzamento,Bom,Perfeito estado,Seca,Perfeito estado,"Placas ""Pare""",,Dupla,Não existe
2022-10-31 00:00:00,,COM VÍTIMA,IMBIRIBEIRA,AV MARECHAL MASCARENHAS DE MORAES,,,COLISÃO TRASEIRA,1,1,0,0,0,0,0,0,0,1,0,Longo da via,Bom,Perfeito estado,Seca,Perfeito estado,R-5a,60 km/h,Única,Faixa contínua
2022-10-31 00:00:00,,COM VÍTIMA,IMBIRIBEIRA,AV MARECHAL MASCARENHAS DE MORAES,286,SUBURBIO,COLISÃO COM CICLISTA,0,1,0,1,0,0,0,0,0,1,0,Longo da via,Chuvoso,Perfeito estado,Molhada,Perfeito estado,R-6a,,Única,Faixa seccionada
2022-10-31 00:00:00,,COM VÍTIMA,BOA VIAGEM,AV BOA VIAGEM,1,,ATROPELAMENTO DE PESSOA,1,0,0,0,1,0,0,0,0,1,0,Longo da via,Bom,Perfeito estado,Seca,Perfeito estado,R-19,60 km/h,Única,Não existe
2022-10-31 00:00:00,,COM VÍTIMA,BOA VISTA,RUA MARQUES AMORIM,,CIDADE,COLISÃO LATERAL,1,1,0,0,0,0,0,0,0,1,0,Cruzamento,Bom,Perfeito estado,Seca,Perfeito estado,"Placas ""Pare""",,Única,Não existe
2022-10-31 00:00:00,,COM VÍTIMA,GRAÇAS,AV RUI BARBOSA,,,COLISÃO LATERAL,1,1,0,0,0,0,0,0,0,1,0,Longo da via,Bom,Perfeito estado,Seca,Perfeito estado,Outras,,Única,Faixa
2022-10-31 00:00:00,,COM VÍTIMA,GRAÇAS,RUA JOAQUIM NABUCO,71,SUBURBIO,COLISÃO TRASEIRA,0,1,0,0,0,0,0,0,0,1,0,Longo da via,Bom,Perfeito estado,Seca,Perfeito estado,R-6a,60 km/h,Única,Não existe
2022-10-31 00:00:00,,SEM VÍTIMA,JARDIM SÃO PAULO,RUA LEANDRO BARRETO,,SUBURBIO,COLISÃO TRASEIRA,1,0,0,0,0,0,0,1,0,0,0,Longo da via,Bom,Não existente,Seca,Perfeito estado,Não há placas,40 km/h,Dupla,Não existe
2022-10-31 00:00:00,,SEM VÍTIMA,PAISSANDU,RUA PAISSANDU,,SUBURBIO,COLISÃO TRASEIRA,1,0,0,0,0,0,1,0,0,0,0,,Bom,Perfeito estado,Seca,Perfeito estado,Outras,60 km/h,Dupla,Canteiro central
2022-10-31 00:00:00,,COM VÍTIMA,IMBIRIBEIRA,AV MARECHAL MASCARENHAS DE MORAES,,SUBURBIO,COLISÃO FRONTAL,1,1,0,0,0,0,0,0,0,1,0,Longo da via,Bom,Perfeito estado,Seca,Perfeito estado,R-5a,60 km/h,Única,Faixa seccionada
2022-10-31 00:00:00,,COM VÍTIMA,JORDÃO,AV MARIA IRENE,,,QUEDA,0,1,0,0,0,0,0,0,0,2,0,Longo da via,Bom,Perfeito estado,Seca,Perfeito estado,R-6a,,Dupla,Não existe
2022-10-31 00:00:00,,COM VÍTIMA,BARRO,RUA PERY,615,,COLISÃO LATERAL,1,1,0,0,0,0,0,0,0,1,0,,,,,,,,,
2022-11-01 00:00:00,,COM VÍTIMA,TORRE,RUA JOSE BONIFACIO,,CIDADE,COLISÃO LATERAL,1,1,0,0,0,0,0,0,0,1,0,Longo da via,Bom,Perfeito estado,Seca,Perfeito estado,Outras,,Única,Faixa seccionada
2022-11-01 00:00:00,,COM VÍTIMA,BARRO,AV DR JOSE RUFINO,213,SUBURBIO,COLISÃO FRONTAL,1,2,0,0,0,0,0,0,0,2,0,Longo da via,Bom,Perfeito estado,Seca,Perfeito estado,R-6a,30 km/h,Dupla,Faixa contínua
2022-11-01 00:00:00,,COM VÍTIMA,PINA,AV HERCULANO BANDEIRA,,SUBURBIO,COLISÃO LATERAL,1,1,0,0,0,0,0,0,0,1,0,Longo da via,Bom,Perfeito estado,Seca,Perfeito estado,R-25c,,Única,Não existe
2022-11-01 00:00:00,,SEM VÍTIMA,AREIAS,AV RECIFE,,,,1,0,0,0,0,0,1,0,0,0,0,Longo da via,Bom,Perfeito estado,Seca,Perfeito estado,Outras,,Dupla,Faixa contínua
2022-11-01 00:00:00,,COM VÍTIMA,SANTO AMARO,RUA FREI CASSIMIRO,,SUBURBIO,COLISÃO TRANSVERSAL,1,1,0,0,0,0,0,0,0,1,0,Longo da via,Bom,Incompleta,Seca,Perfeito estado,Não há placas,,Dupla,Faixa contínua
2022-11-01 00:00:00,,COM VÍTIMA,BOA VIAGEM,AV BOA VIAGEM,,,COLISÃO TRASEIRA,1,1,0,0,0,0,0,0,0,1,0,,,,,,,,,
2022-11-01 00:00:00,,COM VÍTIMA,PINA,PTE VICE PRESIDENTE JOSE ALENCAR,,,COLISÃO COM CICLISTA,1,0,0,1,0,0,0,0,0,1,0,Ponte,Bom,Perfeito estado,Seca,Perfeito estado,Não há placas,60 km/h,Única,Faixa seccionada
2022-11-01 00:00:00,,COM VÍTIMA,MADALENA,RUA JOSE OSORIO,,SUBURBIO,COLISÃO LATERAL,0,2,0,0,0,0,0,0,0,1,0,Longo da via,Bom,Perfeito estado,Seca,Perfeito estado,Outras,,Única,Faixa seccionada
2022-11-01 00:00:00,,COM VÍTIMA,SANTO AMARO,AV PREFEITO ARTUR LIMA CAVALCANTI,,SUBURBIO,ATROPELAMENTO DE PESSOA,1,0,0,0,1,0,0,0,0,1,0,Longo da via,Bom,Perfeito estado,Seca,Mal iluminada,Não há placas,40 km/h,Única,Faixa seccionada
2022-11-02 00:00:00,,SEM VÍTIMA,BOA VIAGEM,AV ENGENHEIRO DOMINGOS FERREIRA,,,COLISÃO LATERAL,2,0,0,0,0,0,0,0,0,0,0,,,,,,,,,
2022-11-02 00:00:00,,COM VÍTIMA,TORRÕES,AV CAXANGA,,,COLISÃO LATERAL,1,1,0,0,0,0,0,0,0,1,0,Longo da via,Bom,Perfeito estado,Seca,Perfeito estado,Não há placas,60 km/h,Única,Faixa seccionada
2022-11-02 00:00:00,,COM VÍTIMA,BOA VIAGEM,VIADUTO TANCREDO NEVES,,CIDADE,COLISÃO LATERAL,1,1,0,0,0,0,0,0,0,1,0,Longo da via,Bom,Perfeito estado,Seca,Perfeito estado,Não há placas,,Única,Faixa seccionada
2022-11-02 00:00:00,,COM VÍTIMA,BOA VIAGEM,RUA JACK AYRES,,,COLISÃO FRONTAL,1,1,0,0,0,0,0,0,0,1,0,,,,,,,,,
2022-11-02 00:00:00,,COM VÍTIMA,SAN MARTIN,AV GENERAL SAN MARTIN,,,COLISÃO LATERAL,2,1,0,0,0,0,0,0,0,1,0,Esquina,Bom,Não existente,Seca,Mal conservada,Não há placas,40 km/h,Dupla,Não existe
2022-11-02 00:00:00,,SEM VÍTIMA,SANTO AMARO,AV CRUZ CABUGA,,,COLISÃO TRASEIRA,2,0,0,0,0,0,0,0,0,0,0,,,,,,,,,
2022-11-02 00:00:00,,COM VÍTIMA,TEJIPIÓ,AV DR JOSE RUFINO,,,COLISÃO FRONTAL,2,0,0,0,0,0,0,0,0,1,0,,,,,,,,,
2022-11-02 00:00:00,,COM VÍTIMA,PINA,RUA CARNEIRO PESSOA,,CIDADE,COLISÃO FRONTAL,1,1,0,0,0,0,0,0,0,1,0,Cruzamento,Bom,Não existente,Seca,Perfeito estado,Não há placas,30 km/h,Dupla,Não existe
2022-11-02 00:00:00,,SEM VÍTIMA,VÁRZEA,AV PROFESSOR ARTUR DE SA,,,CHOQUE,1,0,0,0,0,0,0,0,0,0,0,,,,,,,,,
2022-11-02 00:00:00,,COM VÍTIMA,SANTO AMARO,RUA MAMEDE SIMOES,,SUBURBIO,COLISÃO FRONTAL,0,2,0,0,0,0,0,0,0,1,0,Cruzamento,Bom,Perfeito estado,Seca,Perfeito estado,Placas Pare,,Única,Não existe
2022-11-02 00:00:00,,COM VÍTIMA,SAN MARTIN,AV GENERAL SAN MARTIN,,,COLISÃO LATERAL,1,1,0,0,0,0,0,0,0,1,0,,,,,,,,,
2022-11-03 00:00:00,,COM VÍTIMA,TORRÕES,AV ENGENHEIRO ABDIAS DE CARVALHO,,CIDADE,QUEDA,0,1,0,0,0,0,0,0,0,1,0,,,,,,,,,
2022-11-03 00:00:00,,COM VÍTIMA,AREIAS,AV DR JOSE RUFINO,491,SUBURBIO,COLISÃO TRASEIRA,0,2,0,0,0,0,0,0,0,1,0,Longo da via,Bom,Perfeito estado,Seca,Perfeito estado,Outras,,Dupla,Faixa seccionada
2022-11-03 00:00:00,,COM VÍTIMA,DOIS IRMÃOS,RUA DOIS IRMAOS,416,CIDADE,COLISÃO LATERAL,1,1,0,0,0,0,0,0,0,1,0,Longo da via,Bom,Perfeito estado,Seca,Perfeito estado,Placas Pare,60 km/h,Dupla,Faixa contínua
2022-11-03 00:00:00,,COM VÍTIMA,BOA VISTA,RUA DOM BOSCO,,SUBURBIO,COLISÃO LATERAL,1,1,0,0,0,0,0,0,0,2,0,Cruzamento,Bom,Perfeito estado,Seca,Perfeito estado,Outras,,Dupla,Canteiro central
2022-11-03 00:00:00,,COM VÍTIMA,BEBERIBE,AV BEBERIBE,,,COLISÃO TRANSVERSAL,0,2,0,0,0,0,0,0,0,4,0,Cruzamento,Bom,,Seca,Perfeito estado,Não há placas,,Dupla,Não existe
2022-11-03 00:00:00,,COM VÍTIMA,BOA VIAGEM,AVENIDA CELSO FURTADO (VIA MANGUE),,CIDADE,COLISÃO LATERAL,0,2,0,0,0,0,0,0,0,2,0,Longo da via,Bom,Perfeito estado,Seca,Perfeito estado,Não há placas,,Dupla,Blocos
2022-11-03 00:00:00,,SEM VÍTIMA,BOA VIAGEM,RUA JOAO CARDOSO AIRES,,CIDADE,COLISÃO TRASEIRA,1,0,1,0,0,0,0,0,0,0,0,Longo da via,Bom,Perfeito estado,Seca,Perfeito estado,Não há placas,30 km/h,Única,Faixa contínua
2022-11-03 00:00:00,,VÍTIMA FATAL,BOA VISTA,RUA DO PRINCIPE,,CIDADE,COLISÃO LATERAL,0,1,0,0,0,1,0,0,0,0,1,Longo da via,Bom,Perfeito estado,Seca,Perfeito estado,R-6a,,Única,Faixa seccionada
2022-11-04 00:00:00,,SEM VÍTIMA,VASCO DA GAMA,AV NORTE MIGUEL ARRAES DE ALENCAR,66,SUBURBIO,COLISÃO TRANSVERSAL,2,0,0,0,0,0,0,0,0,0,0,Cruzamento,Bom,Perfeito estado,Seca,Perfeito estado,Outras,,Dupla,Faixa contínua
2022-11-04 00:00:00,,SEM VÍTIMA,CASA FORTE,EST DAS UBAIAS,,SUBURBIO,COLISÃO LATERAL,2,0,0,0,0,0,0,0,0,0,0,Longo da via,Bom,Incompleta,Seca,Perfeito estado,Não há placas,,Dupla,
2022-11-04 00:00:00,,COM VÍTIMA,IMBIRIBEIRA,RUA ITACARI,,,COLISÃO COM CICLISTA,1,0,0,1,0,0,0,0,0,1,0,Longo da via,Bom,Não existente,Seca,Mal conservada,Placas Pare,40 km/h,Única,Não existe
2022-11-04 00:00:00,,COM VÍTIMA,IMBIRIBEIRA,RUA JAMAICA,,,COLISÃO COM CICLISTA,1,0,0,1,0,0,0,0,0,1,0,,,,,,,,,
2022-11-04 00:00:00,,COM VÍTIMA,BOA VISTA,AV GUARARAPES,14,,ATROPELAMENTO DE PESSOA,0,0,0,0,1,1,0,0,0,1,0,Longo da via,Bom,Perfeito estado,Seca,Perfeito estado,Outras,,Dupla,Faixa seccionada
2022-11-04 00:00:00,,SEM VÍTIMA,ARRUDA,AV BEBERIBE,64,,,1,0,0,0,0,1,0,0,0,0,0,Longo da via,Bom,Perfeito estado,Seca,Perfeito estado,Outras,,Dupla,Faixa contínua
2022-11-04 00:00:00,,COM VÍTIMA,VÁRZEA,AV AFONSO OLINDENSE,638,CIDADE,COLISÃO FRONTAL,1,0,1,0,0,0,0,0,0,1,0,Longo da via,Bom,Perfeito estado,Seca,Perfeito estado,Outras,,Dupla,Faixa contínua
2022-11-05 00:00:00,,COM VÍTIMA,AFOGADOS,RUA VINTE E UM DE ABRIL,,CIDADE,COLISÃO FRONTAL,1,1,0,0,0,0,1,0,0,1,0,Esquina,Bom,Incompleta,Seca,Perfeito estado,Placas Pare,,Dupla,Não existe
2022-11-05 00:00:00,,COM VÍTIMA,SÃO JOSÉ,AV SUL,,CIDADE,QUEDA,0,1,0,0,0,0,0,0,0,2,0,Longo da via,Bom,Perfeito estado,Seca,Perfeito estado,Outras,50 km/h,Dupla,Não existe
2022-11-05 00:00:00,,COM VÍTIMA,IBURA,RUA EXP FRANCISCO VITORIANO,,CIDADE,COLISÃO LATERAL,1,1,0,0,0,0,0,0,0,1,0,Longo da via,Bom,Ilegível,Seca,Perfeito estado,Não há placas,,Dupla,Faixa seccionada
2022-11-05 00:00:00,,SEM VÍTIMA,VÁRZEA,RUA GENERAL POLIDORO,,,COLISÃO LATERAL,2,0,0,0,0,0,0,0,0,0,0,,,,,,,,,
2022-11-06 00:00:00,,COM VÍTIMA,MADALENA,RUA JOSE OSORIO,50,SUBURBIO,COLISÃO TRANSVERSAL,2,0,0,0,0,0,0,0,0,1,0,Cruzamento,Bom,Perfeito estado,Seca,Perfeito estado,Não há placas,60 km/h,Única,Faixa seccionada
2022-11-06 00:00:00,,SEM VÍTIMA,JAQUEIRA,AV RUI BARBOSA,,,COLISÃO FRONTAL,0,0,0,0,0,0,0,0,0,0,0,,,,,,,,,
2022-11-06 00:00:00,,COM VÍTIMA,ARRUDA,AV BEBERIBE,64,,COLISÃO LATERAL,1,1,0,0,0,0,0,0,0,2,0,,,,,,,,,
2022-11-06 00:00:00,,COM VÍTIMA,TOTÓ,RUA ONZE DE AGOSTO,,,CHOQUE,1,0,0,0,0,0,0,0,0,1,0,,,,,,,,,
2022-11-06 00:00:00,,SEM VÍTIMA,AFOGADOS,RUA SAO MIGUEL,333,SUBURBIO,COLISÃO TRANSVERSAL,2,0,0,0,0,0,0,0,0,0,0,Cruzamento,Bom,Perfeito estado,Seca,Perfeito estado,Outras,,Dupla,Faixa contínua
2022-11-07 00:00:00,,COM VÍTIMA,TORRE,RUA REAL DA TORRE,255,,COLISÃO LATERAL,1,1,0,0,0,0,0,0,0,1,0,Cruzamento,Bom,Perfeito estado,Seca,Perfeito estado,Outras,,Única,Faixa seccionada
2022-11-07 00:00:00,,COM VÍTIMA,AFOGADOS,RUA COSME VIANA,,SUBURBIO,COLISÃO LATERAL,1,1,0,0,0,0,0,0,0,1,0,Longo da via,Bom,Perfeito estado,Seca,Perfeito estado,Não há placas,,Única,Faixa seccionada
2022-11-07 00:00:00,,COM VÍTIMA,SANTO AMARO,RUA ODORICO MENDES,49,CIDADE,COLISÃO LATERAL,0,2,0,0,0,0,0,0,0,2,0,Cruzamento,Bom,Perfeito estado,Seca,Perfeito estado,Outras,60 km/h,Dupla,Faixa seccionada
2022-11-07 00:00:00,,COM VÍTIMA,CASA AMARELA,LGO DOM LUIZ,,SUBURBIO,ATROPELAMENTO DE PESSOA,0,1,0,0,1,0,0,0,0,1,0,Longo da via,Bom,Perfeito estado,Seca,Perfeito estado,Outras,60 km/h,Dupla,Canteiro central
2022-11-07 00:00:00,,COM VÍTIMA,BOA VIAGEM,AV BOA VIAGEM,,CIDADE,COLISÃO LATERAL,3,0,0,0,0,0,0,0,0,1,0,,Bom,Perfeito estado,Seca,Perfeito estado,Não há placas,,Única,Faixa seccionada
2022-11-07 00:00:00,,COM VÍTIMA,BEBERIBE,AV BEBERIBE,,,COLISÃO LATERAL,1,1,0,0,0,0,0,0,0,1,0,,,,,,,,,
2022-11-07 00:00:00,,COM VÍTIMA,BOA VIAGEM,RUA ERNESTO DE PAULA SANTOS,304,CIDADE,COLISÃO COM CICLISTA,0,0,0,1,0,1,0,0,0,1,0,Longo da via,Bom,Perfeito estado,Seca,Perfeito estado,Não há placas,30 km/h,Única,Faixa seccionada
2022-11-08 00:00:00,,COM VÍTIMA,GRAÇAS,AV DR MALAQUIAS,,,COLISÃO LATERAL,0,0,0,0,0,0,0,0,0,1,0,Longo da via,Bom,Perfeito estado,Seca,Perfeito estado,Não há placas,40 km/h,Única,Não existe
2022-11-08 00:00:00,,COM VÍTIMA,AREIAS,AV RECIFE,,SUBURBIO,COLISÃO TRASEIRA,7,0,0,0,0,0,0,1,0,1,0,Longo da via,Bom,Perfeito estado,Seca,Perfeito estado,Outras,60 km/h,Única,Faixa seccionada
2022-11-08 00:00:00,,COM VÍTIMA,IMBIRIBEIRA,RUA ARQUITETO LUIZ NUNES,,,COLISÃO TRANSVERSAL,1,1,0,0,0,0,0,0,0,1,0,Longo da via,Bom,Perfeito estado,Seca,Perfeito estado,Outras,40 km/h,Dupla,Faixa contínua
2022-11-08 00:00:00,,COM VÍTIMA,BOA VIAGEM,AV DES JOSE NEVES,,,COLISÃO LATERAL,0,1,0,0,0,0,0,0,0,1,0,Longo da via,Bom,Perfeito estado,Seca,Perfeito estado,Não há placas,,Única,Faixa seccionada
2022-11-09 00:00:00,,COM VÍTIMA,SANTO AMARO,RUA DOS PALMARES,,,COLISÃO COM CICLISTA,2,0,0,1,0,0,0,0,0,1,0,Longo da via,Bom,Perfeito estado,Seca,Perfeito estado,Outras,40 km/h,,Faixa seccionada
2022-11-09 00:00:00,,COM VÍTIMA,NOVA DESCOBERTA,RUA NOVA DESCOBERTA,,,COLISÃO LATERAL,1,1,0,0,0,0,0,0,0,2,0,Longo da via,Bom,Incompleta,Seca,Perfeito estado,R-6a,,Dupla,Faixa seccionada
2022-11-09 00:00:00,,SEM VÍTIMA,BOA VISTA,RUA PADRE INGLES,,CIDADE,COLISÃO FRONTAL,2,0,0,0,0,0,0,0,0,0,0,Longo da via,Bom,Perfeito estado,Seca,Perfeito estado,Outras,,Dupla,Não existe