data,hora,natureza,bairro,endereco,num_semaforo,sentido_via,tipo,auto,moto,ciclom,ciclista,pedestre,onibus,caminhao,viatura,outros,vitimas,vitimasfatais,acidente_verificado,tempo_clima,sinalizacao,condicao_via,conservacao_via,situacao_placa,velocidade_max_via,mao_direcao,divisao_via1
2022-12-05 00:00:00,,SEM VÍTIMA,BARRO,AV DR JOSE RUFINO,,,COLISÃO LATERAL,1,0,0,0,0,0,1,0,0,0,0,,,,,,,,,
2022-12-05 00:00:00,,SEM VÍTIMA,CABANGA,AV SUL,,CIDADE,COLISÃO TRASEIRA,2,0,0,0,0,0,0,0,0,0,0,Longo da via,Chuvoso,Perfeito estado,Molhada,Perfeito estado,Outras,,Dupla,Canteiro central
2022-12-05 00:00:00,,COM VÍTIMA,CAXANGÁ,AV CAXANGA,80,CIDADE,COLISÃO LATERAL,1,1,0,0,0,0,0,0,0,1,0,Cruzamento,Chuvoso,Perfeito estado,Molhada,Perfeito estado,Não há placas,,Única,Faixa seccionada
2022-12-05 00:00:00,,SEM VÍTIMA,IPUTINGA,AV CAXANGA,229,SUBURBIO,COLISÃO LATERAL,1,0,0,0,0,0,0,1,0,0,0,,,,,,,,,
2022-12-06 00:00:00,,COM VÍTIMA,ÁGUA FRIA,AV BEBERIBE,405,,COLISÃO LATERAL,1,1,0,0,0,0,0,0,0,1,0,Longo da via,Bom,Perfeito estado,Seca,Perfeito estado,R-6a,,Única,Não existe
2022-12-06 00:00:00,,COM VÍTIMA,ESTÂNCIA,AV DR JOSE RUFINO,,,COLISÃO LATERAL,1,1,0,0,0,0,0,0,0,1,0,Cruzamento,Bom,Incompleta,Seca,Perfeito estado,R-6a,60 km/h,Dupla,Não existe
2022-12-06 00:00:00,,COM VÍTIMA,JOANA BEZERRA,VIADUTO CAPITAO TEMUDO,,,COLISÃO TRASEIRA,2,0,0,0,0,0,0,0,0,1,0,,,,,,,,,
2022-12-06 00:00:00,,COM VÍTIMA,IMBIRIBEIRA,RUA ARQUITETO LUIZ NUNES,,,COLISÃO TRASEIRA,1,1,0,0,0,0,0,0,0,1,0,Longo da via,Bom,Perfeito estado,Seca,Perfeito estado,Não há placas,40 km/h,Dupla,Faixa contínua
2022-12-06 00:00:00,,COM VÍTIMA,BOA VIAGEM,RUA CAMBOIM,,,COLISÃO FRONTAL,1,1,0,0,0,0,0,0,0,1,0,Cruzamento,Bom,Perfeito estado,Seca,Perfeito estado,"Placas ""Pare""",,Única,
2022-12-06 00:00:00,,COM VÍTIMA,BOA VIAGEM,RUA RIBEIRO DE BRITO,,,QUEDA,0,1,0,0,0,0,0,0,0,1,0,Longo da via,Bom,Perfeito estado,Seca,Perfeito estado,R-6a,,Única,Faixa seccionada
2022-12-07 00:00:00,,COM VÍTIMA,AREIAS,AV RECIFE,,,COLISÃO TRASEIRA,2,1,0,0,0,0,0,0,0,1,0,Longo da via,Bom,Perfeito estado,Seca,Perfeito estado,Não há placas,,Única,Faixa contínua
2022-12-07 00:00:00,,COM VÍTIMA,PARNAMIRIM,RUA FERREIRA LOPES,,,COLISÃO FRONTAL,1,1,0,0,0,0,0,0,0,1,0,Esquina,Bom,Perfeito estado,Seca,Perfeito estado,Outras,,Dupla,Faixa seccionada
2022-12-07 00:00:00,,COM VÍTIMA,BOA VIAGEM,RUA CAMBOIM,,,COLISÃO LATERAL,1,1,0,0,0,0,0,0,0,1,0,Cruzamento,Bom,Perfeito estado,Seca,Perfeito estado,"Placas ""Pare""",30 km/h,Dupla,Faixa seccionada
2022-12-07 00:00:00,,SEM VÍTIMA,BOA VIAGEM,RUA JOSE MARIA DE MIRANDA,,CIDADE,COLISÃO LATERAL,1,0,0,0,0,0,0,1,0,0,0,Longo da via,Bom,Perfeito estado,Seca,Perfeito estado,Não há placas,,Única,Não existe
2022-12-07 00:00:00,,COM VÍTIMA,TEJIPIÓ,AV DR JOSE RUFINO,,,COLISÃO COM CICLISTA,1,0,0,1,0,0,0,0,0,1,0,Cruzamento,Bom,Não existente,Seca,Perfeito estado,Não há placas,,Dupla,Não existe
2022-12-07 00:00:00,,COM VÍTIMA,BOA VIAGEM,AV CONSELHEIRO AGUIAR,,,COLISÃO LATERAL,0,1,0,0,0,1,0,0,0,1,0,Cruzamento,Bom,Perfeito estado,Seca,Perfeito estado,R-6a,,Única,Faixa seccionada
2022-12-07 00:00:00,,COM VÍTIMA,CASA AMARELA,AV PEDRO ALLAIN,,,COLISÃO COM CICLISTA,1,0,0,1,0,0,0,0,0,1,0,Longo da via,Bom,Incompleta,Seca,Perfeito estado,Outras,30 km/h,Única,Não existe
2022-12-07 00:00:00,,COM VÍTIMA,SANTO ANTÔNIO,AV DANTAS BARRETO,,,COLISÃO LATERAL,0,0,0,0,0,0,0,0,0,1,0,,,,,,,,,
2022-12-07 00:00:00,,COM VÍTIMA,CAMPO GRANDE,EST DE BELEM,,,COLISÃO LATERAL,0,1,0,0,0,1,0,0,0,1,0,Longo da via,Bom,Perfeito estado,Seca,Perfeito estado,Não há placas,,Dupla,Faixa contínua
2022-12-07 00:00:00,,COM VÍTIMA,IBURA,RUA RIO XINGU,,,ATROPELAMENTO DE PESSOA,0,1,0,0,1,0,0,0,0,1,0,Longo da via,Bom,Não existente,Seca,Mal conservada,Não há placas,,Dupla,Não existe
2022-12-07 00:00:00,,COM VÍTIMA,CAXANGÁ,AV CAXANGA,,CIDADE,COLISÃO FRONTAL,0,2,0,0,0,0,0,0,0,1,0,Cruzamento,Bom,Perfeito estado,Seca,Perfeito estado,Outras,,Dupla,
2022-12-07 00:00:00,,COM VÍTIMA,IMBIRIBEIRA,AV MARECHAL MASCARENHAS DE MORAES,,CIDADE,ATROPELAMENTO DE PESSOA,0,1,0,0,0,0,0,0,0,2,0,Longo da via,Bom,Perfeito estado,Seca,Perfeito estado,R-19,60 km/h,Dupla,Canteiro central
2022-12-08 00:00:00,,SEM VÍTIMA,SÃO JOSÉ,AV SUL,,CIDADE,ATROPELAMENTO DE ANIMAL,0,0,0,0,0,0,0,0,0,0,0,,,,,,,,,
2022-12-08 00:00:00,,COM VÍTIMA,SANCHO,AV LIBERDADE,,,COLISÃO FRONTAL,1,1,0,0,0,0,0,0,0,1,0,Cruzamento,Bom,Incompleta,Seca,Mal conservada,R-6a,40 km/h,Dupla,Não existe
2022-12-08 00:00:00,,COM VÍTIMA,SÃO JOSÉ,RUA IMPERIAL,,,COLISÃO LATERAL,1,1,0,0,0,0,0,0,0,1,0,Longo da via,Bom,Não existente,Seca,Perfeito estado,Não há placas,,Única,Não existe
2022-12-08 00:00:00,,COM VÍTIMA,SÃO JOSÉ,AV MARTINS DE BARROS,,,COLISÃO TRASEIRA,0,0,0,0,0,2,0,0,0,3,0,Outros,Bom,Perfeito estado,Seca,Perfeito estado,R-6c,,Única,Faixa seccionada
2022-12-08 00:00:00,,SEM VÍTIMA,CASA AMARELA,AV NORTE MIGUEL ARRAES DE ALENCAR,,SUBURBIO,CHOQUE,2,1,0,0,0,0,0,0,0,0,0,Longo da via,Bom,Perfeito estado,Seca,Perfeito estado,Não há placas,60 km/h,Dupla,Canteiro central
2022-12-08 00:00:00,,COM VÍTIMA,IMBIRIBEIRA,RUA DUQUE ESTRADA,,,CHOQUE,2,0,0,0,0,0,0,0,0,2,0,Longo da via,Bom,Perfeito estado,Seca,Perfeito estado,"Placas ""Pare""",,Dupla,Não existe
2022-12-08 00:00:00,,COM VÍTIMA,SÃO JOSÉ,RUA IMPERIAL,,,COLISÃO TRANSVERSAL,1,1,0,0,0,0,0,0,0,1,0,Cruzamento,Bom,Não existente,Seca,Perfeito estado,Não há placas,,Única,Faixa seccionada
2022-12-08 00:00:00,,COM VÍTIMA,BOA VIAGEM,RUA DEZ DE JULHO,,,COLISÃO FRONTAL,1,1,0,0,0,0,0,0,0,1,0,Cruzamento,Bom,Perfeito estado,Seca,Perfeito estado,"Placas ""Pare""",,Dupla,Não existe
2022-12-09 00:00:00,,COM VÍTIMA,TAMARINEIRA,RUA PADRE ROMA,,,COLISÃO LATERAL,1,1,0,0,0,0,0,0,0,1,0,Longo da via,Bom,Perfeito estado,Seca,Perfeito estado,Não há placas,,Única,Faixa contínua
2022-12-09 00:00:00,,SEM VÍTIMA,SANTO AMARO,AV CRUZ CABUGA,,,COLISÃO FRONTAL,1,0,0,0,0,0,0,1,0,0,0,Cruzamento,Bom,Perfeito estado,Seca,Perfeito estado,R-6a,,Dupla,Faixa contínua
2022-12-09 00:00:00,,COM VÍTIMA,BOA VISTA,RUA DO PRINCIPE,,,COLISÃO TRASEIRA,1,0,0,0,0,0,0,0,0,1,0,Longo da via,Bom,Perfeito estado,Seca,Perfeito estado,Não há placas,,Única,Faixa contínua
2022-12-09 00:00:00,,COM VÍTIMA,IMBIRIBEIRA,AV MARECHAL MASCARENHAS DE MORAES,,,COLISÃO LATERAL,1,1,0,0,0,0,0,0,0,1,0,Cruzamento,Bom,Perfeito estado,Seca,Perfeito estado,R-6a,,Dupla,Canteiro central
2022-12-09 00:00:00,,COM VÍTIMA,IPSEP,RUA JEAN EMILE FAVRE,70,,COLISÃO TRASEIRA,1,1,0,0,0,0,0,0,0,1,0,Cruzamento,Bom,Perfeito estado,Seca,Perfeito estado,R-6a,,Dupla,Faixa contínua
2022-12-10 00:00:00,,VÍTIMA FATAL,TORRÕES,AV ENGENHEIRO ABDIAS DE CARVALHO,,,TOMBAMENTO,1,0,0,0,0,0,0,0,0,1,4,,,,,,,,,
2022-12-10 00:00:00,,COM VÍTIMA,TEJIPIÓ,AV LIBERDADE,,,COLISÃO LATERAL,1,1,0,0,0,0,0,0,0,1,0,,,,,,,,,
2022-12-10 00:00:00,,COM VÍTIMA,CAXANGÁ,RUA EMILIANO BRAGA,,,COLISÃO LATERAL,2,0,0,0,0,0,0,0,0,1,0,Cruzamento,Chuvoso,Incompleta,Seca,Perfeito estado,R-6a,,Única,Faixa contínua
2022-12-10 00:00:00,,COM VÍTIMA,LINHA DO TIRO,RUA URIEL DE HOLANDA,,,COLISÃO FRONTAL,1,1,0,0,0,0,0,0,0,1,0,Esquina,Bom,Perfeito estado,Seca,Perfeito estado,R-6a,30 km/h,Dupla,Não existe
2022-12-11 00:00:00,,COM VÍTIMA,IBURA,RUA PINTOR AGENOR DE ALBUQUERQUE CESAR,,,COLISÃO FRONTAL,0,3,0,0,0,0,0,0,0,2,0,Longo da via,Bom,Não existente,Seca,Mal conservada,Não há placas,,Dupla,Não existe
2022-12-11 00:00:00,,COM VÍTIMA,GRAÇAS,AV GOVERNADOR AGAMENON MAGALHAES,,,COLISÃO TRASEIRA,2,1,0,0,0,0,0,0,0,1,0,Longo da via,Bom,Não existente,Seca,Perfeito estado,Não há placas,,Única,Faixa seccionada
2022-12-11 00:00:00,,SEM VÍTIMA,JARDIM SÃO PAULO,AV RECIFE,705,SUBURBIO,COLISÃO TRASEIRA,2,0,0,0,0,0,0,0,0,0,0,Longo da via,Bom,,Seca,Perfeito estado,"Placas ""Dê a preferência""",,Dupla,Canteiro central
2022-12-11 00:00:00,,COM VÍTIMA,BOA VIAGEM,RUA VISCONDE DE JEQUITINHONHA,154,,COLISÃO COM CICLISTA,1,0,0,1,0,0,0,0,0,1,0,Cruzamento,Bom,Perfeito estado,Seca,Perfeito estado,Outras,,Dupla,Faixa contínua
2022-12-11 00:00:00,,COM VÍTIMA,BARRO,AV DR JOSE RUFINO,,,COLISÃO LATERAL,1,1,0,0,0,0,0,0,0,2,0,Longo da via,Bom,Perfeito estado,Seca,Perfeito estado,,,Dupla,Faixa contínua
2022-12-12 00:00:00,,COM VÍTIMA,ENCRUZILHADA,AV NORTE MIGUEL ARRAES DE ALENCAR,,,COLISÃO COM CICLISTA,0,1,0,1,0,0,0,0,0,1,0,Longo da via,Bom,Perfeito estado,Seca,Perfeito estado,Não há placas,60 km/h,Dupla,Canteiro central
2022-12-12 00:00:00,,COM VÍTIMA,APIPUCOS,RUA DE APIPUCOS,,,COLISÃO TRASEIRA,1,1,0,0,0,0,0,0,0,1,0,Esquina,Bom,Perfeito estado,Seca,Perfeito estado,Outras,,Dupla,Faixa contínua
2022-12-12 00:00:00,,COM VÍTIMA,MADALENA,RUA JOAO IVO DA SILVA,,,COLISÃO TRASEIRA,1,1,0,0,0,0,0,0,0,1,0,Longo da via,Bom,Perfeito estado,Seca,Perfeito estado,,60 km/h,Única,
2022-12-12 00:00:00,,SEM VÍTIMA,IPUTINGA,RUA SANTA LUCIA,,SUBURBIO,,1,0,0,0,0,0,0,1,0,0,0,Longo da via,Bom,Não existente,Seca,Perfeito estado,Não há placas,,Dupla,Faixa contínua
2022-12-12 00:00:00,,COM VÍTIMA,BOA VIAGEM,RUA RIBEIRO DE BRITO,,CIDADE,COLISÃO LATERAL,1,1,0,0,0,0,0,0,0,1,0,Longo da via,Bom,Perfeito estado,Seca,Perfeito estado,Não há placas,60 km/h,Única,Faixa contínua
2022-12-12 00:00:00,,COM VÍTIMA,CAMPO GRANDE,EST DE BELEM,,,COLISÃO FRONTAL,1,1,0,0,0,0,0,0,0,1,0,Cruzamento,Bom,Incompleta,Seca,Perfeito estado,R-6a,60 km/h,Dupla,Faixa contínua
2022-12-12 00:00:00,,COM VÍTIMA,BOA VIAGEM,RUA SA E SOUZA,,,COLISÃO LATERAL,1,1,0,0,0,0,0,0,0,1,0,Cruzamento,Bom,Incompleta,Seca,Perfeito estado,"Placas ""Pare""",30 km/h,Dupla,Faixa seccionada
2022-12-12 00:00:00,,COM VÍTIMA,AFOGADOS,PRC DA PAZ,,,COLISÃO TRASEIRA,2,1,0,0,0,0,0,0,0,1,0,Longo da via,Bom,Incompleta,Seca,Perfeito estado,Outras,,Única,Não existe
2022-12-12 00:00:00,,COM VÍTIMA,AREIAS,AV RECIFE,,,COLISÃO TRASEIRA,1,1,0,0,0,0,0,0,0,2,0,Longo da via,Bom,Perfeito estado,Seca,Perfeito estado,Não há placas,60 km/h,Dupla,Canteiro central
2022-12-12 00:00:00,,COM VÍTIMA,JIQUIÁ,RUA ANTONIO CARNEIRO,,,COLISÃO FRONTAL,1,0,0,0,0,0,0,1,0,1,0,Cruzamento,Bom,Não existente,Seca,Perfeito estado,"Placas ""Pare""",,Dupla,Não existe
2022-12-13 00:00:00,,SEM VÍTIMA,DOIS IRMÃOS,RUA DOIS IRMAOS,416,SUBURBIO,CHOQUE,1,0,0,0,0,0,0,0,0,0,0,Cruzamento,Bom,Perfeito estado,Seca,Perfeito estado,,,Dupla,Faixa contínua
2022-12-13 00:00:00,,COM VÍTIMA,SÃO JOSÉ,RUA VIDAL DE NEGREIROS,,,COLISÃO FRONTAL,1,1,0,0,0,0,0,0,0,1,0,Cruzamento,Bom,Incompleta,Seca,Perfeito estado,Outras,40 km/h,Única,Não existe
2022-12-13 00:00:00,,SEM VÍTIMA,ESPINHEIRO,AV GOVERNADOR AGAMENON MAGALHAES,108,CIDADE,,1,0,0,0,0,0,0,1,0,0,0,Longo da via,Bom,Perfeito estado,Seca,Perfeito estado,Não há placas,60 km/h,Dupla,Canteiro central
2022-12-13 00:00:00,,COM VÍTIMA,BOA VIAGEM,RUA ZEFERINO GALVAO,,,COLISÃO FRONTAL,1,0,0,1,0,0,0,0,0,1,0,Longo da via,Bom,Não existente,Seca,Perfeito estado,Não há placas,,Única,Não existe
2022-12-13 00:00:00,,SEM VÍTIMA,BOA VISTA,RUA DA GLORIA,,CIDADE,CHOQUE,2,0,0,0,0,0,0,0,0,0,0,Longo da via,Bom,Perfeito estado,Seca,Perfeito estado,Não há placas,,Única,Não existe
2022-12-13 00:00:00,,COM VÍTIMA,PINA,AV ANTONIO DE GOES,,,COLISÃO TRANSVERSAL,1,1,0,0,0,0,0,0,0,1,0,Ponte,Bom,Perfeito estado,Seca,Perfeito estado,Não há placas,60 km/h,Única,Faixa seccionada
2022-12-13 00:00:00,,VÍTIMA FATAL,AREIAS,AV RECIFE,,,ATROPELAMENTO DE PESSOA,1,0,0,0,1,0,0,0,0,1,1,Longo da via,Bom,Não existente,Seca,Perfeito estado,Não há placas,,Dupla,Canteiro central
2022-12-13 00:00:00,,COM VÍTIMA,BOA VISTA,AV GOVERNADOR AGAMENON MAGALHAES,174,OLINDA,ATROPELAMENTO DE PESSOA,0,0,0,0,1,0,0,0,0,1,0,Longo da via,Bom,Perfeito estado,Seca,Perfeito estado,Outras,60 km/h,Dupla,Faixa contínua
2022-12-13 00:00:00,,COM VÍTIMA,BOA VIAGEM,AV BOA VIAGEM,,,COLISÃO TRASEIRA,1,1,0,0,0,0,0,0,0,1,0,Longo da via,Bom,Perfeito estado,Seca,Perfeito estado,Não há placas,,Única,Faixa seccionada
2022-12-14 00:00:00,,COM VÍTIMA,ARRUDA,RUA DAS MOCAS,,,COLISÃO LATERAL,1,1,0,0,0,0,0,0,0,1,0,Esquina,Bom,Incompleta,Seca,Perfeito estado,Outras,,Dupla,Não existe
2022-12-14 00:00:00,,COM VÍTIMA,IMBIRIBEIRA,AV MARECHAL MASCARENHAS DE MORAES,,,COLISÃO FRONTAL,1,1,0,0,0,0,0,0,0,1,0,Cruzamento,Bom,Perfeito estado,Seca,Perfeito estado,Não há placas,60 km/h,Única,Canteiro central
2022-12-14 00:00:00,,COM VÍTIMA,IPSEP,RUA ITANAGE,111,CIDADE,TOMBAMENTO,1,1,0,0,0,0,0,0,0,1,0,Longo da via,Bom,Perfeito estado,Seca,Perfeito estado,Não há placas,40 km/h,Dupla,Faixa seccionada
2022-12-14 00:00:00,,COM VÍTIMA,TEJIPIÓ,AV DR JOSE RUFINO,,,COLISÃO LATERAL,0,1,0,0,0,1,0,0,0,1,0,Longo da via,Bom,Não existente,Seca,Perfeito estado,Não há placas,50 km/h,Dupla,Faixa contínua
2022-12-14 00:00:00,,SEM VÍTIMA,TORRE,RUA LAGOA DO RANCHO,,,,0,0,0,0,0,0,1,0,1,0,0,Longo da via,Bom,Perfeito estado,Seca,Perfeito estado,Não há placas,20 km/h,Dupla,Faixa seccionada
2022-12-14 00:00:00,,COM VÍTIMA,PINA,AV HERCULANO BANDEIRA,,,QUEDA,1,1,0,0,0,0,0,0,0,1,0,,,,,,,,,
2022-12-14 00:00:00,,COM VÍTIMA,SANTO ANTÔNIO,RUA PRIMEIRO DE MARCO,,,ATROPELAMENTO DE PESSOA,0,1,0,0,1,0,0,0,0,1,0,Longo da via,Bom,Perfeito estado,Seca,Perfeito estado,Não há placas,,Única,Não existe
2022-12-15 00:00:00,,COM VÍTIMA,SAN MARTIN,RUA DELMIRO GOUVEIA,,,COLISÃO LATERAL,0,0,0,0,0,0,0,0,0,1,0,Longo da via,Bom,Perfeito estado,Seca,Perfeito estado,Não há placas,,Dupla,Não existe
2022-12-15 00:00:00,,COM VÍTIMA,BOA VIAGEM,RUA CAMBOIM,,,COLISÃO LATERAL,1,1,0,0,0,0,0,0,0,1,0,Cruzamento,Bom,Perfeito estado,Seca,Perfeito estado,"Placas ""Pare""",30 km/h,Única,Faixa seccionada
2022-12-15 00:00:00,,COM VÍTIMA,CASA AMARELA,RUA BELA VISTA,,,COLISÃO LATERAL,0,1,0,0,0,0,1,0,0,1,0,Longo da via,Bom,Perfeito estado,Seca,Perfeito estado,Não há placas,,Única,Não existe
2022-12-15 00:00:00,,COM VÍTIMA,AFOGADOS,RUA VINTE E UM DE ABRIL,,,COLISÃO LATERAL,1,1,0,0,0,0,0,0,0,1,0,Esquina,Bom,Perfeito estado,Seca,Perfeito estado,Outras,,Dupla,
2022-12-15 00:00:00,,COM VÍTIMA,PINA,AV ANTONIO DE GOES,,,COLISÃO TRASEIRA,1,1,0,0,0,0,0,0,0,1,0,Longo da via,Bom,Perfeito estado,Seca,Perfeito estado,R-19,60 km/h,Única,Canteiro central
2022-12-15 00:00:00,,COM VÍTIMA,MADALENA,RUA JOSE BONIFACIO,,,COLISÃO LATERAL,1,1,0,0,0,0,0,0,0,1,0,Cruzamento,Bom,Perfeito estado,Seca,Perfeito estado,"Placas ""Pare""",,Única,Faixa seccionada
2022-12-15 00:00:00,,SEM VÍTIMA,PINA,AV REPUBLICA DO LIBANO,,,COLISÃO LATERAL,1,1,0,0,0,0,0,0,0,0,0,Longo da via,Bom,Perfeito estado,Seca,Perfeito estado,Outras,,Única,
2022-12-15 00:00:00,,COM VÍTIMA,APIPUCOS,AV DEZESSETE DE AGOSTO,,CIDADE,COLISÃO FRONTAL,1,1,0,0,0,0,0,0,0,1,0,Longo da via,Bom,Ilegível,Seca,Mal conservada,Não há placas,,Dupla,Faixa contínua
2022-12-15 00:00:00,,SEM VÍTIMA,TEJIPIÓ,RUA FALCAO DE LACERDA,,,COLISÃO TRANSVERSAL,1,0,0,0,0,0,0,0,0,0,0,,,,,,,,,
2022-12-15 00:00:00,,COM VÍTIMA,IPUTINGA,RUA LEAL DE BARROS,,,COLISÃO FRONTAL,1,1,0,0,0,0,0,0,0,1,0,Cruzamento,Bom,Perfeito estado,Seca,Perfeito estado,"Placas ""Pare""",,Dupla,Faixa seccionada
2022-12-15 00:00:00,,COM VÍTIMA,NOVA DESCOBERTA,RUA NOVA DESCOBERTA,,,COLISÃO FRONTAL,1,1,0,0,0,0,0,0,0,1,0,,,,,,,,,
2022-12-16 00:00:00,,COM VÍTIMA,SANTO AMARO,RUA TREZE DE MAIO,,,COLISÃO TRANSVERSAL,1,0,0,0,0,1,0,0,0,3,0,Longo da via,Bom,Perfeito estado,Seca,Perfeito estado,R-6a,,Dupla,Canteiro central
2022-12-16 00:00:00,,SEM VÍTIMA,PARNAMIRIM,AV PARNAMIRIM,10,CIDADE,COLISÃO TRASEIRA,1,0,0,0,0,0,0,1,0,0,0,Cruzamento,Bom,Perfeito estado,Seca,Perfeito estado,R-6a,,Única,Faixa contínua
2022-12-16 00:00:00,,COM VÍTIMA,VÁRZEA,AV CAXANGA,,,QUEDA,0,1,0,0,0,0,0,0,0,1,0,Longo da via,Bom,Ilegível,Molhada,,R-19,60 km/h,Dupla,Canteiro central
2022-12-16 00:00:00,,COM VÍTIMA,APIPUCOS,RUA DOIS IRMAOS,,,COLISÃO LATERAL,1,1,0,0,0,0,0,0,0,1,0,Esquina,Bom,Perfeito estado,Seca,Perfeito estado,Outras,,Dupla,Faixa
2022-12-16 00:00:00,,COM VÍTIMA,IPSEP,RUA JEAN EMILE FAVRE,,,ATROPELAMENTO DE PESSOA,0,1,0,0,1,0,0,0,0,1,0,Longo da via,Bom,,Seca,Perfeito estado,R-6a,30 km/h,Dupla,Outros
2022-12-16 00:00:00,,SEM VÍTIMA,CAMPO GRANDE,AV GOVERNADOR AGAMENON MAGALHAES,,SUBURBIO,,1,0,0,0,0,0,0,1,0,0,0,Longo da via,Bom,Não existente,Seca,Perfeito estado,Não há placas,,Única,Não existe
2022-12-16 00:00:00,,COM VÍTIMA,MADALENA,RUA MENEZES DRUMOND,,,COLISÃO FRONTAL,1,1,0,0,0,0,0,0,0,1,0,Cruzamento,Bom,Perfeito estado,Seca,Perfeito estado,"Placas ""Pare""",,Dupla,Não existe
2022-12-16 00:00:00,,COM VÍTIMA,PARNAMIRIM,RUA TITO ROSAS,,,COLISÃO FRONTAL,0,2,0,0,0,0,0,0,0,2,0,,,,,,,,,
2022-12-16 00:00:00,,COM VÍTIMA,BOA VIAGEM,AV ENGENHEIRO DOMINGOS FERREIRA,,,COLISÃO FRONTAL,1,1,0,0,0,0,0,0,0,1,0,Longo da via,Bom,Perfeito estado,Seca,Perfeito estado,Não há placas,60 km/h,Dupla,Canteiro central
2022-12-16 00:00:00,,SEM VÍTIMA,BOA VISTA,RUA HENRIQUE DIAS,,CIDADE,CHOQUE,1,0,0,0,0,0,1,0,0,0,0,Longo da via,Bom,Perfeito estado,Seca,Perfeito estado,R-6a,,Única,Faixa seccionada
2022-12-17 00:00:00,,COM VÍTIMA,ÁGUA FRIA,AV BEBERIBE,,,COLISÃO TRANSVERSAL,0,2,0,0,0,0,0,0,0,2,0,Longo da via,Bom,Ilegível,Seca,Mal conservada,"Placas ""Pare""",30 km/h,Dupla,Outros
2022-12-17 00:00:00,,COM VÍTIMA,AFOGADOS,RUA VINTE E UM DE ABRIL,,,COLISÃO COM CICLISTA,1,0,0,1,0,0,0,0,0,1,0,Longo da via,Bom,Perfeito estado,Seca,Perfeito estado,Não há placas,,Única,Não existe
2022-12-17 00:00:00,,COM VÍTIMA,CASA AMARELA,RUA DA HARMONIA,,,COLISÃO FRONTAL,1,1,0,0,0,0,0,0,0,1,0,Cruzamento,Bom,Perfeito estado,Seca,Perfeito estado,Outras,30 km/h,Dupla,Faixa seccionada
2022-12-17 00:00:00,,COM VÍTIMA,DERBY,AV GOVERNADOR AGAMENON MAGALHAES,,,QUEDA,0,1,0,0,0,0,0,0,0,2,0,Longo da via,Bom,Perfeito estado,Seca,Mal conservada,Outras,60 km/h,Única,Faixa seccionada
2022-12-17 00:00:00,,COM VÍTIMA,SÃO JOSÉ,RUA IMPERIAL,,SUBURBIO,COLISÃO FRONTAL,1,1,0,0,0,0,0,0,0,1,0,Cruzamento,Bom,Incompleta,Seca,Perfeito estado,R-6a,60 km/h,Única,Faixa seccionada
2022-12-17 00:00:00,,COM VÍTIMA,SAN MARTIN,RUA COMENDADOR JOSE VITA,,,COLISÃO LATERAL,1,1,0,0,0,0,0,0,0,1,0,Cruzamento,Bom,Não existente,Seca,Perfeito estado,Não há placas,30 km/h,Dupla,Não existe
2022-12-17 00:00:00,,SEM VÍTIMA,ÁGUA FRIA,RUA DR PEREIRA DA SILVA,,,COLISÃO TRASEIRA,1,0,0,0,0,0,1,0,0,0,0,,,,,,,,,
2022-12-17 00:00:00,,COM VÍTIMA,VASCO DA GAMA,RUA VASCO DA GAMA,,,COLISÃO FRONTAL,1,1,0,0,0,0,0,0,0,2,0,,,,,,,,,
2022-12-18 00:00:00,,COM VÍTIMA,SÃO JOSÉ,RUA IMPERIAL,511,SUBURBIO,,1,1,0,0,0,0,0,0,0,1,0,Cruzamento,Bom,Perfeito estado,Seca,Perfeito estado,Não há placas,,Única,Faixa seccionada
2022-12-18 00:00:00,,COM VÍTIMA,BOA VIAGEM,RUA DES JOAO PAES,,,COLISÃO LATERAL,1,1,0,0,0,0,0,0,0,1,0,Cruzamento,Bom,Perfeito estado,Seca,Perfeito estado,"Placas ""Pare""",,Única,Não existe
2022-12-18 00:00:00,,COM VÍTIMA,MADALENA,RUA DEMOCRITO DE SOUZA FILHO,,,COLISÃO LATERAL,1,1,0,0,0,0,0,0,0,1,0,Cruzamento,Bom,Perfeito estado,Seca,Perfeito estado,Não há placas,30 km/h,Única,Não existe
2022-12-19 00:00:00,,COM VÍTIMA,SANTO AMARO,AV GOVERNADOR AGAMENON MAGALHAES,,SUBURBIO,COLISÃO TRASEIRA,1,1,0,0,0,0,0,0,0,2,0,Longo da via,Bom,Perfeito estado,Seca,Perfeito estado,Não há placas,60 km/h,Dupla,Faixa contínua
2022-12-19 00:00:00,,COM VÍTIMA,SANTO ANTÔNIO,RUA IMPERADOR PEDRO SEGUNDO,18,CIDADE,QUEDA,0,1,0,0,0,0,0,0,0,1,0,Cruzamento,Bom,Perfeito estado,Oleosa,Perfeito estado,Não há placas,40 km/h,Única,Faixa seccionada
2022-12-19 00:00:00,,SEM VÍTIMA,MADALENA,AV VISCONDE DE ALBUQUERQUE,,CIDADE,COLISÃO TRASEIRA,0,0,0,0,0,1,0,1,0,0,0,Longo da via,Bom,Perfeito estado,Seca,Perfeito estado,Outras,,Única,Faixa seccionada
2022-12-19 00:00:00,,COM VÍTIMA,TORRE,RUA JOSE BONIFACIO,487,SUBURBIO,COLISÃO LATERAL,1,1,0,0,0,0,0,0,0,1,0,Longo da via,Bom,Perfeito estado,Seca,Perfeito estado,R-6a,,Dupla,Faixa seccionada