data,hora,natureza,bairro,endereco,num_semaforo,sentido_via,tipo,auto,moto,ciclom,ciclista,pedestre,onibus,caminhao,viatura,outros,vitimas,vitimasfatais,acidente_verificado,tempo_clima,sinalizacao,condicao_via,conservacao_via,situacao_placa,velocidade_max_via,mao_direcao,divisao_via1
2022-12-31 00:00:00,,COM VÍTIMA,DERBY,PRC PROFESSOR AGEU MAGALHAES,,,COLISÃO FRONTAL,0,1,0,0,0,1,0,0,0,2,0,Longo da via,Bom,Perfeito estado,Seca,Perfeito estado,Não há placas,,Única,
2022-12-31 00:00:00,,SEM VÍTIMA,BOA VISTA,AV GOVERNADOR AGAMENON MAGALHAES,78,SUBURBIO,,1,0,0,0,0,0,0,1,0,0,0,Cruzamento,Bom,Perfeito estado,Seca,Perfeito estado,Não há placas,,Única,Canteiro central
2022-12-31 00:00:00,,COM VÍTIMA,CABANGA,AV SATURNINO DE BRITO,661,SUBURBIO,COLISÃO LATERAL,1,1,0,0,0,0,0,0,0,1,0,Longo da via,Bom,Perfeito estado,Seca,Perfeito estado,R-19,60 km/h,Única,Faixa seccionada
2022-12-31 00:00:00,,COM VÍTIMA,CABANGA,VIADUTO CAPITAO TEMUDO,,SUBURBIO,COLISÃO TRANSVERSAL,0,2,0,0,0,0,0,0,0,3,0,Longo da via,Chuvoso,Perfeito estado,Molhada,Perfeito estado,Não há placas,,Dupla,Faixa seccionada
2022-12-31 00:00:00,,SEM VÍTIMA,LINHA DO TIRO,RUA ALTO DO TIRO,,,COLISÃO LATERAL,1,1,0,0,0,0,0,0,0,0,0,,,,,,,,,
2021-01-01 00:00:00,19:44:00,COM VÍTIMA,MADALENA,RUA BENFICA,,SUBURBIO,COLISÃO FRONTAL,1,1,0,0,0,0,0,0,0,1,0,Longo da via,Bom,Perfeito estado,Seca,Perfeito estado,Não há placas,,Dupla,Faixa contínua
2021-01-01 00:00:00,23:15:40,COM VÍTIMA,VÁRZEA,AV CAXANGA,281,CIDADE,COLISÃO TRASEIRA,2,0,0,0,0,0,0,0,0,1,0,Cruzamento,Bom,Perfeito estado,Oleosa,Perfeito estado,Outras,,Única,Não existe
2021-01-02 00:00:00,10:54:00,COM VÍTIMA,VASCO DA GAMA,RUA RESPLENDOR,,,COLISÃO COM CICLISTA,1,1,0,1,0,0,0,0,0,1,0,Longo da via,Bom,Incompleta,Seca,Perfeito estado,Não há placas,,Dupla,Não existe
2021-01-02 00:00:00,11:13:00,COM VÍTIMA,BOA VIAGEM,RUA VISCONDE DE JEQUITINHONHA,,SUBURBIO,COLISÃO LATERAL,1,1,0,0,0,0,0,0,0,1,0,Longo da via,Bom,Perfeito estado,Seca,Perfeito estado,Outras,,Única,Canal
2021-01-03 00:00:00,09:32:00,COM VÍTIMA,ILHA DO RETIRO,AV ENGENHEIRO ABDIAS DE CARVALHO,,,COLISÃO LATERAL,1,1,0,0,0,0,0,0,0,2,0,Longo da via,Bom,Perfeito estado,Seca,Perfeito estado,Outras,60 km/h,Dupla,Faixa contínua
2021-01-03 00:00:00,11:07:00,SEM VÍTIMA,CASA AMARELA,RUA OSCAR DE BARROS,,SUBURBIO,CHOQUE,1,0,0,0,0,0,0,0,0,0,0,Longo da via,Bom,Perfeito estado,Seca,Perfeito estado,R-6a,,Única,Não existe
2021-01-03 00:00:00,15:00:00,COM VÍTIMA,BOA VIAGEM,RUA VISCONDE DE JEQUITINHONHA,,,COLISÃO LATERAL,1,1,0,0,0,0,0,0,0,1,0,Longo da via,Bom,Perfeito estado,Seca,Perfeito estado,Não há placas,40 km/h,Única,Faixa contínua
2021-01-03 00:00:00,15:39:00,SEM VÍTIMA,IPSEP,RUA JEAN EMILE FAVRE,564,SUBURBIO,COLISÃO TRANSVERSAL,2,0,0,0,0,0,0,0,0,0,0,Cruzamento,Bom,Perfeito estado,Seca,Perfeito estado,R-6a,,Dupla,Faixa contínua
2021-01-03 00:00:00,21:19:40,SEM VÍTIMA,ESPINHEIRO,RUA DO ESPINHEIRO,,,COLISÃO TRANSVERSAL,2,0,0,0,0,0,0,0,0,0,0,Cruzamento,Bom,Perfeito estado,Seca,Perfeito estado,R-6a,,Única,Faixa seccionada
2021-01-04 00:00:00,09:56:00,COM VÍTIMA,ENCRUZILHADA,RUA FERNANDO CESAR,45,CIDADE,COLISÃO TRANSVERSAL,1,1,0,0,0,0,0,0,0,1,0,Cruzamento,Bom,Perfeito estado,Seca,Perfeito estado,Outras,,Única,Não existe
2021-01-04 00:00:00,10:26:00,SEM VÍTIMA,SÃO JOSÉ,RUA IMPERIAL,,SUBURBIO,CHOQUE,0,0,0,0,0,0,1,0,0,0,0,Longo da via,Chuvoso,Perfeito estado,Molhada,Mal conservada,Não há placas,,Única,Não existe
2021-01-04 00:00:00,10:28:00,SEM VÍTIMA,DERBY,AV GOVERNADOR AGAMENON MAGALHAES,174,SUBURBIO,COLISÃO TRANSVERSAL,2,0,0,0,0,0,0,0,0,0,0,Cruzamento,Chuvoso,Perfeito estado,Molhada,Perfeito estado,Não há placas,,Dupla,Canal
2021-01-04 00:00:00,10:44:00,COM VÍTIMA,SANTO ANTÔNIO,C SANTA RITA,,,TOMBAMENTO,1,1,0,0,0,0,0,0,0,1,0,Longo da via,Bom,Perfeito estado,Seca,Perfeito estado,Não há placas,60 km/h,Dupla,Canteiro central
2021-01-04 00:00:00,16:05:00,COM VÍTIMA,DERBY,AV GOVERNADOR AGAMENON MAGALHAES,,,COLISÃO FRONTAL,1,1,0,0,0,0,0,0,0,1,0,Longo da via,Bom,Perfeito estado,Seca,Perfeito estado,Não há placas,60 km/h,Dupla,Canteiro central
2021-01-05 00:00:00,08:25:00,COM VÍTIMA,SÃO JOSÉ,VDO DAS CINCO PONTAS,,SUBURBIO,COLISÃO LATERAL,1,1,0,0,0,0,0,0,0,1,0,Viaduto,Bom,Ilegível,Seca,Perfeito estado,Não há placas,40 km/h,Dupla,Canteiro central
2021-01-05 00:00:00,10:48:00,COM VÍTIMA,PINA,AV ENGENHEIRO DOMINGOS FERREIRA,,,ATROPELAMENTO,0,1,0,0,1,0,0,0,0,1,0,Longo da via,Bom,Perfeito estado,Seca,Perfeito estado,Não há placas,60 km/h,Única,Faixa contínua
2021-01-05 00:00:00,11:15:00,COM VÍTIMA,AFOGADOS,RUA SAO MIGUEL,,SUBURBIO,COLISÃO TRANSVERSAL,2,0,0,0,0,0,0,0,0,1,0,Cruzamento,Bom,,Seca,Perfeito estado,Outras,40 km/h,Dupla,Faixa contínua
2021-01-05 00:00:00,14:09:00,SEM VÍTIMA,BOA VIAGEM,AV BOA VIAGEM,,,COLISÃO,2,0,0,0,0,0,0,0,0,0,0,,,,,,,,,
2021-01-05 00:00:00,16:24:00,COM VÍTIMA,AFOGADOS,RUA SAO MIGUEL,,,COLISÃO LATERAL,1,1,0,0,0,0,0,0,0,1,0,Longo da via,Bom,,,,Não há placas,,Dupla,Faixa contínua
2021-01-05 00:00:00,17:35:00,COM VÍTIMA,ROSARINHO,AV NORTE,,SUBURBIO,COLISÃO TRASEIRA,1,1,0,0,0,0,0,0,0,1,0,Longo da via,Bom,Perfeito estado,Seca,Perfeito estado,Outras,,Dupla,Faixa seccionada
2021-01-05 00:00:00,18:37:00,COM VÍTIMA,IPSEP,AV RECIFE,,,COLISÃO,1,1,0,0,0,0,0,0,0,1,0,,,,,,,,,
2021-01-06 00:00:00,08:02:00,COM VÍTIMA,MUSTARDINHA,RUA DR ARMANDO TAVARES,,,COLISÃO TRANSVERSAL,1,1,0,0,0,0,0,0,0,1,0,Cruzamento,Bom,Não existente,Seca,Perfeito estado,Não há placas,,Dupla,Não existe
2021-01-06 00:00:00,08:11:00,SEM VÍTIMA,SANTO AMARO,RUA TREZE DE MAIO,,,COLISÃO LATERAL,1,0,0,0,0,0,0,1,0,0,0,Longo da via,Bom,Incompleta,Seca,Mal conservada,Outras,40km/h,Dupla,Faixa contínua
2021-01-06 00:00:00,08:15:00,COM VÍTIMA,DERBY,AV GOVERNADOR AGAMENON MAGALHAES,,,COLISÃO LATERAL,1,1,0,0,0,0,0,0,0,1,0,Longo da via,Bom,Perfeito estado,Seca,Perfeito estado,Não há placas,60 km/h,Única,Faixa seccionada
2021-01-06 00:00:00,15:22:00,COM VÍTIMA,CASA AMARELA,AV NORTE,,,COLISÃO TRASEIRA,0,2,0,0,0,0,0,0,0,1,0,Longo da via,Bom,Perfeito estado,Seca,Perfeito estado,Outras,,,Não existe
2021-01-06 00:00:00,17:32:00,COM VÍTIMA,IMBIRIBEIRA,AV MARECHAL MASCARENHAS DE MORAES,,,COLISÃO COM CICLISTA,0,0,0,1,0,1,0,0,0,1,0,,,,,,,,,
2021-01-06 00:00:00,21:17:40,COM VÍTIMA,BOA VIAGEM,RUA DOS NAVEGANTES,,,COLISÃO TRANSVERSAL,1,1,0,0,0,0,0,0,0,1,0,Cruzamento,Bom,Perfeito estado,Seca,Perfeito estado,"Placas ""Pare""",,Única,Outros
2021-01-07 00:00:00,06:55:00,COM VÍTIMA,TORRÕES,AV ENGENHEIRO ABDIAS DE CARVALHO,,CIDADE,COLISÃO LATERAL,1,1,0,0,0,0,0,0,0,1,0,Longo da via,Bom,Perfeito estado,Seca,Perfeito estado,Não há placas,,Dupla,Canteiro central
2021-01-07 00:00:00,07:48:00,COM VÍTIMA,DERBY,AV GOVERNADOR AGAMENON MAGALHAES,,,COLISÃO TRASEIRA,1,1,0,0,0,0,0,0,0,1,0,Longo da via,Bom,Perfeito estado,Seca,Perfeito estado,Não há placas,60 km/h,Dupla,Faixa contínua
2021-01-07 00:00:00,08:47:00,SEM VÍTIMA,TAMARINEIRA,RUA CORONEL URIEL SERGIO GARDIM,,SUBURBIO,COLISÃO LATERAL,2,0,0,0,0,0,0,0,0,0,0,Longo da via,Bom,Incompleta,Seca,Perfeito estado,Outras,,Dupla,Não existe
2021-01-07 00:00:00,09:39:00,COM VÍTIMA,GRAÇAS,AV RUI BARBOSA,,,CAPOTAMENTO,0,1,0,0,0,0,0,0,0,1,0,Cruzamento,Chuvoso,Perfeito estado,Molhada,Perfeito estado,Não há placas,60 km/h,Única,Faixa contínua
2021-01-07 00:00:00,09:55:00,SEM VÍTIMA,GRAÇAS,AV GOVERNADOR AGAMENON MAGALHAES,,,COLISÃO,1,0,0,0,0,0,0,1,0,0,0,,,,,,,,,
2021-01-07 00:00:00,11:38:00,COM VÍTIMA,ESPINHEIRO,RUA DA HORA,,,COLISÃO LATERAL,1,1,0,0,0,0,0,0,0,1,0,Cruzamento,Bom,Perfeito estado,Seca,Perfeito estado,Outras,,Única,Faixa contínua
2021-01-07 00:00:00,17:50:00,COM VÍTIMA,CASA AMARELA,AV NORTE,,,COLISÃO COM CICLISTA,1,0,0,1,0,0,0,0,0,1,0,Longo da via,Bom,Perfeito estado,Seca,Perfeito estado,Outras,,Dupla,Faixa seccionada
2021-01-07 00:00:00,18:21:00,COM VÍTIMA,PARNAMIRIM,RUA DA HARMONIA,,,COLISÃO TRANSVERSAL,0,2,0,0,0,0,0,0,0,2,0,Cruzamento,Bom,Perfeito estado,Seca,Perfeito estado,Outras,,Única,Não existe
2021-01-08 00:00:00,08:01:00,COM VÍTIMA,SAN MARTIN,AV ENGENHEIRO ABDIAS DE CARVALHO,,,COLISÃO LATERAL,0,2,0,0,0,0,0,0,0,1,0,Longo da via,Bom,Perfeito estado,Seca,Perfeito estado,Não há placas,,Única,Canteiro central
2021-01-08 00:00:00,13:18:00,COM VÍTIMA,IPSEP,AV RECIFE,,,COLISÃO LATERAL,1,1,0,0,0,0,0,0,0,1,0,Longo da via,Bom,Perfeito estado,Seca,Perfeito estado,Não há placas,,Dupla,Faixa seccionada
2021-01-08 00:00:00,21:56:40,COM VÍTIMA,PINA,AV HERCULANO BANDEIRA,,,COLISÃO TRASEIRA,1,1,0,0,0,0,0,0,0,1,0,Cruzamento,Bom,Perfeito estado,Seca,Perfeito estado,Outras,,Única,Faixa seccionada
2021-01-09 00:00:00,11:56:00,SEM VÍTIMA,BOA VISTA,AV CONDE DA BOA VISTA,,,COLISÃO,1,1,0,0,0,0,0,0,0,0,0,,,,,,,,,
2021-01-09 00:00:00,12:19:00,COM VÍTIMA,BOA VIAGEM,AV ARMINDO MOURA,,,COLISÃO LATERAL,1,1,0,0,0,0,0,0,0,1,0,Cruzamento,Bom,Perfeito estado,Seca,Perfeito estado,Outras,,Única,Faixa seccionada
2021-01-09 00:00:00,12:36:00,SEM VÍTIMA,BRASÍLIA TEIMOSA,AV BRASILIA FORMOSA,,,COLISÃO LATERAL,2,0,0,0,0,0,0,0,0,0,0,Longo da via,Bom,Perfeito estado,Seca,Perfeito estado,,,,
2021-01-09 00:00:00,14:02:00,COM VÍTIMA,ÁGUA FRIA,RUA SAO BENTO,64,,COLISÃO LATERAL,1,1,0,0,0,0,0,0,0,1,0,Cruzamento,Bom,Perfeito estado,Seca,Perfeito estado,Não há placas,,Dupla,Faixa contínua
2021-01-09 00:00:00,14:10:00,COM VÍTIMA,BOA VIAGEM,RUA VISCONDE DE JEQUITINHONHA,,,COLISÃO TRANSVERSAL,0,2,0,0,0,0,0,0,0,3,0,Cruzamento,Bom,Perfeito estado,Seca,Perfeito estado,Outras,,Única,Faixa seccionada
2021-01-09 00:00:00,14:21:00,COM VÍTIMA,SANTO AMARO,AV CRUZ CABUGA,34,CIDADE,COLISÃO TRANSVERSAL,4,0,0,0,0,0,0,0,0,1,0,Cruzamento,Bom,Perfeito estado,Seca,Perfeito estado,,,Dupla,Faixa contínua
2021-01-09 00:00:00,14:24:00,SEM VÍTIMA,CAMPINA DO BARRETO,RUA MARCILIO DIAS,,,COLISÃO,1,1,0,0,0,0,0,0,0,0,0,,,,,,,,,
2021-01-10 00:00:00,00:51:00,COM VÍTIMA,DERBY,AV GOVERNADOR AGAMENON MAGALHAES,,,ATROPELAMENTO,1,0,0,0,1,0,0,0,0,1,0,Cruzamento,Bom,Perfeito estado,Seca,Perfeito estado,Outras,,Única,Faixa seccionada
2021-01-10 00:00:00,19:36:00,COM VÍTIMA,AFOGADOS,RUA MOTOCOLOMBO,,,COLISÃO TRANSVERSAL,1,1,0,0,0,0,0,0,0,1,0,Cruzamento,Bom,Perfeito estado,Seca,Perfeito estado,Outras,,Única,Não existe
2021-01-10 00:00:00,22:27:40,COM VÍTIMA,CORDEIRO,RUA CANTORA CLARA NUNES,,,COLISÃO FRONTAL,1,1,0,0,0,0,0,0,0,1,0,Longo da via,Bom,Ilegível,Seca,Mal iluminada,Não há placas,,Dupla,Não existe
2021-01-11 00:00:00,10:09:00,SEM VÍTIMA,DERBY,AV GOVERNADOR AGAMENON MAGALHAES,,CIDADE,COLISÃO TRANSVERSAL,0,0,0,0,0,0,1,1,0,0,0,Longo da via,Bom,Perfeito estado,Seca,Perfeito estado,Não há placas,,Dupla,Não existe
2021-01-11 00:00:00,11:21:00,COM VÍTIMA,GRAÇAS,RUA ALBERTO PAIVA,,,COLISÃO FRONTAL,1,1,0,0,0,0,0,0,0,1,0,Longo da via,Bom,Incompleta,Seca,Perfeito estado,"Placas ""Pare""",,Única,Faixa seccionada
2021-01-11 00:00:00,12:14:00,COM VÍTIMA,TORRÕES,RUA WASHINGTON DUARTE ESPINDOLA,,SUBURBIO,COLISÃO LATERAL,1,1,0,0,0,0,0,0,0,2,0,Longo da via,Bom,,Seca,Perfeito estado,Não há placas,,Única,
2021-01-11 00:00:00,14:35:00,COM VÍTIMA,ENCRUZILHADA,LGO ENCRUZILHADA,664,,COLISÃO COM CICLISTA,1,0,0,1,0,0,0,0,0,1,0,Longo da via,Bom,Perfeito estado,Seca,Perfeito estado,Outras,,Dupla,Faixa contínua
2021-01-11 00:00:00,16:00:00,COM VÍTIMA,BOA VIAGEM,AV CONSELHEIRO AGUIAR,,,COLISÃO TRANSVERSAL,1,1,0,0,0,0,0,0,0,1,0,Cruzamento,Bom,Perfeito estado,Seca,Perfeito estado,,,Única,Faixa contínua
2021-01-11 00:00:00,17:34:00,COM VÍTIMA,ARRUDA,AV BEBERIBE,,,COLISÃO COM CICLISTA,0,0,0,1,0,1,0,0,0,1,0,Longo da via,Bom,Perfeito estado,Seca,Perfeito estado,R-6a,,Dupla,Faixa contínua
2021-01-11 00:00:00,18:22:00,SEM VÍTIMA,CAMPO GRANDE,RUA MARQUES DE ABRANTES,,,COLISÃO COM CICLISTA,2,0,0,1,0,0,0,0,0,0,0,,,,,,,,,
2021-01-12 00:00:00,08:42:00,COM VÍTIMA,IPSEP,AV RECIFE,16,SUBURBIO,COLISÃO TRANSVERSAL,1,1,0,0,0,0,0,0,0,1,0,Cruzamento,Bom,Perfeito estado,Seca,Perfeito estado,,60 km/h,Dupla,Canteiro central
2021-01-12 00:00:00,09:52:00,COM VÍTIMA,IPSEP,AV RECIFE,,,COLISÃO LATERAL,0,0,0,0,0,1,1,0,0,1,0,Longo da via,Bom,Perfeito estado,Seca,Perfeito estado,Não há placas,,Dupla,Faixa seccionada
2021-01-12 00:00:00,10:13:00,COM VÍTIMA,IPUTINGA,AV MAURICIO DE NASSAU,,,COLISÃO TRASEIRA,1,1,0,0,0,0,0,0,0,1,0,Cruzamento,Bom,Ilegível,Seca,Perfeito estado,"Placas ""Pare""",,Dupla,Faixa contínua
2021-01-12 00:00:00,10:18:00,COM VÍTIMA,ESPINHEIRO,RUA QUARENTA E OITO,,,COLISÃO LATERAL,1,1,0,0,0,0,0,0,0,1,0,Longo da via,Bom,Perfeito estado,Seca,Perfeito estado,R-6a,,Única,Faixa seccionada
2021-01-12 00:00:00,13:15:00,COM VÍTIMA,TORRE,RUA REAL DA TORRE,,,COLISÃO,0,1,0,0,0,0,0,0,0,1,0,,,,,,,,,
2021-01-12 00:00:00,18:29:00,SEM VÍTIMA,SANTO AMARO,AV GOVERNADOR AGAMENON MAGALHAES,,,COLISÃO LATERAL,2,0,0,0,0,0,0,0,0,0,0,Longo da via,Bom,Perfeito estado,Seca,Perfeito estado,Não há placas,,Dupla,Canteiro central
2021-01-12 00:00:00,20:26:00,COM VÍTIMA,IMBIRIBEIRA,RUA ALAMEDA DAS HORTENCIAS,,,COLISÃO LATERAL,1,1,0,0,0,0,0,0,0,1,0,Cruzamento,Bom,Ilegível,Seca,Mal iluminada,Não há placas,,Dupla,Faixa seccionada
2021-01-12 00:00:00,22:06:40,COM VÍTIMA,IPSEP,AV RECIFE,,,COLISÃO FRONTAL,1,1,0,0,0,0,0,0,0,1,0,,Bom,Não existente,Seca,Perfeito estado,Não há placas,,,Não existe
2021-01-13 00:00:00,10:48:00,SEM VÍTIMA,VÁRZEA,RUA GASTAO VIDIGAL,281,CIDADE,CHOQUE,0,0,0,0,0,1,0,0,0,0,0,,Bom,Incompleta,Seca,Perfeito estado,Não há placas,,Dupla,Faixa contínua
2021-01-13 00:00:00,11:12:00,COM VÍTIMA,MADALENA,RUA JOAO IVO DA SILVA,132,CIDADE,COLISÃO TRANSVERSAL,0,2,0,0,0,0,0,0,0,1,0,Cruzamento,Bom,Incompleta,Seca,Perfeito estado,Não há placas,,Única,Faixa seccionada
2021-01-13 00:00:00,13:48:00,SEM VÍTIMA,SAN MARTIN,AV GENERAL SAN MARTIN,,,COLISÃO,2,0,0,0,0,0,0,0,0,0,0,,,,,,,,,
2021-01-13 00:00:00,14:30:00,COM VÍTIMA,PARNAMIRIM,RUA PROFESSORA AURORA SOARES,,,COLISÃO LATERAL,1,1,0,0,0,0,0,0,0,1,0,Longo da via,Bom,Perfeito estado,Seca,Perfeito estado,Não há placas,,Dupla,Faixa contínua
2021-01-13 00:00:00,14:59:00,COM VÍTIMA,IPUTINGA,AV CAXANGA,,,COLISÃO COM CICLISTA,1,0,0,1,0,0,0,0,0,2,0,Longo da via,Bom,Perfeito estado,Seca,Perfeito estado,Não há placas,,Dupla,Canteiro central
2021-01-13 00:00:00,18:01:00,COM VÍTIMA,PINA,AV ANTONIO DE GOES,,,COLISÃO TRASEIRA,1,1,0,0,0,0,0,0,0,1,0,Longo da via,Bom,Perfeito estado,Seca,Perfeito estado,Não há placas,,Única,Canteiro central
2021-01-13 00:00:00,17:59:00,COM VÍTIMA,BOA VIAGEM,RUA COSMORAMA,556,,COLISÃO LATERAL,1,1,0,0,0,0,0,0,0,1,0,Esquina,Bom,Perfeito estado,Seca,Perfeito estado,Outras,,Dupla,Outros
2021-01-13 00:00:00,18:11:00,COM VÍTIMA,SANTO AMARO,RUA PALMARES,30,,COLISÃO LATERAL,1,1,0,0,0,0,0,0,0,1,0,Cruzamento,Bom,Perfeito estado,Seca,Perfeito estado,Não há placas,60 km/h,Dupla,Não existe
2021-01-13 00:00:00,18:27:00,COM VÍTIMA,BOA VIAGEM,RUA MARQUES DE VALENCA,,,COLISÃO TRANSVERSAL,1,1,0,0,0,0,0,0,0,1,0,Cruzamento,Bom,Perfeito estado,Seca,Perfeito estado,Não há placas,,Dupla,Faixa seccionada
2021-01-13 00:00:00,20:48:00,COM VÍTIMA,TEJIPIÓ,RUA FALCAO DE LACERDA,,,COLISÃO LATERAL,1,1,0,0,0,0,1,0,0,1,0,Longo da via,Bom,Perfeito estado,Seca,Perfeito estado,Outras,50 km/h,Dupla,Faixa contínua
2021-01-14 00:00:00,07:21:00,COM VÍTIMA,CORDEIRO,RUA GOMES TABORDA,,,COLISÃO COM CICLISTA,1,0,0,1,0,0,0,0,0,1,0,Longo da via,Bom,Perfeito estado,Seca,Perfeito estado,Outras,,Dupla,Faixa seccionada
2021-01-14 00:00:00,07:29:00,SEM VÍTIMA,SANTO AMARO,AV CRUZ CABUGA,,,COLISÃO LATERAL,2,0,0,0,0,0,0,0,0,0,0,Longo da via,Bom,Perfeito estado,Seca,Perfeito estado,Não há placas,,Dupla,Faixa contínua
2021-01-14 00:00:00,09:22:00,SEM VÍTIMA,ÁGUA FRIA,AV BEBERIBE,,,COLISÃO LATERAL,0,0,0,0,0,1,1,0,0,0,0,Longo da via,Bom,Perfeito estado,Seca,Perfeito estado,Outras,,Dupla,Faixa contínua
2021-01-14 00:00:00,12:34:00,COM VÍTIMA,ILHA DO LEITE,RUA MINAS GERAIS,,,COLISÃO,1,1,0,0,0,0,0,0,0,1,0,,,,,,,,,
2021-01-14 00:00:00,16:25:00,COM VÍTIMA,SANTO AMARO,AV PREFEITO ARTUR LIMA CAVALCANTI,,,COLISÃO LATERAL,1,1,0,0,0,0,0,0,0,1,0,Longo da via,Bom,Perfeito estado,Seca,Perfeito estado,R-6a,,Dupla,Canteiro central
2021-01-14 00:00:00,20:46:00,COM VÍTIMA,BOA VIAGEM,AV ENGENHEIRO DOMINGOS FERREIRA,,,COLISÃO TRASEIRA,2,0,0,0,0,0,0,0,0,1,0,Longo da via,Bom,Perfeito estado,Seca,Perfeito estado,Outras,,Única,Faixa seccionada
2021-01-14 00:00:00,20:30:40,COM VÍTIMA,AREIAS,AV DR JOSE RUFINO,,,COLISÃO TRANSVERSAL,1,1,0,0,0,0,0,0,0,1,0,Cruzamento,Bom,Perfeito estado,Seca,Perfeito estado,R-6a,40 km/h,Dupla,Faixa contínua
2021-01-14 00:00:00,23:09:40,COM VÍTIMA,BOA VIAGEM,AVENIDA CELSO FURTADO (VIA MANGUE),,SUBURBIO,COLISÃO COM CICLISTA,0,1,0,3,0,0,0,0,0,4,0,Longo da via,Bom,Perfeito estado,Seca,Perfeito estado,Outras,60 km/h,Única,Faixa contínua
2021-01-15 00:00:00,00:37:00,COM VÍTIMA,TAMARINEIRA,EST VELHA DE AGUA FRIA,,CIDADE,COLISÃO FRONTAL,1,0,1,0,0,0,0,0,0,1,0,Cruzamento,Bom,Perfeito estado,Seca,Perfeito estado,,,Única,Canteiro central
2021-01-15 00:00:00,12:01:00,COM VÍTIMA,MADALENA,AV VISCONDE DE ALBUQUERQUE,,,COLISÃO TRANSVERSAL,1,0,1,0,0,0,0,0,0,1,0,Longo da via,Bom,Perfeito estado,Seca,Perfeito estado,Não há placas,,Única,Faixa seccionada
2021-01-15 00:00:00,16:14:00,COM VÍTIMA,TEJIPIÓ,AV DR JOSE RUFINO,497,,COLISÃO TRANSVERSAL,1,1,0,0,0,0,0,0,0,2,0,Longo da via,Bom,Perfeito estado,Seca,Perfeito estado,R-6a,,Dupla,Faixa contínua
2021-01-15 00:00:00,17:02:00,COM VÍTIMA,SÃO JOSÉ,AV ENGENHEIRO JOSE ESTELITA,,SUB,COLISÃO TRANSVERSAL,0,0,1,0,0,0,1,0,0,1,0,Longo da via,Bom,Perfeito estado,Seca,Perfeito estado,,,Dupla,Canteiro central
2021-01-15 00:00:00,17:04:00,SEM VÍTIMA,BOA VIAGEM,RUA PADRE BERNADINO PESSOA,,,COLISÃO,1,0,1,0,0,0,0,0,0,0,0,,,,,,,,,
2021-01-15 00:00:00,17:12:00,SEM VÍTIMA,IMBIRIBEIRA,RUA SAO JUDAS TADEU,,,COLISÃO TRANSVERSAL,2,0,0,0,0,0,0,0,0,0,0,,Bom,Não existente,Seca,Perfeito estado,Não há placas,,Dupla,Não existe
2021-01-15 00:00:00,20:31:00,COM VÍTIMA,SAN MARTIN,AV GENERAL SAN MARTIN,326,,COLISÃO COM CICLISTA,1,0,0,1,0,0,0,0,0,1,0,Cruzamento,Bom,Perfeito estado,Seca,Perfeito estado,Não há placas,,Dupla,Faixa contínua
2021-01-15 00:00:00,21:55:40,SEM VÍTIMA,GUABIRABA,RUA Z,,SUBURBIO,CHOQUE,0,0,0,0,0,0,0,1,1,0,0,Longo da via,Bom,Não existente,Seca,Mal iluminada,Não há placas,,Dupla,Não existe
2021-01-15 00:00:00,22:15:40,COM VÍTIMA,ESPINHEIRO,RUA DO ESPINHEIRO,,,COLISÃO TRANSVERSAL,1,2,0,0,0,0,0,0,0,2,0,Cruzamento,Bom,Perfeito estado,Seca,Perfeito estado,"Placas ""Pare""",,Dupla,Faixa seccionada
2021-01-16 00:00:00,04:00:00,COM VÍTIMA,BOA VIAGEM,RUA BARAO DE SOUZA LEAO,,,CHOQUE,0,0,0,0,0,1,0,0,0,1,0,,,,,,,,,
2021-01-16 00:00:00,07:34:00,SEM VÍTIMA,IMBIRIBEIRA,AV MARECHAL MASCARENHAS DE MORAES,290,SUBURBIO,COLISÃO TRASEIRA,2,0,0,0,0,0,0,0,0,0,0,Longo da via,Bom,Perfeito estado,Seca,Perfeito estado,Não há placas,60 km/h,Dupla,Canteiro central
2021-01-16 00:00:00,13:41:00,COM VÍTIMA,SANTO AMARO,PTE DO LIMOEIRO,,,COLISÃO,1,1,0,0,0,0,0,0,0,1,0,,,,,,,,,
2021-01-16 00:00:00,18:49:00,SEM VÍTIMA,TORRE,RUA JOSE BONIFACIO,,,COLISÃO,2,0,0,0,0,0,0,0,0,0,0,,,,,,,,,
2021-01-17 00:00:00,00:05:00,COM VÍTIMA,BOA VIAGEM,AV ENGENHEIRO DOMINGOS FERREIRA,303,,COLISÃO LATERAL,1,1,0,0,0,0,0,0,0,1,0,Longo da via,Bom,Perfeito estado,Seca,Perfeito estado,,60 km/h,Única,Faixa contínua
2021-01-17 00:00:00,01:14:00,SEM VÍTIMA,JORDÃO,RUA DR ALVARO FERRAZ,,,CHOQUE,1,0,0,0,0,0,1,0,0,0,0,,,,,,,,,
2021-01-17 00:00:00,07:20:00,COM VÍTIMA,SÃO JOSÉ,C SANTA RITA,,CIDADE,CHOQUE,1,0,0,0,0,0,0,0,0,1,0,Longo da via,Bom,Perfeito estado,Seca,Perfeito estado,Não há placas,,Dupla,Canteiro central