data,hora,natureza,bairro,endereco,num_semaforo,sentido_via,tipo,auto,moto,ciclom,ciclista,pedestre,onibus,caminhao,viatura,outros,vitimas,vitimasfatais,acidente_verificado,tempo_clima,sinalizacao,condicao_via,conservacao_via,situacao_placa,velocidade_max_via,mao_direcao,divisao_via1
2021-01-17 00:00:00,11:57:00,SEM VÍTIMA,MADALENA,AV JOSE GONCALVES DE MEDEIROS,,,CHOQUE,1,0,0,0,0,0,0,0,0,0,0,,,,,,,,,
2021-01-17 00:00:00,15:27:00,COM VÍTIMA,MADALENA,EST DOS REMEDIOS,,,COLISÃO TRANSVERSAL,0,2,0,0,0,0,0,0,0,2,0,Cruzamento,Bom,Perfeito estado,Seca,Perfeito estado,R-6a,60 km/h,Única,Faixa contínua
2021-01-17 00:00:00,17:38:00,COM VÍTIMA,MADALENA,RUA NOBRE DE LACERDA,,,COLISÃO,1,1,0,0,0,0,0,0,0,2,0,,,,,,,,,
2021-01-17 00:00:00,19:10:00,COM VÍTIMA,MUSTARDINHA,AV MANOEL GONCALVES DA LUZ,,,ATROPELAMENTO,0,0,0,0,1,1,0,0,0,1,0,Longo da via,Bom,Perfeito estado,Seca,Perfeito estado,Não há placas,,Dupla,Faixa seccionada
2021-01-17 00:00:00,19:18:00,COM VÍTIMA,AREIAS,AV RECIFE,,,COLISÃO LATERAL,1,1,0,0,0,0,0,0,0,1,0,Longo da via,Bom,Perfeito estado,Seca,Perfeito estado,Não há placas,,Dupla,Faixa seccionada
2021-01-17 00:00:00,20:58:00,SEM VÍTIMA,PINA,AV ENGENHEIRO DOMINGOS FERREIRA,,SUBURBIO,COLISÃO TRASEIRA,2,0,0,0,0,0,0,0,0,0,0,Longo da via,Bom,Perfeito estado,Seca,Perfeito estado,R-6a,60 km/h,Única,Faixa seccionada
2021-01-17 00:00:00,21:32:40,SEM VÍTIMA,CASA AMARELA,RUA PADRE LEMOS,404,SUBURBIO,COLISÃO LATERAL,0,1,0,0,0,0,0,1,0,0,0,Longo da via,Bom,Perfeito estado,Seca,Perfeito estado,,,Dupla,Não existe
2021-01-17 00:00:00,22:13:40,COM VÍTIMA,BARRO,RUA ANDRE DIAS FIGUEREDO,,,COLISÃO,1,1,0,0,0,0,0,0,0,1,0,,,,,,,,,
2021-01-17 00:00:00,22:55:40,COM VÍTIMA,PINA,AV BOA VIAGEM,,,CHOQUE,0,0,0,0,0,0,0,0,0,1,0,,,,,,,,,
2021-01-18 00:00:00,08:08:00,COM VÍTIMA,CASA AMARELA,RUA PADRE LEMOS,,,COLISÃO LATERAL,1,1,0,0,0,0,0,0,0,1,0,Longo da via,Bom,Perfeito estado,Seca,Perfeito estado,R-6a,,Dupla,Faixa seccionada
2021-01-18 00:00:00,15:34:00,COM VÍTIMA,SANTO AMARO,RUA BISPO CARDOSO AYRES,,,COLISÃO LATERAL,1,1,0,0,0,0,0,0,0,1,0,Cruzamento,Bom,Perfeito estado,Seca,Perfeito estado,Outras,,Única,Não existe
2021-01-18 00:00:00,22:46:40,SEM VÍTIMA,ROSARINHO,AV NORTE,,CIDADE,COLISÃO,1,1,0,0,0,0,0,0,0,0,0,,,,,,,,,
2021-01-19 00:00:00,03:22:00,COM VÍTIMA,BARRO,AV DR JOSE RUFINO,,CIDADE,COLISÃO TRANSVERSAL,0,1,0,0,0,1,0,0,0,1,0,Cruzamento,Bom,Ilegível,Seca,Mal conservada,,,Dupla,Não existe
2021-01-19 00:00:00,07:42:00,COM VÍTIMA,CASA AMARELA,EST DO ARRAIAL,,,COLISÃO TRASEIRA,1,1,0,0,0,0,0,0,0,1,0,Longo da via,Nublado,,Seca,Perfeito estado,Outras,,Única,Faixa seccionada
2021-01-19 00:00:00,08:56:00,COM VÍTIMA,ILHA DO RETIRO,RUA SPORT CLUBE DO RECIFE,,,COLISÃO,0,0,0,0,0,0,0,0,0,1,0,,,,,,,,,
2021-01-19 00:00:00,08:58:00,COM VÍTIMA,ILHA DO RETIRO,AV ENGENHEIRO ABDIAS DE CARVALHO,367,,COLISÃO,1,1,0,0,0,0,0,0,0,1,0,,,,,,,,,
2021-01-19 00:00:00,09:45:00,COM VÍTIMA,BOA VIAGEM,AV BOA VIAGEM,118,,COLISÃO TRASEIRA,1,1,0,0,0,0,0,0,0,1,0,Longo da via,Bom,Perfeito estado,Seca,Perfeito estado,R-6a,,Única,Faixa contínua
2021-01-19 00:00:00,10:33:00,SEM VÍTIMA,MACAXEIRA,AV NORTE,671,,ENGAVETAMENTO,5,0,0,0,0,0,0,1,0,0,0,,,,,,,,,
2021-01-19 00:00:00,10:49:00,COM VÍTIMA,MACAXEIRA,AV NORTE,671,,COLISÃO TRASEIRA,1,4,0,0,0,0,2,0,0,1,0,Longo da via,Bom,Perfeito estado,Seca,Perfeito estado,Outras,,Dupla,Canteiro central
2021-01-19 00:00:00,11:39:00,COM VÍTIMA,TORRE,RUA REAL DA TORRE,,,COLISÃO,2,0,0,0,0,0,0,0,0,1,0,,,,,,,,,
2021-01-19 00:00:00,14:31:00,COM VÍTIMA,DERBY,AV GOVERNADOR AGAMENON MAGALHAES,174,SUBURBIO,COLISÃO LATERAL,1,1,0,0,0,0,0,0,0,1,0,Cruzamento,Bom,Perfeito estado,Seca,Perfeito estado,R-4a,60 km/h,Dupla,Canteiro central
2021-01-19 00:00:00,14:57:00,COM VÍTIMA,SÃO JOSÉ,RUA IMPERIAL,352,,COLISÃO TRASEIRA,1,1,0,0,0,0,0,0,0,2,0,Longo da via,Bom,Perfeito estado,Seca,Perfeito estado,Não há placas,,Única,Não existe
2021-01-19 00:00:00,15:54:00,COM VÍTIMA,CABANGA,VDO PAPA JOAO PAULO II,,,COLISÃO LATERAL,1,1,0,0,0,0,0,0,0,1,0,Longo da via,Bom,Incompleta,Seca,Perfeito estado,Não há placas,,Única,Faixa contínua
2021-01-19 00:00:00,16:43:00,COM VÍTIMA,BOA VISTA,AV GOVERNADOR AGAMENON MAGALHAES,,OLINDA,CAPOTAMENTO,0,1,0,0,0,0,0,0,0,1,0,Cruzamento,Bom,Perfeito estado,Seca,Perfeito estado,Não há placas,60 km/h,Única,Faixa seccionada
2021-01-19 00:00:00,17:42:00,COM VÍTIMA,VÁRZEA,AV AFONSO OLINDENSE,,,COLISÃO COM CICLISTA,0,1,0,1,0,0,0,0,0,2,0,Longo da via,Bom,Perfeito estado,Seca,Perfeito estado,Outras,40 km/h,Dupla,Faixa seccionada
2021-01-19 00:00:00,21:27:40,SEM VÍTIMA,MACAXEIRA,AV NORTE,,,CHOQUE,1,0,0,0,0,0,0,0,0,0,0,,,,,,,,,
2021-01-19 00:00:00,21:31:40,COM VÍTIMA,SANTO ANTÔNIO,PTE PRINCESA IZABEL,,,COLISÃO COM CICLISTA,0,0,0,1,0,0,0,1,0,1,0,Longo da via,Chuvoso,Perfeito estado,Molhada,Perfeito estado,Não há placas,,Dupla,Faixa contínua
2021-01-20 00:00:00,12:37:00,COM VÍTIMA,VÁRZEA,RUA AGRICOLANDIA,,,COLISÃO LATERAL,1,1,0,0,0,0,0,0,0,1,0,Cruzamento,Bom,Incompleta,Seca,Perfeito estado,"Placas ""Pare""",,Dupla,Faixa seccionada
2021-01-20 00:00:00,14:12:00,COM VÍTIMA,ARRUDA,AV BEBERIBE,,,COLISÃO COM CICLISTA,0,0,0,1,0,1,0,0,0,1,0,Longo da via,Bom,Perfeito estado,Seca,Perfeito estado,Outras,,Dupla,Faixa contínua
2021-01-20 00:00:00,17:09:00,SEM VÍTIMA,SOLEDADE,RUA DA SOLEDADE,,,COLISÃO LATERAL,1,0,0,0,0,0,1,0,0,0,0,Longo da via,Bom,Perfeito estado,Seca,Perfeito estado,Não há placas,40 KM/H,Única,
2021-01-20 00:00:00,21:07:40,COM VÍTIMA,IMBIRIBEIRA,AV MARECHAL MASCARENHAS DE MORAES,,,COLISÃO,1,1,0,0,0,0,0,0,0,1,0,,,,,,,,,
2021-01-21 00:00:00,05:01:00,COM VÍTIMA,DERBY,AV GOVERNADOR AGAMENON MAGALHAES,,,CHOQUE,0,1,0,0,0,0,0,0,0,2,0,,,,,,,,,
2021-01-21 00:00:00,09:30:00,COM VÍTIMA,IBURA,AV DOIS RIOS,,,ATROPELAMENTO,0,1,0,0,1,0,0,0,0,3,0,Longo da via,Bom,Perfeito estado,Seca,Perfeito estado,R-6a,,Dupla,Faixa contínua
2021-01-21 00:00:00,10:36:00,COM VÍTIMA,CABANGA,AV ENGENHEIRO JOSE ESTELITA,,,COLISÃO LATERAL,1,1,0,0,0,0,0,0,0,1,0,Longo da via,Bom,Perfeito estado,Seca,Perfeito estado,Não há placas,,Única,Não existe
2021-01-21 00:00:00,13:36:00,COM VÍTIMA,ARRUDA,RUA DO TRIUNFO,,,COLISÃO TRANSVERSAL,0,2,0,0,0,0,0,0,0,1,0,Cruzamento,Bom,Não existente,Seca,Perfeito estado,Não há placas,,Dupla,Não existe
2021-01-21 00:00:00,15:38:00,SEM VÍTIMA,PINA,AV REPUBLICA DO LIBANO,,,COLISÃO,2,0,0,0,0,0,0,0,0,0,0,,,,,,,,,
2021-01-21 00:00:00,15:47:00,SEM VÍTIMA,SANTO ANTÔNIO,PTE PRINCESA IZABEL,,CIDADE,COLISÃO TRASEIRA,2,0,0,0,0,0,0,0,0,0,0,Ponte,Bom,Perfeito estado,Seca,Perfeito estado,Não há placas,,Dupla,Faixa contínua
2021-01-21 00:00:00,21:49:40,COM VÍTIMA,CASA FORTE,AV DEZESSETE DE AGOSTO,,,COLISÃO LATERAL,1,1,0,0,0,0,0,0,0,1,0,Esquina,Chuvoso,Perfeito estado,Seca,Perfeito estado,R-6a,,Dupla,Faixa contínua
2021-01-22 00:00:00,08:15:00,COM VÍTIMA,PARNAMIRIM,RUA SEBASTIAO ALVES,,,COLISÃO,2,0,0,0,0,0,0,0,0,1,0,,,,,,,,,
2021-01-22 00:00:00,12:02:00,COM VÍTIMA,CASA FORTE,AV DEZESSETE DE AGOSTO,,,COLISÃO LATERAL,0,2,0,0,0,0,0,0,0,2,0,Longo da via,Bom,Perfeito estado,Seca,Perfeito estado,,60 km/h,Dupla,Faixa contínua
2021-01-22 00:00:00,13:15:00,SEM VÍTIMA,BOA VISTA,RUA DO PRINCIPE,,,COLISÃO LATERAL,2,0,0,0,0,0,0,0,0,0,0,Longo da via,Bom,Perfeito estado,Seca,Perfeito estado,Não há placas,,Única,Faixa contínua
2021-01-22 00:00:00,13:21:00,COM VÍTIMA,BOMBA DO HEMETÉRIO,RUA BOMBA DO HEMETERIO,,,COLISÃO TRASEIRA,1,1,0,0,0,0,0,0,0,1,0,Longo da via,Chuvoso,Não existente,Molhada,Perfeito estado,Não há placas,,Dupla,Faixa seccionada
2021-01-22 00:00:00,16:38:00,COM VÍTIMA,JARDIM SÃO PAULO,AV RECIFE,,,ATROPELAMENTO,0,1,0,0,1,0,0,0,0,1,0,Longo da via,Bom,Perfeito estado,Seca,Perfeito estado,Não há placas,50 km/h,Dupla,Canteiro central
2021-01-22 00:00:00,16:52:00,COM VÍTIMA,AFOGADOS,RUA ARQUITETO LUIZ NUNES,,,COLISÃO COM CICLISTA,1,0,0,1,0,0,0,0,0,1,0,,,,,,,,,
2021-01-22 00:00:00,18:27:00,COM VÍTIMA,CORDEIRO,AV CAXANGA,,,COLISÃO LATERAL,1,1,0,0,0,0,0,0,0,1,0,Longo da via,Bom,Perfeito estado,Seca,Perfeito estado,,60 km/h,Única,Faixa seccionada
2021-01-22 00:00:00,20:49:40,COM VÍTIMA,BOA VIAGEM,RUA CAMBUI,,,COLISÃO TRANSVERSAL,1,2,0,0,0,0,0,0,0,1,0,Cruzamento,Bom,Incompleta,Seca,Mal conservada,"Placas ""Pare""",,Única,Faixa seccionada
2021-01-22 00:00:00,21:52:40,SEM VÍTIMA,JORDÃO,AV MARIA IRENE,,,COLISÃO LATERAL,1,0,0,0,0,0,0,1,0,0,0,Longo da via,Bom,Perfeito estado,Seca,Perfeito estado,Não há placas,,Única,Não existe
2021-01-23 00:00:00,11:28:00,SEM VÍTIMA,DERBY,AV GOVERNADOR AGAMENON MAGALHAES,75,OLINDA,COLISÃO LATERAL,1,0,0,0,0,0,0,1,0,0,0,Longo da via,Bom,Perfeito estado,Seca,Perfeito estado,Outras,60KM/H,Dupla,Faixa seccionada
2021-01-23 00:00:00,11:39:00,SEM VÍTIMA,PORTO DA MADEIRA,RUA SATURNO,,,COLISÃO,2,0,0,0,0,0,0,0,0,0,0,,,,,,,,,
2021-01-23 00:00:00,12:16:00,COM VÍTIMA,CAXANGÁ,RUA RIBEIRO PESSOA,,,COLISÃO LATERAL,1,1,0,0,0,0,0,0,0,1,0,Longo da via,Bom,Não existente,Seca,Perfeito estado,,,Dupla,Não existe
2021-01-23 00:00:00,12:20:00,SEM VÍTIMA,CAMPO GRANDE,EST DE BELEM,,,COLISÃO,3,0,0,0,0,0,0,0,0,0,0,,,,,,,,,
2021-01-23 00:00:00,14:17:00,COM VÍTIMA,ENCRUZILHADA,AV BEBERIBE,,,COLISÃO TRANSVERSAL,1,0,1,0,0,0,0,0,0,1,0,Longo da via,Bom,Perfeito estado,Seca,Perfeito estado,Não há placas,40 km/h,Dupla,Faixa seccionada
2021-01-23 00:00:00,19:41:00,COM VÍTIMA,BOA VIAGEM,RUA VISCONDE DE JEQUITINHONHA,,,COLISÃO TRANSVERSAL,2,0,0,0,0,0,0,0,0,1,0,Cruzamento,Bom,Perfeito estado,Seca,Perfeito estado,Outras,,Única,Faixa seccionada
2021-01-24 00:00:00,12:06:00,COM VÍTIMA,SANTO AMARO,AV NORTE,,,COLISÃO LATERAL,1,1,0,0,0,0,0,0,0,1,0,Longo da via,Bom,Perfeito estado,Seca,Perfeito estado,Não há placas,,Dupla,Canteiro central
2021-01-24 00:00:00,14:27:00,COM VÍTIMA,DOIS UNIDOS,RUA JORNALISTA NELSON FIRMO,,,COLISÃO,1,1,0,0,0,0,0,0,0,1,0,,,,,,,,,
2021-01-24 00:00:00,20:19:00,COM VÍTIMA,IPSEP,RUA JEAN EMILE FAVRE,,,COLISÃO,1,1,0,0,0,0,0,0,0,1,0,,,,,,,,,
2021-01-25 00:00:00,12:26:00,SEM VÍTIMA,NOVA DESCOBERTA,RUA CORREGO DA AREIA,,,COLISÃO LATERAL,1,0,0,0,0,0,1,0,0,0,0,Longo da via,Bom,Perfeito estado,Seca,Perfeito estado,Não há placas,,Dupla,Não existe
2021-01-25 00:00:00,16:06:00,COM VÍTIMA,SAN MARTIN,RUA VINTE E UM DE ABRIL,,,COLISÃO,1,1,0,0,0,0,0,0,0,2,0,,,,,,,,,
2021-01-25 00:00:00,16:34:00,COM VÍTIMA,BOA VIAGEM,RUA ANTONIO FALCAO,,,COLISÃO LATERAL,1,1,0,0,0,0,0,0,0,1,0,Longo da via,Bom,Perfeito estado,Seca,Perfeito estado,Não há placas,,Única,Faixa seccionada
2021-01-25 00:00:00,16:48:00,COM VÍTIMA,JARDIM SÃO PAULO,RUA DAMASCO,,,COLISÃO FRONTAL,1,1,0,0,0,0,0,0,0,1,0,Cruzamento,Bom,Perfeito estado,Seca,Perfeito estado,Não há placas,30 km/h,Dupla,Não existe
2021-01-25 00:00:00,20:44:40,COM VÍTIMA,BOA VIAGEM,AV ENGENHEIRO DOMINGOS FERREIRA,144,SUBURBIO,COLISÃO LATERAL,1,1,0,0,0,0,0,0,0,1,0,Cruzamento,Bom,Perfeito estado,Seca,Perfeito estado,R-6a,60 km/h,Dupla,Canteiro central
2021-01-25 00:00:00,21:51:40,COM VÍTIMA,PORTO DA MADEIRA,AV BEBERIBE,,SUBURBIO,COLISÃO LATERAL,1,1,0,0,0,0,0,0,0,1,0,Longo da via,Bom,,Seca,Mal iluminada,Não há placas,60 km/h,Dupla,Faixa seccionada
2021-01-26 00:00:00,07:16:00,SEM VÍTIMA,DERBY,RUA JORNALISTA PAULO BITTENCOURT,,,COLISÃO LATERAL,1,1,0,0,0,0,0,0,0,0,0,Longo da via,Bom,Perfeito estado,Seca,Perfeito estado,Não há placas,,Dupla,Não existe
2021-01-26 00:00:00,07:20:00,COM VÍTIMA,TORRE,RUA PADRE ANCHIETA,193,SUBURBIO,COLISÃO TRASEIRA,0,2,0,0,0,0,0,0,0,1,0,Cruzamento,Chuvoso,Perfeito estado,Molhada,Perfeito estado,R-6a,,Única,Faixa seccionada
2021-01-26 00:00:00,08:01:00,COM VÍTIMA,CASA AMARELA,RUA BELA VISTA,,SUBURBIO,COLISÃO TRANSVERSAL,1,1,0,0,0,0,0,0,0,1,0,Longo da via,Bom,Incompleta,Molhada,Perfeito estado,Outras,40 km/h,Dupla,Não existe
2021-01-26 00:00:00,08:13:00,COM VÍTIMA,BOA VISTA,PRC MACIEL PINHEIRO,33,CENTRO,ATROPELAMENTO,1,0,0,0,1,0,0,0,0,1,0,Cruzamento,Bom,Incompleta,Molhada,Mal conservada,Não há placas,40 km/h,Única,Não existe
2021-01-26 00:00:00,10:41:00,SEM VÍTIMA,BOA VISTA,AV CONDE DA BOA VISTA,162,,CHOQUE,0,0,0,0,0,1,0,0,0,0,0,Cruzamento,Bom,Perfeito estado,Seca,Perfeito estado,R-6c,,Única,Faixa contínua
2021-01-26 00:00:00,13:46:00,COM VÍTIMA,ESPINHEIRO,AV GOVERNADOR AGAMENON MAGALHAES,,BOA VIAGEM,COLISÃO TRASEIRA,1,1,0,0,0,0,0,0,0,1,0,Longo da via,Bom,Perfeito estado,Seca,Perfeito estado,Outras,,Dupla,Canal
2021-01-26 00:00:00,16:25:00,COM VÍTIMA,ÁGUA FRIA,EST VELHA DE AGUA FRIA,306,SUBURBIO,COLISÃO LATERAL,0,2,0,0,0,0,0,0,0,1,0,Cruzamento,Bom,Perfeito estado,Seca,Perfeito estado,Não há placas,40 km/h,Dupla,
2021-01-26 00:00:00,17:17:00,SEM VÍTIMA,BOA VIAGEM,RUA MARIO SOUTO MAIOR,,,COLISÃO,1,1,0,0,0,0,0,0,0,0,0,,,,,,,,,
2021-01-26 00:00:00,17:18:00,COM VÍTIMA,DOIS IRMÃOS,RUA RIBEIRO PESSOA,,SUBURBIO,COLISÃO TRANSVERSAL,1,1,0,0,0,0,0,0,0,2,0,Longo da via,Chuvoso,Incompleta,Seca,Perfeito estado,R-6a,,Dupla,Não existe
2021-01-26 00:00:00,17:41:00,SEM VÍTIMA,MUSTARDINHA,RUA VINTE E UM DE ABRIL,,,COLISÃO LATERAL,0,0,0,0,0,0,0,0,0,0,0,Longo da via,Bom,Perfeito estado,Seca,Perfeito estado,Outras,,Dupla,Outros
2021-01-26 00:00:00,17:43:00,COM VÍTIMA,BOA VIAGEM,AV ENGENHEIRO DOMINGOS FERREIRA,,SUBURBIO,COLISÃO TRASEIRA,1,1,0,0,0,0,0,0,0,1,0,Longo da via,Chuvoso,Perfeito estado,Molhada,Perfeito estado,R-19,60 km/h,Única,Faixa seccionada
2021-01-26 00:00:00,20:48:00,COM VÍTIMA,CAMPO GRANDE,EST DE BELEM,,CIDADE,COLISÃO TRANSVERSAL,1,1,0,0,0,0,0,0,0,2,0,Longo da via,Chuvoso,Perfeito estado,Molhada,Perfeito estado,,,Dupla,Faixa contínua
2021-01-26 00:00:00,22:45:40,SEM VÍTIMA,JORDÃO,RUA EMILIO MONTEIRO FONSECA,,,COLISÃO,2,0,0,0,0,0,0,0,0,0,0,,,,,,,,,
2021-01-27 00:00:00,07:19:00,COM VÍTIMA,BAIRRO DO RECIFE,AV MILITAR,,SUBURBIO,COLISÃO LATERAL,0,1,0,0,0,0,0,1,0,1,0,Longo da via,Chuvoso,Perfeito estado,Molhada,Perfeito estado,R-6a,,Única,Faixa seccionada
2021-01-27 00:00:00,08:55:00,SEM VÍTIMA,CABANGA,AV ENGENHEIRO JOSE ESTELITA,,DERBY,COLISÃO TRASEIRA,2,0,0,0,0,0,0,0,0,0,0,,,,,,,,,
2021-01-27 00:00:00,10:25:00,COM VÍTIMA,SANTO AMARO,AV GOVERNADOR AGAMENON MAGALHAES,,SUBURBIO,COLISÃO LATERAL,1,1,0,0,0,0,0,0,0,1,0,Longo da via,Bom,Perfeito estado,Seca,Perfeito estado,Outras,,Dupla,Canteiro central
2021-01-27 00:00:00,10:31:00,SEM VÍTIMA,MADALENA,RUA BENFICA,,SUBURBIO,COLISÃO,1,0,0,0,0,0,1,0,0,0,0,,,,,,,,,
2021-01-27 00:00:00,12:10:00,SEM VÍTIMA,JAQUEIRA,AV RUI BARBOSA,,CIDADE,CHOQUE,1,0,0,0,0,0,0,0,0,0,0,Longo da via,Chuvoso,Perfeito estado,Molhada,Perfeito estado,Não há placas,40 km/h,Única,Faixa seccionada
2021-01-27 00:00:00,13:17:00,COM VÍTIMA,SANTO AMARO,AV CRUZ CABUGA,,SUBURBIO,COLISÃO COM CICLISTA,1,0,0,1,0,0,0,0,0,1,0,Longo da via,Chuvoso,Perfeito estado,Seca,Perfeito estado,Outras,,Dupla,Faixa contínua
2021-01-27 00:00:00,14:11:00,COM VÍTIMA,AFOGADOS,RUA COSME VIANA,430,SUBURBIO,COLISÃO FRONTAL,0,1,0,0,0,0,1,0,0,1,0,Cruzamento,Bom,Perfeito estado,Seca,Perfeito estado,Não há placas,60 km/h,Única,Faixa contínua
2021-01-27 00:00:00,14:37:00,SEM VÍTIMA,PINA,AV ANTONIO DE GOES,103,CIDADE,COLISÃO TRASEIRA,2,0,0,0,0,0,0,0,0,0,0,Longo da via,Bom,Perfeito estado,Seca,Perfeito estado,R-19,60 km/h,Única,Canteiro central
2021-01-27 00:00:00,16:01:00,COM VÍTIMA,PINA,AV BOA VIAGEM,118,CIDADE,COLISÃO COM CICLISTA,1,0,0,1,0,0,0,0,0,1,0,Longo da via,Bom,Perfeito estado,Seca,Perfeito estado,R-6a,,Única,
2021-01-28 00:00:00,06:49:00,COM VÍTIMA,ENCRUZILHADA,AV NORTE,,,COLISÃO,1,1,0,0,0,0,0,0,0,1,0,,,,,,,,,
2021-01-28 00:00:00,12:23:00,COM VÍTIMA,CASA AMARELA,AV CONS ROSA E SILVA,61,SUBURBIO,COLISÃO LATERAL,1,1,0,0,0,0,0,0,0,1,0,Cruzamento,Bom,Perfeito estado,Seca,Perfeito estado,Não há placas,,Única,
2021-01-28 00:00:00,15:20:00,COM VÍTIMA,GRAÇAS,RUA DAS PERNAMBUCANAS,,SUBURBIO,COLISÃO LATERAL,1,1,0,0,0,0,0,0,0,1,0,Longo da via,Bom,,Seca,Perfeito estado,Não há placas,,Única,Faixa seccionada
2021-01-28 00:00:00,16:05:00,SEM VÍTIMA,SANTO ANTÔNIO,RUA SANTO ANTONIO,,,COLISÃO TRANSVERSAL,1,1,0,0,0,0,0,0,0,0,0,Cruzamento,Bom,Ilegível,Seca,Perfeito estado,Não há placas,,Única,Não existe
2021-01-28 00:00:00,16:55:00,SEM VÍTIMA,CAXANGÁ,AV CAXANGA,,,COLISÃO LATERAL,2,0,0,0,0,0,0,0,0,0,0,Longo da via,Bom,Perfeito estado,Seca,Perfeito estado,R-6a,,Dupla,Canteiro central
2021-01-28 00:00:00,17:26:00,COM VÍTIMA,ÁGUA FRIA,RUA SAO SEBASTIAO,,,COLISÃO,1,1,0,0,0,0,0,0,0,1,0,,,,,,,,,
2021-01-28 00:00:00,22:16:40,COM VÍTIMA,TAMARINEIRA,AV CONS ROSA E SILVA,61,CIDADE,COLISÃO TRANSVERSAL,0,1,0,0,0,0,1,0,0,1,0,Cruzamento,Bom,Perfeito estado,Seca,Perfeito estado,R-6a,40 km/h,Dupla,Canteiro central
2021-01-28 00:00:00,22:35:40,COM VÍTIMA,ESTÂNCIA,AV RECIFE,620,SUBURBIO,COLISÃO LATERAL,1,1,0,0,0,0,0,0,0,1,0,Longo da via,Bom,Perfeito estado,Seca,Perfeito estado,,60 km/h,Única,Faixa contínua
2021-01-29 00:00:00,10:20:00,COM VÍTIMA,BOA VISTA,PRC MACIEL PINHEIRO,,,COLISÃO,1,0,0,0,0,0,1,0,0,1,0,,,,,,,,,
2021-01-29 00:00:00,11:47:00,SEM VÍTIMA,SANTO AMARO,AV CRUZ CABUGA,,SUBURBIO,COLISÃO TRANSVERSAL,1,0,0,0,0,0,1,0,0,0,0,,Bom,Perfeito estado,Seca,Perfeito estado,"Placas ""Pare""",,Dupla,Faixa contínua
2021-01-29 00:00:00,13:58:00,COM VÍTIMA,IBURA,AV DOM HELDER CAMARA,,SUBURBIO,COLISÃO TRANSVERSAL,0,1,0,0,0,0,1,0,0,1,0,Longo da via,Bom,Não existente,Seca,Perfeito estado,Não há placas,,Dupla,Canteiro central
2021-01-29 00:00:00,15:00:00,COM VÍTIMA,ARRUDA,AV BEBERIBE,,CIDADE,COLISÃO LATERAL,1,1,0,0,0,0,0,0,0,1,0,Cruzamento,Bom,Perfeito estado,Seca,Perfeito estado,Não há placas,,Dupla,Faixa contínua
2021-01-29 00:00:00,15:51:00,COM VÍTIMA,BOA VIAGEM,RUA BARAO DE SOUZA LEAO,476,,ATROPELAMENTO,0,0,0,0,1,1,0,0,0,1,0,Cruzamento,Bom,Incompleta,Seca,Perfeito estado,R-6a,60 km/h,Única,Faixa seccionada
2021-01-29 00:00:00,15:54:00,COM VÍTIMA,CABANGA,PTE AGAMENON MAGALHAES,,CIDADE,CHOQUE,1,1,0,0,0,0,0,0,0,1,0,Ponte,Bom,Perfeito estado,Seca,Perfeito estado,Não há placas,60 km/h,Única,Faixa contínua
2021-01-29 00:00:00,17:55:00,COM VÍTIMA,BEBERIBE,AV BEBERIBE,514,CIDADE,COLISÃO TRANSVERSAL,2,1,0,0,0,0,0,0,0,1,0,Longo da via,Bom,Incompleta,Seca,Mal conservada,R-6a,40 km/h,Dupla,Faixa contínua
2021-01-29 00:00:00,18:30:00,COM VÍTIMA,IMBIRIBEIRA,AV MARECHAL MASCARENHAS DE MORAES,,,COLISÃO TRASEIRA,1,1,0,0,0,0,0,0,0,1,0,Longo da via,Bom,Perfeito estado,Seca,Perfeito estado,Não há placas,,Única,Faixa seccionada
2021-01-29 00:00:00,19:04:00,COM VÍTIMA,PINA,AV ANTONIO DE GOES,538,,COLISÃO TRASEIRA,0,2,0,0,0,0,0,0,0,2,0,Cruzamento,Bom,Perfeito estado,Seca,Perfeito estado,Não há placas,,Única,Faixa seccionada
2021-01-29 00:00:00,20:02:00,COM VÍTIMA,ÁGUA FRIA,AV BEBERIBE,,,COLISÃO,1,1,0,0,0,0,0,0,0,1,0,,,,,,,,,
2021-01-29 00:00:00,22:07:40,SEM VÍTIMA,,RUA ESCRITOR JOAQUIM NOBERTO,,SUBURBIO,COLISÃO LATERAL,1,1,0,0,0,0,0,0,0,0,0,Longo da via,Bom,Não existente,Seca,Perfeito estado,Não há placas,,,Não existe
2021-01-30 00:00:00,07:34:00,COM VÍTIMA,BOA VISTA,RUA DO RIACHUELO,579,SUBURBIO,COLISÃO COM CICLISTA,0,0,0,1,0,1,0,0,0,1,0,Cruzamento,Bom,,Seca,Perfeito estado,,40 km/h,Única,Faixa seccionada
2021-01-30 00:00:00,15:07:00,COM VÍTIMA,CABANGA,AV ENGENHEIRO JOSE ESTELITA,,,COLISÃO,1,1,0,0,0,0,0,0,0,1,0,,,,,,,,,
2021-01-30 00:00:00,15:33:00,COM VÍTIMA,BOA VIAGEM,RUA DR GASPAR REGUEIRA COSTA,,,COLISÃO LATERAL,1,1,0,0,0,0,0,0,0,1,0,Cruzamento,Bom,Perfeito estado,Seca,Perfeito estado,Não há placas,,Dupla,Faixa seccionada
2021-01-30 00:00:00,16:16:00,COM VÍTIMA,MACAXEIRA,RUA MANDACARU,,SUBURBIO,TOMBAMENTO,1,1,0,0,0,0,0,0,0,1,0,Longo da via,Bom,Incompleta,Seca,Perfeito estado,Não há placas,,Dupla,Faixa seccionada
2021-01-30 00:00:00,18:23:00,COM VÍTIMA,BOA VIAGEM,AV ENGENHEIRO DOMINGOS FERREIRA,,,COLISÃO,1,1,0,0,0,0,0,0,0,1,0,,,,,,,,,