data,hora,natureza,bairro,endereco,num_semaforo,sentido_via,tipo,auto,moto,ciclom,ciclista,pedestre,onibus,caminhao,viatura,outros,vitimas,vitimasfatais,acidente_verificado,tempo_clima,sinalizacao,condicao_via,conservacao_via,situacao_placa,velocidade_max_via,mao_direcao,divisao_via1
2021-04-12 00:00:00,08:18:00,SEM VÍTIMA,BOA VISTA,RUA DO HOSPICIO,,,SEMÁFORO,0,0,0,0,0,0,0,0,0,0,0,,,,,,,,,
2021-04-12 00:00:00,08:19:00,SEM VÍTIMA,BOA VIAGEM,AV BOA VIAGEM,148,,SEMÁFORO,0,0,0,0,0,0,0,0,0,0,0,,,,,,,,,
2021-04-12 00:00:00,08:21:00,SEM VÍTIMA,BOA VISTA,RUA GERVASIO PIRES,175,,SEMÁFORO,0,0,0,0,0,0,0,0,0,0,0,,,,,,,,,
2021-04-12 00:00:00,08:44:00,SEM VÍTIMA,SANTO ANTÔNIO,RUA DO SOL,13,,SEMÁFORO,0,0,0,0,0,0,0,0,0,0,0,,,,,,,,,
2021-04-12 00:00:00,09:38:00,SEM VÍTIMA,BOA VISTA,RUA GERVASIO PIRES,175,,SEMÁFORO,0,0,0,0,0,0,0,0,0,0,0,,,,,,,,,
2021-04-12 00:00:00,10:12:00,SEM VÍTIMA,PAISSANDU,AV GOVERNADOR AGAMENON MAGALHAES,69,,SEMÁFORO,0,0,0,0,0,0,0,0,0,0,0,,,,,,,,,
2021-04-12 00:00:00,12:27:00,COM VÍTIMA,MADALENA,AV ENGENHEIRO ABDIAS DE CARVALHO,132,CIDADE,COLISÃO LATERAL,1,1,0,0,0,0,0,0,0,1,0,Cruzamento,Bom,Perfeito estado,Seca,Perfeito estado,Outras,60 km/h,Dupla,Canteiro central
2021-04-12 00:00:00,12:50:00,SEM VÍTIMA,JARDIM SÃO PAULO,RUA LEANDRO BARRETO,,,COLISÃO LATERAL,1,1,0,0,0,0,0,0,0,0,0,,,,,,,,,
2021-04-12 00:00:00,16:18:00,COM VÍTIMA,DERBY,AV GOVERNADOR AGAMENON MAGALHAES,174,SUBURBIO,COLISÃO TRANSVERSAL,1,1,0,0,0,0,0,0,0,1,0,Cruzamento,Bom,Perfeito estado,Seca,Perfeito estado,Outras,60 km/h,Dupla,Canal
2021-04-12 00:00:00,21:06:40,COM VÍTIMA,CAMPO GRANDE,AV GOVERNADOR AGAMENON MAGALHAES,49,CIDADE,ATROPELAMENTO DE PESSOA,0,1,0,0,1,0,0,0,0,2,0,Cruzamento,Bom,Perfeito estado,Seca,Perfeito estado,,60 km/h,Dupla,Canal
2021-04-13 00:00:00,10:23:00,SEM VÍTIMA,TORRE,RUA JOSE BONIFACIO,,,ENGAVETAMENTO,4,0,0,0,0,0,0,0,0,0,0,,,,,,,,,
2021-04-13 00:00:00,12:57:00,COM VÍTIMA,BAIRRO DO RECIFE,AV MILITAR,436,SUBURBIO,ATROPELAMENTO DE PESSOA,1,0,0,0,1,0,0,0,0,1,0,Cruzamento,Bom,Perfeito estado,Seca,Perfeito estado,Não há placas,40 km/h,Dupla,Canteiro central
2021-04-13 00:00:00,13:05:00,COM VÍTIMA,CAXANGÁ,AV CAXANGA,,CIDADE,COLISÃO LATERAL,1,1,0,0,0,0,0,0,0,1,0,Longo da via,Bom,Perfeito estado,Seca,Perfeito estado,Não há placas,60 km/h,Única,Faixa seccionada
2021-04-13 00:00:00,16:57:00,COM VÍTIMA,MADALENA,AV JOSE GONCALVES DE MEDEIROS,,SUBURBIO,COLISÃO LATERAL,1,1,0,0,0,0,0,0,0,1,0,Longo da via,Bom,Perfeito estado,Seca,Perfeito estado,Não há placas,,Dupla,Faixa contínua
2021-04-14 00:00:00,07:52:00,COM VÍTIMA,SÃO JOSÉ,PRC DAS CINCO PONTAS,,CIDADE,COLISÃO LATERAL,0,0,0,0,0,0,0,0,0,1,0,,,,,,,,,
2021-04-14 00:00:00,12:46:00,COM VÍTIMA,CASA FORTE,AV DEZESSETE DE AGOSTO,,SUBURBIO,COLISÃO FRONTAL,1,1,0,0,0,0,0,0,0,1,0,Longo da via,Chuvoso,Perfeito estado,Molhada,Perfeito estado,Não há placas,40 km/h,Dupla,Faixa contínua
2021-04-14 00:00:00,12:48:00,COM VÍTIMA,SANTO AMARO,RUA TREZE DE MAIO,428,SUBURBIO,COLISÃO LATERAL,1,1,0,0,0,0,0,0,0,1,0,Cruzamento,Chuvoso,Perfeito estado,Seca,Perfeito estado,Não há placas,40 km/h,Dupla,Faixa contínua
2021-04-14 00:00:00,17:07:00,COM VÍTIMA,BOMBA DO HEMETÉRIO,RUA JACOB,,SUBURBIO,COLISÃO LATERAL,1,1,0,0,0,0,0,0,0,1,0,Cruzamento,Chuvoso,Não existente,Molhada,Mal iluminada,Não há placas,,Dupla,Não existe
2021-04-14 00:00:00,18:52:00,SEM VÍTIMA,VÁRZEA,AV CAXANGA,,CIDADE,COLISÃO LATERAL,1,0,0,0,0,0,1,0,0,0,0,Cruzamento,Bom,Não existente,Seca,Perfeito estado,R-6a,60KM/H,Dupla,Canteiro central
2021-04-14 00:00:00,19:45:00,COM VÍTIMA,SÃO JOSÉ,RUA IMPERIAL,87,,ATROPELAMENTO DE PESSOA,1,0,0,0,1,0,0,0,0,1,0,Cruzamento,Bom,Perfeito estado,Seca,Perfeito estado,Não há placas,,Única,Faixa contínua
2021-04-15 00:00:00,07:52:00,COM VÍTIMA,PINA,AV ANTONIO DE GOES,538,CIDADE,COLISÃO TRASEIRA,1,0,0,0,0,0,1,0,0,1,0,Longo da via,Bom,Perfeito estado,Seca,Perfeito estado,R-6a,60 km/h,Única,Faixa contínua
2021-04-15 00:00:00,11:08:00,SEM VÍTIMA,TORREÃO,AV GOVERNADOR AGAMENON MAGALHAES,,,COLISÃO TRASEIRA,0,0,0,0,0,0,0,0,0,0,0,,,,,,,,,
2021-04-15 00:00:00,11:51:00,SEM VÍTIMA,MADALENA,EST DOS REMEDIOS,353,,COLISÃO FRONTAL,1,0,0,0,0,0,0,1,0,0,0,Cruzamento,Chuvoso,Perfeito estado,Molhada,Perfeito estado,Não há placas,,Única,Faixa contínua
2021-04-15 00:00:00,15:43:00,COM VÍTIMA,IPSEP,AV RECIFE,393,,COLISÃO TRASEIRA,1,1,0,0,0,0,0,0,0,1,0,Longo da via,Chuvoso,Perfeito estado,Molhada,Perfeito estado,Outras,60 km/h,Dupla,Faixa seccionada
2021-04-15 00:00:00,16:00:00,COM VÍTIMA,SÃO JOSÉ,RUA FLORIANO PEIXOTO,668,SUBURBIO,CHOQUE,1,0,0,0,0,0,0,0,0,1,0,Longo da via,Chuvoso,Perfeito estado,Molhada,Perfeito estado,Outras,,Única,Faixa seccionada
2021-04-15 00:00:00,22:08:40,SEM VÍTIMA,IBURA,RUA AGAMENON BEZERRA LAFAYETE,,,CHOQUE,1,0,0,0,0,0,0,0,0,0,0,Longo da via,Chuvoso,Não existente,Seca,Mal iluminada,Não há placas,,Dupla,Não existe
2021-04-16 00:00:00,09:40:00,SEM VÍTIMA,BOA VIAGEM,AV BOA VIAGEM,,,COLISÃO TRANSVERSAL,0,0,0,0,0,0,0,0,0,0,0,Longo da via,Bom,Perfeito estado,Seca,Perfeito estado,Não há placas,N/I,Única,Faixa seccionada
2021-04-16 00:00:00,09:40:00,SEM VÍTIMA,BOA VIAGEM,AV ENGENHEIRO DOMINGOS FERREIRA,444,,SEMÁFORO,0,0,0,0,0,0,0,0,0,0,0,,,,,,,,,
2021-04-16 00:00:00,09:56:00,COM VÍTIMA,PINA,RUA MANOEL DE BRITO,,CIDADE,COLISÃO TRASEIRA,3,0,0,0,0,0,0,0,0,1,0,Outros,Bom,Perfeito estado,Seca,Perfeito estado,Não há placas,60 km/h,Única,Faixa contínua
2021-04-16 00:00:00,12:24:00,SEM VÍTIMA,JARDIM SÃO PAULO,AV RECIFE,,,COLISÃO TRASEIRA,2,0,0,0,0,0,0,1,0,0,0,Cruzamento,Chuvoso,Perfeito estado,Molhada,Perfeito estado,Outras,,Dupla,Faixa contínua
2021-04-16 00:00:00,14:05:00,COM VÍTIMA,PINA,AV HERCULANO BANDEIRA,,SUBURBIO,COLISÃO COM CICLISTA,1,0,0,1,0,0,0,0,0,1,0,Longo da via,Chuvoso,Perfeito estado,Molhada,Perfeito estado,R-6a,60 km/h,Única,Faixa seccionada
2021-04-16 00:00:00,16:39:00,COM VÍTIMA,BOA VISTA,AV JOAO DE BARROS,,CIDADE,COLISÃO LATERAL,1,1,0,0,0,0,0,0,0,1,0,Longo da via,Chuvoso,Perfeito estado,Molhada,Perfeito estado,Não há placas,40 km/h,Única,Faixa seccionada
2021-04-16 00:00:00,16:45:00,COM VÍTIMA,LINHA DO TIRO,AV RIO MORNO,,,CHOQUE,0,1,0,0,0,0,0,0,0,1,0,,,,,,,,,
2021-04-17 00:00:00,09:57:00,COM VÍTIMA,COELHOS,PRC MIGUEL DE CERVANTES,,CIDADE,COLISÃO LATERAL,1,1,0,0,0,0,0,0,0,1,0,Longo da via,Chuvoso,Perfeito estado,Molhada,Perfeito estado,Outras,,Única,Não existe
2021-04-17 00:00:00,08:16:00,COM VÍTIMA,COELHOS,RUA ANTONIO GOMES DE FREITAS,,,COLISÃO LATERAL,1,1,0,0,0,0,0,0,0,1,0,,,,,,,,,
2021-04-17 00:00:00,08:57:00,COM VÍTIMA,POÇO DA PANELA,RUA SAMUEL FARIAS,,CIDADE,COLISÃO LATERAL,1,1,0,0,0,0,0,0,0,1,0,Esquina,Bom,Perfeito estado,Seca,Perfeito estado,R-6a,,Dupla,Faixa contínua
2021-04-17 00:00:00,12:27:00,COM VÍTIMA,TORRE,AV BEIRA RIO,630,,COLISÃO LATERAL,2,0,0,0,0,0,0,0,0,2,0,Cruzamento,Bom,Perfeito estado,Seca,Perfeito estado,,40 km/h,Dupla,
2021-04-17 00:00:00,14:43:00,COM VÍTIMA,CAXANGÁ,AV CAXANGA,231,,COLISÃO TRASEIRA,1,1,0,0,0,0,0,0,0,1,0,Longo da via,,Perfeito estado,Seca,Perfeito estado,Não há placas,,Dupla,Canteiro central
2021-04-17 00:00:00,15:46:00,SEM VÍTIMA,IMBIRIBEIRA,AV MARECHAL MASCARENHAS DE MORAES,,,CHOQUE,1,0,0,0,0,0,0,0,0,0,0,,,,,,,,,
2021-04-18 00:00:00,00:17:00,COM VÍTIMA,AFOGADOS,RUA SAO MIGUEL,333,SUBURBIO,,1,1,0,0,0,0,0,0,0,1,0,Longo da via,Bom,Perfeito estado,Seca,Perfeito estado,Outras,,Dupla,Faixa contínua
2021-04-18 00:00:00,07:45:00,SEM VÍTIMA,AFOGADOS,RUA SAO MIGUEL,53,,SEMÁFORO,0,0,0,0,0,0,0,0,0,0,0,,,,,,,,,
2021-04-18 00:00:00,09:09:00,COM VÍTIMA,MADALENA,AV BEIRA RIO,987,,COLISÃO TRANSVERSAL,2,0,0,0,0,0,0,0,0,1,0,Cruzamento,Bom,Perfeito estado,Seca,Perfeito estado,R-6c,,Dupla,
2021-04-18 00:00:00,10:00:00,COM VÍTIMA,BOA VIAGEM,RUA BALTAZAR PASSOS,,SUBURBIO,COLISÃO TRASEIRA,2,0,0,0,0,0,0,0,0,3,0,Longo da via,Chuvoso,,Molhada,Perfeito estado,Não há placas,40 km/h,Única,Não existe
2021-04-18 00:00:00,11:27:00,SEM VÍTIMA,SÃO JOSÉ,RUA IMPERIAL,,,COLISÃO FRONTAL,1,0,0,0,0,0,0,1,0,0,0,Longo da via,Chuvoso,Perfeito estado,Molhada,Perfeito estado,"Placas ""Pare""",,Dupla,Não existe
2021-04-18 00:00:00,13:29:00,SEM VÍTIMA,TORRE,RUA CONDE DE IRAJA,,,COLISÃO LATERAL,0,0,0,0,0,0,0,0,0,0,0,Cruzamento,Chuvoso,Perfeito estado,Molhada,Perfeito estado,Outras,60KM/H,,Faixa seccionada
2021-04-18 00:00:00,15:49:00,VÍTIMA FATAL,IPSEP,AV RECIFE,,SUBURBIO,COLISÃO TRASEIRA,1,0,0,0,0,0,1,0,0,1,1,Longo da via,Chuvoso,Perfeito estado,Molhada,Perfeito estado,Não há placas,60 km/h,Dupla,Canteiro central
2021-04-18 00:00:00,18:03:00,SEM VÍTIMA,IMBIRIBEIRA,AV ANTONIO TORRES GALVAO,543,,COLISÃO TRASEIRA,3,0,0,0,0,0,0,0,0,0,0,,,,,,,,,
2021-04-18 00:00:00,18:47:00,SEM VÍTIMA,IPUTINGA,AV MARIO ALVARES PEREIRA DE LYRA,,,COLISÃO TRASEIRA,2,0,0,0,0,0,0,0,0,0,0,,,,,,,,,
2021-04-19 00:00:00,09:22:00,SEM VÍTIMA,BAIRRO DO RECIFE,CAIS DO APOLO,,,COLISÃO LATERAL,0,2,0,0,0,0,0,0,0,0,0,,,,,,,,,
2021-04-19 00:00:00,10:32:00,COM VÍTIMA,GRAÇAS,AV CONS ROSA E SILVA,309,SUBURBIO,COLISÃO LATERAL,1,1,0,0,0,0,0,0,0,1,0,Longo da via,Chuvoso,Perfeito estado,Molhada,Perfeito estado,R-6a,,Única,Faixa seccionada
2021-04-19 00:00:00,17:03:00,COM VÍTIMA,CORDEIRO,AV PROFESSOR ESTEVAO FRANCISCO DA COSTA,,,COLISÃO FRONTAL,1,1,0,0,0,0,0,0,0,1,0,Longo da via,Bom,,Seca,,Não há placas,,Dupla,Não existe
2021-04-19 00:00:00,18:26:00,COM VÍTIMA,BOA VISTA,RUA AURORA,,SUBURBIO,COLISÃO COM CICLISTA,0,0,0,1,0,1,0,0,0,1,0,Cruzamento,Chuvoso,Perfeito estado,Molhada,Perfeito estado,Não há placas,60 km/h,Única,Faixa contínua
2021-04-19 00:00:00,18:32:00,COM VÍTIMA,BAIRRO DO RECIFE,AV MILITAR,,SUBURBIO,COLISÃO TRASEIRA,1,1,0,0,0,0,0,0,0,1,0,Longo da via,Bom,Perfeito estado,Seca,Perfeito estado,Não há placas,,Única,Faixa seccionada
2021-04-19 00:00:00,18:56:00,COM VÍTIMA,ARRUDA,AV BEBERIBE,,,COLISÃO COM CICLISTA,1,0,0,1,0,0,0,0,0,1,0,Cruzamento,Chuvoso,Perfeito estado,Molhada,Perfeito estado,"Placas ""Pare""",,Dupla,Faixa seccionada
2021-04-19 00:00:00,19:00:00,COM VÍTIMA,IMBIRIBEIRA,AV MARECHAL MASCARENHAS DE MORAES,,SUBURBIO,COLISÃO COM CICLISTA,0,1,0,1,0,0,0,0,0,1,0,Cruzamento,Chuvoso,Perfeito estado,Molhada,Perfeito estado,Não há placas,,Dupla,Faixa seccionada
2021-04-19 00:00:00,22:06:40,SEM VÍTIMA,MACAXEIRA,AV NORTE,,,CHOQUE,1,0,0,0,0,0,0,0,0,0,0,,,,,,,,,
2021-04-20 00:00:00,07:05:00,COM VÍTIMA,SAN MARTIN,AV GENERAL SAN MARTIN,,CIDADE,COLISÃO TRASEIRA,1,1,0,0,0,0,0,0,0,1,0,Longo da via,Bom,Incompleta,Seca,Perfeito estado,Não há placas,,Dupla,Faixa contínua
2021-04-20 00:00:00,08:05:00,SEM VÍTIMA,BOA VIAGEM,AV ENGENHEIRO DOMINGOS FERREIRA,444,,SEMÁFORO,0,0,0,0,0,0,0,0,0,0,0,,,,,,,,,
2021-04-20 00:00:00,08:07:00,SEM VÍTIMA,IPSEP,RUA ITANAGE,111,,SEMÁFORO,0,0,0,0,0,0,0,0,0,0,0,,,,,,,,,
2021-04-20 00:00:00,08:14:00,SEM VÍTIMA,IPSEP,AV RECIFE,319,,SEMÁFORO,0,0,0,0,0,0,0,0,0,0,0,,,,,,,,,
2021-04-20 00:00:00,08:24:00,COM VÍTIMA,MADALENA,RUA BENFICA,,CIDADE,ATROPELAMENTO DE PESSOA,1,0,0,0,1,0,0,0,0,1,0,Longo da via,Bom,Perfeito estado,Seca,Perfeito estado,,60 km/h,Dupla,Faixa contínua
2021-04-20 00:00:00,08:39:00,SEM VÍTIMA,CORDEIRO,AV PROFESSOR ESTEVAO FRANCISCO DA COSTA,,,COLISÃO TRASEIRA,1,1,0,0,0,0,0,0,0,0,0,Longo da via,Bom,Perfeito estado,Seca,Perfeito estado,R-6a,N/I,Única,Faixa seccionada
2021-04-20 00:00:00,12:02:00,COM VÍTIMA,SANTO AMARO,AV PREFEITO ARTUR LIMA CAVALCANTI,,SUBURBIO,ATROPELAMENTO DE PESSOA,0,0,0,0,1,0,0,0,0,1,0,Longo da via,Bom,Perfeito estado,Seca,Perfeito estado,Não há placas,40 km/h,Única,Canteiro central
2021-04-20 00:00:00,13:17:00,SEM VÍTIMA,VASCO DA GAMA,AV NORTE,95,,SEMÁFORO,0,0,0,0,0,0,0,0,0,0,0,,,,,,,,,
2021-04-20 00:00:00,16:07:00,COM VÍTIMA,CASA FORTE,AV DEZESSETE DE AGOSTO,,CIDADE,CHOQUE,1,1,0,0,0,0,0,0,0,1,0,Longo da via,Bom,Perfeito estado,Seca,Perfeito estado,Outras,40 km/h,Dupla,Faixa contínua
2021-04-20 00:00:00,16:29:00,COM VÍTIMA,IPSEP,RUA ITAJAI,,,COLISÃO LATERAL,1,1,0,0,0,0,0,0,0,1,0,Cruzamento,Bom,Perfeito estado,Seca,Perfeito estado,"Placas ""Pare""",,Dupla,Não existe
2021-04-20 00:00:00,16:46:00,SEM VÍTIMA,BOA VIAGEM,RUA BARAO DE SOUZA LEAO,476,SUBURBIO,SEMÁFORO,0,0,0,0,0,0,0,0,0,0,0,,,,,,,,,
2021-04-20 00:00:00,19:04:00,COM VÍTIMA,BOA VIAGEM,AV DES JOSE NEVES,,CIDADE,COLISÃO TRASEIRA,1,1,0,0,0,0,0,0,0,1,0,Longo da via,Bom,Não existente,Seca,Mal iluminada,Não há placas,50 km/h,Única,Não existe
2021-04-20 00:00:00,19:44:00,COM VÍTIMA,IMBIRIBEIRA,RUA ARQUITETO LUIZ NUNES,,,COLISÃO TRASEIRA,1,1,0,0,0,0,0,0,0,1,0,,,,,,,,,
2021-04-21 00:00:00,08:49:00,COM VÍTIMA,SÃO JOSÉ,AV SUL,311,CIDADE,COLISÃO TRASEIRA,1,1,0,0,0,0,0,0,0,1,0,Longo da via,Bom,Perfeito estado,Seca,Perfeito estado,Não há placas,,Dupla,Canteiro central
2021-04-21 00:00:00,13:52:00,COM VÍTIMA,BOA VIAGEM,RUA CAMBOIM,,,COLISÃO LATERAL,1,1,0,0,0,0,0,0,0,1,0,,,,,,,,,
2021-04-22 00:00:00,08:00:00,SEM VÍTIMA,BOA VIAGEM,AV ENGENHEIRO DOMINGOS FERREIRA,444,,SEMÁFORO,0,0,0,0,0,0,0,0,0,0,0,,,,,,,,,
2021-04-22 00:00:00,08:11:00,COM VÍTIMA,CAMPO GRANDE,AV PROFESSOR JOSE DOS ANJOS,,SUBURBIO,COLISÃO TRASEIRA,1,1,0,0,0,0,0,0,0,1,0,Longo da via,Bom,Não existente,Seca,Perfeito estado,Não há placas,,Dupla,Não existe
2021-04-22 00:00:00,09:13:00,SEM VÍTIMA,BOA VISTA,AV JOAO DE BARROS,356,,SEMÁFORO,0,0,0,0,0,0,0,0,0,0,0,,,,,,,,,
2021-04-22 00:00:00,09:58:00,SEM VÍTIMA,DERBY,AV GOVERNADOR AGAMENON MAGALHAES,,,SEMÁFORO,0,0,0,0,0,0,0,0,0,0,0,,,,,,,,,
2021-04-22 00:00:00,11:09:00,SEM VÍTIMA,SANTO ANTÔNIO,AV MARTINS DE BARROS,,,SEMÁFORO,0,0,0,0,0,0,0,0,0,0,0,,,,,,,,,
2021-04-22 00:00:00,11:18:00,SEM VÍTIMA,ESPINHEIRO,AV NORTE,665,,SEMÁFORO,0,0,0,0,0,0,0,0,0,0,0,,,,,,,,,
2021-04-22 00:00:00,11:46:00,COM VÍTIMA,NOVA DESCOBERTA,RUA ALTO JARDIM PROGRESSO,,,COLISÃO FRONTAL,1,1,0,0,0,0,0,0,0,1,0,,,,,,,,,
2021-04-22 00:00:00,12:02:00,SEM VÍTIMA,CORDEIRO,AV ENGENHEIRO ABDIAS DE CARVALHO,422,,SEMÁFORO,0,0,0,0,0,0,0,0,0,0,0,,,,,,,,,
2021-04-22 00:00:00,12:28:00,SEM VÍTIMA,SANTO ANTÔNIO,AV MARTINS DE BARROS,,,SEMÁFORO,0,0,0,0,0,0,0,0,0,0,0,,,,,,,,,
2021-04-22 00:00:00,12:43:00,COM VÍTIMA,IMBIRIBEIRA,AV MARECHAL MASCARENHAS DE MORAES,,CIDADE,COLISÃO TRASEIRA,1,1,0,0,0,0,0,0,0,1,0,Longo da via,Bom,Perfeito estado,Seca,Perfeito estado,Não há placas,40 km/h,Única,Faixa seccionada
2021-04-22 00:00:00,13:07:00,COM VÍTIMA,SÃO JOSÉ,C SANTA RITA,76,SUBURBIO,COLISÃO LATERAL,1,1,0,0,0,0,0,0,0,1,0,Longo da via,Bom,Perfeito estado,Seca,Mal conservada,Outras,,Dupla,Canteiro central
2021-04-22 00:00:00,15:07:00,COM VÍTIMA,IMBIRIBEIRA,AV MARECHAL MASCARENHAS DE MORAES,,CIDADE,COLISÃO COM CICLISTA,0,0,0,1,0,1,0,0,0,1,0,Longo da via,Bom,Perfeito estado,Seca,Perfeito estado,Outras,60 km/h,Única,Faixa contínua
2021-04-22 00:00:00,15:52:00,SEM VÍTIMA,AFOGADOS,EST DOS REMEDIOS,242,,SEMÁFORO,0,0,0,0,0,0,0,0,0,0,0,,,,,,,,,
2021-04-22 00:00:00,18:22:00,COM VÍTIMA,SÃO JOSÉ,C SANTA RITA,76,SUBURBIO,COLISÃO TRASEIRA,0,0,0,0,0,0,0,0,0,1,0,Longo da via,Bom,Incompleta,Seca,Mal conservada,Outras,,Dupla,Canteiro central
2021-04-23 00:00:00,07:10:00,COM VÍTIMA,CASA AMARELA,RUA ANTONIO DE CASTRO,,,COLISÃO FRONTAL,1,1,0,0,0,0,0,0,0,1,0,Longo da via,Bom,Ilegível,Seca,Perfeito estado,Não há placas,,Única,Não existe
2021-04-23 00:00:00,08:29:00,SEM VÍTIMA,SANTO AMARO,RUA FREI CASSIMIRO,,,COLISÃO TRANSVERSAL,1,1,0,0,0,0,0,0,0,0,0,Cruzamento,Bom,Perfeito estado,Seca,Perfeito estado,"Placas ""Pare""",40KM/H,Dupla,Canteiro central
2021-04-23 00:00:00,10:13:00,SEM VÍTIMA,AFOGADOS,RUA SAO MIGUEL,,,CHOQUE,1,0,0,0,0,0,0,0,1,0,0,Longo da via,Bom,Perfeito estado,Seca,Perfeito estado,Não há placas,,Dupla,Faixa seccionada
2021-04-23 00:00:00,16:13:00,COM VÍTIMA,SANTO AMARO,AV GOVERNADOR AGAMENON MAGALHAES,108,,COLISÃO LATERAL,1,1,0,0,0,0,0,0,0,1,0,Longo da via,Bom,Perfeito estado,Seca,Perfeito estado,Outras,60 km/h,Dupla,Canal
2021-04-23 00:00:00,16:16:00,COM VÍTIMA,ESTÂNCIA,AV RECIFE,5631,SUBURBIO,COLISÃO LATERAL,1,1,0,0,0,0,0,0,0,1,0,Cruzamento,Bom,Perfeito estado,Seca,Perfeito estado,Não há placas,,Dupla,Canteiro central
2021-04-23 00:00:00,16:32:00,COM VÍTIMA,BOA VISTA,RUA DOM BOSCO,,SUBURBIO,ATROPELAMENTO DE PESSOA,1,0,0,0,1,0,0,0,0,1,0,Longo da via,Bom,Perfeito estado,Seca,Perfeito estado,,,Única,Faixa contínua
2021-04-23 00:00:00,17:51:00,SEM VÍTIMA,PINA,AV BRASILIA FORMOSA,,,COLISÃO FRONTAL,2,0,0,0,0,0,0,0,0,0,0,Longo da via,Bom,Não existente,Seca,Mal iluminada,Não há placas,,Dupla,Não existe
2021-04-23 00:00:00,20:19:00,COM VÍTIMA,ÁGUA FRIA,RUA DA REGENERACAO,,,COLISÃO FRONTAL,1,1,0,0,0,0,0,0,0,2,0,Cruzamento,Bom,Perfeito estado,Seca,,Não há placas,,Dupla,Não existe
2021-04-23 00:00:00,21:27:40,COM VÍTIMA,BOA VIAGEM,RUA VISCONDE DE JEQUITINHONHA,154,SUBURBIO,COLISÃO TRASEIRA,0,2,0,0,0,0,0,0,0,3,0,Longo da via,Bom,Perfeito estado,Seca,Perfeito estado,Não há placas,,Única,Faixa seccionada
2021-04-24 00:00:00,09:14:00,COM VÍTIMA,SANTO AMARO,AV GOVERNADOR AGAMENON MAGALHAES,379,,COLISÃO TRASEIRA,0,2,0,0,0,0,0,0,0,1,0,Longo da via,Bom,Perfeito estado,Seca,Perfeito estado,Outras,60 km/h,Dupla,Canteiro central
2021-04-24 00:00:00,10:08:00,COM VÍTIMA,IBURA,AV DOM HELDER CAMARA,,CIDADE,COLISÃO TRASEIRA,1,1,0,0,0,0,0,0,0,1,0,Longo da via,Bom,Incompleta,Seca,Perfeito estado,Não há placas,,Dupla,Canteiro central
2021-04-24 00:00:00,14:49:00,COM VÍTIMA,IMBIRIBEIRA,RUA PAMPULHA,,,COLISÃO FRONTAL,1,1,0,0,0,0,0,0,0,1,0,Cruzamento,Bom,Perfeito estado,Seca,Perfeito estado,"Placas ""Pare""",60 km/h,Única,Faixa seccionada
2021-04-24 00:00:00,15:26:00,SEM VÍTIMA,PAISSANDU,AV GOVERNADOR AGAMENON MAGALHAES,,BOA VIAGEM,COLISÃO TRASEIRA,2,0,0,0,0,0,0,0,0,0,0,,,,,,,,,
2021-04-24 00:00:00,16:15:00,COM VÍTIMA,CAMPO GRANDE,RUA JERONIMO VILELA,,,COLISÃO LATERAL,1,1,0,0,0,0,0,0,0,1,0,,,,,,,,,
2021-04-24 00:00:00,21:49:40,COM VÍTIMA,VASCO DA GAMA,RUA VASCO DA GAMA,,CIDADE,COLISÃO FRONTAL,1,1,0,0,0,0,0,0,0,1,0,Esquina,Bom,Incompleta,Seca,Perfeito estado,R-6a,30 km/h,Dupla,Não existe
2021-04-25 00:00:00,21:05:40,COM VÍTIMA,IPUTINGA,AV CAXANGA,232,,COLISÃO TRASEIRA,1,1,0,0,0,0,0,0,0,1,0,Cruzamento,Bom,Perfeito estado,Seca,Perfeito estado,Não há placas,,Dupla,Faixa seccionada
2021-04-26 00:00:00,10:19:00,COM VÍTIMA,IMBIRIBEIRA,AV GENERAL MAC ARTHUR,402,,COLISÃO COM CICLISTA,1,0,0,1,0,0,0,0,0,1,0,Cruzamento,Bom,Perfeito estado,Seca,Perfeito estado,R-6a,,Única,Faixa contínua
2021-04-26 00:00:00,11:34:00,COM VÍTIMA,IMBIRIBEIRA,AV MARECHAL MASCARENHAS DE MORAES,534,SUBURBIO,COLISÃO LATERAL,1,1,0,0,0,0,0,0,0,1,0,Cruzamento,Bom,Perfeito estado,Seca,Perfeito estado,Não há placas,,Dupla,Canteiro central
2021-04-26 00:00:00,12:31:00,COM VÍTIMA,CURADO,AV PREFEITO ANTONIO PEREIRA,,,COLISÃO LATERAL,1,1,0,0,0,1,0,0,0,2,0,Cruzamento,Bom,Perfeito estado,Seca,Perfeito estado,Não há placas,,Dupla,Faixa contínua
2021-04-26 00:00:00,13:06:00,COM VÍTIMA,BOA VIAGEM,AV BOA VIAGEM,555,CIDADE,COLISÃO FRONTAL,1,1,0,0,0,0,0,0,0,1,0,Esquina,Bom,Perfeito estado,Seca,Perfeito estado,Outras,,Única,Não existe
2021-04-26 00:00:00,17:59:00,COM VÍTIMA,ARRUDA,AV PROFESSOR JOSE DOS ANJOS,131,CIDADE,COLISÃO COM CICLISTA,0,0,0,1,0,0,1,0,0,1,0,Cruzamento,Bom,Perfeito estado,Seca,Perfeito estado,Outras,40 km/h,Única,Faixa seccionada
2021-04-26 00:00:00,20:22:00,SEM VÍTIMA,IMBIRIBEIRA,RUA GENERAL GOES MONTEIRO,,,COLISÃO TRANSVERSAL,0,0,0,0,0,0,1,1,0,0,0,Cruzamento,Bom,,Seca,Outros,"Placas ""Pare""",30km/h,Dupla,Não existe
2021-04-27 00:00:00,07:57:00,COM VÍTIMA,MADALENA,RUA REAL DA TORRE,179,SUBURBIO,COLISÃO TRASEIRA,1,1,0,0,0,0,0,0,0,1,0,Cruzamento,Bom,Perfeito estado,Seca,Perfeito estado,Não há placas,,Única,Faixa seccionada