data,hora,natureza,bairro,endereco,num_semaforo,sentido_via,tipo,auto,moto,ciclom,ciclista,pedestre,onibus,caminhao,viatura,outros,vitimas,vitimasfatais,acidente_verificado,tempo_clima,sinalizacao,condicao_via,conservacao_via,situacao_placa,velocidade_max_via,mao_direcao,divisao_via1
2021-06-19 00:00:00,13:17:00,COM VÍTIMA,CAMPO GRANDE,AV CORREIA DE BRITO,,SUBURBIO,COLISÃO FRONTAL,1,1,0,0,0,0,0,0,0,1,0,Longo da via,Bom,Não existente,Seca,Perfeito estado,Não há placas,,Dupla,Não existe
2021-06-19 00:00:00,16:33:00,SEM VÍTIMA,IPSEP,AV RECIFE,,SUBURBIO,CAPOTAMENTO,1,0,0,0,0,0,0,0,0,0,0,Longo da via,Chuvoso,Perfeito estado,Molhada,Perfeito estado,Não há placas,,Dupla,Faixa contínua
2021-06-19 00:00:00,17:09:00,COM VÍTIMA,SÃO JOSÉ,RUA IMPERIAL,,AFOGADOS,COLISÃO LATERAL,1,1,0,0,0,0,0,0,0,1,0,Cruzamento,Chuvoso,Incompleta,Molhada,Perfeito estado,Outras,40 km/h,Única,Não existe
2021-06-19 00:00:00,17:49:00,SEM VÍTIMA,BAIRRO DO RECIFE,AV RIO BRANCO,19,,,1,0,0,0,0,0,0,1,0,0,0,Longo da via,Bom,Perfeito estado,Molhada,Perfeito estado,R-6c,,Dupla,Faixa contínua
2021-06-19 00:00:00,21:06:40,SEM VÍTIMA,IPUTINGA,EST DO BARBALHO,,,COLISÃO LATERAL,4,0,0,0,0,0,0,0,0,0,0,,,,,,,,,
2021-06-19 00:00:00,22:49:40,COM VÍTIMA,BOA VIAGEM,RUA HENRIQUE CAPITULINO,143,CIDADE,COLISÃO FRONTAL,1,1,0,0,0,0,0,0,0,1,0,Cruzamento,Chuvoso,Perfeito estado,Molhada,Perfeito estado,Outras,,Única,Faixa seccionada
2021-06-21 00:00:00,07:11:00,COM VÍTIMA,IPUTINGA,RUA BARAO DE ITAPISSUMA,,,COLISÃO TRASEIRA,1,1,0,0,0,0,0,0,0,1,0,,,,,,,,,
2021-06-21 00:00:00,12:39:00,SEM VÍTIMA,ENCRUZILHADA,RUA DONA ELVIRA,,,COLISÃO LATERAL,2,0,0,0,0,0,0,0,0,0,0,,,,,,,,,
2021-06-21 00:00:00,12:44:00,COM VÍTIMA,PORTO DA MADEIRA,AV BEBERIBE,,CIDADE,ATROPELAMENTO DE PESSOA,0,1,0,0,1,0,0,0,0,1,0,Longo da via,Bom,Perfeito estado,Seca,Mal conservada,Não há placas,,Dupla,Faixa contínua
2021-06-21 00:00:00,13:23:00,COM VÍTIMA,CASA AMARELA,AV NORTE,676,SUBURBIO,COLISÃO LATERAL,0,1,0,0,0,2,0,0,0,2,0,Longo da via,Bom,Perfeito estado,Seca,Perfeito estado,Não há placas,60 km/h,Dupla,Canteiro central
2021-06-21 00:00:00,14:08:00,SEM VÍTIMA,SANTO AMARO,AV DR JAYME DA FONTE,,,COLISÃO TRASEIRA,2,0,0,0,0,0,0,0,0,0,0,,,,,,,,,
2021-06-21 00:00:00,20:46:40,SEM VÍTIMA,GRAÇAS,AV CONS ROSA E SILVA,46,,COLISÃO LATERAL,1,0,1,0,0,0,0,0,0,0,0,,,,,,,,,
2021-06-21 00:00:00,22:20:40,COM VÍTIMA,CASA FORTE,AV DEZESSETE DE AGOSTO,,,COLISÃO LATERAL,1,1,0,0,0,0,0,0,0,1,0,,,,,,,,,
2021-06-22 00:00:00,07:32:00,COM VÍTIMA,SANTO AMARO,RUA PEDRO AFONSO,427,CIDADE,COLISÃO TRANSVERSAL,1,1,0,0,0,0,0,0,0,1,0,,,,,,,,,
2021-06-22 00:00:00,08:30:00,COM VÍTIMA,APIPUCOS,RUA DE APIPUCOS,,CIDADE,QUEDA,0,1,0,0,0,0,0,0,0,2,0,,,,,,,,,
2021-06-22 00:00:00,08:32:00,COM VÍTIMA,ÁGUA FRIA,AV BEBERIBE,,SUBURBIO,COLISÃO LATERAL,0,1,0,0,0,1,0,0,0,1,0,Longo da via,Bom,,Seca,,Outras,,Dupla,Faixa contínua
2021-06-22 00:00:00,09:48:00,COM VÍTIMA,BOA VIAGEM,RUA VISCONDE DE JEQUITINHONHA,433,SUBURBIO,COLISÃO TRASEIRA,3,1,0,0,0,0,0,0,0,1,0,,,,,,,,,
2021-06-22 00:00:00,11:42:00,COM VÍTIMA,IPUTINGA,AV CAXANGA,,,COLISÃO TRANSVERSAL,1,1,0,0,0,0,0,0,0,1,0,,,,,,,,,
2021-06-22 00:00:00,15:53:00,COM VÍTIMA,IMBIRIBEIRA,RUA ITAJAI,,,COLISÃO LATERAL,4,0,0,0,0,0,0,0,0,1,0,,,,,,,,,
2021-06-22 00:00:00,18:44:00,COM VÍTIMA,CASA AMARELA,AV DR EURICO CHAVES,,,COLISÃO LATERAL,0,0,0,0,0,0,0,0,0,1,0,,,,,,,,,
2021-06-23 00:00:00,00:12:00,COM VÍTIMA,PINA,AV CONSELHEIRO AGUIAR,,CIDADE,COLISÃO TRASEIRA,1,1,0,0,0,0,0,0,0,1,0,,,,,,,,,
2021-06-23 00:00:00,07:24:00,COM VÍTIMA,BOA VIAGEM,RUA BRUNO VELOSO,120,CIDADE,COLISÃO TRASEIRA,1,1,0,0,0,0,0,0,0,1,0,,,,,,,,,
2021-06-23 00:00:00,08:01:00,COM VÍTIMA,GRAÇAS,AV GOVERNADOR AGAMENON MAGALHAES,173,,COLISÃO TRASEIRA,0,2,0,0,0,0,0,0,0,1,0,Longo da via,Bom,Perfeito estado,Seca,Perfeito estado,Não há placas,60 km/h,Única,Faixa contínua
2021-06-23 00:00:00,11:54:00,COM VÍTIMA,TEJIPIÓ,RUA APRIGIO GUIMARAES,,SUBURBIO,COLISÃO TRASEIRA,1,1,0,0,0,0,0,0,0,1,0,,,,,,,,,
2021-06-23 00:00:00,18:59:00,SEM VÍTIMA,MADALENA,AV VISCONDE DE ALBUQUERQUE,576,,COLISÃO LATERAL,2,0,0,0,0,0,0,0,0,0,0,,,,,,,,,
2021-06-23 00:00:00,23:19:40,SEM VÍTIMA,IMBIRIBEIRA,AV MARECHAL MASCARENHAS DE MORAES,,,COLISÃO TRASEIRA,2,0,0,0,0,0,0,0,0,0,0,,,,,,,,,
2021-06-24 00:00:00,02:22:00,SEM VÍTIMA,IMBIRIBEIRA,AV MARECHAL MASCARENHAS DE MORAES,631,,COLISÃO TRANSVERSAL,2,0,0,0,0,0,0,0,0,0,0,,,,,,,,,
2021-06-24 00:00:00,07:25:00,COM VÍTIMA,ESPINHEIRO,RUA QUARENTA E OITO,21,CIDADE,COLISÃO FRONTAL,1,0,1,0,0,0,0,0,0,1,0,,,,,,,,,
2021-06-24 00:00:00,12:01:00,SEM VÍTIMA,IPSEP,RUA JEAN EMILE FAVRE,564,CIDADE,COLISÃO TRANSVERSAL,2,0,0,0,0,0,0,0,0,0,0,,,,,,,,,
2021-06-24 00:00:00,22:31:40,SEM VÍTIMA,CORDEIRO,AV GENERAL SAN MARTIN,,,CHOQUE,1,0,0,0,0,0,0,0,0,0,0,,,,,,,,,
2021-06-25 00:00:00,07:03:00,COM VÍTIMA,TAMARINEIRA,AV NORTE,,,COLISÃO FRONTAL,0,2,0,0,0,0,0,0,0,1,0,,,,,,,,,
2021-06-25 00:00:00,07:58:00,COM VÍTIMA,BOA VISTA,AV GOVERNADOR AGAMENON MAGALHAES,,,COLISÃO LATERAL,1,1,0,0,0,0,0,0,0,1,0,,,,,,,,,
2021-06-25 00:00:00,14:46:00,COM VÍTIMA,TAMARINEIRA,RUA CONEGO BARATA,,,COLISÃO LATERAL,1,1,0,0,0,0,0,0,0,1,0,,,,,,,,,
2021-06-25 00:00:00,15:14:00,COM VÍTIMA,ROSARINHO,AV NORTE,,CIDADE,COLISÃO LATERAL,2,1,0,0,0,0,0,0,0,1,0,,,,,,,,,
2021-06-25 00:00:00,18:20:00,SEM VÍTIMA,BAIRRO DO RECIFE,,473,SUBURBIO,COLISÃO COM CICLISTA,1,0,0,1,0,0,0,0,0,0,0,,,,,,,,,
2021-06-25 00:00:00,18:37:00,COM VÍTIMA,VÁRZEA,AV AFONSO OLINDENSE,,,COLISÃO TRASEIRA,1,1,0,0,0,0,0,0,0,1,0,,,,,,,,,
2021-06-25 00:00:00,20:50:40,COM VÍTIMA,DOIS UNIDOS,SUB DA MEDALHA MILAGROSA,,,COLISÃO FRONTAL,1,1,0,0,0,0,0,0,0,1,0,,,,,,,,,
2021-06-26 00:00:00,00:34:00,COM VÍTIMA,IMBIRIBEIRA,AV MARECHAL MASCARENHAS DE MORAES,225,CID,CHOQUE,1,1,0,0,0,0,0,0,0,2,0,,,,,,,,,
2021-06-26 00:00:00,00:42:00,COM VÍTIMA,BOA VIAGEM,RUA DEZ DE JULHO,,,COLISÃO LATERAL,1,1,0,0,0,0,0,0,0,1,0,,,,,,,,,
2021-06-26 00:00:00,06:07:00,COM VÍTIMA,AFOGADOS,AV SUL,,CIDADE,COLISÃO TRANSVERSAL,1,1,0,0,0,0,0,0,0,2,0,,,,,,,,,
2021-06-26 00:00:00,06:29:00,COM VÍTIMA,IPSEP,RUA JEAN EMILE FAVRE,564,,COLISÃO FRONTAL,1,1,0,0,0,0,0,0,0,1,0,,,,,,,,,
2021-06-27 00:00:00,11:05:00,SEM VÍTIMA,CAXANGÁ,AV CAXANGA,,,CHOQUE,0,0,0,0,0,0,0,1,0,0,0,,,,,,,,,
2021-06-27 00:00:00,16:50:00,COM VÍTIMA,IBURA,AV DOIS RIOS,,,COLISÃO FRONTAL,1,1,0,0,0,0,0,0,0,1,0,,,,,,,,,
2021-06-27 00:00:00,18:50:00,COM VÍTIMA,IPSEP,RUA JEAN EMILE FAVRE,,,COLISÃO FRONTAL,1,0,0,0,0,0,0,0,0,2,0,,,,,,,,,
2021-06-28 00:00:00,08:45:00,COM VÍTIMA,VÁRZEA,RUA SOLDADO MARIO KOSEL FILHO,,,ATROPELAMENTO DE PESSOA,0,0,0,0,1,0,1,0,0,1,0,,,,,,,,,
2021-06-28 00:00:00,11:36:00,COM VÍTIMA,PINA,AV BOA VIAGEM,104,CIDADE,COLISÃO LATERAL,1,1,0,0,0,0,0,0,0,1,0,,,,,,,,,
2021-06-28 00:00:00,12:53:00,COM VÍTIMA,ESTÂNCIA,AV RECIFE,,SUBURBIO,COLISÃO LATERAL,0,1,0,0,0,0,1,0,0,1,0,,,,,,,,,
2021-06-28 00:00:00,13:48:00,COM VÍTIMA,CASA FORTE,AV DEZESSETE DE AGOSTO,614,CIDADE,COLISÃO LATERAL,2,1,0,0,0,0,0,0,0,1,0,,,,,,,,,
2021-06-28 00:00:00,14:56:00,SEM VÍTIMA,TORRE,RUA MARQUES DE MARICA,317,CIDADE,COLISÃO TRASEIRA,2,0,0,0,0,0,0,0,0,0,0,,,,,,,,,
2021-06-29 00:00:00,10:30:00,SEM VÍTIMA,APIPUCOS,RUA DOIS IRMAOS,416,,COLISÃO LATERAL,0,2,0,0,0,0,0,0,0,0,0,,,,,,,,,
2021-06-29 00:00:00,10:39:00,COM VÍTIMA,BOA VIAGEM,AV ENGENHEIRO DOMINGOS FERREIRA,,,COLISÃO TRASEIRA,1,1,0,0,0,0,0,0,0,1,0,,,,,,,,,
2021-06-29 00:00:00,11:05:00,SEM VÍTIMA,CORDEIRO,AV PROFESSOR ESTEVAO FRANCISCO DA COSTA,,,COLISÃO FRONTAL,1,0,0,0,0,0,0,1,0,0,0,,,,,,,,,
2021-06-29 00:00:00,11:31:00,SEM VÍTIMA,CORDEIRO,RUA MARIA QUITERIA,,,COLISÃO LATERAL,1,0,0,0,0,0,0,1,0,0,0,,,,,,,,,
2021-06-29 00:00:00,11:39:00,VÍTIMA FATAL,SANTO AMARO,AV NORTE,,CIDADE,ATROPELAMENTO DE PESSOA,1,0,0,0,1,0,0,0,0,1,1,,,,,,,,,
2021-06-29 00:00:00,11:55:00,COM VÍTIMA,ÁGUA FRIA,AV BEBERIBE,,,COLISÃO LATERAL,1,1,0,0,0,0,0,0,0,1,0,,,,,,,,,
2021-06-29 00:00:00,13:21:00,COM VÍTIMA,IMBIRIBEIRA,AV MARECHAL MASCARENHAS DE MORAES,,,COLISÃO TRASEIRA,1,1,0,0,0,0,0,0,0,1,0,,,,,,,,,
2021-06-29 00:00:00,17:07:00,SEM VÍTIMA,MACAXEIRA,AV NORTE,,,COLISÃO LATERAL,0,1,0,0,0,0,0,1,0,0,0,,,,,,,,,
2021-06-29 00:00:00,20:59:40,COM VÍTIMA,CAMPO GRANDE,RUA ODORICO MENDES,,,ATROPELAMENTO DE PESSOA,0,1,0,0,1,0,0,0,0,1,0,,,,,,,,,
2021-06-29 00:00:00,22:20:40,SEM VÍTIMA,CAMPO GRANDE,RUA ODORICO MENDES,,,COLISÃO TRASEIRA,3,0,0,0,0,0,0,0,0,0,0,,,,,,,,,
2021-06-30 00:00:00,09:24:00,COM VÍTIMA,TORRÕES,RUA DR MIGUEL VIEIRA FERREIRA,,,ATROPELAMENTO DE PESSOA,1,0,0,0,1,0,0,0,0,1,0,,,,,,,,,
2021-06-30 00:00:00,10:19:00,COM VÍTIMA,SANCHO,AV LIBERDADE,,,COLISÃO LATERAL,1,1,0,0,0,0,0,0,0,1,0,,,,,,,,,
2021-06-30 00:00:00,11:40:00,COM VÍTIMA,AFOGADOS,RUA DA PAZ,,,ATROPELAMENTO DE PESSOA,1,0,0,0,1,0,0,0,0,1,0,,,,,,,,,
2021-06-30 00:00:00,13:44:00,COM VÍTIMA,CASA FORTE,AV DEZESSETE DE AGOSTO,,,COLISÃO TRASEIRA,1,1,0,0,0,0,0,0,0,1,0,,,,,,,,,
2021-06-30 00:00:00,14:34:00,COM VÍTIMA,CASA AMARELA,AV NORTE,,,COLISÃO TRANSVERSAL,0,2,0,0,0,0,0,0,0,1,0,,,,,,,,,
2021-06-30 00:00:00,16:40:00,COM VÍTIMA,SÃO JOSÉ,AV SUL,,,QUEDA,0,0,0,0,0,0,0,0,0,1,0,,,,,,,,,
2021-06-30 00:00:00,16:54:00,COM VÍTIMA,ROSARINHO,AV NORTE,,,COLISÃO LATERAL,1,1,0,0,0,0,0,0,0,1,0,,,,,,,,,
2021-06-30 00:00:00,19:09:00,COM VÍTIMA,AREIAS,AV DR JOSE RUFINO,,,COLISÃO FRONTAL,1,1,0,0,0,0,0,0,0,1,0,,,,,,,,,
2021-06-30 00:00:00,20:02:00,COM VÍTIMA,JARDIM SÃO PAULO,RUA LEANDRO BARRETO,,,COLISÃO FRONTAL,1,1,0,0,0,0,0,0,0,1,0,,,,,,,,,
2021-07-01 00:00:00,07:58:00,COM VÍTIMA,SANTO AMARO,RUA IMPERADOR PEDRO SEGUNDO,18,,COLISÃO TRANSVERSAL,1,1,0,0,0,0,0,0,0,1,0,Cruzamento,Chuvoso,Perfeito estado,Molhada,Perfeito estado,Outras,40 km/h,Única,Faixa seccionada
2021-07-01 00:00:00,13:56:00,COM VÍTIMA,ESPINHEIRO,RUA AFONSO BATISTA,,SUBURBIO,COLISÃO LATERAL,1,1,0,0,0,0,0,0,0,1,0,Esquina,Bom,Perfeito estado,Seca,Perfeito estado,"Placas ""Pare""",,Dupla,Não existe
2021-07-01 00:00:00,14:46:00,VÍTIMA FATAL,BOA VIAGEM,AV BOA VIAGEM,,CIDADE,QUEDA,1,1,0,0,0,0,0,0,0,1,1,Longo da via,Bom,Perfeito estado,Seca,Perfeito estado,Não há placas,,Única,Faixa seccionada
2021-07-01 00:00:00,18:15:00,COM VÍTIMA,BOA VISTA,RUA DO RIACHUELO,,CIDADE,COLISÃO FRONTAL,2,0,1,0,0,0,0,0,0,2,0,Longo da via,Bom,Perfeito estado,Seca,Perfeito estado,R-6a,,Única,Faixa contínua
2021-07-01 00:00:00,22:42:40,COM VÍTIMA,SANTO AMARO,RUA FREI CASSIMIRO,,SUBURBIO,COLISÃO LATERAL,1,1,0,0,0,0,0,0,0,1,0,Cruzamento,Chuvoso,Incompleta,Molhada,Mal iluminada,Não há placas,,Dupla,Canteiro central
2021-07-02 00:00:00,07:54:00,COM VÍTIMA,CORDEIRO,EST DO FORTE DO ARRAIAL N. DO B. JESUS,,,COLISÃO LATERAL,1,1,0,0,0,0,0,0,0,1,0,Longo da via,Bom,Perfeito estado,Seca,Perfeito estado,Outras,,Dupla,Faixa contínua
2021-07-02 00:00:00,09:31:00,SEM VÍTIMA,CASA FORTE,AV DEZESSETE DE AGOSTO,251,SUBURBIO,,2,0,0,0,0,0,0,0,0,0,0,Cruzamento,Bom,Perfeito estado,Seca,Perfeito estado,Outras,,Dupla,Faixa contínua
2021-07-02 00:00:00,09:50:00,COM VÍTIMA,BOA VIAGEM,RUA SA E SOUZA,,SUBURBIO,COLISÃO LATERAL,1,1,0,0,0,0,0,0,0,1,0,Cruzamento,Bom,Perfeito estado,Seca,Perfeito estado,R-6a,,Dupla,Não existe
2021-07-02 00:00:00,11:16:00,COM VÍTIMA,ALTO JOSÉ BONIFÁCIO,RUA CORREGO DO EUCLIDES,,CIDADE,COLISÃO COM CICLISTA,1,1,0,0,0,0,0,0,0,1,0,Longo da via,Bom,Não existente,Seca,Mal conservada,Não há placas,,Dupla,Não existe
2021-07-02 00:00:00,11:48:00,COM VÍTIMA,IPSEP,AV RECIFE,,SUBURBIO,COLISÃO LATERAL,1,1,0,0,0,0,0,0,0,1,0,Longo da via,Bom,Perfeito estado,Seca,Perfeito estado,Não há placas,,Dupla,Canteiro central
2021-07-02 00:00:00,15:09:00,COM VÍTIMA,CAXANGÁ,AV JOAQUIM RIBEIRO,281,SUBURBIO,COLISÃO TRANSVERSAL,0,1,0,0,0,0,0,0,0,1,0,Cruzamento,Bom,Perfeito estado,Seca,Perfeito estado,,60 km/h,Única,Canteiro central
2021-07-02 00:00:00,15:45:00,COM VÍTIMA,CORDEIRO,AV CAXANGA,,CIDADE,ATROPELAMENTO DE PESSOA,2,0,0,0,1,0,0,0,0,1,0,Longo da via,Bom,Perfeito estado,Seca,Perfeito estado,"Placas ""Pare""",,Única,Não existe
2021-07-02 00:00:00,17:09:00,COM VÍTIMA,CAMPO GRANDE,EST DE BELEM,,,COLISÃO LATERAL,1,1,0,0,0,0,0,0,0,1,0,,,,,,,,,
2021-07-02 00:00:00,18:41:00,COM VÍTIMA,IBURA,AV DOIS RIOS,,,COLISÃO LATERAL,1,1,0,0,0,0,0,0,0,1,0,Longo da via,Chuvoso,Ilegível,Molhada,Mal conservada,Outras,,Dupla,
2021-07-02 00:00:00,20:54:40,COM VÍTIMA,IBURA,AV DOIS RIOS,,CIDADE,COLISÃO FRONTAL,0,1,0,0,0,0,0,0,0,1,0,Longo da via,Chuvoso,Perfeito estado,Molhada,Perfeito estado,Não há placas,,Dupla,Faixa contínua
2021-07-02 00:00:00,21:27:40,SEM VÍTIMA,IMBIRIBEIRA,AV MARECHAL MASCARENHAS DE MORAES,,CIDADE,COLISÃO TRASEIRA,2,2,0,0,0,0,1,1,0,0,0,Longo da via,Chuvoso,Perfeito estado,Molhada,Perfeito estado,Não há placas,,Dupla,Faixa seccionada
2021-07-02 00:00:00,22:33:40,COM VÍTIMA,IMBIRIBEIRA,VIADUTO TANCREDO NEVES,,CIDADE,QUEDA,0,0,0,1,0,0,0,0,0,1,0,Viaduto,Chuvoso,Perfeito estado,Molhada,Perfeito estado,Não há placas,,Única,Canteiro central
2021-07-03 00:00:00,08:20:00,COM VÍTIMA,IPUTINGA,AV CAXANGA,533,SUBURBIO,COLISÃO LATERAL,1,0,0,0,0,0,0,0,0,1,0,Longo da via,Chuvoso,Perfeito estado,Molhada,Perfeito estado,Não há placas,,Única,Faixa seccionada
2021-07-03 00:00:00,08:46:00,COM VÍTIMA,ROSARINHO,AV NORTE,81,CIDADE,COLISÃO LATERAL,1,2,0,0,0,0,0,0,0,1,0,Longo da via,Chuvoso,Perfeito estado,Molhada,Perfeito estado,R-6a,,Dupla,Faixa contínua
2021-07-03 00:00:00,09:26:00,COM VÍTIMA,BOA VIAGEM,AV BOA VIAGEM,,CIDADE,COLISÃO TRASEIRA,1,1,0,0,0,0,0,0,0,2,0,Longo da via,Chuvoso,Perfeito estado,Molhada,Perfeito estado,Outras,,Única,Faixa seccionada
2021-07-03 00:00:00,12:54:00,SEM VÍTIMA,IMBIRIBEIRA,AV MARECHAL MASCARENHAS DE MORAES,,,COLISÃO FRONTAL,1,1,0,0,0,0,0,0,0,0,0,,,,,,,,,
2021-07-03 00:00:00,15:01:00,SEM VÍTIMA,AREIAS,AV DR JOSE RUFINO,,CIDADE,COLISÃO TRASEIRA,2,0,0,0,0,0,0,0,0,0,0,Longo da via,Chuvoso,,Molhada,Perfeito estado,Não há placas,,Dupla,Faixa contínua
2021-07-03 00:00:00,15:12:00,COM VÍTIMA,CABANGA,VDO PAPA JOAO PAULO II,,CIDADE,COLISÃO COM CICLISTA,0,1,0,1,0,0,0,0,0,2,0,Viaduto,Bom,Perfeito estado,Seca,Perfeito estado,Não há placas,,Dupla,Canteiro central
2021-07-04 00:00:00,10:38:00,COM VÍTIMA,PARNAMIRIM,AV FLOR DE SANTANA,,,COLISÃO LATERAL,1,1,0,0,0,0,0,0,0,1,0,Cruzamento,Bom,Incompleta,Seca,Mal conservada,"Placas ""Pare""",30 km/h,Dupla,Não existe
2021-07-04 00:00:00,16:12:00,COM VÍTIMA,ESPINHEIRO,RUA QUARENTA E OITO,11,CIDADE,COLISÃO LATERAL,1,1,0,0,0,0,0,0,0,2,0,Cruzamento,Bom,Perfeito estado,Seca,Perfeito estado,R-6a,,Única,Faixa contínua
2021-07-04 00:00:00,20:58:00,SEM VÍTIMA,DOIS IRMÃOS,RUA MANUEL DE MEDEIROS,0,,QUEDA,0,1,0,0,0,0,0,0,0,0,0,,,,,,,,,
2021-07-04 00:00:00,22:39:40,COM VÍTIMA,GRAÇAS,AV CONS ROSA E SILVA,,SUBURBIO,COLISÃO TRASEIRA,1,1,0,0,0,0,0,0,0,1,0,Longo da via,Bom,Perfeito estado,Seca,Perfeito estado,Outras,,Única,Faixa seccionada
2021-07-05 00:00:00,06:56:00,COM VÍTIMA,IBURA,AV DOM HELDER CAMARA,,CIDADE,QUEDA,0,1,0,0,0,0,0,0,0,1,0,Longo da via,Bom,Perfeito estado,Seca,Perfeito estado,Não há placas,,Dupla,Canteiro central
2021-07-05 00:00:00,07:11:00,COM VÍTIMA,PINA,AV CONSELHEIRO AGUIAR,140,CIDADE,QUEDA,0,1,0,0,0,0,0,0,0,1,0,Longo da via,Bom,Perfeito estado,Seca,Perfeito estado,Outras,,Única,Faixa contínua
2021-07-05 00:00:00,08:17:00,COM VÍTIMA,SAN MARTIN,AV CONSUL VILARES FRAGOSO,,SUBURBIO,COLISÃO TRANSVERSAL,1,1,0,0,0,0,0,0,0,1,0,Cruzamento,Bom,Incompleta,Seca,Perfeito estado,R-6a,,Dupla,Faixa contínua
2021-07-05 00:00:00,09:32:00,COM VÍTIMA,ESPINHEIRO,AV GOVERNADOR AGAMENON MAGALHAES,78,SUBURBIO,COLISÃO TRASEIRA,2,0,0,0,0,0,0,0,0,1,0,Longo da via,Bom,Perfeito estado,Seca,Perfeito estado,,60 km/h,Dupla,Faixa contínua
2021-07-05 00:00:00,10:03:00,COM VÍTIMA,CASA AMARELA,AV NORTE,364,SUBURBIO,COLISÃO TRASEIRA,1,1,0,0,0,0,0,0,0,1,0,Cruzamento,Bom,Perfeito estado,Seca,Perfeito estado,Outras,,Dupla,Não existe
2021-07-05 00:00:00,11:14:00,SEM VÍTIMA,DERBY,AV GOVERNADOR AGAMENON MAGALHAES,417,BOA VIAGEM,COLISÃO LATERAL,1,1,0,0,0,0,0,0,0,0,0,Longo da via,Bom,Perfeito estado,Seca,Perfeito estado,Outras,60 km/h,Dupla,Canteiro central
2021-07-05 00:00:00,14:49:00,COM VÍTIMA,MACAXEIRA,AV DA RECUPERACAO,,SUBURBIO,COLISÃO FRONTAL,0,2,0,0,0,0,0,0,0,2,0,Longo da via,Bom,Perfeito estado,Seca,Perfeito estado,Não há placas,,Dupla,Faixa seccionada
2021-07-05 00:00:00,16:22:00,COM VÍTIMA,MONTEIRO,AV DR EURICO CHAVES,,CIDADE,COLISÃO TRASEIRA,0,2,0,0,0,0,0,0,0,1,0,Longo da via,Bom,Perfeito estado,Seca,Perfeito estado,,30 km/h,Dupla,Faixa seccionada
2021-07-05 00:00:00,22:03:40,COM VÍTIMA,CASA AMARELA,AV NORTE,66,CIDADE,ATROPELAMENTO DE PESSOA,0,1,0,0,1,0,0,0,0,2,0,Longo da via,Chuvoso,Perfeito estado,Molhada,Perfeito estado,Outras,60 km/h,Dupla,Faixa seccionada
2021-07-06 00:00:00,12:26:00,COM VÍTIMA,SÃO JOSÉ,VIADUTO CAPITAO TEMUDO,,CIDADE,COLISÃO TRASEIRA,1,1,0,0,0,0,0,0,0,1,0,Viaduto,Bom,Perfeito estado,Seca,Perfeito estado,Não há placas,,Dupla,Canteiro central
2021-07-06 00:00:00,13:34:00,COM VÍTIMA,SÃO JOSÉ,AV ENGENHEIRO JOSE ESTELITA,,CIDADE,COLISÃO TRASEIRA,1,1,0,0,0,0,0,0,0,1,0,Longo da via,Bom,Incompleta,Seca,Perfeito estado,Não há placas,60 km/h,Única,Faixa seccionada
2021-07-06 00:00:00,14:16:00,COM VÍTIMA,CASA FORTE,AV DEZESSETE DE AGOSTO,251,SUBURBIO,COLISÃO TRANSVERSAL,2,0,0,0,0,0,0,0,0,1,0,Longo da via,Bom,Perfeito estado,Seca,Perfeito estado,Outras,,Dupla,Faixa contínua
2021-07-06 00:00:00,14:52:00,COM VÍTIMA,MADALENA,RUA ARLINDO GOUVEIA,620,CIDADE,COLISÃO TRANSVERSAL,1,1,0,0,0,0,0,0,0,1,0,Cruzamento,Bom,Perfeito estado,Seca,Perfeito estado,Não há placas,,Dupla,Faixa seccionada
2021-07-06 00:00:00,18:19:00,COM VÍTIMA,SANTO AMARO,RUA FREI CASSIMIRO,,SUBURBIO,CHOQUE,1,1,0,0,0,0,0,0,0,1,0,Longo da via,Bom,Não existente,Seca,Perfeito estado,Não há placas,,Dupla,Não existe
2021-07-06 00:00:00,18:24:00,COM VÍTIMA,TEJIPIÓ,AV DR JOSE RUFINO,,,COLISÃO LATERAL,1,1,0,0,0,0,0,0,0,1,0,,,,,,,,,
2021-07-07 00:00:00,11:25:00,COM VÍTIMA,BOA VIAGEM,AV ENGENHEIRO DOMINGOS FERREIRA,,SUBURBIO,COLISÃO LATERAL,2,0,0,0,0,0,0,0,0,1,0,Longo da via,Bom,Perfeito estado,Seca,Perfeito estado,,60 km/h,Única,Faixa seccionada
2021-07-07 00:00:00,14:18:00,SEM VÍTIMA,SANTO ANTÔNIO,C SANTA RITA,,SUBURBIO,,1,0,0,0,0,0,0,0,0,0,0,Longo da via,Bom,Perfeito estado,Seca,Mal conservada,Outras,,Dupla,Canteiro central
2021-07-07 00:00:00,14:29:00,SEM VÍTIMA,PINA,RUA TOME GIBSON,,,,1,1,0,0,0,0,0,0,0,0,0,,Bom,Perfeito estado,Seca,Perfeito estado,Não há placas,,Dupla,Faixa seccionada
2021-07-07 00:00:00,15:26:00,SEM VÍTIMA,VÁRZEA,AV CAXANGA,232,CIDADE,,0,0,0,0,0,0,1,1,0,0,0,Longo da via,Bom,Perfeito estado,Seca,Perfeito estado,R-6a,60 km/h,Dupla,Canteiro central
2021-07-07 00:00:00,16:05:00,COM VÍTIMA,BOA VIAGEM,AV BOA VIAGEM,548,,COLISÃO TRASEIRA,1,1,0,0,0,0,0,0,0,1,0,Longo da via,Bom,Perfeito estado,Seca,Perfeito estado,,,Única,Faixa seccionada
2021-07-08 00:00:00,12:14:00,COM VÍTIMA,BOA VIAGEM,AVENIDA CELSO FURTADO (VIA MANGUE),,,COLISÃO TRASEIRA,1,1,0,0,0,0,0,0,0,1,0,,,,,,,,,
2021-07-08 00:00:00,16:12:00,COM VÍTIMA,SAN MARTIN,AV ENGENHEIRO ABDIAS DE CARVALHO,422,SUBURBIO,COLISÃO FRONTAL,0,2,0,0,0,0,0,0,0,1,0,Cruzamento,Bom,Perfeito estado,Seca,Perfeito estado,Não há placas,60 km/h,Dupla,Canteiro central
2021-07-08 00:00:00,16:47:00,COM VÍTIMA,IPSEP,AV RECIFE,,,COLISÃO TRASEIRA,1,1,0,0,0,0,0,0,0,1,0,,,,,,,,,
2021-07-08 00:00:00,18:09:00,COM VÍTIMA,MADALENA,RUA BENFICA,257,SUBURBIO,ATROPELAMENTO DE PESSOA,0,0,0,0,1,1,0,0,0,1,0,Longo da via,Bom,Perfeito estado,Seca,Perfeito estado,Outras,,Dupla,Faixa contínua
2021-07-08 00:00:00,19:14:00,COM VÍTIMA,FUNDÃO,AV BEBERIBE,,SUBURBIO,COLISÃO LATERAL,1,1,0,0,0,0,0,0,0,1,0,Cruzamento,Bom,Não existente,Seca,Perfeito estado,Não há placas,60 km/h,Dupla,Faixa seccionada