data,hora,natureza,bairro,endereco,num_semaforo,sentido_via,tipo,auto,moto,ciclom,ciclista,pedestre,onibus,caminhao,viatura,outros,vitimas,vitimasfatais,acidente_verificado,tempo_clima,sinalizacao,condicao_via,conservacao_via,situacao_placa,velocidade_max_via,mao_direcao,divisao_via1
2021-07-08 00:00:00,20:12:00,COM VÍTIMA,IBURA,AV RIO LARGO,512,DUPLO,COLISÃO LATERAL,1,1,0,0,0,0,0,0,0,1,0,Longo da via,Bom,Perfeito estado,Seca,Perfeito estado,Não há placas,,Dupla,Não existe
2021-07-09 00:00:00,07:21:00,COM VÍTIMA,IMBIRIBEIRA,AV GENERAL MAC ARTHUR,640,SUBURBIO,COLISÃO COM CICLISTA,1,0,0,1,0,0,0,0,0,1,0,Esquina,Bom,Perfeito estado,Seca,Perfeito estado,R-6a,40 km/h,Única,Faixa seccionada
2021-07-09 00:00:00,11:39:00,SEM VÍTIMA,SAN MARTIN,AV GENERAL SAN MARTIN,,,COLISÃO LATERAL,2,0,0,0,0,0,0,0,0,0,0,,,,,,,,,
2021-07-09 00:00:00,12:09:00,COM VÍTIMA,BOA VIAGEM,AV ENGENHEIRO DOMINGOS FERREIRA,380,SUBURBIO,COLISÃO LATERAL,1,1,0,0,0,0,0,0,0,1,0,Cruzamento,Bom,Perfeito estado,Seca,Perfeito estado,R-6a,,Dupla,Canteiro central
2021-07-01 00:00:00,13:26:00,COM VÍTIMA,GRAÇAS,AV GOVERNADOR AGAMENON MAGALHAES,173,BOA VIAGEM,QUEDA,0,1,0,0,0,0,0,0,0,1,0,Longo da via,Nublado,Perfeito estado,Seca,Perfeito estado,Não há placas,60 km/h,Dupla,Canal
2021-07-09 00:00:00,15:58:00,COM VÍTIMA,ARRUDA,AV PROFESSOR JOSE DOS ANJOS,306,,COLISÃO LATERAL,0,2,0,0,0,0,0,0,0,2,0,Cruzamento,Bom,Perfeito estado,Seca,Perfeito estado,R-6a,,Dupla,Canteiro central
2021-07-09 00:00:00,16:50:00,COM VÍTIMA,MADALENA,AV VISCONDE DE ALBUQUERQUE,,SUBURBIO,COLISÃO LATERAL,1,1,0,0,0,0,0,0,0,1,0,Cruzamento,Bom,,Seca,Perfeito estado,Não há placas,60 km/h,Única,Não existe
2021-07-09 00:00:00,21:16:40,VÍTIMA FATAL,IMBIRIBEIRA,AV MARECHAL MASCARENHAS DE MORAES,,SUBURBIO,ATROPELAMENTO DE PESSOA,0,0,0,0,1,1,0,0,0,0,1,Outros,Bom,Perfeito estado,Seca,Perfeito estado,Não há placas,50 km/h,Dupla,Canteiro central
2021-07-10 00:00:00,06:33:00,COM VÍTIMA,ESPINHEIRO,AV GOVERNADOR AGAMENON MAGALHAES,,,COLISÃO LATERAL,1,1,0,0,0,0,0,0,0,1,0,Longo da via,Chuvoso,Perfeito estado,Molhada,Perfeito estado,Outras,60 km/h,Dupla,Faixa seccionada
2021-07-10 00:00:00,07:56:00,COM VÍTIMA,BOA VISTA,RUA DOM BOSCO,,SUBURBIO,COLISÃO LATERAL,1,1,0,0,0,0,0,0,0,1,0,Longo da via,Bom,Perfeito estado,Seca,Perfeito estado,Não há placas,,Única,Faixa seccionada
2021-07-10 00:00:00,10:59:00,COM VÍTIMA,BOA VIAGEM,RUA RIBEIRO DE BRITO,,SUBURBIO,COLISÃO LATERAL,0,1,0,0,0,1,0,0,0,1,0,Longo da via,Bom,Perfeito estado,Seca,Perfeito estado,Não há placas,,Única,Faixa seccionada
2021-07-10 00:00:00,11:45:00,COM VÍTIMA,IPUTINGA,RUA SAO MATEUS,,SUL,COLISÃO LATERAL,1,1,0,0,0,0,0,0,0,1,0,Cruzamento,Bom,Perfeito estado,Seca,Perfeito estado,Não há placas,40 km/h,Dupla,Não existe
2021-07-10 00:00:00,15:12:00,COM VÍTIMA,BOA VISTA,AV CONDE DA BOA VISTA,24,SUBURBIO,COLISÃO COM CICLISTA,0,0,0,1,0,1,0,0,0,1,0,Longo da via,Bom,Perfeito estado,Seca,Perfeito estado,Não há placas,40 km/h,Única,Faixa seccionada
2021-07-10 00:00:00,15:45:00,COM VÍTIMA,VASCO DA GAMA,AV VEREADOR OTACILIO AZEVEDO,877,CIDADE,COLISÃO FRONTAL,2,0,0,0,0,0,0,0,0,2,0,Longo da via,Chuvoso,Não existente,Molhada,Perfeito estado,Outras,,Dupla,Faixa seccionada
2021-07-10 00:00:00,17:42:00,COM VÍTIMA,CORDEIRO,AV CAXANGA,,CIDADE,COLISÃO FRONTAL,2,0,0,0,0,0,0,0,0,1,0,Longo da via,Bom,Perfeito estado,Seca,Perfeito estado,Não há placas,60 km/h,Única,Canteiro central
2021-07-11 00:00:00,10:49:00,COM VÍTIMA,BOA VIAGEM,AV BOA VIAGEM,,CIDADE,COLISÃO TRASEIRA,2,0,0,0,0,0,0,0,0,2,0,Longo da via,Bom,Perfeito estado,Seca,Perfeito estado,R-6a,60 km/h,Única,Faixa seccionada
2021-07-11 00:00:00,20:19:00,COM VÍTIMA,CASA FORTE,EST DO ENCANAMENTO,,CIDADE,COLISÃO COM CICLISTA,1,0,0,1,0,0,0,0,0,1,0,Cruzamento,Chuvoso,Perfeito estado,Molhada,Perfeito estado,Não há placas,,Dupla,Não existe
2021-07-11 00:00:00,20:31:40,COM VÍTIMA,ARRUDA,AV BEBERIBE,,SUBURBIO,CHOQUE,0,1,0,0,0,0,0,0,0,1,0,Longo da via,Chuvoso,Perfeito estado,Molhada,Mal conservada,Não há placas,40 km/h,Dupla,Faixa contínua
2021-07-11 00:00:00,22:09:40,COM VÍTIMA,SÃO JOSÉ,RUA DA CONCORDIA,182,CIDADE,COLISÃO LATERAL,1,0,0,0,0,1,0,0,0,1,0,Cruzamento,Bom,Perfeito estado,Seca,Perfeito estado,Outras,,Única,Não existe
2021-07-12 00:00:00,06:12:00,COM VÍTIMA,CAXANGÁ,AV CAXANGA,281,SUBURBIO,COLISÃO LATERAL,2,0,0,0,0,0,0,0,0,2,0,Cruzamento,Bom,Perfeito estado,Molhada,Perfeito estado,Não há placas,,Dupla,Faixa contínua
2021-07-12 00:00:00,06:47:00,COM VÍTIMA,IPUTINGA,AV CAXANGA,,,COLISÃO LATERAL,2,0,0,0,0,0,0,0,0,1,0,,,,,,,,,
2021-07-12 00:00:00,07:24:00,COM VÍTIMA,CAXANGÁ,AV CAXANGA,,SUBURBIO,COLISÃO COM CICLISTA,1,0,0,1,0,1,0,0,0,1,0,Longo da via,Bom,Incompleta,Molhada,Perfeito estado,R-6a,,Dupla,Faixa contínua
2021-07-12 00:00:00,08:16:00,SEM VÍTIMA,BOA VISTA,RUA JOAO FERNANDES VIEIRA,,CIDADE,COLISÃO TRASEIRA,1,1,0,0,0,0,0,0,0,0,0,Longo da via,Bom,Perfeito estado,Seca,Perfeito estado,Não há placas,,Única,Faixa contínua
2021-07-12 00:00:00,09:12:00,COM VÍTIMA,MADALENA,RUA COMENDADOR BENTO AGUIAR,,,COLISÃO LATERAL,1,1,0,0,0,0,0,0,0,1,0,,,,,,,,,
2021-07-12 00:00:00,10:12:00,COM VÍTIMA,DERBY,AV GOVERNADOR AGAMENON MAGALHAES,,SUBURBIO,ATROPELAMENTO DE PESSOA,1,0,0,0,1,0,0,0,0,1,0,Longo da via,Chuvoso,Perfeito estado,Molhada,Perfeito estado,Não há placas,60 km/h,Única,Faixa seccionada
2021-07-12 00:00:00,10:56:00,COM VÍTIMA,ESTÂNCIA,AV RECIFE,621,SUBURBIO,COLISÃO TRASEIRA,1,1,0,0,0,0,0,0,0,1,0,Longo da via,Bom,Perfeito estado,Seca,Perfeito estado,Não há placas,60 km/h,Dupla,
2021-07-12 00:00:00,12:13:00,COM VÍTIMA,BEBERIBE,RUA DALVA DE OLIVEIRA,,SUBURBIO,COLISÃO COM CICLISTA,1,0,0,1,0,0,0,0,0,1,0,Cruzamento,Bom,Não existente,Seca,Perfeito estado,"Placas ""Dê a preferência""",,Dupla,Não existe
2021-07-12 00:00:00,14:00:00,SEM VÍTIMA,BOA VIAGEM,AV BOA VIAGEM,,,COLISÃO LATERAL,2,0,0,0,0,0,0,0,0,0,0,,,,,,,,,
2021-07-12 00:00:00,18:35:00,COM VÍTIMA,VÁRZEA,AV AFONSO OLINDENSE,,SUBURBIO,COLISÃO LATERAL,1,1,0,0,0,0,0,0,0,1,0,Longo da via,Bom,Perfeito estado,Seca,Perfeito estado,Não há placas,40 km/h,Dupla,Faixa contínua
2021-07-12 00:00:00,22:07:40,COM VÍTIMA,CAXANGÁ,AV JOAQUIM RIBEIRO,,SUBURBIO,COLISÃO TRASEIRA,0,1,0,0,0,0,1,0,0,1,0,Longo da via,Bom,Perfeito estado,Seca,Perfeito estado,Não há placas,,Dupla,Faixa contínua
2021-07-13 00:00:00,07:57:00,COM VÍTIMA,TORRE,RUA MARQUES DE MARICA,317,,COLISÃO LATERAL,1,1,0,0,0,0,0,0,0,1,0,Cruzamento,Bom,Perfeito estado,Seca,Perfeito estado,R-6a,,Dupla,Faixa contínua
2021-07-13 00:00:00,10:34:00,COM VÍTIMA,BOA VIAGEM,AV CONSELHEIRO AGUIAR,,CIDADE,COLISÃO TRASEIRA,1,0,0,0,0,1,0,0,0,1,0,Longo da via,Bom,Perfeito estado,Seca,Perfeito estado,Não há placas,60 km/h,Única,Faixa contínua
2021-07-13 00:00:00,11:02:00,COM VÍTIMA,BOA VIAGEM,AV BOA VIAGEM,,,COLISÃO FRONTAL,1,1,0,0,0,0,0,0,0,2,0,,,,,,,,,
2021-07-13 00:00:00,18:59:00,COM VÍTIMA,ENCRUZILHADA,RUA DR FERNANDO ALLAIN,,CIDADE,COLISÃO FRONTAL,2,0,0,0,0,0,0,0,0,1,0,Cruzamento,Bom,Perfeito estado,Seca,Perfeito estado,"Placas ""Pare""",,Única,
2021-07-13 00:00:00,20:13:00,SEM VÍTIMA,VASCO DA GAMA,RUA ASSUNCAO,,,CHOQUE,0,0,0,0,0,0,0,0,0,0,0,,,,,,,,,
2021-07-14 00:00:00,01:10:00,SEM VÍTIMA,ESTÂNCIA,AV RECIFE,,,CHOQUE,0,0,0,0,0,0,0,0,0,0,0,,,,,,,,,
2021-07-14 00:00:00,11:40:00,COM VÍTIMA,HIPÓDROMO,EST DE BELEM,94,,COLISÃO FRONTAL,0,1,0,0,0,1,0,0,0,1,0,Cruzamento,Bom,Perfeito estado,Seca,Perfeito estado,Outras,30 km/h,Dupla,Faixa contínua
2021-07-14 00:00:00,11:56:00,SEM VÍTIMA,CAMPO GRANDE,RUA NOGUEIRA LIMA,,,,2,0,0,0,0,0,0,0,0,0,0,Longo da via,Bom,Perfeito estado,Seca,Perfeito estado,Não há placas,,Dupla,Não existe
2021-07-14 00:00:00,15:43:00,COM VÍTIMA,TAMARINEIRA,AV NORTE,,CIDADE,ATROPELAMENTO DE PESSOA,0,1,0,0,1,0,0,0,0,1,0,Longo da via,Bom,Perfeito estado,Seca,Perfeito estado,Não há placas,,Única,Faixa seccionada
2021-07-14 00:00:00,16:45:00,SEM VÍTIMA,CAMPO GRANDE,RUA MARQUES DE BAIPENDI,,,COLISÃO LATERAL,3,0,0,0,0,0,0,0,0,0,0,,,,,,,,,
2021-07-14 00:00:00,17:23:00,COM VÍTIMA,SÃO JOSÉ,AV SUL,260,CIDADE,COLISÃO LATERAL,1,1,0,0,0,0,0,0,0,1,0,Cruzamento,Nublado,Incompleta,Molhada,Perfeito estado,Não há placas,,Única,Não existe
2021-07-14 00:00:00,20:12:00,COM VÍTIMA,MADALENA,AV VISCONDE DE ALBUQUERQUE,,CIDADE,COLISÃO TRASEIRA,3,0,0,0,0,1,0,0,0,1,0,Cruzamento,Bom,Perfeito estado,Seca,Perfeito estado,"Placas ""Pare""",,Única,Faixa seccionada
2021-07-15 00:00:00,08:09:00,COM VÍTIMA,DOIS IRMÃOS,RUA MANUEL DE MEDEIROS,224,,COLISÃO TRASEIRA,1,1,0,0,0,0,0,0,0,1,0,Longo da via,Bom,Perfeito estado,Molhada,Mal conservada,R-19,30 km/h,Dupla,Não existe
2021-07-15 00:00:00,10:48:00,COM VÍTIMA,BOA VIAGEM,AV ENGENHEIRO DOMINGOS FERREIRA,,SUBURBIO,COLISÃO TRANSVERSAL,1,1,0,0,0,0,0,0,0,1,0,Longo da via,Bom,Perfeito estado,Seca,Perfeito estado,Não há placas,60 km/h,Única,Canteiro central
2021-07-15 00:00:00,12:23:00,COM VÍTIMA,AFOGADOS,RUA NICOLAU PEREIRA,242,SUBURBIO,COLISÃO TRASEIRA,1,2,0,0,0,0,0,0,0,1,0,Longo da via,Bom,Perfeito estado,Seca,Perfeito estado,,,,
2021-07-15 00:00:00,13:48:00,COM VÍTIMA,PINA,AV ANTONIO DE GOES,,,COLISÃO TRASEIRA,1,1,0,0,0,0,0,0,0,2,0,,,,,,,,,
2021-07-15 00:00:00,14:46:00,COM VÍTIMA,ESPINHEIRO,AV GOVERNADOR AGAMENON MAGALHAES,,BOA VIAGEM,COLISÃO TRASEIRA,1,1,0,0,0,0,0,0,0,1,0,Longo da via,Bom,Perfeito estado,Seca,Perfeito estado,Não há placas,60 km/h,Dupla,Faixa seccionada
2021-07-15 00:00:00,16:34:00,COM VÍTIMA,CIDADE UNIVERSITÁRIA,AV PROFESSOR LUIZ FREIRE,374,BR-101,QUEDA,0,1,0,0,0,0,0,0,0,1,0,Longo da via,Bom,Incompleta,Seca,Mal conservada,Não há placas,30 km/h,Única,Faixa seccionada
2021-07-15 00:00:00,16:18:00,COM VÍTIMA,TORRÕES,AV ENGENHEIRO ABDIAS DE CARVALHO,422,SUBURBIO,COLISÃO LATERAL,1,1,0,0,0,0,0,0,0,1,0,Cruzamento,Bom,Perfeito estado,Seca,,Não há placas,60 km/h,Única,Canteiro central
2021-07-15 00:00:00,16:27:00,COM VÍTIMA,ENCRUZILHADA,AV BEBERIBE,,SUBURBIO,COLISÃO FRONTAL,1,1,0,0,0,0,0,0,0,1,0,Longo da via,Bom,Perfeito estado,Seca,Perfeito estado,R-6a,60 km/h,Dupla,Faixa contínua
2021-07-15 00:00:00,21:04:40,SEM VÍTIMA,SANTO AMARO,AV GOVERNADOR AGAMENON MAGALHAES,,CIDADE,COLISÃO TRASEIRA,1,0,0,0,0,0,0,1,0,0,0,Longo da via,Bom,Não existente,Seca,Perfeito estado,Não há placas,,Dupla,
2021-07-16 00:00:00,04:18:00,SEM VÍTIMA,ARRUDA,AV PROFESSOR JOSE DOS ANJOS,,,CHOQUE,1,0,0,0,0,1,0,0,0,0,0,,,,,,,,,
2021-07-16 00:00:00,09:52:00,COM VÍTIMA,BOA VIAGEM,RUA ERNESTO DE PAULA SANTOS,,,COLISÃO LATERAL,1,1,0,0,0,0,0,0,0,1,0,Cruzamento,Chuvoso,Perfeito estado,Molhada,Perfeito estado,Não há placas,,Única,Faixa seccionada
2021-07-16 00:00:00,11:47:00,COM VÍTIMA,SÃO JOSÉ,AV SUL,311,CIDADE,COLISÃO TRASEIRA,1,1,0,0,0,0,0,0,0,1,0,Longo da via,Chuvoso,Perfeito estado,Molhada,Perfeito estado,Outras,,Dupla,Canteiro central
2021-07-16 00:00:00,16:32:00,COM VÍTIMA,BOA VIAGEM,RUA ERNESTO DE PAULA SANTOS,,CIDADE,COLISÃO LATERAL,2,0,0,0,0,0,0,0,0,1,0,Cruzamento,Bom,Perfeito estado,Molhada,Perfeito estado,Não há placas,,Única,Não existe
2021-07-16 00:00:00,20:40:00,COM VÍTIMA,BOA VIAGEM,AV CONSELHEIRO AGUIAR,,SUBURBIO,COLISÃO TRASEIRA,1,1,0,0,0,0,0,0,0,1,0,Longo da via,Bom,Perfeito estado,Seca,Perfeito estado,R-6a,,Única,Canteiro central
2021-07-17 00:00:00,10:12:00,COM VÍTIMA,TORRE,RUA PADRE LANDIM,,,COLISÃO TRANSVERSAL,1,1,0,0,0,0,0,0,0,1,0,,,,,,,,,
2021-07-17 00:00:00,14:11:00,COM VÍTIMA,ROSARINHO,RUA DR JOSE MARIA,,,COLISÃO LATERAL,1,1,0,0,0,0,0,0,0,1,0,,,,,,,,,
2021-07-17 00:00:00,19:31:00,COM VÍTIMA,BOA VIAGEM,AV BOA VIAGEM,117,CIDADE,ATROPELAMENTO DE PESSOA,0,1,0,0,1,0,0,0,0,1,0,Longo da via,Bom,Perfeito estado,Seca,Perfeito estado,Não há placas,60 km/h,Única,Faixa contínua
2021-07-17 00:00:00,19:36:00,COM VÍTIMA,BOA VIAGEM,RUA VISCONDE DE JEQUITINHONHA,,SUBURBIO,ATROPELAMENTO DE PESSOA,1,0,0,0,1,0,0,0,0,1,0,Longo da via,Bom,Não existente,Seca,Perfeito estado,Não há placas,,Única,Faixa seccionada
2021-07-17 00:00:00,20:39:40,COM VÍTIMA,CORDEIRO,AV GENERAL SAN MARTIN,67,SUBURBIO,COLISÃO TRANSVERSAL,1,1,0,0,0,0,0,0,0,1,0,Cruzamento,Chuvoso,Não existente,Molhada,Perfeito estado,Outras,,Dupla,Faixa contínua
2021-07-17 00:00:00,22:21:40,COM VÍTIMA,BOA VIAGEM,AV BOA VIAGEM,117,,COLISÃO TRASEIRA,1,1,0,0,0,0,0,0,0,1,0,,,,,,,,,
2021-07-18 00:00:00,02:18:00,SEM VÍTIMA,IMBIRIBEIRA,AV MARECHAL MASCARENHAS DE MORAES,,CIDADE,COLISÃO TRASEIRA,2,0,0,0,0,0,0,0,0,0,0,,,,,,,,,
2021-07-18 00:00:00,07:40:00,COM VÍTIMA,SANTO AMARO,AV DR JAYME DA FONTE,373,SUBURBIO,COLISÃO LATERAL,2,0,0,0,0,0,0,0,0,3,0,Cruzamento,Bom,Perfeito estado,Seca,Perfeito estado,Outras,,Dupla,Canteiro central
2021-07-18 00:00:00,09:13:00,COM VÍTIMA,MADALENA,AV ENGENHEIRO ABDIAS DE CARVALHO,,SUBURBIO,COLISÃO TRASEIRA,1,1,0,0,0,0,0,0,0,1,0,,,,,,,,,
2021-07-19 00:00:00,07:36:00,COM VÍTIMA,ILHA JOANA BEZERRA,VIADUTO CAPITAO TEMUDO,,CIDADE,QUEDA,0,1,0,0,0,0,0,0,0,1,0,Viaduto,Chuvoso,Perfeito estado,Molhada,Perfeito estado,"Placas ""Dê a preferência""",,Dupla,Canteiro central
2021-07-19 00:00:00,08:17:00,SEM VÍTIMA,VASCO DA GAMA,RUA ALTO DO EUCALIPTO,,,,2,0,0,0,0,0,0,0,1,0,0,Longo da via,Chuvoso,,Molhada,Perfeito estado,Não há placas,30 km/h,Dupla,Não existe
2021-07-19 00:00:00,08:35:00,COM VÍTIMA,ARRUDA,AV BEBERIBE,,CIDADE,COLISÃO TRASEIRA,1,1,0,0,0,0,0,0,0,1,0,Longo da via,Chuvoso,Perfeito estado,Molhada,Perfeito estado,Outras,60 km/h,Dupla,Faixa contínua
2021-07-19 00:00:00,10:00:00,SEM VÍTIMA,BOA VISTA,AV GOVERNADOR AGAMENON MAGALHAES,174,SUBURBIO,COLISÃO TRASEIRA,2,0,0,0,0,0,0,0,0,0,0,Longo da via,Chuvoso,Perfeito estado,Molhada,Perfeito estado,Outras,60 km/h,Dupla,Canteiro central
2021-07-19 00:00:00,11:48:00,COM VÍTIMA,AFOGADOS,RUA SAO MIGUEL,,SUBURBIO,COLISÃO LATERAL,1,1,0,0,0,0,0,0,0,1,0,Longo da via,Chuvoso,Perfeito estado,Molhada,Perfeito estado,Não há placas,60 km/h,Dupla,Faixa contínua
2021-07-20 00:00:00,10:15:00,COM VÍTIMA,BOA VIAGEM,RUA SA E SOUZA,159,SUBURBIO,ATROPELAMENTO DE PESSOA,0,0,0,0,1,0,0,0,0,1,0,Cruzamento,Bom,Perfeito estado,Seca,Perfeito estado,Outras,60 km/h,Única,Faixa contínua
2021-07-20 00:00:00,15:57:00,COM VÍTIMA,CORDEIRO,RUA SOUZA BANDEIRA,236,,COLISÃO LATERAL,1,1,0,0,0,0,0,0,0,1,0,Longo da via,Bom,Perfeito estado,Seca,Perfeito estado,Não há placas,,Única,Faixa seccionada
2021-07-20 00:00:00,17:04:00,COM VÍTIMA,IMBIRIBEIRA,RUA SUELI LUNA MENELAU,,CIDADE,COLISÃO LATERAL,1,1,0,0,0,0,0,0,0,1,0,Cruzamento,Bom,Não existente,Seca,Perfeito estado,"Placas ""Dê a preferência""",,Única,Não existe
2021-07-20 00:00:00,19:14:00,COM VÍTIMA,BOA VIAGEM,RUA CAMBOIM,,DUPLO,COLISÃO TRASEIRA,1,1,0,0,0,0,0,0,0,1,0,Cruzamento,Bom,Perfeito estado,Seca,Perfeito estado,R-6a,,Dupla,Não existe
2021-07-20 00:00:00,19:30:00,COM VÍTIMA,ENCRUZILHADA,AV NORTE,,SUBURBIO,COLISÃO COM CICLISTA,1,0,0,1,0,0,0,0,0,1,0,Longo da via,Bom,Perfeito estado,Seca,Mal iluminada,Outras,60 km/h,Dupla,
2021-07-20 00:00:00,20:58:40,COM VÍTIMA,TORRE,RUA JOSE BONIFACIO,,SUBURBIO,COLISÃO LATERAL,0,2,0,0,0,0,0,0,0,1,0,Longo da via,Bom,Perfeito estado,Seca,Perfeito estado,Não há placas,60 km/h,Única,Faixa seccionada
2021-07-21 00:00:00,06:32:00,COM VÍTIMA,ENCRUZILHADA,AV NORTE,,CIDADE,QUEDA,0,1,0,0,0,0,0,0,0,1,0,Longo da via,Chuvoso,,Molhada,,R-6a,,Dupla,Canteiro central
2021-07-21 00:00:00,10:04:00,COM VÍTIMA,PINA,AV BOA VIAGEM,,SUBURBIO,COLISÃO LATERAL,1,1,0,0,0,0,0,0,0,1,0,Longo da via,Chuvoso,Perfeito estado,Molhada,Perfeito estado,Não há placas,60 km/h,Única,Faixa seccionada
2021-07-21 00:00:00,10:15:00,COM VÍTIMA,CASA FORTE,AV DEZESSETE DE AGOSTO,410,SUBURBIO,COLISÃO LATERAL,1,1,0,0,0,0,0,0,0,1,0,Longo da via,Bom,Perfeito estado,Molhada,Perfeito estado,Outras,,Dupla,Faixa contínua
2021-07-21 00:00:00,11:35:00,COM VÍTIMA,CASA FORTE,RUA LEONARDO BEZERRA CAVALCANTE,,SUBURBIO,COLISÃO TRANSVERSAL,1,1,0,0,0,0,0,0,0,1,0,Longo da via,Chuvoso,Perfeito estado,Seca,Perfeito estado,Outras,,Única,Faixa seccionada
2021-07-21 00:00:00,15:48:00,COM VÍTIMA,IPSEP,RUA HELIO BRANDAO,,,COLISÃO LATERAL,0,1,0,0,0,0,1,0,0,1,0,Cruzamento,Bom,Perfeito estado,Seca,Perfeito estado,"Placas ""Pare""",,Única,
2021-07-21 00:00:00,16:33:00,COM VÍTIMA,SAN MARTIN,RUA MINEIROLANDIA,,SUBURBIO,COLISÃO LATERAL,1,0,0,0,0,0,0,1,0,1,0,Cruzamento,Bom,Perfeito estado,Seca,Perfeito estado,Não há placas,40 km/h,Dupla,Não existe
2021-07-22 00:00:00,08:16:00,COM VÍTIMA,CASA FORTE,RUA DO MARQUES,,CIDADE,QUEDA,0,1,0,0,0,0,0,0,0,1,0,Cruzamento,Bom,Incompleta,Seca,Mal iluminada,"Placas ""Pare""",,Dupla,Não existe
2021-07-22 00:00:00,10:53:00,COM VÍTIMA,ESTÂNCIA,AV ESTANCIA,,,COLISÃO LATERAL,2,0,0,0,0,0,0,0,0,1,0,,,,,,,,,
2021-07-22 00:00:00,11:14:00,COM VÍTIMA,APIPUCOS,RUA DE APIPUCOS,,,COLISÃO FRONTAL,1,1,0,0,0,0,0,0,0,1,0,,,,,,,,,
2021-07-22 00:00:00,11:22:00,COM VÍTIMA,CAXANGÁ,,,,COLISÃO TRANSVERSAL,1,1,0,0,0,0,0,0,0,1,0,,,,,,,,,
2021-07-22 00:00:00,14:05:00,COM VÍTIMA,CAXANGÁ,RUA RIBEIRO PESSOA,,CIDADE,COLISÃO LATERAL,0,1,0,0,0,0,1,0,0,1,0,Cruzamento,Bom,Perfeito estado,Seca,Perfeito estado,Outras,40 km/h,Dupla,Faixa seccionada
2021-07-22 00:00:00,14:25:00,COM VÍTIMA,BOA VIAGEM,RUA SA E SOUZA,,CIDADE,COLISÃO LATERAL,1,0,0,0,0,0,1,0,0,1,0,Longo da via,Bom,Perfeito estado,Seca,Perfeito estado,Outras,40 km/h,Dupla,Faixa seccionada
2021-07-22 00:00:00,14:31:00,COM VÍTIMA,BOA VISTA,AV CRUZ CABUGA,,,ATROPELAMENTO DE PESSOA,0,1,0,0,1,0,0,0,0,3,0,Longo da via,Bom,Ilegível,Seca,Perfeito estado,R-6a,,Dupla,Blocos
2021-07-22 00:00:00,15:57:00,COM VÍTIMA,ESTÂNCIA,AV RECIFE,461,AEROPORTO,COLISÃO TRASEIRA,1,0,0,0,0,0,1,0,0,1,0,Longo da via,Bom,Perfeito estado,Seca,Perfeito estado,Não há placas,60 km/h,Dupla,Canteiro central
2021-07-22 00:00:00,17:21:00,COM VÍTIMA,CASA AMARELA,AV NORTE,312,SUBURBIO,COLISÃO FRONTAL,1,1,0,0,0,0,0,0,0,1,0,Cruzamento,Bom,Não existente,Seca,Perfeito estado,R-26,50 km/h,Única,Canteiro central
2021-07-22 00:00:00,17:42:00,SEM VÍTIMA,NOVA DESCOBERTA,RUA NOVA DESCOBERTA,,SUBURBIO,COLISÃO TRANSVERSAL,0,0,0,0,0,1,0,1,0,0,0,Longo da via,Bom,Perfeito estado,Seca,Perfeito estado,Outras,40 km/h,Dupla,Faixa seccionada
2021-07-23 00:00:00,00:27:00,SEM VÍTIMA,IBURA,AV DOIS RIOS,,,COLISÃO TRANSVERSAL,1,0,0,0,0,0,1,0,0,0,0,Cruzamento,Chuvoso,Perfeito estado,Molhada,Perfeito estado,Não há placas,40 km/h,Dupla,Não existe
2021-07-23 00:00:00,11:40:00,SEM VÍTIMA,AREIAS,AV RECIFE,,CIDADE,COLISÃO TRASEIRA,2,0,0,0,0,0,0,0,0,0,0,Longo da via,Bom,Perfeito estado,Seca,Perfeito estado,Não há placas,60 km/h,Dupla,Canteiro central
2021-07-23 00:00:00,16:42:00,SEM VÍTIMA,MADALENA,AV VISCONDE DE ALBUQUERQUE,50,SUBURBIO,COLISÃO TRANSVERSAL,1,0,0,0,0,0,0,1,0,0,0,Cruzamento,Chuvoso,Perfeito estado,Molhada,Perfeito estado,,30 km/h,Única,Faixa seccionada
2021-07-23 00:00:00,16:53:00,COM VÍTIMA,CAMPO GRANDE,RUA MARQUES DE BAIPENDI,,,COLISÃO FRONTAL,0,1,0,0,0,1,0,0,0,1,0,Longo da via,Bom,Não existente,Seca,Perfeito estado,Não há placas,,Dupla,Faixa seccionada
2021-07-23 00:00:00,17:00:00,COM VÍTIMA,CASA AMARELA,AV NORTE,,SUBURBIO,CHOQUE,0,1,0,0,0,0,0,0,0,1,0,Longo da via,Bom,Perfeito estado,Seca,Perfeito estado,Outras,60 km/h,Dupla,Canteiro central
2021-07-23 00:00:00,18:07:00,COM VÍTIMA,ALTO JOSÉ BONIFÁCIO,RUA ALTO JOSE BONIFACIO,,,COLISÃO LATERAL,2,0,0,0,0,0,0,0,0,1,0,,,,,,,,,
2021-07-23 00:00:00,18:17:00,COM VÍTIMA,PARNAMIRIM,AV PARNAMIRIM,,,COLISÃO LATERAL,1,1,0,0,0,0,0,0,0,1,0,,,,,,,,,
2021-07-23 00:00:00,18:29:00,COM VÍTIMA,SANTO AMARO,AV CRUZ CABUGA,,CIDADE,COLISÃO LATERAL,1,1,0,0,0,0,0,0,0,1,0,Longo da via,Bom,Perfeito estado,,,"Placas ""Pare""",40 km/h,Dupla,Faixa contínua