data,hora,natureza,bairro,endereco,num_semaforo,sentido_via,tipo,auto,moto,ciclom,ciclista,pedestre,onibus,caminhao,viatura,outros,vitimas,vitimasfatais,acidente_verificado,tempo_clima,sinalizacao,condicao_via,conservacao_via,situacao_placa,velocidade_max_via,mao_direcao,divisao_via1
2021-07-23 00:00:00,20:26:00,COM VÍTIMA,IPUTINGA,AV CAXANGA,,SUBURBIO,COLISÃO LATERAL,2,0,0,0,0,0,0,0,0,1,0,Longo da via,Bom,Perfeito estado,Seca,Perfeito estado,R-6a,,Dupla,Canteiro central
2021-07-24 00:00:00,05:40:00,VÍTIMA FATAL,IBURA,AV DOZE DE JUNHO,,CIDADE,CHOQUE,0,1,0,0,0,0,0,0,0,1,1,Longo da via,Bom,Não existente,Seca,Perfeito estado,Não há placas,30 km/h,Dupla,Não existe
2021-07-24 00:00:00,10:54:00,COM VÍTIMA,SÃO JOSÉ,PRC DAS CINCO PONTAS,,AV SUL,COLISÃO FRONTAL,1,1,0,0,0,0,0,0,0,1,0,Cruzamento,Bom,Perfeito estado,Seca,Perfeito estado,Outras,,,Faixa seccionada
2021-07-24 00:00:00,11:31:00,SEM VÍTIMA,TAMARINEIRA,RUA CONEGO BARATA,347,CIDADE,,1,0,0,0,0,0,0,1,0,0,0,Longo da via,Bom,Perfeito estado,Seca,Perfeito estado,Outras,50 km/h,Dupla,Faixa seccionada
2021-07-24 00:00:00,13:14:00,COM VÍTIMA,SANTO AMARO,AV GOVERNADOR AGAMENON MAGALHAES,108,CIDADE,COLISÃO LATERAL,1,1,0,0,0,0,0,0,0,1,0,Ponte,Bom,Perfeito estado,Seca,Perfeito estado,Não há placas,,Única,Canteiro central
2021-07-24 00:00:00,21:31:40,COM VÍTIMA,TOTÓ,AV LIBERDADE,,,ATROPELAMENTO DE PESSOA,1,0,0,0,1,0,0,0,0,1,0,,,,,,,,,
2021-07-25 00:00:00,06:41:00,SEM VÍTIMA,SANTO ANTÔNIO,AV DANTAS BARRETO,141,CIDADE,COLISÃO TRANSVERSAL,1,0,0,0,0,1,0,0,0,0,0,Cruzamento,Bom,Perfeito estado,Seca,Perfeito estado,Não há placas,,,Canteiro central
2021-07-25 00:00:00,08:21:00,COM VÍTIMA,DOIS UNIDOS,AV HILDEBRANDO DE VASCONCELOS,512,SUBURBIO,COLISÃO FRONTAL,0,2,0,0,0,0,0,0,0,2,0,Longo da via,Bom,Perfeito estado,Molhada,Perfeito estado,Não há placas,40 km/h,Dupla,Faixa seccionada
2021-07-25 00:00:00,17:58:00,COM VÍTIMA,AFOGADOS,RUA NICOLAU PEREIRA,,,QUEDA,0,1,0,0,0,0,0,0,0,1,0,Longo da via,Chuvoso,Perfeito estado,Molhada,Perfeito estado,Não há placas,40 km/h,Única,Faixa seccionada
2021-07-25 00:00:00,19:29:00,SEM VÍTIMA,PINA,AV ENGENHEIRO DOMINGOS FERREIRA,,,COLISÃO LATERAL,2,0,0,0,0,0,0,0,0,0,0,,,,,,,,,
2021-07-25 00:00:00,20:55:40,COM VÍTIMA,NOVA DESCOBERTA,AV VEREADOR OTACILIO AZEVEDO,,SUBURBIO,COLISÃO TRASEIRA,0,2,0,0,0,0,0,0,0,1,0,Longo da via,Chuvoso,Ilegível,Molhada,Perfeito estado,Não há placas,,Dupla,Faixa seccionada
2021-07-26 00:00:00,08:29:00,COM VÍTIMA,CORDEIRO,AV PROFESSOR ESTEVAO FRANCISCO DA COSTA,280,,COLISÃO LATERAL,1,1,0,0,0,0,0,0,0,1,0,Cruzamento,Bom,Perfeito estado,Seca,Perfeito estado,Não há placas,,Dupla,Canteiro central
2021-07-26 00:00:00,10:42:00,COM VÍTIMA,ENCRUZILHADA,AV BEBERIBE,,SUBURBIO,COLISÃO FRONTAL,1,2,0,0,0,0,0,0,0,1,0,Longo da via,Bom,Perfeito estado,Seca,Perfeito estado,Outras,,Dupla,Faixa contínua
2021-07-26 00:00:00,14:52:00,COM VÍTIMA,SANTO AMARO,AV GOVERNADOR AGAMENON MAGALHAES,,CIDADE,CHOQUE,1,0,0,0,0,0,0,0,0,3,0,Longo da via,Bom,Perfeito estado,Seca,Perfeito estado,Outras,,Dupla,Faixa contínua
2021-07-26 00:00:00,16:22:00,SEM VÍTIMA,IMBIRIBEIRA,AV MARECHAL MASCARENHAS DE MORAES,,SUBURBIO,,1,0,0,0,0,0,0,1,0,0,0,Longo da via,Bom,Perfeito estado,Seca,Perfeito estado,Outras,60 km/h,Única,Faixa seccionada
2021-07-26 00:00:00,20:46:00,COM VÍTIMA,CAXANGÁ,AV CAXANGA,229,SUBURBIO,COLISÃO FRONTAL,1,1,0,0,0,0,0,0,0,1,0,Cruzamento,Chuvoso,Perfeito estado,Molhada,Perfeito estado,Não há placas,,Dupla,Faixa contínua
2021-07-26 00:00:00,20:53:40,COM VÍTIMA,PORTO DA MADEIRA,RUA DALVA DE OLIVEIRA,,SUBURBIO,COLISÃO LATERAL,1,1,0,0,0,0,0,0,0,1,0,Cruzamento,Bom,Perfeito estado,Molhada,Perfeito estado,"Placas ""Pare""",,Dupla,Faixa seccionada
2021-07-27 00:00:00,12:24:00,SEM VÍTIMA,SANTO AMARO,RUA DOS PALMARES,,,COLISÃO LATERAL,1,0,0,0,0,0,0,1,0,0,0,,,,,,,,,
2021-07-27 00:00:00,12:24:00,COM VÍTIMA,SANTO AMARO,AV VISCONDE DE SUASSUNA,,SUBURBIO,COLISÃO LATERAL,1,0,0,0,0,0,0,0,1,1,0,Longo da via,Bom,Perfeito estado,Seca,Perfeito estado,R-6a,40 km/h,Única,Faixa seccionada
2021-07-26 00:00:00,09:25:00,COM VÍTIMA,BOA VISTA,AV GOVERNADOR AGAMENON MAGALHAES,,BOA VIAGEM,COLISÃO TRASEIRA,1,2,0,0,0,0,0,0,0,2,0,Longo da via,Bom,Perfeito estado,Seca,Perfeito estado,Outras,60 km/h,Dupla,Canteiro central
2021-07-27 00:00:00,15:03:00,COM VÍTIMA,BREJO DE BEBERIBE,AV VEREADOR OTACILIO AZEVEDO,,,COLISÃO LATERAL,1,1,0,0,0,0,0,0,0,1,0,Esquina,Bom,Ilegível,Seca,Perfeito estado,R-6a,,Dupla,Não existe
2021-07-27 00:00:00,16:29:00,COM VÍTIMA,AFLITOS,AV NORTE,96,,COLISÃO LATERAL,1,1,0,0,0,0,0,0,0,1,0,Cruzamento,Bom,Perfeito estado,Seca,Perfeito estado,Outras,,Dupla,Canteiro central
2021-07-27 00:00:00,16:53:00,SEM VÍTIMA,BOA VIAGEM,RUA BARAO DE SOUZA LEAO,,,,1,0,0,0,0,0,0,1,0,0,0,Cruzamento,Bom,Perfeito estado,Seca,Perfeito estado,Não há placas,,Única,Faixa seccionada
2021-07-28 00:00:00,09:47:00,COM VÍTIMA,CASA FORTE,AV DEZESSETE DE AGOSTO,,SUBURBIO,COLISÃO LATERAL,2,2,0,0,0,0,0,0,0,1,0,Longo da via,Bom,Perfeito estado,Seca,Perfeito estado,R-6a,,Dupla,Faixa contínua
2021-07-28 00:00:00,10:03:00,COM VÍTIMA,CASA AMARELA,AV NORTE,43,CIDADE,ATROPELAMENTO DE PESSOA,0,1,0,0,1,0,0,0,0,1,0,Longo da via,Bom,Perfeito estado,Seca,Perfeito estado,Outras,60 km/h,Dupla,Faixa seccionada
2021-07-28 00:00:00,11:26:00,COM VÍTIMA,PARNAMIRIM,AV FLOR DE SANTANA,,,COLISÃO TRASEIRA,1,1,0,0,0,0,0,0,0,1,0,,,,,,,,,
2021-07-28 00:00:00,15:36:00,COM VÍTIMA,BOA VIAGEM,RUA JOAO CARDOSO AIRES,,SUBURBIO,COLISÃO FRONTAL,1,1,0,0,0,0,0,0,0,1,0,Cruzamento,Bom,Perfeito estado,Seca,Perfeito estado,"Placas ""Pare""",30 km/h,Dupla,Faixa contínua
2021-07-28 00:00:00,18:11:00,COM VÍTIMA,NOVA DESCOBERTA,RUA NOVA DESCOBERTA,,SUBURBIO,ATROPELAMENTO DE PESSOA,1,0,0,0,1,0,0,0,0,1,0,Longo da via,Bom,Incompleta,Seca,Mal iluminada,Não há placas,,Dupla,Faixa seccionada
2021-07-29 00:00:00,02:03:00,COM VÍTIMA,BOA VISTA,AV GOVERNADOR AGAMENON MAGALHAES,37,SUBURBIO,CAPOTAMENTO,1,0,0,0,0,0,0,0,0,1,0,Longo da via,Bom,Perfeito estado,Seca,Perfeito estado,Não há placas,,Dupla,Não existe
2021-07-29 00:00:00,07:47:00,COM VÍTIMA,GRAÇAS,RUA SIMAO MENDES,,,COLISÃO LATERAL,1,1,0,0,0,0,0,0,0,1,0,Esquina,Bom,Incompleta,Seca,Perfeito estado,,40 km/h,Dupla,Faixa seccionada
2021-07-29 00:00:00,17:13:00,COM VÍTIMA,SANTO AMARO,AV CRUZ CABUGA,,CIDADE,ATROPELAMENTO DE PESSOA,0,1,0,0,1,0,0,0,0,1,0,Longo da via,Bom,Perfeito estado,Seca,Perfeito estado,Não há placas,,Dupla,Faixa contínua
2021-07-29 00:00:00,20:50:00,SEM VÍTIMA,CASA FORTE,PRC DE CASA FORTE,,,COLISÃO LATERAL,1,1,0,0,0,0,0,0,0,0,0,,,,,,,,,
2021-07-30 00:00:00,07:38:00,COM VÍTIMA,CASA AMARELA,AV NORTE,,SUBURBIO,QUEDA,0,1,0,0,0,0,0,0,0,1,0,Longo da via,Bom,Perfeito estado,Seca,Perfeito estado,Outras,,Dupla,Faixa seccionada
2021-07-30 00:00:00,10:58:00,COM VÍTIMA,DERBY,AV GOVERNADOR AGAMENON MAGALHAES,,OLINDA,COLISÃO LATERAL,1,1,0,0,0,0,0,0,0,1,0,Longo da via,Bom,Perfeito estado,Seca,Perfeito estado,Não há placas,,Única,Faixa seccionada
2021-07-30 00:00:00,11:19:00,SEM VÍTIMA,IMBIRIBEIRA,AV GENERAL MAC ARTHUR,673,SUBURBIO,CHOQUE,1,0,0,0,0,0,0,0,0,0,0,Longo da via,Bom,Perfeito estado,Seca,Perfeito estado,Outras,,Única,Faixa seccionada
2021-07-30 00:00:00,11:34:00,COM VÍTIMA,ARRUDA,RUA SAO BENTO,,,COLISÃO TRASEIRA,1,1,0,0,0,0,0,0,0,1,0,,,,,,,,,
2021-07-30 00:00:00,12:41:00,COM VÍTIMA,TEJIPIÓ,AV LIBERDADE,,CIDADE,COLISÃO LATERAL,1,1,0,0,0,0,0,0,0,1,0,Longo da via,Bom,Incompleta,Seca,Mal conservada,Não há placas,,Dupla,Não existe
2021-07-30 00:00:00,16:52:00,COM VÍTIMA,SANTO AMARO,AV CRUZ CABUGA,202,SUBURBIO,ATROPELAMENTO DE PESSOA,0,1,0,0,1,0,0,0,0,1,0,Longo da via,Bom,Perfeito estado,Seca,Perfeito estado,Não há placas,60 km/h,Dupla,Canteiro central
2021-07-30 00:00:00,18:22:00,SEM VÍTIMA,BOA VIAGEM,AV CONSELHEIRO AGUIAR,,,COLISÃO LATERAL,1,0,0,0,0,1,0,0,0,0,0,,,,,,,,,
2021-07-30 00:00:00,18:53:00,SEM VÍTIMA,,RUA VALE DO CARIRI,,SUBURBIO,COLISÃO TRASEIRA,1,0,0,0,0,0,0,1,0,0,0,Longo da via,Bom,Não existente,Seca,Perfeito estado,,,Dupla,Não existe
2021-07-30 00:00:00,19:27:00,SEM VÍTIMA,BOA VISTA,RUA DO RIACHUELO,,,COLISÃO LATERAL,1,0,0,0,0,0,0,0,0,0,0,,,,,,,,,
2021-07-30 00:00:00,21:07:40,SEM VÍTIMA,ARRUDA,AV PROFESSOR JOSE DOS ANJOS,131,SUBURBIO,COLISÃO TRASEIRA,1,0,0,0,0,0,0,1,0,0,0,Longo da via,Chuvoso,Perfeito estado,Molhada,Perfeito estado,Outras,,Única,Faixa contínua
2021-07-31 00:00:00,03:48:00,COM VÍTIMA,IMBIRIBEIRA,AV MARECHAL MASCARENHAS DE MORAES,225,CIDADE,COLISÃO TRANSVERSAL,0,1,0,0,0,0,1,0,0,1,0,Cruzamento,Bom,Perfeito estado,Molhada,Perfeito estado,Não há placas,,Dupla,Faixa contínua
2021-07-31 00:00:00,07:36:00,COM VÍTIMA,CASA AMARELA,AV NORTE,,CIDADE,ATROPELAMENTO DE PESSOA,0,1,0,0,1,0,0,0,0,2,0,Longo da via,Bom,Incompleta,Seca,Perfeito estado,,,Única,Faixa seccionada
2021-07-31 00:00:00,09:14:00,COM VÍTIMA,CAXANGÁ,AV CAXANGA,,CIDADE,COLISÃO FRONTAL,0,2,0,0,0,0,0,0,0,1,0,Longo da via,Chuvoso,Perfeito estado,Molhada,Perfeito estado,,,,
2021-07-31 00:00:00,14:30:00,COM VÍTIMA,GRAÇAS,AV GOVERNADOR AGAMENON MAGALHAES,173,BOA VIAGEM,COLISÃO LATERAL,1,1,0,0,0,0,0,0,0,1,0,Cruzamento,Bom,Perfeito estado,Seca,Perfeito estado,R-6a,60 km/h,Única,Faixa seccionada
2021-07-31 00:00:00,15:39:00,COM VÍTIMA,IMBIRIBEIRA,AV MARECHAL MASCARENHAS DE MORAES,386,CIDADE,COLISÃO LATERAL,1,1,0,0,0,0,0,0,0,1,0,Longo da via,Bom,Perfeito estado,Seca,Perfeito estado,R-6a,,Dupla,Canteiro central
2021-07-31 00:00:00,16:24:00,COM VÍTIMA,CAMPO GRANDE,RUA PROFESSOR FRANCISCO DA TRINDADE,,CIDADE,COLISÃO TRASEIRA,2,0,0,0,0,0,0,0,0,1,0,Longo da via,Bom,Perfeito estado,Seca,Perfeito estado,,,,
2021-07-31 00:00:00,20:19:00,COM VÍTIMA,ALTO JOSÉ BONIFÁCIO,RUA ALTO JOSE BONIFACIO,,SUBURBIO,COLISÃO FRONTAL,1,2,0,0,0,0,0,0,0,3,0,Longo da via,Bom,Não existente,Seca,Perfeito estado,Não há placas,,Dupla,Faixa seccionada
2021-07-31 00:00:00,20:41:00,SEM VÍTIMA,ÁGUA FRIA,RUA LADEIRA DE PEDRA,,,COLISÃO TRASEIRA,1,1,0,0,0,0,0,0,0,0,0,,,,,,,,,
2021-08-01 00:00:00,05:43:00,SEM VÍTIMA,PINA,AVENIDA CELSO FURTADO (VIA MANGUE),,,CHOQUE,1,0,0,0,0,0,0,0,0,0,0,,,,,,,,,
2021-08-01 00:00:00,15:11:00,COM VÍTIMA,MADALENA,AV CAXANGA,236,CIDADE,COLISÃO LATERAL,0,2,0,0,0,0,0,0,0,2,0,Cruzamento,Bom,Perfeito estado,Seca,Perfeito estado,,,Dupla,Faixa seccionada
2021-08-01 00:00:00,18:00:00,COM VÍTIMA,VÁRZEA,AV BARAO DE BONITO,,SUBURBIO,COLISÃO LATERAL,1,1,0,0,0,0,0,0,0,1,0,Cruzamento,Chuvoso,Ilegível,Molhada,Mal conservada,"Placas ""Pare""",,Dupla,Não existe
2021-08-01 00:00:00,18:18:00,COM VÍTIMA,ILHA DO RETIRO,AV ENGENHEIRO ABDIAS DE CARVALHO,,,COLISÃO LATERAL,1,1,0,0,0,0,0,0,0,1,0,,,,,,,,,
2021-08-02 00:00:00,09:48:00,COM VÍTIMA,CASA FORTE,AV DEZESSETE DE AGOSTO,,CIDADE,COLISÃO LATERAL,1,1,0,0,0,0,0,0,0,1,0,Longo da via,Chuvoso,Perfeito estado,Molhada,Perfeito estado,R-6a,,Dupla,Faixa contínua
2021-08-02 00:00:00,10:52:00,SEM VÍTIMA,ENCRUZILHADA,RUA PROFESSOR JERONIMO GUEIROS,,SUBURBIO,,2,0,0,0,0,0,0,0,0,0,0,Cruzamento,Chuvoso,Não existente,Molhada,Perfeito estado,Não há placas,,Dupla,Não existe
2021-08-02 00:00:00,10:52:00,COM VÍTIMA,CAMPO GRANDE,RUA SAO CAETANO,,SUBURBIO,COLISÃO LATERAL,0,1,0,0,0,0,1,0,0,1,0,Cruzamento,Chuvoso,Incompleta,Molhada,Perfeito estado,Não há placas,,Dupla,Não existe
2021-08-02 00:00:00,13:22:00,SEM VÍTIMA,ILHA DO RETIRO,RUA SPORT CLUBE DO RECIFE,367,SUBURBIO,COLISÃO TRASEIRA,1,0,0,0,0,0,1,0,0,0,0,Longo da via,Bom,Perfeito estado,Seca,Perfeito estado,Não há placas,60 km/h,Única,Canteiro central
2021-08-02 00:00:00,17:54:00,COM VÍTIMA,PINA,PTE GOVERNADOR PAULO GUERRA,,SUBURBIO,COLISÃO LATERAL,3,0,0,0,0,0,0,0,0,1,0,Longo da via,Chuvoso,Perfeito estado,Molhada,Perfeito estado,Não há placas,60 km/h,Única,Faixa seccionada
2021-08-02 00:00:00,20:00:00,COM VÍTIMA,BOA VIAGEM,RUA DEZ DE JULHO,,SUBURBIO,COLISÃO FRONTAL,2,0,0,0,0,0,0,0,0,2,0,Cruzamento,Chuvoso,Perfeito estado,Molhada,Perfeito estado,"Placas ""Pare""",,Única,Faixa seccionada
2021-08-02 00:00:00,20:53:00,SEM VÍTIMA,BOA VIAGEM,AV BOA VIAGEM,,,COLISÃO TRANSVERSAL,1,1,0,0,0,0,0,0,0,0,0,,,,,,,,,
2021-08-03 00:00:00,01:15:00,COM VÍTIMA,ALTO JOSÉ DO PINHO,RUA VALERIANO LOBO,,,COLISÃO TRASEIRA,1,2,0,0,0,0,0,0,0,1,0,,,,,,,,,
2021-08-03 00:00:00,07:58:00,COM VÍTIMA,SANTO AMARO,AV GOVERNADOR AGAMENON MAGALHAES,465,OLINDA,COLISÃO LATERAL,1,1,0,0,0,0,0,0,0,1,0,Longo da via,Chuvoso,Perfeito estado,Molhada,Perfeito estado,Não há placas,60 km/h,Dupla,Canteiro central
2021-08-03 00:00:00,08:53:00,SEM VÍTIMA,APIPUCOS,RUA DOIS IRMAOS,,,COLISÃO LATERAL,0,0,0,0,0,0,0,0,0,0,0,,,,,,,,,
2021-08-03 00:00:00,08:57:00,COM VÍTIMA,DOIS IRMÃOS,AV DEZESSETE DE AGOSTO,,CIDADE,QUEDA,0,1,0,0,0,0,0,0,0,1,0,Cruzamento,Chuvoso,Perfeito estado,Oleosa,Perfeito estado,Outras,,Dupla,Faixa contínua
2021-08-03 00:00:00,11:33:00,SEM VÍTIMA,DOIS IRMÃOS,RUA DOIS IRMAOS,,CIDADE,,1,0,0,0,0,0,1,0,0,0,0,Longo da via,Chuvoso,Perfeito estado,Molhada,Perfeito estado,Não há placas,,Dupla,Faixa contínua
2021-08-03 00:00:00,17:23:00,SEM VÍTIMA,CASA FORTE,PRC JORNALISTA FRANCISCO PESSOA DE QUEIROZ JR,,,MONITORAMENTO,0,0,0,0,0,0,0,0,0,0,0,,,,,,,,,
2021-08-03 00:00:00,12:43:00,SEM VÍTIMA,DOIS IRMÃOS,RUA MANUEL DE MEDEIROS,,,MONITORAMENTO,0,0,0,0,0,0,0,0,0,0,0,,,,,,,,,
2021-08-03 00:00:00,13:23:00,COM VÍTIMA,JAQUEIRA,RUA DO FUTURO,,SUBURBIO,COLISÃO LATERAL,1,1,0,0,0,0,0,0,0,1,0,Longo da via,Bom,Perfeito estado,Seca,Perfeito estado,Não há placas,,Única,Faixa seccionada
2021-08-03 00:00:00,10:00:00,SEM VÍTIMA,DOIS IRMÃOS,RUA DOIS IRMAOS,,,COLISÃO LATERAL,1,0,0,0,0,0,1,0,0,0,0,,,,,,,,,
2021-08-03 00:00:00,16:19:00,COM VÍTIMA,ESPINHEIRO,RUA BARAO DE ITAMARACA,,SUBURBIO,COLISÃO TRASEIRA,1,1,0,0,0,0,0,0,0,1,0,Longo da via,Bom,Perfeito estado,Seca,Perfeito estado,R-6a,,Dupla,Faixa contínua
2021-08-03 00:00:00,16:49:00,COM VÍTIMA,AFOGADOS,RUA COSME VIANA,,SUBURBIO,COLISÃO FRONTAL,1,1,0,0,0,0,0,0,0,2,0,Cruzamento,Bom,Não existente,Seca,Perfeito estado,Não há placas,,Única,Não existe
2021-08-03 00:00:00,19:44:00,COM VÍTIMA,IMBIRIBEIRA,VIADUTO TANCREDO NEVES,,,COLISÃO LATERAL,1,1,0,0,0,0,0,0,0,1,0,,,,,,,,,
2021-08-04 00:00:00,10:25:00,SEM VÍTIMA,AREIAS,AV RECIFE,,SUBURBIO,,0,0,0,0,0,0,1,1,0,0,0,Longo da via,Chuvoso,Perfeito estado,Molhada,Perfeito estado,Não há placas,,Única,Faixa seccionada
2021-08-04 00:00:00,16:57:00,COM VÍTIMA,ESPINHEIRO,RUA CONS PORTELA,,SUBURBIO,COLISÃO LATERAL,1,1,0,0,0,0,0,0,0,1,0,Cruzamento,Chuvoso,Perfeito estado,Molhada,Perfeito estado,R-6a,,Única,Faixa seccionada
2021-08-04 00:00:00,18:15:00,COM VÍTIMA,JOANA BEZERRA,RUA DOM PAULO II,,SUBURBIO,QUEDA,0,1,0,0,0,0,0,0,0,1,0,Viaduto,Chuvoso,Perfeito estado,Molhada,Perfeito estado,Não há placas,,Única,Faixa seccionada
2021-08-05 00:00:00,00:03:00,COM VÍTIMA,DERBY,AV GOVERNADOR AGAMENON MAGALHAES,75,CIDADE,COLISÃO TRANSVERSAL,0,0,0,0,0,0,0,0,0,1,0,Cruzamento,Chuvoso,Perfeito estado,Molhada,Perfeito estado,Outras,60 km/h,Dupla,Canal
2021-08-05 00:00:00,06:34:00,COM VÍTIMA,PINA,AV HERCULANO BANDEIRA,657,SUBURBIO,COLISÃO TRASEIRA,1,1,0,0,0,0,0,0,0,1,0,Cruzamento,Chuvoso,Perfeito estado,Molhada,Perfeito estado,Não há placas,,Única,Faixa seccionada
2021-08-05 00:00:00,07:59:00,COM VÍTIMA,ZUMBI,AV CAXANGA,273,CIDADE,ATROPELAMENTO DE PESSOA,0,1,0,0,1,0,0,0,0,2,0,Longo da via,Chuvoso,Perfeito estado,Molhada,,Não há placas,,Dupla,Canteiro central
2021-08-05 00:00:00,08:03:00,COM VÍTIMA,IBURA,AV DOIS RIOS,561,SUBURBIO,COLISÃO COM CICLISTA,0,1,0,1,0,0,0,0,0,2,0,,,,,,,,,
2021-08-05 00:00:00,08:49:00,SEM VÍTIMA,IPSEP,RUA HELIO BRANDAO,,SUBURBIO,COLISÃO TRANSVERSAL,3,0,0,0,0,0,0,0,0,0,0,Cruzamento,Chuvoso,Perfeito estado,Molhada,Perfeito estado,"Placas ""Pare""",,Dupla,Não existe
2021-08-05 00:00:00,09:35:00,COM VÍTIMA,SANTO ANTÔNIO,RUA IMPERADOR PEDRO SEGUNDO,,CIDADE,QUEDA,0,1,0,0,0,0,0,0,0,1,0,Longo da via,Chuvoso,Não existente,Molhada,Perfeito estado,Não há placas,,Única,Faixa seccionada
2021-08-05 00:00:00,09:49:00,COM VÍTIMA,VÁRZEA,AV AFONSO OLINDENSE,,SUBURBIO,,1,1,0,0,0,0,0,0,0,1,0,Longo da via,Chuvoso,Incompleta,Molhada,Perfeito estado,Não há placas,40 km/h,Dupla,Faixa seccionada
2021-08-05 00:00:00,12:22:00,COM VÍTIMA,HIPÓDROMO,RUA MEM DE SA,495,SUBURBIO,COLISÃO LATERAL,1,1,0,0,0,0,0,0,0,1,0,Cruzamento,Chuvoso,Perfeito estado,Molhada,Perfeito estado,Não há placas,,Dupla,Faixa seccionada
2021-08-05 00:00:00,14:55:00,COM VÍTIMA,DOIS IRMÃOS,RUA MANUEL DE MEDEIROS,,CIDADE,COLISÃO LATERAL,1,1,0,0,0,0,0,0,0,1,0,Longo da via,Bom,Não existente,Seca,Mal conservada,Não há placas,,Dupla,Não existe
2021-08-05 00:00:00,15:42:00,COM VÍTIMA,BOA VIAGEM,AV ENGENHEIRO DOMINGOS FERREIRA,,SUBURBIO,COLISÃO LATERAL,2,1,0,0,0,0,0,0,0,1,0,Longo da via,Bom,,Seca,Perfeito estado,Não há placas,,Única,Faixa seccionada
2021-08-05 00:00:00,20:15:00,COM VÍTIMA,CASA AMARELA,AV NORTE MIGUEL ARRAES DE ALENCAR,677,CIDADE,COLISÃO LATERAL,1,1,0,0,0,0,0,0,0,1,0,Longo da via,Chuvoso,Perfeito estado,Molhada,Perfeito estado,Outras,,Única,Faixa seccionada
2021-08-05 00:00:00,20:33:40,VÍTIMA FATAL,VASCO DA GAMA,RUA VASCO DA GAMA,,SUBURBIO,COLISÃO COM CICLISTA,0,0,0,1,0,1,0,0,0,0,1,Longo da via,Chuvoso,Incompleta,Molhada,Mal conservada,Não há placas,,Dupla,Não existe
2021-08-06 00:00:00,06:42:00,COM VÍTIMA,GRAÇAS,RUA BRUNO MAIA,,CIDADE,COLISÃO TRANSVERSAL,0,1,0,0,0,0,0,1,0,2,0,Cruzamento,Bom,Perfeito estado,Seca,Perfeito estado,"Placas ""Pare""",,Única,Não existe
2021-08-06 00:00:00,06:59:00,COM VÍTIMA,IMBIRIBEIRA,AV MARECHAL MASCARENHAS DE MORAES,,,QUEDA,0,1,0,0,0,0,0,0,0,1,0,,,,,,,,,
2021-08-06 00:00:00,09:21:00,COM VÍTIMA,IPSEP,AV RAIMUNDO DINIZ,,SUBURBIO,COLISÃO LATERAL,1,0,0,0,0,1,0,0,0,1,0,Longo da via,Bom,Perfeito estado,Seca,Perfeito estado,Não há placas,60 km/h,Dupla,Faixa seccionada
2021-08-06 00:00:00,18:24:00,COM VÍTIMA,AREIAS,AV TAPAJOS,,CIDADE,COLISÃO FRONTAL,1,1,0,0,0,0,0,0,0,1,0,Cruzamento,Bom,Não existente,Seca,Perfeito estado,Não há placas,,Dupla,Não existe
2021-08-06 00:00:00,20:47:00,COM VÍTIMA,BOA VIAGEM,AV ENGENHEIRO DOMINGOS FERREIRA,,SUBURBIO,COLISÃO TRASEIRA,1,1,0,0,0,0,0,0,0,1,0,Longo da via,Bom,Perfeito estado,Seca,Perfeito estado,Outras,,Única,Canteiro central
2021-08-07 00:00:00,01:33:00,COM VÍTIMA,AFOGADOS,EST DOS REMEDIOS,,SUBURBIO,COLISÃO TRANSVERSAL,2,0,0,0,0,0,0,0,0,2,0,Cruzamento,Chuvoso,Perfeito estado,Molhada,Perfeito estado,Não há placas,,Única,Faixa seccionada
2021-08-07 00:00:00,05:45:00,COM VÍTIMA,MADALENA,RUA JOSE BONIFACIO,,SUBURBIO,CHOQUE,1,0,0,0,0,0,0,0,0,1,0,Longo da via,Bom,Perfeito estado,Seca,Perfeito estado,R-6a,,Única,Faixa seccionada
2021-08-07 00:00:00,08:25:00,COM VÍTIMA,TORRE,AV BEIRA RIO,630,SUBURBIO,COLISÃO FRONTAL,2,0,0,0,0,0,0,0,0,1,0,Cruzamento,Bom,Perfeito estado,Seca,Perfeito estado,Outras,,Única,Faixa seccionada
2021-08-07 00:00:00,10:17:00,COM VÍTIMA,BOA VIAGEM,AV BOA VIAGEM,,SUBURBIO,COLISÃO LATERAL,2,1,0,0,0,0,0,0,0,1,0,Longo da via,Bom,Perfeito estado,Seca,Perfeito estado,Outras,,Dupla,Faixa seccionada
2021-08-07 00:00:00,14:42:00,OUTROS,SANTO AMARO,AV CRUZ CABUGA,,CIDADE,OUTROS,1,0,0,0,0,0,0,0,0,0,0,,,,,,,,,
2021-08-08 00:00:00,06:39:00,SEM VÍTIMA,,,,,,0,0,0,0,0,0,0,0,0,0,0,,,,,,,,,
2021-08-07 00:00:00,15:49:00,COM VÍTIMA,MUSTARDINHA,AV MANOEL GONCALVES DA LUZ,,,COLISÃO TRASEIRA,1,1,0,0,0,0,0,0,0,1,0,Longo da via,Bom,Perfeito estado,Seca,Perfeito estado,Outras,,Dupla,Faixa seccionada
2021-08-07 00:00:00,17:13:00,COM VÍTIMA,VÁRZEA,RUA GASTAO VIDIGAL,,SUBURBIO,COLISÃO LATERAL,1,1,0,0,0,0,0,0,0,1,0,Cruzamento,Chuvoso,Incompleta,Molhada,Perfeito estado,Não há placas,,Dupla,Não existe