data,hora,natureza,bairro,endereco,num_semaforo,sentido_via,tipo,auto,moto,ciclom,ciclista,pedestre,onibus,caminhao,viatura,outros,vitimas,vitimasfatais,acidente_verificado,tempo_clima,sinalizacao,condicao_via,conservacao_via,situacao_placa,velocidade_max_via,mao_direcao,divisao_via1
2021-08-07 00:00:00,18:39:00,COM VÍTIMA,PARNAMIRIM,RUA JOAO TUDE DE MELO,,,COLISÃO LATERAL,1,1,0,0,0,0,0,0,0,1,0,,,,,,,,,
2021-08-08 00:00:00,11:00:00,COM VÍTIMA,IMBIRIBEIRA,AV MARECHAL MASCARENHAS DE MORAES,,CIDADE,COLISÃO LATERAL,1,1,0,0,0,0,0,0,0,1,0,Longo da via,Bom,Perfeito estado,Seca,Perfeito estado,Não há placas,,Dupla,Canteiro central
2021-08-08 00:00:00,19:58:00,SEM VÍTIMA,JARDIM SÃO PAULO,RUA NOSSA SENHORA DE FATIMA,,SUBURBIO,,2,0,1,0,0,0,0,0,0,0,0,Longo da via,Bom,Não existente,Seca,Perfeito estado,Não há placas,,Dupla,Não existe
2021-08-08 00:00:00,20:58:40,COM VÍTIMA,BOA VIAGEM,RUA JOAO CARDOSO AIRES,,SUBURBIO,COLISÃO TRASEIRA,1,1,0,0,0,0,0,0,0,1,0,Cruzamento,Bom,Incompleta,Seca,Mal iluminada,"Placas ""Pare""",30 km/h,Única,
2021-08-09 00:00:00,00:05:00,COM VÍTIMA,IPUTINGA,AV CAXANGA,,SUBURBIO,COLISÃO LATERAL,1,1,0,0,0,0,0,0,0,1,0,Longo da via,Chuvoso,Perfeito estado,Molhada,Perfeito estado,Não há placas,60 km/h,Única,Faixa seccionada
2021-08-09 00:00:00,01:17:00,COM VÍTIMA,MADALENA,AV VISCONDE DE ALBUQUERQUE,50,SUBURBIO,COLISÃO FRONTAL,2,0,0,0,0,0,0,0,0,1,0,Cruzamento,Chuvoso,Perfeito estado,Molhada,Perfeito estado,Não há placas,60 km/h,Única,Faixa seccionada
2021-08-09 00:00:00,07:25:00,COM VÍTIMA,SANTO AMARO,AV GOVERNADOR AGAMENON MAGALHAES,,CIDADE,COLISÃO TRASEIRA,1,1,0,0,0,0,0,0,0,1,0,Viaduto,Bom,Perfeito estado,Seca,Perfeito estado,Outras,60 km/h,Única,Faixa contínua
2021-08-09 00:00:00,08:48:00,COM VÍTIMA,CORDEIRO,RUA GOMES TABORDA,,,COLISÃO LATERAL,1,1,0,0,0,0,0,0,0,1,0,Cruzamento,Chuvoso,,Molhada,Perfeito estado,Não há placas,40 km/h,Dupla,Faixa seccionada
2021-08-09 00:00:00,09:07:00,COM VÍTIMA,IMBIRIBEIRA,AV MARECHAL MASCARENHAS DE MORAES,,SUBURBIO,COLISÃO TRASEIRA,2,0,0,0,0,0,0,0,0,1,0,,,,,,,,,
2021-08-09 00:00:00,09:28:00,COM VÍTIMA,BOA VIAGEM,AV CONSELHEIRO AGUIAR,,CIDADE,COLISÃO FRONTAL,1,1,0,0,0,0,0,0,0,1,0,Cruzamento,Chuvoso,Perfeito estado,Molhada,Perfeito estado,"Placas ""Pare""",,Única,Faixa seccionada
2021-08-09 00:00:00,11:09:00,COM VÍTIMA,AREIAS,AV RECIFE,,,QUEDA,0,1,0,0,0,0,0,0,0,1,0,Longo da via,Chuvoso,Perfeito estado,Molhada,Perfeito estado,Não há placas,,Dupla,Canteiro central
2021-08-09 00:00:00,13:05:00,COM VÍTIMA,IPUTINGA,AV MAURICIO DE NASSAU,109,CIDADE,COLISÃO COM CICLISTA,1,0,0,1,0,0,0,0,0,1,0,Longo da via,Chuvoso,Perfeito estado,Molhada,Perfeito estado,Outras,,Dupla,Faixa contínua
2021-08-09 00:00:00,14:45:00,COM VÍTIMA,ARRUDA,AV BEBERIBE,,SUBURBIO,COLISÃO COM CICLISTA,0,1,0,1,0,0,0,0,0,3,0,Longo da via,Chuvoso,Perfeito estado,Molhada,Perfeito estado,Outras,,Dupla,Faixa contínua
2021-08-09 00:00:00,17:27:00,COM VÍTIMA,SANTO ANTÔNIO,AV N S DO CARMO,,SUBURBIO,ATROPELAMENTO DE PESSOA,0,0,0,0,1,1,0,0,0,1,0,Longo da via,Chuvoso,Perfeito estado,Molhada,Perfeito estado,Outras,,Dupla,Outros
2021-08-10 00:00:00,00:02:00,COM VÍTIMA,SAN MARTIN,AV ENGENHEIRO ABDIAS DE CARVALHO,,CIDADE,QUEDA,0,1,0,0,0,0,0,1,0,1,0,Longo da via,Chuvoso,Incompleta,Molhada,Mal iluminada,Não há placas,60 km/h,Dupla,Canteiro central
2021-08-10 00:00:00,06:49:00,SEM VÍTIMA,VÁRZEA,AV CAXANGA,262,CIDADE,COLISÃO TRASEIRA,3,0,0,0,0,0,0,0,0,0,0,Longo da via,Chuvoso,Perfeito estado,Molhada,Perfeito estado,,,Única,Faixa contínua
2021-08-10 00:00:00,07:17:00,COM VÍTIMA,BOA VIAGEM,RUA VISCONDE DE JEQUITINHONHA,,SUBURBIO,COLISÃO TRASEIRA,0,0,0,0,0,2,0,0,0,1,0,Longo da via,Chuvoso,Perfeito estado,Molhada,Perfeito estado,Não há placas,60 km/h,Única,Faixa seccionada
2021-08-10 00:00:00,11:35:00,COM VÍTIMA,SANTO AMARO,AV JOAO DE BARROS,198,,COLISÃO COM CICLISTA,1,0,0,1,0,0,0,0,0,1,0,,,,,,,,,
2021-08-10 00:00:00,12:16:00,COM VÍTIMA,BOA VISTA,RUA DO HOSPICIO,31,CIDADE,COLISÃO LATERAL,1,1,0,0,0,0,0,0,0,1,0,Cruzamento,Chuvoso,Incompleta,Molhada,Perfeito estado,Outras,,Dupla,Faixa contínua
2021-08-10 00:00:00,17:02:00,COM VÍTIMA,BOA VIAGEM,RUA BALTAZAR PASSOS,154,,COLISÃO LATERAL,1,1,0,0,0,0,0,0,0,1,0,Cruzamento,Bom,Perfeito estado,Seca,Perfeito estado,R-25d,,Dupla,Faixa contínua
2021-08-10 00:00:00,18:36:00,VÍTIMA FATAL,ENCRUZILHADA,EST DE BELEM,,CIDADE,COLISÃO TRANSVERSAL,1,1,0,0,0,0,0,0,0,0,1,Cruzamento,Bom,Perfeito estado,Seca,Perfeito estado,R-6a,,Dupla,Faixa contínua
2021-08-10 00:00:00,19:54:00,SEM VÍTIMA,ILHA DO LEITE,RUA FRANCISCO ALVES,,,COLISÃO LATERAL,1,0,0,0,0,1,0,0,0,0,0,,,,,,,,,
2021-08-11 00:00:00,08:09:00,VÍTIMA FATAL,MADALENA,AV JOSE GONCALVES DE MEDEIROS,353,SUBURBIO,CHOQUE,1,0,0,0,0,0,0,0,0,0,1,Longo da via,Chuvoso,,Molhada,Perfeito estado,R-6a,,Dupla,Faixa contínua
2021-08-12 00:00:00,07:24:00,COM VÍTIMA,AFOGADOS,RUA VINTE E UM DE ABRIL,,SUBURBIO,COLISÃO LATERAL,1,1,0,0,0,0,0,0,0,1,0,Longo da via,Chuvoso,Não existente,Molhada,,Não há placas,,Dupla,Não existe
2021-08-12 00:00:00,07:25:00,COM VÍTIMA,DERBY,AV GOVERNADOR AGAMENON MAGALHAES,,BOA VIAGEM,COLISÃO COM CICLISTA,0,0,0,1,0,1,0,0,0,1,0,Longo da via,Chuvoso,,Molhada,Mal conservada,,60 km/h,Dupla,Canteiro central
2021-08-12 00:00:00,09:32:00,COM VÍTIMA,TORRE,RUA MARQUES DE MARICA,,,COLISÃO LATERAL,1,1,0,0,0,0,0,0,0,1,0,Longo da via,Chuvoso,Perfeito estado,Molhada,Perfeito estado,Não há placas,30 km/h,Dupla,Faixa seccionada
2021-08-12 00:00:00,09:36:00,COM VÍTIMA,IMBIRIBEIRA,RUA PINTOR LULA CARDOSO AYRES,,SUBURBIO,COLISÃO FRONTAL,1,1,0,0,0,0,0,0,0,1,0,Cruzamento,Bom,Não existente,Seca,Perfeito estado,Não há placas,60 km/h,Dupla,
2021-08-12 00:00:00,09:38:00,COM VÍTIMA,CASA FORTE,AV DEZESSETE DE AGOSTO,,CIDADE,COLISÃO TRASEIRA,1,1,0,0,0,0,1,0,0,1,0,Longo da via,Bom,Perfeito estado,Seca,Perfeito estado,R-6a,60 km/h,Dupla,Faixa contínua
2021-08-12 00:00:00,11:45:00,COM VÍTIMA,BOA VIAGEM,RUA RIBEIRO DE BRITO,,,COLISÃO LATERAL,1,1,0,0,0,0,0,0,0,1,0,Cruzamento,Bom,Perfeito estado,Seca,Perfeito estado,Não há placas,60 km/h,Única,Não existe
2021-08-12 00:00:00,13:21:00,COM VÍTIMA,ILHA DO RETIRO,RUA JOAO ELISIO RAMOS,,SUBURBIO,COLISÃO LATERAL,1,1,0,0,0,0,0,0,0,1,0,Cruzamento,Bom,Incompleta,Seca,Perfeito estado,R-6a,,Dupla,Faixa seccionada
2021-08-13 00:00:00,10:04:00,SEM VÍTIMA,DOIS IRMÃOS,RUA DOIS IRMAOS,,,CHOQUE,1,0,0,0,0,0,0,0,0,0,0,,,,,,,,,
2021-08-13 00:00:00,12:43:00,COM VÍTIMA,MADALENA,RUA BENFICA,257,CIDADE,COLISÃO FRONTAL,2,0,0,0,0,0,0,0,0,1,0,Cruzamento,Bom,Perfeito estado,Seca,Perfeito estado,Não há placas,,Dupla,Faixa contínua
2021-08-13 00:00:00,12:51:00,SEM VÍTIMA,DERBY,AV GOVERNADOR AGAMENON MAGALHAES,,SUBURBIO,,2,0,0,0,0,0,0,0,0,0,0,Longo da via,Bom,Perfeito estado,Seca,Perfeito estado,Não há placas,60 km/h,Única,Faixa seccionada
2021-08-13 00:00:00,14:50:00,COM VÍTIMA,SANTO AMARO,AV NORTE MIGUEL ARRAES DE ALENCAR,34,CIDADE,COLISÃO TRASEIRA,1,1,0,0,0,0,0,0,0,2,0,Longo da via,Bom,Perfeito estado,Seca,Perfeito estado,Outras,,Única,Não existe
2021-08-13 00:00:00,14:59:00,SEM VÍTIMA,BOA VIAGEM,RUA ANTONIO LUMACK DO MONTE,,SUBURBIO,,0,0,0,0,0,0,0,0,0,0,0,,,,,,,,,
2021-08-13 00:00:00,16:42:00,COM VÍTIMA,CORDEIRO,EST DO FORTE DO ARRAIAL N. DO B. JESUS,,AV CAXANGA,COLISÃO LATERAL,1,1,0,0,0,0,0,0,0,1,0,Cruzamento,Bom,Perfeito estado,Seca,,Não há placas,,Dupla,Não existe
2021-08-13 00:00:00,19:07:00,COM VÍTIMA,SANTO ANTÔNIO,AV SUL,311,CIDADE,COLISÃO COM CICLISTA,0,1,0,1,0,0,0,0,0,1,0,Longo da via,Bom,Perfeito estado,Seca,Perfeito estado,Não há placas,,Dupla,Não existe
2021-08-13 00:00:00,20:21:00,SEM VÍTIMA,IPSEP,RUA ITAJAI,,SUBURBIO,COLISÃO TRANSVERSAL,2,0,0,0,0,0,0,0,0,0,0,Cruzamento,Bom,Perfeito estado,Seca,Perfeito estado,Outras,40 km/h,Única,Faixa contínua
2021-08-13 00:00:00,22:36:40,SEM VÍTIMA,SANTO AMARO,AV CRUZ CABUGA,,SUBURBIO,COLISÃO LATERAL,0,1,0,0,0,0,1,0,0,0,0,,,,,,,,,
2021-08-14 00:00:00,09:18:00,COM VÍTIMA,SANTO ANTÔNIO,AV MARTINS DE BARROS,,SUBURBIO,COLISÃO TRANSVERSAL,1,1,0,0,0,0,0,0,0,1,0,Longo da via,Bom,Perfeito estado,Seca,Perfeito estado,,,,
2021-08-14 00:00:00,15:57:00,COM VÍTIMA,IPUTINGA,RUA SAO MATEUS,,CIDADE,COLISÃO LATERAL,1,1,0,0,0,0,0,0,0,1,0,Longo da via,Bom,Perfeito estado,Seca,Perfeito estado,Não há placas,,Dupla,Não existe
2021-08-14 00:00:00,22:29:40,SEM VÍTIMA,ESPINHEIRO,AV JOAO DE BARROS,,SUBURBIO,CHOQUE,2,0,0,0,0,0,0,0,0,0,0,Longo da via,Chuvoso,Perfeito estado,Molhada,Perfeito estado,Outras,,Única,Faixa seccionada
2021-08-15 00:00:00,15:45:00,COM VÍTIMA,IPUTINGA,AV MAURICIO DE NASSAU,,SUBURBIO,CHOQUE,0,1,0,0,0,0,0,0,0,1,0,Longo da via,Bom,Perfeito estado,Seca,Perfeito estado,Outras,,Dupla,Faixa contínua
2021-08-15 00:00:00,17:06:00,COM VÍTIMA,PRADO,AV ENGENHEIRO ABDIAS DE CARVALHO,,,COLISÃO FRONTAL,3,0,0,0,0,0,0,0,0,2,0,,,,,,,,,
2021-08-15 00:00:00,18:15:00,COM VÍTIMA,CASA AMARELA,AV NORTE MIGUEL ARRAES DE ALENCAR,,,COLISÃO LATERAL,1,1,0,0,0,0,0,0,0,1,0,Longo da via,Bom,Perfeito estado,Seca,Perfeito estado,Não há placas,60 km/h,Dupla,
2021-08-16 00:00:00,00:33:00,SEM VÍTIMA,ESPINHEIRO,RUA CONS PORTELA,,,CHOQUE,2,0,0,0,0,0,0,0,0,0,0,,,,,,,,,
2021-08-16 00:00:00,09:00:00,VÍTIMA FATAL,MADALENA,AV CAXANGA,,CIDADE,ATROPELAMENTO DE PESSOA,0,0,0,0,1,1,0,0,0,0,1,Longo da via,Bom,Perfeito estado,Seca,Perfeito estado,Não há placas,60 km/h,Dupla,Canteiro central
2021-08-16 00:00:00,12:23:00,COM VÍTIMA,BONGI,EST DO BONGI,,CIDADE,COLISÃO FRONTAL,1,1,0,0,0,0,0,0,0,1,0,Longo da via,Bom,Perfeito estado,Seca,Perfeito estado,Não há placas,30 km/h,Dupla,Faixa seccionada
2021-08-16 00:00:00,12:29:00,COM VÍTIMA,SANTO AMARO,RUA TREZE DE MAIO,,SUBURBIO,COLISÃO LATERAL,1,1,0,0,0,0,0,0,0,1,0,Longo da via,Bom,Perfeito estado,Seca,Perfeito estado,Outras,,Dupla,Faixa contínua
2021-08-16 00:00:00,13:51:00,COM VÍTIMA,AFOGADOS,RUA MOTOCOLOMBO,,SUBURBIO,COLISÃO FRONTAL,1,1,0,0,0,0,0,0,0,1,0,Longo da via,Bom,Não existente,Seca,Perfeito estado,Não há placas,,Única,Faixa seccionada
2021-08-16 00:00:00,15:13:00,COM VÍTIMA,DERBY,AV GOVERNADOR AGAMENON MAGALHAES,75,SUBURBIO,COLISÃO TRASEIRA,1,1,0,0,0,0,0,0,0,1,0,Cruzamento,Bom,Perfeito estado,Seca,Perfeito estado,Outras,60 km/h,Dupla,Canal
2021-08-16 00:00:00,17:30:00,VÍTIMA FATAL,SANTO AMARO,AV GOVERNADOR AGAMENON MAGALHAES,,SUBURBIO,ATROPELAMENTO DE PESSOA,0,0,0,0,1,1,0,0,0,1,1,Longo da via,Bom,Perfeito estado,Seca,,,,,
2021-08-16 00:00:00,18:04:00,COM VÍTIMA,BOA VIAGEM,RUA BALTAZAR PASSOS,,,COLISÃO FRONTAL,1,2,0,0,0,0,0,0,0,1,0,Cruzamento,Bom,Perfeito estado,Seca,Perfeito estado,"Placas ""Pare""",,Única,Não existe
2021-08-16 00:00:00,19:43:00,COM VÍTIMA,BOA VIAGEM,AV BOA VIAGEM,,CIDADE,ATROPELAMENTO DE PESSOA,0,1,0,0,1,0,0,0,0,1,0,Longo da via,Bom,Perfeito estado,Seca,Perfeito estado,Outras,50 km/h,Única,
2021-08-16 00:00:00,19:53:00,COM VÍTIMA,CABANGA,AV ENGENHEIRO JOSE ESTELITA,,,COLISÃO LATERAL,0,0,0,0,0,0,0,0,0,1,0,,,,,,,,,
2021-08-16 00:00:00,20:13:00,COM VÍTIMA,CAJUEIRO,AV SEBASTIAO SALAZAR,,,COLISÃO LATERAL,1,1,0,0,0,0,0,0,0,1,0,Longo da via,Bom,Perfeito estado,Seca,Perfeito estado,Outras,,Dupla,Faixa contínua
2021-08-16 00:00:00,22:38:40,COM VÍTIMA,BAIRRO DO RECIFE,AV MARQUES DE OLINDA,20,SUBURBIO,COLISÃO LATERAL,1,0,0,0,0,1,0,0,0,1,0,Cruzamento,Chuvoso,Perfeito estado,Molhada,Perfeito estado,Outras,,Única,Faixa seccionada
2021-08-17 00:00:00,00:12:00,COM VÍTIMA,DERBY,AV GOVERNADOR AGAMENON MAGALHAES,174,SUBURBIO,COLISÃO TRANSVERSAL,0,0,0,0,0,0,0,0,0,1,0,Cruzamento,Bom,Perfeito estado,Seca,Perfeito estado,R-6a,50 km/h,Dupla,Canal
2021-08-17 00:00:00,07:48:00,SEM VÍTIMA,ARRUDA,AV BEBERIBE,,SUBURBIO,,0,0,0,0,0,0,0,0,0,0,0,,,,,,,,,
2021-08-17 00:00:00,10:28:00,SEM VÍTIMA,JOANA BEZERRA,AV BEIRA RIO,38,CIDADE,COLISÃO TRASEIRA,1,0,0,0,0,0,0,1,0,0,0,Longo da via,Bom,Incompleta,Seca,Perfeito estado,R-6a,,Dupla,Faixa contínua
2021-08-17 00:00:00,10:24:00,COM VÍTIMA,BOA VIAGEM,AV ENGENHEIRO DOMINGOS FERREIRA,545,CIDADE,COLISÃO LATERAL,1,1,0,0,0,0,0,0,0,1,0,Cruzamento,Bom,Perfeito estado,Seca,Perfeito estado,,,Única,Canteiro central
2021-08-17 00:00:00,12:15:00,COM VÍTIMA,TAMARINEIRA,AV NORTE MIGUEL ARRAES DE ALENCAR,,SUBURBIO,ATROPELAMENTO DE PESSOA,0,1,0,0,1,0,0,0,0,1,0,Longo da via,Bom,Perfeito estado,Seca,Perfeito estado,R-6a,,Dupla,Faixa seccionada
2021-08-17 00:00:00,13:21:00,COM VÍTIMA,BAIRRO DO RECIFE,CAIS DO APOLO,436,SUBURBIO,QUEDA,0,1,0,0,0,0,0,0,0,1,0,Longo da via,Chuvoso,Perfeito estado,Molhada,Perfeito estado,Outras,,Única,Faixa seccionada
2021-08-17 00:00:00,13:55:00,COM VÍTIMA,VÁRZEA,AV AFONSO OLINDENSE,,CIDADE,COLISÃO LATERAL,0,1,0,0,0,0,0,1,0,1,0,Longo da via,Chuvoso,Perfeito estado,Molhada,Perfeito estado,Não há placas,,Dupla,Faixa contínua
2021-08-17 00:00:00,15:16:00,COM VÍTIMA,ZUMBI,AV CAXANGA,,SUBURBIO,COLISÃO COM CICLISTA,0,0,0,1,0,1,0,0,0,1,0,Longo da via,Bom,Perfeito estado,Seca,Perfeito estado,Não há placas,,Dupla,Faixa contínua
2021-08-17 00:00:00,17:29:00,COM VÍTIMA,SANTO AMARO,AV PREFEITO ARTUR LIMA CAVALCANTI,,SUBURBIO,COLISÃO TRASEIRA,1,1,0,0,0,0,0,0,0,1,0,Longo da via,Bom,Perfeito estado,Seca,Perfeito estado,Não há placas,40 km/h,,Faixa seccionada
2021-08-17 00:00:00,17:50:00,COM VÍTIMA,CORDEIRO,RUA GOMES TABORDA,,CIDADE,COLISÃO LATERAL,1,1,0,0,0,0,0,0,0,1,0,Longo da via,Bom,Incompleta,Seca,Mal iluminada,R-6a,,Dupla,Faixa seccionada
2021-08-17 00:00:00,18:42:00,COM VÍTIMA,BARRO,AV DR JOSE RUFINO,,DUPLO,COLISÃO FRONTAL,1,1,0,0,0,0,0,0,0,1,0,Cruzamento,Bom,Perfeito estado,Seca,Perfeito estado,,,Dupla,Não existe
2021-08-17 00:00:00,19:37:00,COM VÍTIMA,BOA VIAGEM,AV BOA VIAGEM,3,CIDADE,COLISÃO TRANSVERSAL,1,1,0,0,0,0,0,0,0,1,0,Longo da via,Bom,Perfeito estado,Seca,Perfeito estado,Não há placas,,Única,Faixa contínua
2021-08-17 00:00:00,22:44:40,COM VÍTIMA,BAIRRO DO RECIFE,AV ALFREDO LISBOA,,SUBURBIO,COLISÃO COM CICLISTA,1,0,0,2,0,0,0,0,0,2,0,Longo da via,Bom,Perfeito estado,Seca,Mal iluminada,Outras,60 km/h,Única,Faixa seccionada
2021-08-18 00:00:00,08:29:00,COM VÍTIMA,SANTO AMARO,AV PREFEITO ARTUR LIMA CAVALCANTI,,SUBURBIO,QUEDA,0,1,0,0,0,0,0,0,0,1,0,Longo da via,Bom,Perfeito estado,Seca,Perfeito estado,Não há placas,,Dupla,Canteiro central
2021-08-18 00:00:00,09:39:00,SEM VÍTIMA,ILHA DO RETIRO,EST DOS REMEDIOS,,,COLISÃO TRASEIRA,2,0,0,0,0,0,0,0,0,0,0,,,,,,,,,
2021-08-18 00:00:00,09:50:00,SEM VÍTIMA,ESPINHEIRO,AV GOVERNADOR AGAMENON MAGALHAES,78,SUBURBIO,,1,0,0,0,0,0,1,0,0,0,0,Cruzamento,Bom,Perfeito estado,Seca,Perfeito estado,Outras,,Dupla,Canal
2021-08-18 00:00:00,09:59:00,COM VÍTIMA,MADALENA,RUA DEMOCRITO DE SOUZA FILHO,,SUBURBIO,COLISÃO LATERAL,1,1,0,0,0,0,0,0,0,1,0,Cruzamento,Bom,Perfeito estado,Seca,Perfeito estado,R-3,,Única,Não existe
2021-08-18 00:00:00,10:04:00,SEM VÍTIMA,BOA VISTA,AV GOVERNADOR AGAMENON MAGALHAES,,,COLISÃO LATERAL,1,0,0,0,0,0,0,1,0,0,0,,,,,,,,,
2021-08-18 00:00:00,11:29:00,COM VÍTIMA,PAISSANDU,AV GOVERNADOR AGAMENON MAGALHAES,,BOA VIAGEM,COLISÃO TRASEIRA,1,1,0,0,0,0,0,0,0,1,0,Longo da via,Bom,Não existente,Seca,Perfeito estado,Não há placas,60 km/h,Única,Faixa seccionada
2021-08-18 00:00:00,12:11:00,COM VÍTIMA,BOA VIAGEM,AV ENGENHEIRO DOMINGOS FERREIRA,,SUBURBIO,COLISÃO LATERAL,1,1,0,0,0,0,0,0,0,1,0,Longo da via,Bom,Perfeito estado,Seca,Perfeito estado,Não há placas,,Dupla,Canteiro central
2021-08-18 00:00:00,11:55:00,COM VÍTIMA,CASA AMARELA,RUA PADRE LEMOS,369,SUBURBIO,COLISÃO LATERAL,1,1,0,0,0,0,0,0,0,1,0,Longo da via,Bom,Incompleta,Seca,Mal conservada,Outras,30 km/h,Dupla,Não existe
2021-08-19 00:00:00,06:31:00,COM VÍTIMA,BOA VISTA,RUA JOSE DE ALENCAR,,CIDADE,COLISÃO FRONTAL,1,0,0,0,0,0,0,0,1,1,0,Cruzamento,Chuvoso,Perfeito estado,Molhada,Perfeito estado,Outras,,Única,Outros
2021-08-19 00:00:00,07:48:00,COM VÍTIMA,BEBERIBE,AV BEBERIBE,,SUBURBIO,COLISÃO COM CICLISTA,0,0,0,1,0,0,0,0,0,1,0,Longo da via,Nublado,Perfeito estado,Molhada,Perfeito estado,R-6a,,Dupla,Faixa seccionada
2021-08-19 00:00:00,12:59:00,COM VÍTIMA,MADALENA,RUA DEMOCRITO DE SOUZA FILHO,,CIDADE,COLISÃO FRONTAL,1,0,0,0,0,0,0,0,0,1,0,Cruzamento,Chuvoso,Incompleta,Molhada,Perfeito estado,Não há placas,,Única,Não existe
2021-08-19 00:00:00,15:28:00,SEM VÍTIMA,TORRÕES,AV ENGENHEIRO ABDIAS DE CARVALHO,375,SUBURBIO,COLISÃO TRASEIRA,1,0,0,0,0,0,2,0,0,0,0,Longo da via,Chuvoso,Perfeito estado,Molhada,Perfeito estado,,60 km/h,Dupla,Faixa seccionada
2021-08-19 00:00:00,17:54:00,COM VÍTIMA,SAN MARTIN,AV GENERAL SAN MARTIN,,NORTE / SUL,COLISÃO FRONTAL,0,2,0,0,0,0,0,0,0,1,0,Longo da via,Bom,Perfeito estado,Seca,Perfeito estado,Não há placas,40 km/h,Dupla,Faixa contínua
2021-08-19 00:00:00,18:55:00,COM VÍTIMA,CASA AMARELA,EST DO ENCANAMENTO,435,,ATROPELAMENTO DE PESSOA,0,1,0,0,1,0,0,0,0,1,0,,,,,,,,,
2021-08-19 00:00:00,19:48:00,COM VÍTIMA,SANTO AMARO,RUA AURORA,,SUBURBIO,ATROPELAMENTO DE ANIMAL,1,0,0,0,0,0,0,0,0,1,0,Longo da via,Bom,Perfeito estado,Seca,Perfeito estado,Não há placas,,Dupla,Faixa contínua
2021-08-20 00:00:00,00:49:00,COM VÍTIMA,GRAÇAS,RUA ALBERTO PAIVA,,DUPLO,COLISÃO LATERAL,2,0,0,0,0,0,0,0,0,2,0,Cruzamento,Chuvoso,Perfeito estado,Molhada,Perfeito estado,Não há placas,,Dupla,Não existe
2021-08-20 00:00:00,08:18:00,COM VÍTIMA,CASA AMARELA,AV NORTE MIGUEL ARRAES DE ALENCAR,95,CIDADE,COLISÃO TRASEIRA,1,1,0,0,0,0,0,0,0,1,0,Longo da via,Chuvoso,Perfeito estado,Molhada,Perfeito estado,Outras,60 km/h,Dupla,Canteiro central
2021-08-20 00:00:00,10:11:00,COM VÍTIMA,CASA AMARELA,COR DO BARTOLOMEU,,SUBURBIO,COLISÃO TRANSVERSAL,0,2,0,0,0,0,0,0,0,2,0,Longo da via,Chuvoso,Perfeito estado,Molhada,Perfeito estado,R-6a,30 km/h,Dupla,Faixa seccionada
2021-08-20 00:00:00,11:24:00,COM VÍTIMA,SANTO AMARO,AV CRUZ CABUGA,,SUBURBIO,COLISÃO TRASEIRA,0,1,0,0,0,0,1,0,0,1,0,Cruzamento,Chuvoso,Perfeito estado,Seca,Perfeito estado,R-6a,,Dupla,Faixa contínua
2021-08-20 00:00:00,16:31:00,COM VÍTIMA,MADALENA,RUA REAL DA TORRE,,SUBURBIO,COLISÃO LATERAL,2,0,0,0,0,0,0,0,0,1,0,Longo da via,Chuvoso,Perfeito estado,Molhada,Perfeito estado,Não há placas,60 km/h,Única,Não existe
2021-08-21 00:00:00,00:03:00,COM VÍTIMA,JARDIM SÃO PAULO,AV LIBERDADE,,CIDADE,COLISÃO FRONTAL,1,1,0,0,0,0,0,0,0,1,0,Longo da via,Bom,,Seca,Perfeito estado,Não há placas,60 km/h,Dupla,Faixa contínua
2021-08-21 00:00:00,11:19:00,COM VÍTIMA,BEBERIBE,RUA ARAO BOTLER,,SUBURBIO,COLISÃO LATERAL,1,1,0,0,0,0,0,0,0,2,0,Longo da via,Bom,Perfeito estado,Seca,Perfeito estado,Não há placas,,Única,Não existe
2021-08-21 00:00:00,15:08:00,COM VÍTIMA,ILHA DO RETIRO,RUA SPORT CLUBE DO RECIFE,367,CIDADE,COLISÃO TRASEIRA,1,1,0,0,0,0,0,0,0,1,0,Longo da via,Bom,Perfeito estado,Seca,Perfeito estado,Não há placas,,Dupla,Faixa contínua
2021-08-21 00:00:00,17:02:00,COM VÍTIMA,IMBIRIBEIRA,AV MARECHAL MASCARENHAS DE MORAES,,,COLISÃO LATERAL,1,1,0,0,0,0,0,0,0,1,0,,,,,,,,,
2021-08-21 00:00:00,17:02:00,COM VÍTIMA,BOA VIAGEM,AV ENGENHEIRO DOMINGOS FERREIRA,550,SUBURBIO,ENGAVETAMENTO,3,0,0,0,0,0,0,0,0,1,0,Longo da via,Bom,Perfeito estado,Seca,Perfeito estado,Outras,,Única,Faixa contínua
2021-08-21 00:00:00,17:10:00,COM VÍTIMA,JORDÃO,AV MARIA IRENE,,CIDADE,COLISÃO LATERAL,1,1,0,0,0,0,0,0,0,1,0,Longo da via,Bom,Perfeito estado,Seca,Perfeito estado,Não há placas,40 km/h,Dupla,
2021-08-21 00:00:00,22:36:40,COM VÍTIMA,MACAXEIRA,RUA MARIA CANDIDA,,SUBURBIO,COLISÃO LATERAL,1,1,0,0,0,0,0,0,0,1,0,Cruzamento,Chuvoso,Perfeito estado,Seca,Perfeito estado,Outras,,Dupla,Faixa seccionada
2021-08-22 00:00:00,13:02:00,COM VÍTIMA,ILHA JOANA BEZERRA,VDO PAPA JOAO PAULO II,,RECIFE / OLINDA,COLISÃO LATERAL,0,2,0,0,0,0,0,0,0,1,0,Longo da via,Bom,Perfeito estado,Seca,Perfeito estado,Outras,60 km/h,Dupla,Canteiro central