data,hora,natureza,bairro,endereco,num_semaforo,sentido_via,tipo,auto,moto,ciclom,ciclista,pedestre,onibus,caminhao,viatura,outros,vitimas,vitimasfatais,acidente_verificado,tempo_clima,sinalizacao,condicao_via,conservacao_via,situacao_placa,velocidade_max_via,mao_direcao,divisao_via1
2021-08-22 00:00:00,14:29:00,COM VÍTIMA,SANTO AMARO,AV CRUZ CABUGA,,,COLISÃO LATERAL,2,0,0,0,0,0,0,0,0,1,0,,,,,,,,,
2021-08-22 00:00:00,16:52:00,COM VÍTIMA,JORDÃO,AV GOVERNADOR ROBERTO SILVEIRA,,,COLISÃO LATERAL,1,0,0,0,0,0,0,0,0,1,0,Cruzamento,Chuvoso,Perfeito estado,Seca,Perfeito estado,R-24a,,Única,Não existe
2021-08-23 00:00:00,09:15:00,SEM VÍTIMA,MADALENA,AV JOSE GONCALVES DE MEDEIROS,,SUBURBIO,COLISÃO TRANSVERSAL,1,0,0,0,0,0,0,1,0,0,0,Cruzamento,Nublado,Perfeito estado,Seca,Perfeito estado,R-6a,,Dupla,Faixa contínua
2021-08-23 00:00:00,10:07:00,COM VÍTIMA,CASA AMARELA,AV NORTE MIGUEL ARRAES DE ALENCAR,,CIDADE,COLISÃO LATERAL,0,1,0,0,0,0,1,0,0,1,0,Longo da via,Chuvoso,Perfeito estado,Seca,Perfeito estado,R-6a,60 km/h,Dupla,Faixa seccionada
2021-08-23 00:00:00,14:29:00,COM VÍTIMA,SANTO ANTÔNIO,AV GUARARAPES,14,SUBURBIO,COLISÃO LATERAL,0,2,0,0,0,0,0,0,0,1,0,Cruzamento,Bom,Perfeito estado,Seca,Perfeito estado,Não há placas,,Dupla,Canteiro central
2021-08-23 00:00:00,15:45:00,COM VÍTIMA,CORDEIRO,AV CAXANGA,,SUBURBIO,COLISÃO TRASEIRA,1,1,0,0,0,0,0,0,0,1,0,Longo da via,Bom,Perfeito estado,Seca,Perfeito estado,Não há placas,,Dupla,Canteiro central
2021-08-23 00:00:00,16:55:00,COM VÍTIMA,CASA FORTE,AV DEZESSETE DE AGOSTO,345,SUBURBIO,COLISÃO COM CICLISTA,1,0,0,1,0,0,0,0,0,1,0,Longo da via,Bom,Perfeito estado,Seca,Perfeito estado,R-6a,,Dupla,Faixa contínua
2021-08-23 00:00:00,19:37:00,COM VÍTIMA,IMBIRIBEIRA,AV SUL,,SUBURBIO,COLISÃO LATERAL,1,1,0,0,0,0,0,0,0,1,0,Longo da via,Bom,Perfeito estado,Seca,Perfeito estado,Não há placas,,Única,Não existe
2021-08-24 00:00:00,08:43:00,SEM VÍTIMA,BOA VIAGEM,AVENIDA CELSO FURTADO (VIA MANGUE),,SUBURBIO,CHOQUE,1,0,0,0,0,0,0,0,0,0,0,Longo da via,Bom,Perfeito estado,Molhada,Perfeito estado,R-19,,Dupla,Canteiro central
2021-08-24 00:00:00,09:41:00,SEM VÍTIMA,BOA VIAGEM,RUA REMIGIO,,SUBURBIO,CHOQUE,0,0,0,0,0,0,0,1,0,0,0,Longo da via,Bom,Incompleta,Seca,Mal conservada,Não há placas,,Dupla,Canteiro central
2021-08-24 00:00:00,12:15:00,COM VÍTIMA,BOA VIAGEM,RUA PROFESSOR JOAO MEDEIROS,335,CIDADE,COLISÃO LATERAL,1,1,0,0,0,0,0,0,0,1,0,Cruzamento,Bom,Perfeito estado,Seca,Perfeito estado,Outras,,Dupla,Faixa contínua
2021-08-10 00:00:00,18:20:00,COM VÍTIMA,DOIS UNIDOS,RUA DIVISOPOLIS,,CIDADE,ATROPELAMENTO DE PESSOA,0,1,0,0,1,0,0,0,0,1,0,Longo da via,Bom,Não existente,Seca,Mal iluminada,Não há placas,30 km/h,Dupla,Não existe
2021-08-24 00:00:00,15:56:00,COM VÍTIMA,TAMARINEIRA,EST VELHA DE AGUA FRIA,306,SUBURBIO,QUEDA,0,1,0,0,0,0,0,0,0,1,0,Cruzamento,Bom,Perfeito estado,Seca,Perfeito estado,,,Dupla,Canteiro central
2021-08-24 00:00:00,16:00:00,COM VÍTIMA,AFOGADOS,RUA SAO MIGUEL,,CIDADE,COLISÃO LATERAL,2,1,0,0,0,0,0,0,0,1,0,Longo da via,Bom,Perfeito estado,Seca,Perfeito estado,Não há placas,,Dupla,Faixa
2021-08-24 00:00:00,18:57:00,COM VÍTIMA,IBURA,AV DOIS RIOS,,CIDADE,COLISÃO LATERAL,0,2,0,0,0,0,0,0,0,2,0,Cruzamento,Bom,Perfeito estado,Seca,Perfeito estado,Não há placas,60 km/h,Dupla,Faixa contínua
2021-08-24 00:00:00,18:57:00,SEM VÍTIMA,IBURA,AV DOIS RIOS,,SUBURBIO,COLISÃO TRASEIRA,1,1,0,0,0,0,0,0,0,0,0,Longo da via,Bom,Perfeito estado,Seca,Perfeito estado,Não há placas,,Dupla,Faixa contínua
2021-08-24 00:00:00,20:50:00,COM VÍTIMA,ESPINHEIRO,RUA DO ESPINHEIRO,,SUBURBIO,COLISÃO COM CICLISTA,1,0,0,1,0,0,0,0,0,1,0,Longo da via,Bom,Perfeito estado,Seca,Perfeito estado,"Placas ""Pare""",,Dupla,
2021-08-24 00:00:00,21:15:40,COM VÍTIMA,IPUTINGA,RUA SAO MATEUS,,SUBURBIO,COLISÃO FRONTAL,0,2,0,0,0,0,0,0,0,1,0,Longo da via,Bom,Perfeito estado,Seca,Perfeito estado,Outras,,Dupla,Não existe
2021-08-25 00:00:00,00:23:00,COM VÍTIMA,BARRO,AV DR JOSE RUFINO,,,COLISÃO LATERAL,1,1,0,0,0,0,0,0,0,1,0,,,,,,,,,
2021-08-25 00:00:00,11:42:00,COM VÍTIMA,AFOGADOS,EST DOS REMEDIOS,,SUBURBIO,COLISÃO LATERAL,2,1,0,0,0,0,0,0,0,1,0,Longo da via,Bom,Perfeito estado,Seca,Perfeito estado,Não há placas,,Única,Faixa seccionada
2021-08-25 00:00:00,13:22:00,COM VÍTIMA,IBURA,RUA JORNALISTA EDSON REGIS,518,SUBURBIO,COLISÃO LATERAL,1,1,0,0,0,0,0,0,0,1,0,Longo da via,Bom,Perfeito estado,Seca,Perfeito estado,Outras,,Dupla,Não existe
2021-08-25 00:00:00,16:00:00,SEM VÍTIMA,SANTO AMARO,AV MARIO MELO,,SUBURBIO,COLISÃO TRANSVERSAL,1,0,0,0,0,0,0,1,0,0,0,Cruzamento,Bom,Perfeito estado,Seca,Perfeito estado,Outras,,Dupla,Canteiro central
2021-08-25 00:00:00,18:59:00,COM VÍTIMA,CASA AMARELA,AV NORTE MIGUEL ARRAES DE ALENCAR,,SUBURBIO,COLISÃO TRASEIRA,1,1,0,0,0,0,0,0,0,1,0,Longo da via,Bom,Incompleta,Seca,Mal conservada,Outras,,Dupla,Canteiro central
2021-08-26 00:00:00,08:44:00,COM VÍTIMA,AFOGADOS,RUA COSME VIANA,,SUBURBIO,COLISÃO LATERAL,1,1,0,0,0,0,0,0,0,1,0,Longo da via,Bom,Perfeito estado,Seca,Perfeito estado,Não há placas,60 km/h,Única,Não existe
2021-08-26 00:00:00,09:12:00,COM VÍTIMA,IBURA,RUA RIO XINGU,,SUBURBIO,COLISÃO FRONTAL,1,1,0,0,0,0,0,0,0,1,0,Longo da via,Bom,Perfeito estado,Seca,Perfeito estado,R-6a,30 km/h,Dupla,Faixa seccionada
2021-08-26 00:00:00,10:24:00,COM VÍTIMA,PORTO DA MADEIRA,RUA DALVA DE OLIVEIRA,,CIDADE,COLISÃO FRONTAL,0,1,0,0,0,0,1,0,0,1,0,Cruzamento,Bom,Perfeito estado,Seca,Perfeito estado,Outras,,Dupla,Não existe
2021-08-26 00:00:00,13:04:00,COM VÍTIMA,JARDIM SÃO PAULO,RUA LEANDRO BARRETO,,SUBURBIO,COLISÃO LATERAL,1,1,0,0,0,0,0,0,0,1,0,Longo da via,Bom,Não existente,Seca,Perfeito estado,Não há placas,,Dupla,Não existe
2021-08-26 00:00:00,13:48:00,COM VÍTIMA,CAXANGÁ,AV CAXANGA,568,CIDADE,COLISÃO TRASEIRA,1,1,0,0,0,0,0,0,0,1,0,Ponte,Bom,Perfeito estado,Seca,Perfeito estado,R-32,,Dupla,Faixa seccionada
2021-08-26 00:00:00,15:04:00,COM VÍTIMA,BOA VIAGEM,AV MARECHAL JUAREZ TAVORA,,SUBURBIO,COLISÃO TRASEIRA,0,1,0,0,0,0,1,0,0,1,0,Longo da via,Bom,Perfeito estado,Seca,Perfeito estado,R-19,40 km/h,Dupla,Canal
2021-08-26 00:00:00,16:21:00,COM VÍTIMA,SANTO ANTÔNIO,PTE PRINCESA IZABEL,,,QUEDA,0,1,0,0,0,0,0,0,0,1,0,Esquina,Bom,Perfeito estado,Seca,Perfeito estado,Outras,,Única,Não existe
2021-08-27 00:00:00,08:00:00,COM VÍTIMA,ENCRUZILHADA,AV NORTE MIGUEL ARRAES DE ALENCAR,,CIDADE,ATROPELAMENTO DE PESSOA,0,1,0,0,1,0,0,0,0,2,0,Longo da via,Bom,Perfeito estado,Seca,Mal conservada,Outras,,Dupla,Faixa seccionada
2021-08-27 00:00:00,09:12:00,COM VÍTIMA,DERBY,,,,COLISÃO TRANSVERSAL,2,0,0,0,0,0,0,0,0,1,0,,,,,,,,,
2021-08-27 00:00:00,12:37:00,COM VÍTIMA,DOIS IRMÃOS,RUA DOIS IRMAOS,416,CIDADE,CHOQUE,0,1,0,0,0,0,0,0,0,1,0,Outros,Bom,Perfeito estado,Seca,Perfeito estado,Não há placas,,Dupla,Faixa seccionada
2021-08-27 00:00:00,14:41:00,SEM VÍTIMA,ILHA DO RETIRO,RUA SPORT CLUBE DO RECIFE,355,CIDADE,,1,0,0,0,0,0,0,1,0,0,0,Longo da via,Bom,Perfeito estado,Seca,Perfeito estado,Não há placas,60 km/h,Dupla,Canteiro central
2021-08-27 00:00:00,15:22:00,COM VÍTIMA,IMBIRIBEIRA,AV MARECHAL MASCARENHAS DE MORAES,501,SUBURBIO,COLISÃO TRASEIRA,2,0,0,0,0,0,0,0,0,1,0,Longo da via,Bom,Perfeito estado,Seca,Perfeito estado,Não há placas,,Dupla,Canteiro central
2021-08-27 00:00:00,19:49:00,VÍTIMA FATAL,SANTO AMARO,RUA DOS PALMARES,,SUBURBIO,COLISÃO COM CICLISTA,0,1,0,1,0,0,0,0,0,1,1,Cruzamento,Bom,Perfeito estado,Seca,Perfeito estado,Não há placas,,Única,Faixa seccionada
2021-08-28 00:00:00,08:16:00,COM VÍTIMA,IPSEP,RUA POTENGY,564,CIDADE,COLISÃO TRANSVERSAL,1,1,0,0,0,0,0,0,0,1,0,Longo da via,Bom,Perfeito estado,Seca,Perfeito estado,,40 km/h,Única,Faixa seccionada
2021-08-28 00:00:00,08:46:00,COM VÍTIMA,PRADO,RUA PADRE TEOFILO TWORZ,,CIDADE,COLISÃO LATERAL,1,1,0,0,0,0,0,0,0,1,0,Cruzamento,Bom,,Seca,Perfeito estado,Não há placas,,,
2021-08-28 00:00:00,18:57:00,SEM VÍTIMA,DOIS IRMÃOS,RUA DOIS IRMAOS,,,COLISÃO LATERAL,2,0,0,0,0,0,0,0,0,0,0,,,,,,,,,
2021-08-28 00:00:00,20:56:00,VÍTIMA FATAL,APIPUCOS,RUA DE APIPUCOS,248,SUBURBIO,CHOQUE,0,1,0,0,0,0,0,0,0,0,1,Longo da via,Bom,Ilegível,Seca,Mal conservada,Outras,,Dupla,Faixa contínua
2021-08-29 00:00:00,19:00:00,COM VÍTIMA,BOA VIAGEM,AV BOA VIAGEM,,CIDADE,COLISÃO TRASEIRA,1,1,0,0,0,0,0,0,0,2,0,Longo da via,Bom,Perfeito estado,Seca,Perfeito estado,Não há placas,,Única,Faixa seccionada
2021-08-29 00:00:00,19:42:00,SEM VÍTIMA,BOA VIAGEM,AV BOA VIAGEM,,CIDADE,COLISÃO TRASEIRA,2,0,0,0,0,0,0,0,0,0,0,Longo da via,Bom,Perfeito estado,Seca,Perfeito estado,,,Única,Faixa seccionada
2021-08-30 00:00:00,12:58:00,COM VÍTIMA,CAXANGÁ,RUA MINISTRO JOAO ALBERTO,,SUBURBIO,CAPOTAMENTO,1,0,0,0,0,0,0,0,0,1,0,Longo da via,Bom,Perfeito estado,Seca,Perfeito estado,Não há placas,40 km/h,Dupla,Faixa seccionada
2021-08-30 00:00:00,14:08:00,COM VÍTIMA,GRAÇAS,RUA JOAQUIM NABUCO,,SUBURBIO,COLISÃO TRASEIRA,1,1,0,0,0,0,0,0,0,1,0,Longo da via,Bom,Perfeito estado,Seca,Perfeito estado,R-6a,40 km/h,Única,Faixa seccionada
2021-08-30 00:00:00,15:10:00,COM VÍTIMA,BOA VISTA,RUA GERVASIO PIRES,24,SUBURBIO,ATROPELAMENTO DE PESSOA,0,0,0,0,1,0,1,0,0,1,0,Longo da via,Bom,Perfeito estado,Seca,Perfeito estado,R-6a,,Única,Faixa seccionada
2021-08-30 00:00:00,15:39:00,COM VÍTIMA,MADALENA,RUA RICARDO SALAZAR,,SUBURBIO,CHOQUE,1,0,0,0,0,0,0,0,0,1,0,Longo da via,Bom,Incompleta,Seca,Perfeito estado,Não há placas,,Única,Canal
2021-08-30 00:00:00,17:26:00,COM VÍTIMA,PINA,AV ENGENHEIRO DOMINGOS FERREIRA,,SUBURBIO,ATROPELAMENTO DE PESSOA,0,1,0,0,2,0,0,0,0,3,0,Longo da via,Bom,Perfeito estado,Seca,Perfeito estado,Não há placas,60 km/h,Única,Faixa seccionada
2021-08-30 00:00:00,17:36:00,COM VÍTIMA,VÁRZEA,RUA EMILIANO BRAGA,,SUBURBIO,COLISÃO LATERAL,0,2,0,0,0,0,0,0,0,1,0,Cruzamento,Bom,Perfeito estado,Seca,Perfeito estado,"Placas ""Pare""",40 km/h,Única,Faixa contínua
2021-08-30 00:00:00,17:57:00,COM VÍTIMA,SÃO JOSÉ,AV N S DO CARMO,,CIDADE,COLISÃO COM CICLISTA,0,1,0,1,0,0,0,0,0,1,0,Longo da via,Bom,Perfeito estado,Seca,Perfeito estado,Outras,40 km/h,Dupla,Faixa contínua
2021-08-30 00:00:00,20:12:00,COM VÍTIMA,MACAXEIRA,AV NORTE MIGUEL ARRAES DE ALENCAR,296,SUBURBIO,COLISÃO LATERAL,0,2,0,0,0,0,0,0,0,3,0,,,,,,,,,
2021-08-31 00:00:00,10:08:00,COM VÍTIMA,SANTO AMARO,AV CRUZ CABUGA,234,SUBURBIO,ATROPELAMENTO DE PESSOA,0,1,0,0,1,0,0,0,0,1,0,Longo da via,Bom,Perfeito estado,Seca,Perfeito estado,Não há placas,60 km/h,Dupla,Faixa contínua
2021-08-31 00:00:00,10:15:00,COM VÍTIMA,IPUTINGA,AV CAXANGA,,CIDADE,COLISÃO LATERAL,1,1,0,0,0,0,0,0,0,1,0,Longo da via,Bom,Perfeito estado,Seca,Perfeito estado,Não há placas,,Dupla,Canteiro central
2021-08-31 00:00:00,11:54:00,COM VÍTIMA,ARRUDA,RUA RAMIZ GALVAO,,,COLISÃO LATERAL,1,0,0,0,0,0,1,0,0,1,0,,,,,,,,,
2021-08-31 00:00:00,14:49:00,COM VÍTIMA,PRADO,RUA GOMES TABORDA,,CIDADE,COLISÃO LATERAL,1,1,0,0,0,0,0,0,0,1,0,Cruzamento,Bom,Ilegível,Seca,Perfeito estado,Outras,40 km/h,Dupla,Faixa seccionada
2021-08-31 00:00:00,15:13:00,SEM VÍTIMA,PINA,RUA COMENDADOR MORAES,,SUBURBIO,,0,1,0,0,0,0,0,1,0,0,0,Longo da via,Bom,Perfeito estado,Seca,Perfeito estado,Não há placas,60 km/h,Única,Não existe
2021-08-31 00:00:00,15:30:00,COM VÍTIMA,MADALENA,RUA REAL DA TORRE,,CIDADE,COLISÃO LATERAL,1,1,0,0,0,0,0,0,0,1,0,Longo da via,Bom,Perfeito estado,Seca,Perfeito estado,Não há placas,,Única,Faixa seccionada
2021-08-31 00:00:00,19:30:00,SEM VÍTIMA,SANTO AMARO,RUA DOS PALMARES,526,SUBURBIO,COLISÃO TRASEIRA,2,0,0,0,0,0,0,0,0,0,0,Longo da via,Chuvoso,Perfeito estado,Molhada,Perfeito estado,,,Única,
2021-09-01 00:00:00,09:28:00,COM VÍTIMA,HIPÓDROMO,EST DE BELEM,,SUBURBIO,QUEDA,0,0,0,0,0,0,0,0,0,1,0,Longo da via,Bom,Perfeito estado,Seca,Perfeito estado,Outras,50 km/h,Dupla,Faixa seccionada
2021-09-01 00:00:00,09:28:00,COM VÍTIMA,TOTÓ,AV LIBERDADE,,SUBURBIO,COLISÃO LATERAL,1,1,0,0,0,0,0,0,0,1,0,Longo da via,Bom,Perfeito estado,Seca,Perfeito estado,Outras,30 km/h,Dupla,Faixa contínua
2021-09-01 00:00:00,09:32:00,SEM VÍTIMA,SÃO JOSÉ,C SANTA RITA,,,COLISÃO LATERAL,0,0,0,0,0,0,0,1,0,0,0,,,,,,,,,
2021-09-01 00:00:00,10:14:00,COM VÍTIMA,MADALENA,AV BEIRA RIO,,CIDADE,COLISÃO LATERAL,1,1,0,0,0,0,0,0,0,1,0,Longo da via,Bom,Incompleta,Seca,Perfeito estado,Não há placas,,,
2021-09-01 00:00:00,14:37:00,COM VÍTIMA,PRADO,AV ENGENHEIRO ABDIAS DE CARVALHO,354,CIDADE,COLISÃO TRASEIRA,1,1,0,0,0,0,0,0,0,1,0,Longo da via,Bom,Perfeito estado,Seca,Perfeito estado,Não há placas,,Única,Faixa contínua
2021-09-01 00:00:00,15:16:00,COM VÍTIMA,BOA VIAGEM,RUA JOAO CARDOSO AIRES,,,COLISÃO FRONTAL,1,1,0,0,0,0,0,0,0,1,0,,,,,,,,,
2021-09-01 00:00:00,15:33:00,COM VÍTIMA,VASCO DA GAMA,RUA ALTO NOVO MUNDO,,SUBURBIO,COLISÃO LATERAL,1,1,0,0,0,0,0,0,0,1,0,Longo da via,Bom,Não existente,Seca,Perfeito estado,Não há placas,30 km/h,Dupla,Não existe
2021-09-01 00:00:00,16:22:00,SEM VÍTIMA,CORDEIRO,AV GENERAL SAN MARTIN,,CIDADE,,1,0,0,0,0,0,0,0,2,0,0,Longo da via,Bom,Ilegível,Seca,Perfeito estado,Não há placas,,Dupla,Faixa contínua
2021-09-01 00:00:00,17:06:00,COM VÍTIMA,BOA VIAGEM,RUA PADRE CARAPUCEIRO,,,COLISÃO TRASEIRA,2,0,0,0,0,0,0,0,0,1,0,Longo da via,Bom,Perfeito estado,Seca,Perfeito estado,"Placas ""Pare""",,Única,Não existe
2021-09-01 00:00:00,18:41:00,COM VÍTIMA,IPSEP,RUA ALVARO MOREYRA,,CIDADE,COLISÃO LATERAL,1,1,0,0,0,0,0,0,0,1,0,Cruzamento,Bom,Perfeito estado,Seca,Perfeito estado,Outras,,Dupla,Faixa seccionada
2021-09-02 00:00:00,08:33:00,COM VÍTIMA,SÃO JOSÉ,VDO PAPA JOAO PAULO II,,BOA VIAGEM,COLISÃO COM CICLISTA,0,0,0,1,0,0,0,0,0,1,0,Longo da via,Bom,Perfeito estado,Seca,Perfeito estado,Não há placas,60 km/h,Única,Faixa seccionada
2021-09-02 00:00:00,08:54:00,COM VÍTIMA,PAISSANDU,AV GOVERNADOR AGAMENON MAGALHAES,69,BOA VIAGEM,ATROPELAMENTO DE PESSOA,0,1,0,0,2,0,0,0,0,2,0,Longo da via,Bom,Perfeito estado,Seca,Perfeito estado,Não há placas,60 km/h,Dupla,Canteiro central
2021-09-02 00:00:00,09:38:00,COM VÍTIMA,PAISSANDU,AV GOVERNADOR AGAMENON MAGALHAES,,SUBURBIO,ATROPELAMENTO DE PESSOA,0,1,0,0,2,0,0,0,0,2,0,,,,,,,,,
2021-09-02 00:00:00,10:14:00,COM VÍTIMA,JIQUIÁ,AV DR JOSE RUFINO,,SUBURBIO,COLISÃO TRASEIRA,0,1,0,0,0,0,1,0,0,1,0,Longo da via,Bom,Perfeito estado,Seca,Perfeito estado,Não há placas,,Dupla,Não existe
2021-09-02 00:00:00,15:22:00,COM VÍTIMA,PINA,PRC GOVERNADOR PAULO GUERRA,,CIDADE,COLISÃO TRASEIRA,0,2,0,0,0,0,0,0,0,2,0,Outros,Bom,Perfeito estado,Seca,Perfeito estado,Outras,60 km/h,Única,Faixa seccionada
2021-09-03 00:00:00,08:21:00,COM VÍTIMA,IPSEP,AV RECIFE,,CIDADE,COLISÃO TRASEIRA,1,1,0,0,0,0,0,0,0,1,0,Longo da via,Bom,Perfeito estado,Seca,Perfeito estado,,,,
2021-09-03 00:00:00,12:29:00,COM VÍTIMA,TORRE,AV PROFESSOR ESTEVAO FRANCISCO DA COSTA,280,,COLISÃO FRONTAL,1,1,0,0,0,0,0,0,0,1,0,Cruzamento,Bom,Perfeito estado,Seca,Perfeito estado,Outras,,Única,
2021-09-03 00:00:00,12:31:00,SEM VÍTIMA,BOA VIAGEM,AV ANTONIO TORRES GALVAO,,,COLISÃO TRASEIRA,0,0,0,0,0,0,0,0,0,0,0,,,,,,,,,
2021-09-03 00:00:00,12:36:00,COM VÍTIMA,TAMARINEIRA,RUA JUNDIA,,SUBURBIO,COLISÃO LATERAL,0,2,0,0,0,0,0,0,0,2,0,Longo da via,Bom,Perfeito estado,Seca,Perfeito estado,Não há placas,30 km/h,Dupla,Faixa seccionada
2021-09-03 00:00:00,14:18:00,COM VÍTIMA,MADALENA,AV BEIRA RIO,,CIDADE,COLISÃO LATERAL,1,1,0,0,0,0,0,0,0,1,0,Longo da via,Bom,Perfeito estado,Seca,Perfeito estado,,,Dupla,Faixa contínua
2021-09-03 00:00:00,15:02:00,COM VÍTIMA,IPUTINGA,AV MAURICIO DE NASSAU,,,COLISÃO LATERAL,1,1,0,0,0,0,0,0,0,1,0,Longo da via,Bom,Perfeito estado,Seca,Perfeito estado,Não há placas,,Dupla,Faixa contínua
2021-09-03 00:00:00,16:08:00,COM VÍTIMA,MADALENA,RUA REAL DA TORRE,,SUBURBIO,CHOQUE,1,0,0,0,0,0,0,0,0,1,0,Longo da via,Bom,Perfeito estado,Seca,Perfeito estado,Não há placas,60 km/h,Única,Faixa seccionada
2021-09-03 00:00:00,19:21:00,COM VÍTIMA,PINA,PTE GOVERNADOR PAULO GUERRA,,SUBURBIO,COLISÃO FRONTAL,1,1,0,0,0,0,0,0,0,1,0,Viaduto,Bom,Perfeito estado,Seca,Perfeito estado,Outras,,Única,Faixa seccionada
2021-09-04 00:00:00,13:40:00,COM VÍTIMA,IMBIRIBEIRA,AV MARECHAL MASCARENHAS DE MORAES,,CIDADE,COLISÃO LATERAL,1,1,0,0,0,0,0,0,0,1,0,Longo da via,Bom,Perfeito estado,Seca,Perfeito estado,Outras,60 km/h,Única,Faixa contínua
2021-09-04 00:00:00,17:26:00,COM VÍTIMA,CASA AMARELA,RUA VISCONDE DE TAUNAY,,,COLISÃO LATERAL,1,1,0,0,0,0,0,0,0,1,0,Longo da via,Bom,Perfeito estado,Seca,Perfeito estado,"Placas ""Pare""",,Dupla,Não existe
2021-09-05 00:00:00,09:33:00,COM VÍTIMA,IBURA,RUA VALE DO ITAJAI,,DUPLO,COLISÃO LATERAL,1,1,0,0,0,0,0,0,0,1,0,Cruzamento,Chuvoso,Não existente,Molhada,Perfeito estado,Não há placas,40 km/h,Dupla,Não existe
2021-09-05 00:00:00,10:24:00,COM VÍTIMA,JARDIM SÃO PAULO,RUA LEANDRO BARRETO,,CIDADE,COLISÃO TRANSVERSAL,1,1,0,0,0,0,0,0,0,1,0,Longo da via,Chuvoso,Não existente,Molhada,Mal conservada,Não há placas,,Dupla,Não existe
2021-09-05 00:00:00,11:49:00,COM VÍTIMA,JARDIM SÃO PAULO,RUA LEANDRO BARRETO,507,CIDADE,ATROPELAMENTO DE PESSOA,0,0,0,0,1,1,0,0,0,1,0,Longo da via,Bom,Incompleta,Seca,,Não há placas,,Dupla,Não existe
2021-09-05 00:00:00,14:11:00,COM VÍTIMA,PORTO DA MADEIRA,RUA RIO BEBERIBE,,SUBURBIO,COLISÃO FRONTAL,1,1,0,0,0,0,0,0,0,1,0,Cruzamento,Bom,Não existente,Seca,Perfeito estado,"Placas ""Pare""",,Dupla,Outros
2021-09-05 00:00:00,16:50:00,COM VÍTIMA,VÁRZEA,AV CAXANGA,,SUBURBIO,COLISÃO LATERAL,1,1,0,0,0,0,0,0,0,1,0,Longo da via,Bom,Perfeito estado,Seca,Perfeito estado,Não há placas,60 km/h,Única,Não existe
2021-09-05 00:00:00,23:10:40,COM VÍTIMA,IPUTINGA,AV MAURICIO DE NASSAU,,,COLISÃO TRASEIRA,1,1,0,0,0,0,0,0,0,1,0,,,,,,,,,
2021-09-06 00:00:00,06:54:00,COM VÍTIMA,MONTEIRO,RUA DE APIPUCOS,,SUBURBIO,COLISÃO TRANSVERSAL,2,1,0,0,0,0,0,0,0,1,0,Longo da via,Bom,Perfeito estado,Seca,Perfeito estado,Não há placas,60 km/h,Dupla,Faixa contínua
2021-09-06 00:00:00,08:24:00,COM VÍTIMA,ÁGUA FRIA,AV BEBERIBE,,DUPLO,COLISÃO TRANSVERSAL,1,1,0,0,0,0,0,0,0,1,0,Longo da via,Bom,Perfeito estado,Seca,Perfeito estado,Não há placas,,Dupla,Faixa contínua
2021-09-06 00:00:00,10:42:00,COM VÍTIMA,PRADO,AV ENGENHEIRO ABDIAS DE CARVALHO,327,CIDADE,COLISÃO TRASEIRA,3,0,0,0,0,0,0,0,0,1,0,Longo da via,Bom,Incompleta,Seca,Perfeito estado,Outras,60 km/h,Dupla,Canteiro central
2021-09-06 00:00:00,11:43:00,SEM VÍTIMA,BOA VIAGEM,RUA PADRE BERNADINO PESSOA,,,COLISÃO LATERAL,2,0,0,0,0,0,0,0,0,0,0,,,,,,,,,
2021-09-06 00:00:00,16:20:00,COM VÍTIMA,DERBY,AV GOVERNADOR AGAMENON MAGALHAES,,CIDADE,ATROPELAMENTO DE PESSOA,1,0,0,0,1,0,0,0,0,1,0,Longo da via,Bom,Perfeito estado,Seca,Perfeito estado,Outras,60 km/h,Dupla,Canal
2021-09-06 00:00:00,18:45:00,COM VÍTIMA,BOA VIAGEM,AV ARMINDO MOURA,,,COLISÃO FRONTAL,1,1,0,0,0,0,0,0,0,1,0,,,,,,,,,
2021-09-06 00:00:00,19:28:00,COM VÍTIMA,ÁGUA FRIA,AV BEBERIBE,187,SUBURBIO,COLISÃO COM CICLISTA,0,0,0,1,0,1,0,0,0,1,0,Cruzamento,Bom,Perfeito estado,Seca,Perfeito estado,R-6a,,Dupla,Faixa contínua
2021-09-07 00:00:00,13:37:00,COM VÍTIMA,SÃO JOSÉ,AV MARTINS DE BARROS,383,CIDADE,COLISÃO COM CICLISTA,1,0,0,1,0,0,0,0,0,1,0,Longo da via,Bom,Perfeito estado,Seca,Perfeito estado,Não há placas,,Dupla,Canteiro central
2021-09-07 00:00:00,17:26:00,COM VÍTIMA,VÁRZEA,AV PROFESSOR ARTUR DE SA,,,COLISÃO LATERAL,1,1,0,0,0,0,0,0,0,1,0,Longo da via,Bom,Não existente,Seca,Perfeito estado,Não há placas,,Dupla,Faixa
2021-09-07 00:00:00,17:59:00,COM VÍTIMA,BOA VIAGEM,AV BOA VIAGEM,,CIDADE,COLISÃO LATERAL,1,1,0,0,0,0,0,0,0,1,0,Longo da via,Bom,Perfeito estado,Seca,Perfeito estado,,,,