data,hora,natureza,bairro,endereco,num_semaforo,sentido_via,tipo,auto,moto,ciclom,ciclista,pedestre,onibus,caminhao,viatura,outros,vitimas,vitimasfatais,acidente_verificado,tempo_clima,sinalizacao,condicao_via,conservacao_via,situacao_placa,velocidade_max_via,mao_direcao,divisao_via1
2021-09-21 00:00:00,21:43:40,COM VÍTIMA,ENCRUZILHADA,AV BEBERIBE,186,SUBURBIO,ATROPELAMENTO DE PESSOA,1,0,0,0,1,0,0,0,0,1,0,Longo da via,Bom,Perfeito estado,Seca,Perfeito estado,R-6a,,Dupla,Faixa contínua
2021-09-21 00:00:00,21:55:40,COM VÍTIMA,BOA VIAGEM,AV CONSELHEIRO AGUIAR,,CIDADE,COLISÃO TRASEIRA,0,1,0,0,0,1,0,0,0,1,0,Longo da via,Bom,Perfeito estado,Seca,Perfeito estado,R-6a,60 km/h,Única,
2021-09-22 00:00:00,08:46:00,COM VÍTIMA,AFOGADOS,RUA COSME VIANA,503,SUBURBIO,COLISÃO TRANSVERSAL,1,1,0,0,0,0,0,0,0,1,0,Cruzamento,Bom,Incompleta,Seca,Perfeito estado,Outras,,Única,Faixa contínua
2021-09-22 00:00:00,12:15:00,COM VÍTIMA,CASA AMARELA,AV NORTE MIGUEL ARRAES DE ALENCAR,95,CIDADE,COLISÃO TRASEIRA,2,1,0,0,0,0,0,0,0,1,0,Longo da via,Bom,Perfeito estado,Seca,Perfeito estado,Outras,,Dupla,Faixa seccionada
2021-09-22 00:00:00,16:13:00,COM VÍTIMA,IPSEP,RUA JEAN EMILE FAVRE,70,SUBURBIO,ATROPELAMENTO DE PESSOA,1,0,0,0,2,0,0,0,0,2,0,Cruzamento,Bom,Perfeito estado,Seca,Perfeito estado,R-6a,,Dupla,Faixa contínua
2021-09-22 00:00:00,20:33:00,COM VÍTIMA,BOA VIAGEM,RUA ANTONIO FALCAO,,ÚNICO,CHOQUE,2,0,0,0,0,0,0,0,0,1,0,Longo da via,Bom,Perfeito estado,Seca,Perfeito estado,Não há placas,,Única,Faixa seccionada
2021-09-23 00:00:00,07:44:00,COM VÍTIMA,MACAXEIRA,AV NORTE MIGUEL ARRAES DE ALENCAR,,SUBURBIO,COLISÃO TRANSVERSAL,1,1,0,0,0,0,0,0,0,1,0,Cruzamento,Bom,Perfeito estado,Seca,Perfeito estado,Não há placas,60 km/h,,Não existe
2021-09-23 00:00:00,10:41:00,SEM VÍTIMA,BOA VISTA,AV CONDE DA BOA VISTA,299,CIDADE,COLISÃO TRASEIRA,1,0,0,0,0,0,0,1,0,0,0,Longo da via,Bom,Perfeito estado,Seca,Perfeito estado,Não há placas,,Dupla,Canteiro central
2021-09-23 00:00:00,12:50:00,COM VÍTIMA,IPSEP,RUA IBIPITUBA,,,COLISÃO TRANSVERSAL,1,1,0,0,0,0,0,0,0,1,0,Cruzamento,Bom,Não existente,Seca,Perfeito estado,Não há placas,,Dupla,Não existe
2021-09-23 00:00:00,17:23:00,COM VÍTIMA,PAISSANDU,RUA SPORT CLUBE DO RECIFE,,SUBURBIO,COLISÃO TRASEIRA,1,1,0,0,0,0,0,0,0,1,0,Longo da via,Bom,Perfeito estado,Seca,Perfeito estado,R-26,,Dupla,Faixa contínua
2021-09-23 00:00:00,17:41:00,COM VÍTIMA,ARRUDA,AV BEBERIBE,,CIDADE,ATROPELAMENTO DE PESSOA,0,1,0,0,1,0,0,0,0,1,0,Longo da via,Bom,Perfeito estado,Seca,Perfeito estado,Não há placas,,Dupla,Faixa contínua
2021-09-23 00:00:00,18:48:00,COM VÍTIMA,IMBIRIBEIRA,RUA ARQUITETO LUIZ NUNES,634,CIDADE,COLISÃO TRANSVERSAL,1,1,0,0,0,0,0,0,0,1,0,Cruzamento,Bom,Perfeito estado,Seca,Perfeito estado,Não há placas,40 km/h,Dupla,
2021-09-23 00:00:00,19:35:00,COM VÍTIMA,AFOGADOS,RUA SAO MIGUEL,53,SUBURBIO,CHOQUE,0,0,0,0,0,1,0,0,0,1,0,Cruzamento,Bom,Perfeito estado,Seca,Perfeito estado,Outras,,Única,Faixa seccionada
2021-09-24 00:00:00,08:25:00,COM VÍTIMA,APIPUCOS,RUA DE APIPUCOS,540,,CHOQUE,1,0,0,0,0,0,0,0,0,1,0,Longo da via,Chuvoso,Perfeito estado,Molhada,Perfeito estado,Outras,,Dupla,Faixa contínua
2021-09-24 00:00:00,10:39:00,COM VÍTIMA,MADALENA,RUA BENFICA,,CIDADE,COLISÃO COM CICLISTA,1,0,0,1,0,0,0,0,0,1,0,Longo da via,Bom,Perfeito estado,Seca,Perfeito estado,Não há placas,,Dupla,Outros
2021-09-24 00:00:00,16:13:00,SEM VÍTIMA,BOA VIAGEM,RUA CAPITAO ZUZINHA,433,CIDADE,COLISÃO TRANSVERSAL,0,0,0,0,0,0,0,1,0,0,0,,,,,,,,,
2021-09-24 00:00:00,16:05:00,SEM VÍTIMA,BOA VIAGEM,RUA CAPITAO ZUZINHA,420,SUBURBIO,COLISÃO TRANSVERSAL,0,0,0,0,0,0,0,0,0,0,0,,,,,,,,,
2021-09-24 00:00:00,18:04:00,COM VÍTIMA,AREIAS,AV PRESIDENTE DUTRA,,AEROPORTO INTERNACIONA DO RECIFE,COLISÃO COM CICLISTA,0,1,0,1,0,0,0,0,0,1,0,Longo da via,Bom,Perfeito estado,Seca,Perfeito estado,Não há placas,,Dupla,Canteiro central
2021-09-25 00:00:00,10:25:00,COM VÍTIMA,PINA,AVENIDA CELSO FURTADO (VIA MANGUE),,CIDADE,QUEDA,0,1,0,0,0,0,0,0,0,1,0,Longo da via,Bom,Perfeito estado,Seca,Perfeito estado,Não há placas,60 km/h,Dupla,Canteiro central
2021-09-25 00:00:00,10:49:00,COM VÍTIMA,IPUTINGA,AV CAXANGA,229,CIDADE,COLISÃO LATERAL,0,2,0,0,0,0,0,0,0,1,0,Longo da via,Bom,Incompleta,Seca,,Não há placas,,Dupla,Canteiro central
2021-09-26 00:00:00,11:44:00,COM VÍTIMA,BEBERIBE,PRC DA CONVENCAO,,,QUEDA,0,1,0,0,0,0,0,0,0,1,0,,,,,,,,,
2021-09-26 00:00:00,16:32:00,COM VÍTIMA,GRAÇAS,AV RUI BARBOSA,126,CIDADE,COLISÃO COM CICLISTA,1,0,0,1,0,0,0,0,0,1,0,Cruzamento,Bom,Perfeito estado,Seca,Perfeito estado,Não há placas,,Única,Não existe
2021-09-27 00:00:00,01:52:00,SEM VÍTIMA,ILHA JOANA BEZERRA,VIADUTO CAPITAO TEMUDO,,,CHOQUE,1,0,0,0,0,0,0,0,0,0,0,,,,,,,,,
2021-09-27 00:00:00,06:18:00,COM VÍTIMA,PRADO,AV ENGENHEIRO ABDIAS DE CARVALHO,354,CIDADE,COLISÃO FRONTAL,1,1,0,0,0,0,0,0,0,1,0,Cruzamento,Bom,Perfeito estado,Seca,Perfeito estado,Outras,60 km/h,Dupla,Canteiro central
2021-09-27 00:00:00,08:40:00,COM VÍTIMA,TEJIPIÓ,RUA APRIGIO GUIMARAES,157,SUBURBIO,QUEDA,0,1,0,0,0,0,0,0,0,1,0,Longo da via,Bom,Perfeito estado,Seca,Mal conservada,R-6a,,Dupla,Faixa contínua
2021-09-27 00:00:00,14:44:00,COM VÍTIMA,TORRÕES,RUA DR MIGUEL VIEIRA FERREIRA,,SUBURBIO,COLISÃO TRANSVERSAL,2,0,0,0,0,0,0,0,0,1,0,Cruzamento,Bom,Perfeito estado,Seca,Perfeito estado,"Placas ""Pare""",,Dupla,Faixa seccionada
2021-09-27 00:00:00,15:25:00,COM VÍTIMA,SANTO AMARO,AV GOVERNADOR AGAMENON MAGALHAES,,,ENGAVETAMENTO,3,0,0,0,0,0,0,0,0,2,0,,,,,,,,,
2021-09-27 00:00:00,15:37:00,COM VÍTIMA,IMBIRIBEIRA,RUA JOSE DA SILVA LUCENA,,SUBURBIO,COLISÃO FRONTAL,1,1,0,0,0,0,0,0,0,1,0,Cruzamento,Bom,Perfeito estado,Seca,Perfeito estado,Não há placas,60 km/h,Dupla,Não existe
2021-09-27 00:00:00,16:14:00,SEM VÍTIMA,CAMPO GRANDE,RUA FRANCISCO BERENGUER,,SUBURBIO,COLISÃO TRASEIRA,2,0,0,0,0,0,0,0,0,0,0,Longo da via,Bom,,Seca,Perfeito estado,Não há placas,30 km/h,Dupla,Não existe
2021-09-27 00:00:00,20:08:00,COM VÍTIMA,IBURA,AV DOIS RIOS,,SUBURBIO,COLISÃO FRONTAL,1,2,0,0,0,0,0,0,0,2,0,Longo da via,Bom,Perfeito estado,Seca,Perfeito estado,Não há placas,,Dupla,Não existe
2021-09-27 00:00:00,21:53:40,COM VÍTIMA,CASA AMARELA,RUA DOIS DE FEVEREIRO,,CIDADE,COLISÃO FRONTAL,1,1,0,0,0,0,0,0,0,1,0,Longo da via,Bom,Ilegível,Seca,Perfeito estado,Outras,,Dupla,Faixa contínua
2021-09-28 00:00:00,01:09:00,SEM VÍTIMA,BAIRRO DO RECIFE,AV MILITAR,,,CHOQUE,1,0,0,0,0,0,0,0,0,0,0,,,,,,,,,
2021-09-28 00:00:00,11:53:00,COM VÍTIMA,SANTO AMARO,AV CRUZ CABUGA,457,CIDADE,COLISÃO TRANSVERSAL,0,0,0,0,0,2,0,0,0,2,0,Longo da via,Bom,Perfeito estado,Seca,Perfeito estado,Outras,,Dupla,Faixa contínua
2021-09-28 00:00:00,12:47:00,COM VÍTIMA,TAMARINEIRA,RUA CONEGO BARATA,62,CIDADE,COLISÃO TRASEIRA,0,1,0,0,0,1,0,0,0,1,0,Cruzamento,Bom,Perfeito estado,Seca,Perfeito estado,R-6a,,Dupla,Canteiro central
2021-09-28 00:00:00,14:18:00,COM VÍTIMA,CASA AMARELA,RUA PADRE LEMOS,,CIDADE,COLISÃO FRONTAL,1,1,0,0,0,0,0,0,0,1,0,Longo da via,Bom,Perfeito estado,Seca,Perfeito estado,"Placas ""Pare""",,Dupla,Não existe
2021-09-28 00:00:00,17:37:00,COM VÍTIMA,IMBIRIBEIRA,AV MARECHAL MASCARENHAS DE MORAES,290,CIDADE,ATROPELAMENTO DE PESSOA,1,0,0,0,1,0,0,0,0,1,0,Longo da via,Bom,Perfeito estado,Seca,Perfeito estado,R-6a,,Única,Faixa contínua
2021-09-28 00:00:00,19:57:00,COM VÍTIMA,PRADO,AV ENGENHEIRO ABDIAS DE CARVALHO,,SUBURBIO,ATROPELAMENTO DE ANIMAL,0,1,0,0,0,0,0,0,0,1,0,Longo da via,Bom,Perfeito estado,Seca,Perfeito estado,Não há placas,,Dupla,Faixa seccionada
2021-09-29 00:00:00,00:10:00,SEM VÍTIMA,ESPINHEIRO,RUA MARQUES DO PARANA,,,COLISÃO FRONTAL,0,0,0,0,0,0,0,0,0,0,0,,,,,,,,,
2021-09-29 00:00:00,07:34:00,COM VÍTIMA,IPSEP,RUA JEAN EMILE FAVRE,564,SUBURBIO,COLISÃO TRANSVERSAL,1,1,0,0,0,0,0,0,0,1,0,Cruzamento,Bom,Perfeito estado,Seca,Perfeito estado,R-26,,Dupla,Faixa contínua
2021-09-29 00:00:00,11:22:00,COM VÍTIMA,PINA,AV ENGENHEIRO DOMINGOS FERREIRA,142,SUBURBIO,COLISÃO TRASEIRA,1,1,0,0,0,0,0,0,0,1,0,Cruzamento,Bom,Perfeito estado,Seca,Perfeito estado,R-4b,,Dupla,Canteiro central
2021-09-29 00:00:00,12:34:00,COM VÍTIMA,BAIRRO DO RECIFE,AV ALFREDO LISBOA,477,CIDADE,COLISÃO TRASEIRA,2,1,0,0,0,0,0,0,0,1,0,Longo da via,Bom,Perfeito estado,Seca,Perfeito estado,R-6a,30 km/h,,Faixa seccionada
2021-09-29 00:00:00,12:52:00,SEM VÍTIMA,BOA VISTA,RUA DOM BOSCO,,SUBURBIO,,1,0,0,0,0,0,0,1,0,0,0,Longo da via,Bom,Perfeito estado,Seca,Perfeito estado,Outras,40 km/h,Única,Faixa seccionada
2021-09-29 00:00:00,22:45:40,COM VÍTIMA,MADALENA,AV CAXANGA,,SUBURBIO,ATROPELAMENTO DE ANIMAL,0,1,0,0,0,0,0,0,0,1,0,Longo da via,Chuvoso,Perfeito estado,Molhada,Perfeito estado,Não há placas,,Dupla,Canteiro central
2021-09-30 00:00:00,03:20:00,COM VÍTIMA,BOA VIAGEM,RUA BARAO DE SOUZA LEAO,129,CIDADE,COLISÃO TRANSVERSAL,1,1,0,0,0,0,0,0,0,1,0,Cruzamento,Chuvoso,Perfeito estado,Molhada,Mal iluminada,R-6a,,Única,Faixa contínua
2021-09-30 00:00:00,03:47:00,SEM VÍTIMA,CASA FORTE,AV DEZESSETE DE AGOSTO,,,COLISÃO TRASEIRA,2,0,0,0,0,0,0,0,0,0,0,,,,,,,,,
2021-09-30 00:00:00,07:51:00,COM VÍTIMA,GRAÇAS,AV CONS ROSA E SILVA,,CIDADE,COLISÃO FRONTAL,1,1,0,0,0,0,0,0,0,2,0,Longo da via,Bom,Perfeito estado,Molhada,Perfeito estado,Não há placas,,Única,Canteiro central
2021-09-30 00:00:00,08:49:00,COM VÍTIMA,BOA VIAGEM,AVENIDA CELSO FURTADO (VIA MANGUE),,SUBURBIO,COLISÃO TRASEIRA,1,1,0,0,0,0,0,0,0,1,0,Longo da via,Bom,Perfeito estado,Seca,Perfeito estado,Não há placas,60 km/h,Única,Faixa seccionada
2021-09-30 00:00:00,15:00:00,SEM VÍTIMA,DOIS IRMÃOS,EST DOS PINTOS,,,COLISÃO LATERAL,2,0,0,0,0,0,0,0,0,0,0,,,,,,,,,
2021-09-30 00:00:00,17:59:00,COM VÍTIMA,DERBY,RUA JOAQUIM NABUCO,,SUBURBIO,,1,1,0,0,0,0,0,0,0,1,0,Longo da via,Bom,Perfeito estado,Seca,Perfeito estado,R-6a,,Única,Faixa seccionada
2021-09-30 00:00:00,19:00:00,SEM VÍTIMA,GRAÇAS,AV GOVERNADOR AGAMENON MAGALHAES,,,COLISÃO TRANSVERSAL,3,0,0,0,0,0,0,0,0,0,0,,,,,,,,,
2021-09-30 00:00:00,21:04:40,COM VÍTIMA,TAMARINEIRA,EST VELHA DE AGUA FRIA,,CIDADE,COLISÃO TRANSVERSAL,0,0,0,0,0,0,0,0,0,1,0,Longo da via,Bom,Perfeito estado,Seca,Perfeito estado,Não há placas,,Dupla,Faixa contínua
2021-10-01 00:00:00,01:57:00,COM VÍTIMA,APIPUCOS,AV DEZESSETE DE AGOSTO,,CIDADE,CHOQUE,1,0,0,0,0,0,0,0,0,1,0,Longo da via,Bom,Perfeito estado,Molhada,Perfeito estado,Não há placas,,Dupla,Faixa contínua
2021-10-01 00:00:00,02:55:00,SEM VÍTIMA,ESPINHEIRO,RUA DA HORA,,,COLISÃO LATERAL,2,0,0,0,0,0,0,0,0,0,0,,,,,,,,,
2021-10-01 00:00:00,07:31:00,COM VÍTIMA,SÃO JOSÉ,AV ENGENHEIRO JOSE ESTELITA,,SUBURBIO,COLISÃO FRONTAL,1,1,0,0,0,0,0,0,0,1,0,Longo da via,Bom,Ilegível,Seca,Perfeito estado,Não há placas,,Única,Faixa seccionada
2021-10-01 00:00:00,08:37:00,COM VÍTIMA,CORDEIRO,AV CAXANGA,,CIDADE,ATROPELAMENTO DE PESSOA,1,1,0,0,1,0,0,0,0,2,0,Longo da via,Bom,Perfeito estado,Seca,Perfeito estado,Não há placas,,Dupla,Canteiro central
2021-10-01 00:00:00,12:20:00,COM VÍTIMA,AREIAS,AV TAPAJOS,,SUBURBIO,COLISÃO TRASEIRA,0,1,0,0,0,0,0,0,0,1,0,Longo da via,Bom,Perfeito estado,Seca,Perfeito estado,Outras,,Dupla,Faixa contínua
2021-10-01 00:00:00,12:54:00,COM VÍTIMA,SANTO AMARO,AV GOVERNADOR AGAMENON MAGALHAES,,SUBURBIO,COLISÃO FRONTAL,1,1,0,0,0,0,0,0,0,1,0,Longo da via,Bom,Perfeito estado,Seca,Perfeito estado,,,,
2021-10-01 00:00:00,15:50:00,COM VÍTIMA,SANTO AMARO,AV CRUZ CABUGA,,SUBURBIO,COLISÃO TRANSVERSAL,1,1,0,0,0,0,0,0,0,1,0,Longo da via,Bom,Perfeito estado,Seca,Perfeito estado,Outras,60 km/h,Dupla,Faixa seccionada
2021-10-01 00:00:00,18:24:00,COM VÍTIMA,BONGI,AV ENGENHEIRO ABDIAS DE CARVALHO,,SUBURBIO,ENGAVETAMENTO,4,0,0,0,0,0,0,0,0,2,0,Longo da via,Bom,Perfeito estado,Seca,Perfeito estado,Não há placas,60 km/h,Única,Faixa seccionada
2021-10-01 00:00:00,19:51:00,COM VÍTIMA,IBURA,AV DOIS RIOS,,SUBURBIO,COLISÃO TRASEIRA,0,2,0,0,0,0,0,0,0,2,0,Longo da via,Bom,Não existente,Seca,Perfeito estado,Não há placas,,Dupla,Faixa contínua
2021-10-02 00:00:00,00:25:00,COM VÍTIMA,SÃO JOSÉ,AV SUL,,SUBURBIO,COLISÃO FRONTAL,0,1,0,0,0,1,0,0,0,1,0,Longo da via,Chuvoso,Perfeito estado,Molhada,Perfeito estado,Não há placas,,Dupla,Faixa contínua
2021-10-02 00:00:00,02:15:00,SEM VÍTIMA,PINA,AVENIDA CELSO FURTADO (VIA MANGUE),,SUBURBIO,CHOQUE,1,0,0,0,0,0,0,0,0,0,0,Longo da via,Chuvoso,Perfeito estado,Molhada,Perfeito estado,Outras,,Dupla,Faixa contínua
2021-10-02 00:00:00,08:02:00,SEM VÍTIMA,CORDEIRO,AV CAXANGA,,CIDADE,COLISÃO TRASEIRA,2,0,0,0,0,1,0,0,0,0,0,Longo da via,Bom,Perfeito estado,Seca,Perfeito estado,R-6a,,Dupla,Faixa seccionada
2021-10-02 00:00:00,10:51:00,COM VÍTIMA,LINHA DO TIRO,RUA GUARAJA,,S,COLISÃO FRONTAL,1,1,0,0,0,0,0,0,0,1,0,Cruzamento,Bom,Perfeito estado,Seca,,"Placas ""Pare""",20 km/h,Dupla,Não existe
2021-10-02 00:00:00,12:33:00,COM VÍTIMA,SANTO ANTÔNIO,AV MARTINS DE BARROS,194,,ATROPELAMENTO DE PESSOA,1,0,0,0,1,0,0,0,0,1,0,Longo da via,Bom,Perfeito estado,Seca,Perfeito estado,Outras,40 km/h,Única,Faixa seccionada
2021-10-02 00:00:00,12:39:00,COM VÍTIMA,JORDÃO,AV DONA CARENTINA,,,COLISÃO LATERAL,1,1,0,0,0,0,0,0,0,1,0,,,,,,,,,
2021-10-02 00:00:00,16:02:00,COM VÍTIMA,IBURA,AV ENGENHO SERRA VERDE,,CIDADE,COLISÃO FRONTAL,1,1,0,0,0,0,0,0,0,1,0,Longo da via,Bom,Perfeito estado,Seca,Perfeito estado,R-6a,,Única,Não existe
2021-10-02 00:00:00,16:46:00,COM VÍTIMA,CASA AMARELA,EST DO ARRAIAL,,,ATROPELAMENTO DE PESSOA,1,0,0,0,0,0,0,0,0,1,0,,,,,,,,,
2021-10-02 00:00:00,17:06:00,COM VÍTIMA,DOIS IRMÃOS,RUA MANUEL DE MEDEIROS,,,COLISÃO TRASEIRA,2,0,0,0,0,0,0,0,0,1,0,Longo da via,Bom,Não existente,Seca,Mal conservada,Outras,,Dupla,Faixa seccionada
2021-10-02 00:00:00,17:38:00,VÍTIMA FATAL,MADALENA,AV CAXANGA,,SUBURBIO,CHOQUE,0,0,0,0,0,0,0,0,0,2,1,Longo da via,Bom,Incompleta,Seca,Perfeito estado,Não há placas,60 km/h,Dupla,Faixa contínua
2021-10-02 00:00:00,20:54:40,COM VÍTIMA,COHAB,AV SANTA FE,,SUBURBIO,COLISÃO FRONTAL,0,2,0,0,0,0,0,0,0,2,0,Longo da via,Bom,Perfeito estado,Seca,Perfeito estado,Não há placas,,Dupla,Faixa seccionada
2021-10-02 00:00:00,21:42:40,COM VÍTIMA,CASA AMARELA,AV NORTE MIGUEL ARRAES DE ALENCAR,,CIDADE,COLISÃO TRASEIRA,0,0,0,0,0,0,0,0,0,1,0,Longo da via,Bom,Perfeito estado,Seca,Perfeito estado,Não há placas,,Dupla,Faixa seccionada
2021-10-03 00:00:00,08:32:00,SEM VÍTIMA,SANTO ANTÔNIO,PRC DA REPUBLICA,,CIDADE,CHOQUE,1,0,0,0,0,0,0,0,0,0,0,Longo da via,Bom,Perfeito estado,Seca,Perfeito estado,Outras,,,Faixa contínua
2021-10-03 00:00:00,15:41:00,COM VÍTIMA,NOVA DESCOBERTA,AV VEREADOR OTACILIO AZEVEDO,,SUBURBIO,ATROPELAMENTO DE PESSOA,1,0,0,0,1,0,0,0,0,1,0,Longo da via,Bom,Não existente,Seca,Perfeito estado,Outras,30 km/h,Dupla,Não existe
2021-10-03 00:00:00,16:21:00,COM VÍTIMA,ÁGUA FRIA,AV BEBERIBE,,,COLISÃO FRONTAL,1,1,0,0,0,0,0,0,0,1,0,,,,,,,,,
2021-10-03 00:00:00,20:14:00,COM VÍTIMA,IMBIRIBEIRA,AV GENERAL MAC ARTHUR,402,,COLISÃO TRASEIRA,1,1,0,0,0,0,0,0,0,2,0,Cruzamento,Bom,Perfeito estado,Seca,Perfeito estado,Outras,,Única,Faixa seccionada
2021-10-03 00:00:00,20:35:40,COM VÍTIMA,TAMARINEIRA,AV NORTE MIGUEL ARRAES DE ALENCAR,62,SUBURBIO,COLISÃO FRONTAL,2,0,0,0,0,0,0,0,0,1,0,Cruzamento,Bom,Perfeito estado,Seca,Perfeito estado,Não há placas,,Dupla,Faixa seccionada
2021-10-04 00:00:00,00:19:00,COM VÍTIMA,IBURA,AV DOIS RIOS,351,SUBURBIO,COLISÃO TRANSVERSAL,1,1,0,0,0,0,0,0,0,1,0,Longo da via,Bom,Perfeito estado,Seca,Perfeito estado,"Placas ""Pare""",,Dupla,Faixa contínua
2021-10-04 00:00:00,08:12:00,COM VÍTIMA,VÁRZEA,AV BARAO DE BONITO,,CIDADE,COLISÃO TRANSVERSAL,1,1,0,0,0,0,0,0,0,2,0,Longo da via,Bom,Ilegível,Seca,Perfeito estado,R-6a,30 km/h,Dupla,Não existe
2021-10-04 00:00:00,08:48:00,SEM VÍTIMA,SANTO AMARO,AV GOVERNADOR AGAMENON MAGALHAES,378,SUBURBIO,CHOQUE,1,0,0,0,0,0,0,0,0,0,0,Longo da via,Bom,Perfeito estado,Seca,Perfeito estado,Não há placas,60 km/h,,Faixa contínua
2021-10-04 00:00:00,09:16:00,COM VÍTIMA,PARNAMIRIM,AV FLOR DE SANTANA,,CIDADE,COLISÃO TRANSVERSAL,1,1,0,0,0,0,0,0,0,1,0,Longo da via,Bom,Ilegível,Seca,Perfeito estado,R-6a,,Dupla,Não existe
2021-10-04 00:00:00,10:14:00,COM VÍTIMA,BOA VIAGEM,RUA COSMORAMA,,SUBURBIO,COLISÃO FRONTAL,1,1,0,0,0,0,0,0,0,1,0,Longo da via,Bom,Perfeito estado,Seca,Perfeito estado,Não há placas,40 km/h,Dupla,Faixa seccionada
2021-10-04 00:00:00,10:25:00,COM VÍTIMA,BOA VISTA,AV CONDE DA BOA VISTA,,CIDADE,QUEDA,0,1,0,0,0,0,0,0,0,1,0,Longo da via,Bom,Perfeito estado,Seca,Perfeito estado,Não há placas,,Dupla,Canteiro central
2021-10-04 00:00:00,10:48:00,COM VÍTIMA,IPUTINGA,AV MAURICIO DE NASSAU,,SUBURBIO,COLISÃO TRANSVERSAL,1,1,0,0,0,0,0,0,0,1,0,Longo da via,Bom,Perfeito estado,Seca,Perfeito estado,R-6a,,Dupla,Faixa contínua
2021-10-04 00:00:00,12:25:00,SEM VÍTIMA,CORDEIRO,AV CAXANGA,,CIDADE,COLISÃO TRASEIRA,1,0,0,0,0,1,0,0,0,0,0,Longo da via,Bom,Perfeito estado,Seca,Perfeito estado,Outras,,Dupla,Canteiro central
2021-10-04 00:00:00,15:26:00,COM VÍTIMA,CORDEIRO,RUA DR MIGUEL VIEIRA FERREIRA,,CIDADE,COLISÃO TRANSVERSAL,0,2,0,0,0,0,0,0,0,1,0,Cruzamento,Bom,Incompleta,Seca,Perfeito estado,,,Dupla,
2021-10-04 00:00:00,16:02:00,SEM VÍTIMA,GRAÇAS,AV RUI BARBOSA,460,,CHOQUE,1,0,0,0,0,0,0,0,0,0,0,,,,,,,,,
2021-10-04 00:00:00,17:32:00,COM VÍTIMA,SANTO AMARO,AV NORTE MIGUEL ARRAES DE ALENCAR,243,SUBURBIO,COLISÃO TRANSVERSAL,1,1,0,0,0,0,0,0,0,1,0,Cruzamento,Bom,Perfeito estado,Seca,Perfeito estado,Não há placas,,Dupla,Faixa contínua
2021-10-04 00:00:00,18:17:00,COM VÍTIMA,NOVA DESCOBERTA,RUA ALTO JARDIM PROGRESSO,,SUBURBIO,ATROPELAMENTO DE PESSOA,1,0,0,0,1,0,0,0,0,1,0,Longo da via,Bom,Não existente,Seca,Perfeito estado,Não há placas,,Dupla,Não existe
2021-10-05 00:00:00,06:35:00,COM VÍTIMA,SANTO ANTÔNIO,RUA DO SOL,,CIDADE,QUEDA,0,1,0,0,0,0,0,0,0,1,0,Outros,Bom,Não existente,Oleosa,Perfeito estado,Não há placas,30 km/h,Única,Faixa seccionada
2021-10-05 00:00:00,07:56:00,COM VÍTIMA,CASA AMARELA,EST DO ARRAIAL,,SUBURBIO,COLISÃO FRONTAL,1,1,0,0,0,0,0,0,0,1,0,Longo da via,Bom,Perfeito estado,Seca,Perfeito estado,R-4b,,Única,Faixa seccionada
2021-10-05 00:00:00,09:36:00,COM VÍTIMA,GRAÇAS,RUA JOAQUIM NABUCO,,SUBURBIO,COLISÃO TRANSVERSAL,1,1,0,0,0,0,0,0,0,2,0,Longo da via,Bom,Perfeito estado,Seca,Perfeito estado,Outras,40 km/h,Única,Não existe
2021-10-05 00:00:00,10:19:00,COM VÍTIMA,TAMARINEIRA,RUA CONEGO BARATA,62,CIDADE,COLISÃO FRONTAL,1,1,0,0,0,0,0,0,0,1,0,Cruzamento,Bom,Perfeito estado,Seca,Perfeito estado,R-4a,,Dupla,Faixa contínua
2021-10-05 00:00:00,12:55:00,COM VÍTIMA,AREIAS,AV CAPITAO GREGORIO DE CALDAS,,,COLISÃO FRONTAL,1,1,0,0,0,0,0,0,0,1,0,Longo da via,Bom,Incompleta,Seca,Perfeito estado,Não há placas,,Dupla,Canteiro central
2021-10-05 00:00:00,17:26:00,COM VÍTIMA,CASA AMARELA,AV NORTE MIGUEL ARRAES DE ALENCAR,,SUBURBIO,ATROPELAMENTO DE PESSOA,0,1,0,0,1,0,0,0,0,1,0,Longo da via,Bom,Perfeito estado,Seca,Perfeito estado,R-6a,,Dupla,Faixa seccionada
2021-10-05 00:00:00,23:15:40,COM VÍTIMA,TAMARINEIRA,RUA CONEGO BARATA,347,SUBURBIO,ATROPELAMENTO DE PESSOA,0,0,0,0,1,0,0,0,0,1,0,Longo da via,Bom,Perfeito estado,Seca,Perfeito estado,Outras,,Dupla,Canteiro central
2021-10-06 00:00:00,05:00:00,COM VÍTIMA,DERBY,AV GOVERNADOR AGAMENON MAGALHAES,68,CIDADE,COLISÃO TRANSVERSAL,1,0,0,0,0,0,0,0,0,2,0,Cruzamento,Bom,Perfeito estado,Seca,Perfeito estado,Outras,,Única,Faixa seccionada
2021-10-06 00:00:00,08:58:00,COM VÍTIMA,CORDEIRO,AV CAXANGA,236,SUBURBIO,COLISÃO TRASEIRA,0,2,0,0,0,0,0,0,0,2,0,Longo da via,Bom,Perfeito estado,Seca,Perfeito estado,Não há placas,,Única,Faixa contínua
2021-10-06 00:00:00,09:38:00,COM VÍTIMA,CAMPO GRANDE,RUA PRUDENTE DE MORAES,,CIDADE,COLISÃO TRANSVERSAL,1,1,0,0,0,0,0,0,0,1,0,Cruzamento,Bom,Perfeito estado,Seca,Perfeito estado,"Placas ""Pare""",,Dupla,Faixa seccionada