data,hora,natureza,bairro,endereco,num_semaforo,sentido_via,tipo,auto,moto,ciclom,ciclista,pedestre,onibus,caminhao,viatura,outros,vitimas,vitimasfatais,acidente_verificado,tempo_clima,sinalizacao,condicao_via,conservacao_via,situacao_placa,velocidade_max_via,mao_direcao,divisao_via1
2021-10-06 00:00:00,09:53:00,COM VÍTIMA,AREIAS,AV DR JOSE RUFINO,508,SUBURBIO,ATROPELAMENTO DE PESSOA,1,0,0,0,1,0,0,0,0,1,0,Longo da via,Bom,Perfeito estado,Seca,Perfeito estado,R-6a,,Dupla,Faixa contínua
2021-10-06 00:00:00,10:45:00,COM VÍTIMA,IPSEP,AV RECIFE,,,ATROPELAMENTO DE PESSOA,0,1,0,0,1,0,0,0,0,1,0,,,,,,,,,
2021-10-06 00:00:00,10:46:00,COM VÍTIMA,IPSEP,AV RECIFE,,SUBURBIO,ATROPELAMENTO DE PESSOA,0,0,0,0,0,0,0,0,0,1,0,Longo da via,Bom,Incompleta,Seca,Mal conservada,Não há placas,,Dupla,Canteiro central
2021-10-06 00:00:00,11:02:00,COM VÍTIMA,BOA VIAGEM,AV HERCULANO BANDEIRA,,SUBURBIO,COLISÃO FRONTAL,1,1,0,0,0,0,0,0,0,1,0,Longo da via,Bom,Perfeito estado,Seca,Perfeito estado,Não há placas,60 km/h,Única,Faixa seccionada
2021-10-06 00:00:00,12:27:00,COM VÍTIMA,ILHA DO LEITE,PTE JOSE DE BARROS LIMA,,SUBURBIO,COLISÃO COM CICLISTA,0,0,0,1,0,1,0,0,0,1,0,Viaduto,Bom,Não existente,Seca,Perfeito estado,Não há placas,60 km/h,Dupla,Canteiro central
2021-10-06 00:00:00,15:17:00,COM VÍTIMA,BOA VIAGEM,AV ENGENHEIRO DOMINGOS FERREIRA,,SUBURBIO,QUEDA,0,1,0,0,0,0,0,0,0,1,0,Longo da via,Bom,Perfeito estado,Seca,Perfeito estado,Não há placas,60 km/h,Única,Faixa seccionada
2021-10-06 00:00:00,15:20:00,SEM VÍTIMA,CASA FORTE,AV DEZESSETE DE AGOSTO,,CIDADE,COLISÃO TRASEIRA,1,0,0,0,0,0,0,1,0,0,0,Longo da via,Chuvoso,Perfeito estado,Molhada,Perfeito estado,Outras,,Dupla,Faixa contínua
2021-10-06 00:00:00,16:57:00,COM VÍTIMA,BOA VIAGEM,AV CONSELHEIRO AGUIAR,5,CIDADE,COLISÃO FRONTAL,1,1,0,0,0,0,0,0,0,1,0,Cruzamento,Bom,Perfeito estado,Seca,Perfeito estado,Não há placas,,Única,Faixa seccionada
2021-10-06 00:00:00,18:00:00,COM VÍTIMA,MACAXEIRA,AV NORTE MIGUEL ARRAES DE ALENCAR,,SUBURBIO,COLISÃO FRONTAL,0,1,0,0,0,1,0,0,0,1,0,Longo da via,Bom,Não existente,Seca,Perfeito estado,Não há placas,,Única,Não existe
2021-10-06 00:00:00,18:52:00,SEM VÍTIMA,BOA VISTA,RUA DO HOSPICIO,,SUBURBIO,,0,0,0,0,0,1,0,1,0,0,0,Longo da via,Bom,Não existente,Seca,Perfeito estado,Não há placas,,Única,Faixa seccionada
2021-10-06 00:00:00,21:44:40,COM VÍTIMA,PINA,AV ANTONIO DE GOES,103,CIDADE,COLISÃO TRANSVERSAL,1,1,0,0,0,0,0,0,0,1,0,Cruzamento,Bom,Perfeito estado,Seca,Perfeito estado,,,Dupla,Faixa contínua
2021-10-07 00:00:00,07:24:00,COM VÍTIMA,CAMPO GRANDE,RUA MARQUES DE ABRANTES,,,COLISÃO LATERAL,2,0,0,0,0,0,0,0,0,1,0,Cruzamento,Bom,Não existente,Seca,Perfeito estado,Não há placas,,Única,Não existe
2021-10-07 00:00:00,09:30:00,COM VÍTIMA,ÁGUA FRIA,RUA SAO SEBASTIAO,,BOMBA DO HEMITERIO,COLISÃO LATERAL,2,0,0,0,0,0,0,0,0,1,0,Longo da via,Bom,Perfeito estado,Seca,Perfeito estado,Outras,30 km/h,Dupla,Faixa seccionada
2021-10-07 00:00:00,11:15:00,COM VÍTIMA,BOA VIAGEM,RUA SA E SOUZA,,CIDADE,COLISÃO FRONTAL,2,0,0,0,0,0,0,0,0,1,0,Cruzamento,Bom,Perfeito estado,Seca,Perfeito estado,"Placas ""Pare""",,Dupla,Faixa seccionada
2021-10-07 00:00:00,12:44:00,SEM VÍTIMA,SANTO AMARO,RUA NUMA POMPILHO,,SUBURBIO,COLISÃO TRASEIRA,0,1,0,0,0,0,0,1,0,0,0,Longo da via,Bom,Perfeito estado,Seca,Perfeito estado,Não há placas,60 km/h,Única,Não existe
2021-10-07 00:00:00,13:28:00,COM VÍTIMA,SÃO JOSÉ,VDO DAS CINCO PONTAS,,,COLISÃO LATERAL,1,1,0,0,0,0,0,0,0,1,0,,,,,,,,,
2021-10-07 00:00:00,17:25:00,COM VÍTIMA,NOVA DESCOBERTA,RUA ALTO JARDIM PROGRESSO,,,COLISÃO FRONTAL,0,1,0,0,0,1,0,0,0,1,0,,,,,,,,,
2021-10-07 00:00:00,17:41:00,COM VÍTIMA,MADALENA,RUA DEMOCRITO DE SOUZA FILHO,,,COLISÃO TRANSVERSAL,1,1,0,0,0,0,0,0,0,1,0,Cruzamento,Bom,Perfeito estado,Seca,Perfeito estado,,,Única,Não existe
2021-10-07 00:00:00,18:17:00,COM VÍTIMA,ENCRUZILHADA,RUA DA CORAGEM,,,COLISÃO TRANSVERSAL,1,1,0,0,0,0,0,0,0,1,0,Cruzamento,Bom,Perfeito estado,Seca,Perfeito estado,"Placas ""Pare""",30 km/h,,Faixa seccionada
2021-10-07 00:00:00,19:38:00,COM VÍTIMA,BAIRRO DO RECIFE,AV ALFREDO LISBOA,,SUBURBIO,COLISÃO TRANSVERSAL,1,1,0,0,0,0,0,0,0,1,0,Longo da via,Bom,Perfeito estado,Seca,,Outras,,Única,Faixa seccionada
2021-10-07 00:00:00,22:29:40,SEM VÍTIMA,NOVA DESCOBERTA,AV NORTE MIGUEL ARRAES DE ALENCAR,,,COLISÃO LATERAL,1,0,0,0,0,0,1,0,0,0,0,,,,,,,,,
2021-10-08 00:00:00,08:43:00,COM VÍTIMA,SANTO ANTÔNIO,AV DANTAS BARRETO,,SUBURBIO,ATROPELAMENTO DE PESSOA,0,1,0,0,1,0,0,0,0,1,0,Longo da via,Bom,Perfeito estado,Seca,Perfeito estado,Não há placas,30 km/h,Única,
2021-10-08 00:00:00,11:04:00,COM VÍTIMA,TEJIPIÓ,AV DR JOSE RUFINO,,SUBURBIO,ATROPELAMENTO DE PESSOA,0,1,0,0,1,0,0,0,0,1,0,Longo da via,Bom,Incompleta,Seca,Perfeito estado,R-6a,,Dupla,Não existe
2021-10-08 00:00:00,13:42:00,COM VÍTIMA,DOIS IRMÃOS,RUA RIBEIRO PESSOA,281,CIDADE,COLISÃO TRASEIRA,1,1,0,0,0,0,0,0,0,1,0,Longo da via,Bom,Perfeito estado,Seca,Perfeito estado,Outras,40 km/h,Dupla,Faixa contínua
2021-10-08 00:00:00,17:23:00,VÍTIMA FATAL,ARRUDA,AV BEBERIBE,,SUBURBIO,CHOQUE,0,0,0,0,0,1,0,0,0,0,1,Longo da via,Bom,Perfeito estado,Seca,Perfeito estado,Outras,,Dupla,Não existe
2021-10-08 00:00:00,17:47:00,COM VÍTIMA,SANTO AMARO,AV NORTE MIGUEL ARRAES DE ALENCAR,34,CIDADE,COLISÃO FRONTAL,1,1,0,0,0,0,0,0,0,2,0,Cruzamento,Bom,Perfeito estado,Seca,Perfeito estado,Não há placas,60 km/h,Dupla,Canteiro central
2021-10-08 00:00:00,20:55:40,COM VÍTIMA,AREIAS,AV DR JOSE RUFINO,,CIDADE,COLISÃO FRONTAL,1,1,0,0,0,0,0,0,0,1,0,Longo da via,Bom,Não existente,Seca,Perfeito estado,Não há placas,,Dupla,Faixa contínua
2021-10-08 00:00:00,23:13:40,SEM VÍTIMA,BOA VIAGEM,RUA ANTONIO FALCAO,,CIDADE,COLISÃO TRASEIRA,1,0,0,0,0,0,1,0,0,0,0,Longo da via,Bom,Perfeito estado,Seca,Perfeito estado,Outras,,Única,
2021-10-09 00:00:00,01:20:00,COM VÍTIMA,SANTO AMARO,AV GOVERNADOR AGAMENON MAGALHAES,49,SUBURBIO,COLISÃO COM CICLISTA,0,0,0,1,0,0,0,0,0,1,0,Cruzamento,Bom,Perfeito estado,Seca,Perfeito estado,Outras,60 km/h,Dupla,Faixa contínua
2021-10-09 00:00:00,04:18:00,SEM VÍTIMA,BOA VIAGEM,RUA ANTONIO FALCAO,,,CHOQUE,4,0,0,0,0,0,0,0,0,0,0,Longo da via,Bom,Não existente,Molhada,Perfeito estado,Não há placas,,Única,Não existe
2021-10-09 00:00:00,11:24:00,SEM VÍTIMA,CASA AMARELA,AV NORTE MIGUEL ARRAES DE ALENCAR,79,SUBURBIO,CHOQUE,0,0,0,0,0,0,1,0,2,0,0,Longo da via,Bom,Perfeito estado,Seca,Perfeito estado,Outras,,Dupla,Canteiro central
2021-10-09 00:00:00,15:29:00,COM VÍTIMA,SAN MARTIN,RUA APULCRO DE ASSUNCAO,,SUBURBIO,COLISÃO TRANSVERSAL,1,1,0,0,0,0,0,0,0,1,0,Longo da via,Bom,Não existente,Seca,Mal conservada,Não há placas,,Dupla,Não existe
2021-10-10 00:00:00,14:47:00,SEM VÍTIMA,IMBIRIBEIRA,AV GENERAL MAC ARTHUR,225,SUBURBIO,COLISÃO TRASEIRA,2,0,0,0,0,0,0,0,0,0,0,Longo da via,Bom,Perfeito estado,Seca,Perfeito estado,Não há placas,40 km/h,Única,Não existe
2021-10-10 00:00:00,15:11:00,COM VÍTIMA,IPSEP,RUA JEAN EMILE FAVRE,527,CIDADE,COLISÃO TRANSVERSAL,1,1,0,0,0,0,0,0,0,1,0,Longo da via,Bom,Perfeito estado,Seca,Perfeito estado,Outras,60 km/h,Dupla,Faixa contínua
2021-10-10 00:00:00,22:43:40,COM VÍTIMA,DOIS UNIDOS,AV CHAGAS FERREIRA,,SUBURBIO,COLISÃO FRONTAL,0,2,0,0,0,0,0,0,0,2,0,Longo da via,Bom,Incompleta,Seca,Perfeito estado,Não há placas,,Dupla,Não existe
2021-10-11 00:00:00,01:42:00,SEM VÍTIMA,BOA VIAGEM,AV CONSELHEIRO AGUIAR,,,COLISÃO FRONTAL,2,0,0,0,0,0,0,0,0,0,0,,,,,,,,,
2021-10-11 00:00:00,09:38:00,COM VÍTIMA,BOA VISTA,RUA GERVASIO PIRES,,SUBURBIO,ATROPELAMENTO DE PESSOA,0,1,0,0,1,0,0,0,0,1,0,Longo da via,Bom,Perfeito estado,Seca,Perfeito estado,R-6a,,Única,
2021-10-11 00:00:00,09:41:00,COM VÍTIMA,DERBY,AV GOVERNADOR AGAMENON MAGALHAES,68,CIDADE,COLISÃO TRANSVERSAL,0,2,0,0,0,0,0,0,0,2,0,Cruzamento,Bom,Perfeito estado,Seca,Perfeito estado,R-4a,60 km/h,Dupla,Faixa contínua
2021-10-11 00:00:00,09:52:00,COM VÍTIMA,JORDÃO,AV MARIA IRENE,,SUBURBIO,COLISÃO FRONTAL,1,1,0,0,0,0,0,0,0,1,0,Longo da via,Bom,Perfeito estado,Seca,Perfeito estado,Não há placas,,Dupla,Faixa contínua
2021-10-11 00:00:00,12:05:00,COM VÍTIMA,VÁRZEA,RUA GENERAL POLIDORO,,SUBURBIO,ATROPELAMENTO DE PESSOA,1,0,0,0,1,0,0,0,0,1,0,Longo da via,Bom,Incompleta,Seca,Perfeito estado,Outras,30 km/h,Dupla,Não existe
2021-10-11 00:00:00,14:39:00,COM VÍTIMA,IMBIRIBEIRA,AV PRESIDENTE DUTRA,,CAXANGÁ,COLISÃO COM CICLISTA,1,0,0,1,0,0,0,0,0,1,0,Longo da via,Bom,Perfeito estado,Seca,Perfeito estado,R-26,,Única,Faixa contínua
2021-10-11 00:00:00,15:04:00,COM VÍTIMA,MADALENA,AV JOSE GONCALVES DE MEDEIROS,,CIDADE,COLISÃO TRANSVERSAL,1,1,0,0,0,0,0,0,0,1,0,Longo da via,Bom,Perfeito estado,Seca,Perfeito estado,Não há placas,,Dupla,Faixa contínua
2021-10-11 00:00:00,16:39:00,COM VÍTIMA,ÁGUA FRIA,AV BEBERIBE,187,SUBURBIO,ATROPELAMENTO DE PESSOA,1,0,0,0,1,0,0,0,0,1,0,Cruzamento,Bom,Perfeito estado,Seca,Perfeito estado,R-6a,,Dupla,Faixa contínua
2021-10-11 00:00:00,20:29:00,SEM VÍTIMA,CABANGA,RUA CAPITAO TEMUDO,,,ATROPELAMENTO DE ANIMAL,1,0,0,0,0,0,0,0,0,0,0,,,,,,,,,
2021-10-11 00:00:00,20:31:00,COM VÍTIMA,PINA,RUA CAPITAO TEMUDO,,,ATROPELAMENTO DE ANIMAL,1,0,0,0,0,0,0,0,0,1,0,,,,,,,,,
2021-10-11 00:00:00,21:38:40,COM VÍTIMA,BOA VISTA,AV MANOEL BORBA,,SUBURBIO,COLISÃO TRASEIRA,1,1,0,0,0,0,0,0,0,1,0,Longo da via,Bom,Perfeito estado,Seca,Perfeito estado,R-6a,,Única,Faixa seccionada
2021-10-12 00:00:00,09:32:00,COM VÍTIMA,TAMARINEIRA,AV PROFESSOR JOSE DOS ANJOS,,SUBURBIO,COLISÃO TRANSVERSAL,1,1,0,0,0,0,0,0,0,1,0,Esquina,Bom,Perfeito estado,Seca,Perfeito estado,R-6a,60 km/h,Única,Faixa contínua
2021-10-12 00:00:00,10:44:00,COM VÍTIMA,ENCRUZILHADA,AV NORTE MIGUEL ARRAES DE ALENCAR,,CIDADE,ATROPELAMENTO DE PESSOA,0,1,0,0,1,0,0,0,0,1,0,Longo da via,Bom,,Seca,Mal conservada,Outras,,Dupla,Faixa seccionada
2021-10-12 00:00:00,15:29:00,COM VÍTIMA,LINHA DO TIRO,RUA ALTO FORMOSO,,,COLISÃO FRONTAL,1,1,0,0,0,0,0,0,0,2,0,,,,,,,,,
2021-10-12 00:00:00,18:56:00,COM VÍTIMA,CASA AMARELA,EST DO ARRAIAL,,SUBURBIO,COLISÃO FRONTAL,1,1,0,0,0,0,0,0,0,1,0,Cruzamento,Bom,Perfeito estado,Seca,Perfeito estado,Não há placas,40 km/h,Única,Faixa seccionada
2021-10-13 00:00:00,07:43:00,COM VÍTIMA,CASA FORTE,PRC DE CASA FORTE,,CIDADE,COLISÃO COM CICLISTA,1,0,0,1,0,0,0,0,0,1,0,Longo da via,Bom,Perfeito estado,Seca,Perfeito estado,Outras,,Única,
2021-10-13 00:00:00,09:58:00,COM VÍTIMA,BOA VIAGEM,RUA BARAO DE AGUA BRANCA,,,COLISÃO LATERAL,1,1,0,0,0,0,0,0,0,1,0,,,,,,,,,
2021-10-13 00:00:00,13:26:00,COM VÍTIMA,IMBIRIBEIRA,AV MARECHAL MASCARENHAS DE MORAES,,SUBURBIO,ATROPELAMENTO DE PESSOA,1,0,0,0,1,0,0,0,0,1,0,Longo da via,Bom,Perfeito estado,Seca,Perfeito estado,Não há placas,60 km/h,Dupla,Canteiro central
2021-10-13 00:00:00,14:24:00,COM VÍTIMA,BOA VIAGEM,RUA BARAO DE SOUZA LEAO,476,CIDADE,COLISÃO TRANSVERSAL,1,1,0,0,0,0,0,0,0,1,0,Cruzamento,Bom,Perfeito estado,Seca,Perfeito estado,Outras,,Única,Canal
2021-10-13 00:00:00,19:17:00,COM VÍTIMA,IBURA,AV DOIS RIOS,594,SUBURBIO,COLISÃO FRONTAL,1,1,0,0,0,0,0,0,0,2,0,Longo da via,Bom,Perfeito estado,Seca,Perfeito estado,R-6a,,Dupla,Faixa contínua
2021-10-13 00:00:00,20:38:00,COM VÍTIMA,AREIAS,RUA AURORA CACOTE,,,COLISÃO FRONTAL,0,2,0,0,0,0,0,0,0,1,0,,,,,,,,,
2021-10-13 00:00:00,20:40:40,COM VÍTIMA,AREIAS,AV RECIFE,,SUBURBIO,COLISÃO FRONTAL,0,2,0,0,0,0,0,0,0,1,0,Longo da via,Bom,Perfeito estado,Seca,Perfeito estado,Não há placas,,Única,Faixa seccionada
2021-10-13 00:00:00,20:45:40,VÍTIMA FATAL,SÃO JOSÉ,PTE JOSE DE BARROS LIMA,,BOA VIAGEM,ATROPELAMENTO DE PESSOA,1,0,0,0,1,0,0,0,0,0,1,Longo da via,Bom,Perfeito estado,Seca,Perfeito estado,Não há placas,,Dupla,Canteiro central
2021-10-14 00:00:00,02:21:00,COM VÍTIMA,BONGI,AV ENGENHEIRO ABDIAS DE CARVALHO,687,SUBURBIO,CHOQUE,1,0,0,0,0,0,0,0,0,1,0,Longo da via,Bom,Perfeito estado,Seca,Perfeito estado,R-6a,60 km/h,Dupla,Canteiro central
2021-10-14 00:00:00,10:28:00,COM VÍTIMA,SANTO AMARO,AV NORTE MIGUEL ARRAES DE ALENCAR,243,CIDADE,COLISÃO TRASEIRA,1,0,0,0,0,0,1,0,0,1,0,Longo da via,Bom,Perfeito estado,Seca,Perfeito estado,Não há placas,,Única,Canteiro central
2021-10-14 00:00:00,12:22:00,COM VÍTIMA,IBURA,AV DOIS RIOS,,CIDADE,COLISÃO FRONTAL,1,1,0,0,0,0,0,0,0,1,0,Longo da via,Bom,Não existente,Seca,Perfeito estado,Não há placas,,Dupla,Não existe
2021-10-08 00:00:00,07:50:00,COM VÍTIMA,IBURA,RUA RIO TAPADO,,SUBURBIO,COLISÃO LATERAL,0,1,0,0,0,0,1,0,0,2,0,Longo da via,Bom,Não existente,Seca,Perfeito estado,Não há placas,,Dupla,Não existe
2021-10-14 00:00:00,12:00:00,COM VÍTIMA,IBURA,AV DOIS RIOS,,,COLISÃO TRASEIRA,0,1,0,0,0,1,0,0,0,1,0,,,,,,,,,
2021-10-14 00:00:00,17:27:00,COM VÍTIMA,BAIRRO DO RECIFE,CAIS DO APOLO,,SUBURBIO,ATROPELAMENTO DE PESSOA,0,0,0,0,1,1,0,0,0,1,0,Longo da via,Bom,Perfeito estado,Seca,Perfeito estado,Não há placas,,Única,Faixa seccionada
2021-10-14 00:00:00,20:56:00,COM VÍTIMA,MADALENA,RUA BENFICA,,,COLISÃO LATERAL,1,1,0,0,0,0,0,0,0,1,0,,,,,,,,,
2021-10-15 00:00:00,10:24:00,COM VÍTIMA,VÁRZEA,RUA GENERAL POLIDORO,577,SUBURBIO,COLISÃO FRONTAL,0,1,0,0,0,0,1,0,0,2,0,Cruzamento,Bom,Perfeito estado,Seca,Perfeito estado,Não há placas,40 km/h,,Faixa contínua
2021-10-15 00:00:00,10:59:00,COM VÍTIMA,BOA VISTA,AV GOVERNADOR AGAMENON MAGALHAES,174,SUBURBIO,COLISÃO TRANSVERSAL,1,1,0,0,0,0,0,0,0,2,0,Cruzamento,Bom,Perfeito estado,Seca,Perfeito estado,Outras,60 km/h,Dupla,Canteiro central
2021-10-15 00:00:00,11:28:00,COM VÍTIMA,ESPINHEIRO,AV GOVERNADOR AGAMENON MAGALHAES,,,COLISÃO LATERAL,1,1,0,0,0,0,0,0,0,1,0,,,,,,,,,
2021-10-15 00:00:00,14:18:00,COM VÍTIMA,ALTO SANTA TERESINHA,AV ANIBAL BENEVOLO,,URIEL DE HOLANDA,COLISÃO FRONTAL,1,1,0,0,0,0,0,0,0,1,0,Longo da via,Bom,Incompleta,Seca,Perfeito estado,R-6a,,Dupla,Não existe
2021-10-15 00:00:00,14:49:00,COM VÍTIMA,BOA VIAGEM,RUA PADRE BERNADINO PESSOA,,SUBURBIO,COLISÃO TRANSVERSAL,1,1,0,0,0,0,0,0,0,1,0,Cruzamento,Bom,Incompleta,Seca,Perfeito estado,Não há placas,,Única,Não existe
2021-10-15 00:00:00,17:03:00,SEM VÍTIMA,TORRE,RUA MARCOS ANDRE,,SUBURBIO,,1,0,0,0,0,0,0,1,0,0,0,Longo da via,Bom,Perfeito estado,Seca,Perfeito estado,Não há placas,,,Faixa contínua
2021-10-15 00:00:00,20:46:40,COM VÍTIMA,CASA FORTE,RUA MARECHAL RONDON,,CIDADE,COLISÃO FRONTAL,1,1,0,0,0,0,0,0,0,1,0,Cruzamento,Bom,Perfeito estado,Seca,Perfeito estado,"Placas ""Pare""",,Única,Faixa contínua
2021-10-15 00:00:00,21:00:40,COM VÍTIMA,IMBIRIBEIRA,RUA ARQUITETO LUIZ NUNES,635,CIDADE,COLISÃO COM CICLISTA,1,0,0,2,0,0,0,0,0,2,0,Longo da via,Bom,Perfeito estado,Seca,,R-6a,40 km/h,Dupla,Não existe
2021-10-16 00:00:00,06:06:00,COM VÍTIMA,VÁRZEA,RUA ACADEMICO HELIO RAMOS,,VARZEA,COLISÃO FRONTAL,0,1,0,0,0,1,0,0,0,1,0,Esquina,Bom,Incompleta,Seca,Perfeito estado,Outras,30 km/h,Dupla,Não existe
2021-10-16 00:00:00,06:59:00,COM VÍTIMA,TEJIPIÓ,RUA FALCAO DE LACERDA,,SUBURBIO,CHOQUE,1,1,0,0,0,0,0,0,0,1,0,Longo da via,Bom,Não existente,Seca,Perfeito estado,Não há placas,,Dupla,Não existe
2021-10-16 00:00:00,11:20:00,COM VÍTIMA,CAMPO GRANDE,RUA PRUDENTE DE MORAES,,,COLISÃO FRONTAL,1,1,0,0,0,0,0,0,0,1,0,,,,,,,,,
2021-10-16 00:00:00,12:26:00,COM VÍTIMA,ILHA DO RETIRO,RUA JOAO IVO DA SILVA,503,SUBURBIO,COLISÃO FRONTAL,1,1,0,0,0,0,0,0,0,1,0,Cruzamento,Bom,Incompleta,Seca,Perfeito estado,Não há placas,50 km/h,Única,Não existe
2021-10-16 00:00:00,12:47:00,COM VÍTIMA,ILHA DO RETIRO,EST DOS REMEDIOS,,AFOGADOS,COLISÃO FRONTAL,1,1,0,0,0,0,0,0,0,1,0,Cruzamento,Bom,Incompleta,Seca,Perfeito estado,Outras,,Única,Não existe
2021-10-16 00:00:00,19:47:00,SEM VÍTIMA,CAMPO GRANDE,RUA ODORICO MENDES,,,COLISÃO LATERAL,2,0,0,0,0,0,0,0,0,0,0,,,,,,,,,
2021-10-16 00:00:00,21:02:40,SEM VÍTIMA,IMBIRIBEIRA,PTE GILBERTO FREYRE,,SUBURBIO,,0,1,0,0,0,0,0,1,0,0,0,Ponte,Bom,Perfeito estado,Seca,Perfeito estado,,,Única,Faixa seccionada
2021-10-16 00:00:00,21:57:40,COM VÍTIMA,TOTÓ,AV LIBERDADE,,CIDADE,COLISÃO COM CICLISTA,0,0,0,1,0,1,0,0,0,1,0,Longo da via,Chuvoso,Ilegível,Seca,Perfeito estado,Outras,,Dupla,Faixa contínua
2021-10-16 00:00:00,22:43:40,SEM VÍTIMA,BOA VIAGEM,RUA ANTONIO FALCAO,48,SUBURBIO,COLISÃO TRASEIRA,2,0,0,0,0,0,0,0,0,0,0,Longo da via,Bom,Perfeito estado,Seca,Perfeito estado,Outras,,Única,Faixa seccionada
2021-10-17 00:00:00,07:12:00,COM VÍTIMA,CAMPO GRANDE,EST DE BELEM,26,CIDADE,COLISÃO TRANSVERSAL,1,1,0,0,0,0,0,0,0,2,0,Cruzamento,Bom,Perfeito estado,Seca,Perfeito estado,R-4a,,Dupla,Não existe
2021-10-17 00:00:00,08:42:00,COM VÍTIMA,BOA VIAGEM,RUA DES JOAO PAES,,ÚNICO,COLISÃO FRONTAL,1,1,0,0,0,0,0,0,0,1,0,Longo da via,Bom,Perfeito estado,Seca,Perfeito estado,"Placas ""Pare""",,Única,Não existe
2021-10-17 00:00:00,13:21:00,COM VÍTIMA,HIPÓDROMO,RUA FONSECA OLIVEIRA,,SUBURBIO,COLISÃO TRANSVERSAL,1,1,0,0,0,0,0,0,0,1,0,Longo da via,Bom,Perfeito estado,Seca,Mal conservada,Outras,,Dupla,Faixa seccionada
2021-10-17 00:00:00,14:29:00,COM VÍTIMA,SANTO ANTÔNIO,RUA DA AURORA,22,SUBURBIO,COLISÃO TRANSVERSAL,1,1,0,0,0,0,0,0,0,1,0,Cruzamento,Bom,Perfeito estado,Seca,Perfeito estado,Outras,,Única,Faixa contínua
2021-10-17 00:00:00,15:24:00,COM VÍTIMA,BOA VIAGEM,AV ENGENHEIRO DOMINGOS FERREIRA,338,SUBURBIO,COLISÃO FRONTAL,1,1,0,0,0,0,0,0,0,1,0,Cruzamento,Bom,Perfeito estado,Seca,Perfeito estado,Não há placas,,,
2021-10-17 00:00:00,16:32:00,SEM VÍTIMA,VÁRZEA,RUA MINISTRO MARIO ANDREAZZA,,SUBURBIO,COLISÃO FRONTAL,0,1,0,0,0,0,0,1,0,0,0,Longo da via,Bom,Não existente,Seca,Mal conservada,Não há placas,,Dupla,Não existe
2021-10-17 00:00:00,18:37:00,COM VÍTIMA,IMBIRIBEIRA,AV GENERAL MAC ARTHUR,,CIDADE,COLISÃO COM CICLISTA,1,0,0,1,0,0,0,0,0,2,0,Longo da via,Bom,Perfeito estado,Seca,Perfeito estado,"Placas ""Pare""",40 km/h,Única,
2021-10-17 00:00:00,19:59:00,COM VÍTIMA,ARRUDA,RUA COUTO MAGALHAES,63,SUBURBIO,COLISÃO FRONTAL,1,1,0,0,0,0,0,0,0,1,0,Longo da via,Bom,Perfeito estado,Seca,Perfeito estado,Não há placas,40 km/h,Dupla,Faixa contínua
2021-10-17 00:00:00,23:03:40,SEM VÍTIMA,BOA VISTA,AV CONDE DA BOA VISTA,682,SUBURBIO,COLISÃO TRASEIRA,2,0,0,0,0,0,0,0,0,0,0,Longo da via,Bom,Perfeito estado,Seca,Perfeito estado,Não há placas,,Dupla,Canteiro central
2021-10-18 00:00:00,06:58:00,COM VÍTIMA,TORRE,RUA JOSE BONIFACIO,,,COLISÃO LATERAL,0,1,0,0,0,1,0,0,0,1,0,,,,,,,,,
2021-10-18 00:00:00,09:26:00,COM VÍTIMA,ILHA DO RETIRO,TUNEL CHICO SCIENCE,,CIDADE,COLISÃO FRONTAL,1,1,0,0,0,0,0,0,0,1,0,Outros,Bom,Perfeito estado,Seca,Perfeito estado,Não há placas,,Única,Faixa contínua
2021-10-18 00:00:00,09:32:00,COM VÍTIMA,TORRÕES,AV ENGENHEIRO ABDIAS DE CARVALHO,272,CIDADE,COLISÃO FRONTAL,1,1,0,0,0,0,0,0,0,1,0,Longo da via,Bom,Perfeito estado,Seca,Perfeito estado,R-19,60 km/h,Dupla,Canteiro central
2021-10-18 00:00:00,13:01:00,COM VÍTIMA,SANTO AMARO,AV VISCONDE DE SUASSUNA,,SUBURBIO,COLISÃO TRASEIRA,1,1,0,0,0,0,0,0,0,2,0,Longo da via,Bom,Perfeito estado,Seca,Perfeito estado,R-6a,,Única,Faixa seccionada
2021-10-18 00:00:00,17:31:00,COM VÍTIMA,CORDEIRO,RUA QUATA,,SUBURBIO,CHOQUE,2,0,0,0,0,0,0,0,0,1,0,Longo da via,Bom,Perfeito estado,Seca,Perfeito estado,Não há placas,,Dupla,Não existe
2021-10-18 00:00:00,19:44:00,COM VÍTIMA,COQUEIRAL,AV DR JOSE RUFINO,285,,COLISÃO FRONTAL,0,0,0,0,0,0,0,0,0,1,0,Outros,Bom,Ilegível,Seca,Mal iluminada,Outras,60 km/h,Dupla,Não existe
2021-10-19 00:00:00,00:53:00,COM VÍTIMA,IPUTINGA,AV CAXANGA,,SUBURBIO,COLISÃO TRASEIRA,0,1,0,0,0,0,0,0,0,2,0,Longo da via,Bom,Perfeito estado,Seca,Perfeito estado,Outras,,Dupla,Canteiro central