data,hora,natureza,bairro,endereco,num_semaforo,sentido_via,tipo,auto,moto,ciclom,ciclista,pedestre,onibus,caminhao,viatura,outros,vitimas,vitimasfatais,acidente_verificado,tempo_clima,sinalizacao,condicao_via,conservacao_via,situacao_placa,velocidade_max_via,mao_direcao,divisao_via1
2021-11-03 00:00:00,13:36:00,COM VÍTIMA,SANTO AMARO,VDO ENG ROBERTO PEREIRA DE CARVALHO,,SUBURBIO,COLISÃO FRONTAL,1,1,0,0,0,0,0,0,0,1,0,Viaduto,Bom,Perfeito estado,Seca,Perfeito estado,Não há placas,60 km/h,Única,Faixa seccionada
2021-11-03 00:00:00,14:45:00,SEM VÍTIMA,SÃO JOSÉ,AV SUL,,,COLISÃO TRASEIRA,2,0,0,0,0,0,0,0,0,0,0,,,,,,,,,
2021-11-03 00:00:00,14:54:00,VÍTIMA FATAL,CAXANGÁ,AV CAXANGA,,SUBURBIO,COLISÃO COM CICLISTA,1,0,0,1,0,0,0,0,0,1,1,Longo da via,Bom,Perfeito estado,Seca,Perfeito estado,Não há placas,,Dupla,Canteiro central
2021-11-03 00:00:00,17:08:00,COM VÍTIMA,BOA VIAGEM,AV BOA VIAGEM,,CIDADE,COLISÃO FRONTAL,1,1,0,0,0,0,0,0,0,1,0,Longo da via,Bom,Perfeito estado,Seca,Perfeito estado,Não há placas,60 km/h,Única,Faixa seccionada
2021-11-03 00:00:00,18:00:00,COM VÍTIMA,BOA VISTA,RUA JOAO FERNANDES VIEIRA,,CIDADE,COLISÃO FRONTAL,1,1,0,0,0,0,0,0,0,1,0,Longo da via,Bom,Perfeito estado,Seca,Perfeito estado,Outras,,Única,Faixa seccionada
2021-11-04 00:00:00,09:44:00,COM VÍTIMA,IMBIRIBEIRA,AV MARECHAL MASCARENHAS DE MORAES,,CIDADE,COLISÃO FRONTAL,0,1,0,0,0,0,1,0,0,1,0,Longo da via,Bom,Perfeito estado,Seca,Perfeito estado,R-32,60 km/h,Única,Canteiro central
2021-11-04 00:00:00,11:58:00,COM VÍTIMA,MADALENA,RUA JOSE OSORIO,179,SUBURBIO,COLISÃO TRASEIRA,0,2,0,0,0,0,0,0,0,1,0,Longo da via,Bom,Perfeito estado,Seca,Perfeito estado,R-6a,,Única,Faixa seccionada
2021-11-04 00:00:00,14:44:00,COM VÍTIMA,IMBIRIBEIRA,RUA BARAO DE AGUA BRANCA,,,COLISÃO TRANSVERSAL,2,0,0,0,0,0,0,0,0,1,0,Cruzamento,Bom,Não existente,Seca,Perfeito estado,Não há placas,,Dupla,Não existe
2021-11-04 00:00:00,14:44:00,COM VÍTIMA,BAIRRO DO RECIFE,CAIS DO APOLO,165,SUBURBIO,ATROPELAMENTO DE PESSOA,0,0,0,0,1,1,0,0,0,1,0,Cruzamento,Bom,Perfeito estado,Seca,Perfeito estado,R-6a,30 km/h,Única,Faixa seccionada
2021-11-04 00:00:00,16:02:00,SEM VÍTIMA,ILHA DO LEITE,RUA FRANCISCO ALVES,508,CIDADE,,1,0,0,0,0,0,0,1,0,0,0,Cruzamento,Bom,Perfeito estado,Seca,Perfeito estado,Não há placas,,Dupla,Faixa contínua
2021-11-04 00:00:00,17:38:00,SEM VÍTIMA,AFOGADOS,RUA SANTOS ARAUJO,,SUBURBIO,,1,0,0,0,0,1,0,0,0,0,0,Longo da via,Bom,Perfeito estado,Seca,Perfeito estado,Outras,,Única,Faixa contínua
2021-11-05 00:00:00,00:14:00,SEM VÍTIMA,ROSARINHO,AV SANTOS DUMONT,,,COLISÃO TRASEIRA,0,0,0,0,0,0,0,0,0,0,0,,,,,,,,,
2021-11-05 00:00:00,09:00:00,COM VÍTIMA,CAXANGÁ,AV CAXANGA,609,SUBURBIO,ATROPELAMENTO DE PESSOA,1,0,0,0,1,0,0,0,0,2,0,Longo da via,Bom,Perfeito estado,Seca,Perfeito estado,R-6a,60 km/h,Dupla,Faixa contínua
2021-11-05 00:00:00,10:46:00,COM VÍTIMA,TORRÕES,AV ENGENHEIRO ABDIAS DE CARVALHO,,CIDADE,COLISÃO COM CICLISTA,1,0,0,1,0,0,0,0,0,1,0,Longo da via,Bom,Perfeito estado,Seca,Perfeito estado,Não há placas,,Dupla,Canteiro central
2021-11-05 00:00:00,11:29:00,COM VÍTIMA,AFOGADOS,RUA SAO MIGUEL,,CIDADE,COLISÃO FRONTAL,1,1,0,0,0,0,0,0,0,1,0,Longo da via,Bom,Perfeito estado,Seca,Perfeito estado,R-6a,,Dupla,Faixa seccionada
2021-11-05 00:00:00,16:30:00,SEM VÍTIMA,DERBY,AV GOVERNADOR AGAMENON MAGALHAES,75,SUBURBIO,COLISÃO FRONTAL,0,0,0,0,0,1,0,1,0,0,0,Cruzamento,Bom,Perfeito estado,Seca,Perfeito estado,Outras,60 km/h,Dupla,Outros
2021-11-05 00:00:00,20:12:00,SEM VÍTIMA,BOA VIAGEM,AV ENGENHEIRO DOMINGOS FERREIRA,,,COLISÃO TRASEIRA,3,0,0,0,0,0,0,0,0,0,0,,,,,,,,,
2021-11-05 00:00:00,20:33:00,COM VÍTIMA,PARNAMIRIM,AV DEZESSETE DE AGOSTO,,,COLISÃO FRONTAL,1,1,0,0,0,0,0,0,0,1,0,,,,,,,,,
2021-11-05 00:00:00,21:34:40,SEM VÍTIMA,CABANGA,AV ENGENHEIRO JOSE ESTELITA,,,CHOQUE,1,0,0,0,0,0,0,0,0,0,0,,,,,,,,,
2021-11-06 00:00:00,08:03:00,COM VÍTIMA,ESPINHEIRO,RUA QUARENTA E OITO,166,CIDADE,COLISÃO COM CICLISTA,0,1,0,1,0,0,0,0,0,3,0,Cruzamento,Bom,Perfeito estado,Seca,Perfeito estado,Não há placas,30 km/h,Única,Faixa seccionada
2021-11-06 00:00:00,14:03:00,COM VÍTIMA,TEJIPIÓ,RUA FALCAO DE LACERDA,,,COLISÃO LATERAL,1,2,0,0,0,0,0,0,0,1,0,,,,,,,,,
2021-11-06 00:00:00,18:21:00,COM VÍTIMA,BOA VIAGEM,AV BOA VIAGEM,,CIDADE,ATROPELAMENTO DE PESSOA,1,0,0,0,1,0,0,0,0,1,0,Longo da via,Bom,Perfeito estado,Seca,Perfeito estado,Não há placas,60 km/h,Única,Faixa seccionada
2021-11-07 00:00:00,00:23:00,COM VÍTIMA,CAMPO GRANDE,EST DE BELEM,,,CHOQUE,0,0,0,0,0,0,0,0,0,1,0,,,,,,,,,
2021-11-07 00:00:00,02:08:00,SEM VÍTIMA,CASA FORTE,AV DEZESSETE DE AGOSTO,,,COLISÃO LATERAL,0,0,0,0,0,0,0,0,0,0,0,,,,,,,,,
2021-11-07 00:00:00,11:20:00,COM VÍTIMA,IPSEP,RUA JEAN EMILE FAVRE,101,CIDADE,COLISÃO FRONTAL,0,2,0,0,0,0,0,0,0,1,0,Cruzamento,Bom,Perfeito estado,Seca,Perfeito estado,R-6a,,Dupla,Faixa contínua
2021-11-07 00:00:00,12:32:00,SEM VÍTIMA,CORDEIRO,RUA CARNEIRO DE MARIZ,,,COLISÃO TRASEIRA,2,0,0,0,0,0,0,0,0,0,0,,,,,,,,,
2021-11-07 00:00:00,07:40:00,COM VÍTIMA,CASA AMARELA,AV NORTE MIGUEL ARRAES DE ALENCAR,,SUBURBIO,CHOQUE,0,1,0,0,0,0,0,0,0,1,0,Longo da via,Bom,Perfeito estado,Seca,Perfeito estado,Não há placas,,Dupla,Canteiro central
2021-11-07 00:00:00,17:52:00,SEM VÍTIMA,IPSEP,RUA JEAN EMILE FAVRE,135,,COLISÃO LATERAL,2,0,0,0,0,0,0,0,0,0,0,,,,,,,,,
2021-11-07 00:00:00,20:14:00,SEM VÍTIMA,AFOGADOS,EST DO BONGI,,,CHOQUE,1,0,0,0,0,0,0,0,0,0,0,,,,,,,,,
2021-11-07 00:00:00,20:20:00,COM VÍTIMA,ÁGUA FRIA,EST VELHA DE AGUA FRIA,,CIDADE,COLISÃO FRONTAL,1,1,0,0,0,0,0,0,0,1,0,Longo da via,Bom,Perfeito estado,Seca,Perfeito estado,Não há placas,,Dupla,Faixa seccionada
2021-11-07 00:00:00,20:50:00,COM VÍTIMA,IPUTINGA,AV INACIO MONTEIRO,,,CHOQUE,3,0,0,0,0,0,0,0,0,1,0,,,,,,,,,
2021-11-07 00:00:00,21:58:40,COM VÍTIMA,DOIS UNIDOS,RUA BEIJA FLOR,,,COLISÃO FRONTAL,0,1,0,0,0,1,0,0,0,2,0,,,,,,,,,
2021-11-08 00:00:00,00:56:00,COM VÍTIMA,JOANA BEZERRA,PTE JOSE DE BARROS LIMA,,SUBURBIO,CAPOTAMENTO,1,0,0,0,0,0,0,0,0,1,0,Ponte,Bom,Perfeito estado,Seca,Perfeito estado,Não há placas,,Dupla,Faixa seccionada
2021-11-08 00:00:00,08:41:00,COM VÍTIMA,IPUTINGA,AV CAXANGA,533,CIDADE,COLISÃO TRASEIRA,0,2,0,0,0,0,0,0,0,2,0,Cruzamento,Bom,Perfeito estado,Seca,Perfeito estado,Não há placas,,,Faixa contínua
2021-11-08 00:00:00,09:22:00,COM VÍTIMA,TORRE,RUA JOSE OSORIO,,,COLISÃO TRASEIRA,1,0,0,0,0,0,1,0,0,1,0,,,,,,,,,
2021-11-08 00:00:00,10:20:00,COM VÍTIMA,BOA VIAGEM,AV CONSELHEIRO AGUIAR,,CIDADE,CHOQUE,1,0,0,0,0,0,0,0,0,2,0,Longo da via,Bom,Perfeito estado,Seca,Perfeito estado,Não há placas,,Única,Faixa seccionada
2021-11-08 00:00:00,11:17:00,COM VÍTIMA,VASCO DA GAMA,RUA ASSUNCAO,,,CHOQUE,2,0,0,0,0,0,1,0,0,1,0,Longo da via,Bom,Não existente,Seca,Perfeito estado,Não há placas,,Dupla,Não existe
2021-11-08 00:00:00,13:35:00,SEM VÍTIMA,SAN MARTIN,AV GENERAL SAN MARTIN,693,CIDADE,,1,1,0,0,0,0,0,0,0,0,0,Longo da via,Bom,Perfeito estado,Seca,Perfeito estado,Outras,,Dupla,Faixa contínua
2021-11-08 00:00:00,17:54:00,COM VÍTIMA,CORDEIRO,AV MAURICIO DE NASSAU,,CIDADE,COLISÃO FRONTAL,3,0,0,0,0,0,0,0,0,2,0,Longo da via,Bom,Perfeito estado,Seca,,,,Dupla,
2021-11-08 00:00:00,18:29:00,COM VÍTIMA,LINHA DO TIRO,RUA AGUAS DE PRATA,,SUBURBIO,CHOQUE,0,0,0,0,0,0,1,0,0,1,0,Longo da via,Bom,Perfeito estado,Seca,Perfeito estado,Não há placas,40 km/h,Dupla,Não existe
2021-11-09 00:00:00,04:44:00,SEM VÍTIMA,BAIRRO DO RECIFE,AV MILITAR,,,QUEDA,0,1,0,0,0,0,0,0,0,0,0,,,,,,,,,
2021-11-09 00:00:00,09:39:00,COM VÍTIMA,TOTÓ,AV LIBERDADE,,SUBURBIO,COLISÃO TRANSVERSAL,1,1,0,0,0,0,0,0,0,1,0,Longo da via,Bom,Incompleta,Seca,,Não há placas,,Dupla,Não existe
2021-11-09 00:00:00,11:42:00,COM VÍTIMA,BOA VIAGEM,RUA SA E SOUZA,,SUBURBIO,COLISÃO FRONTAL,0,1,0,0,0,1,0,0,0,1,0,Cruzamento,Bom,Perfeito estado,Seca,Perfeito estado,"Placas ""Pare""",30 km/h,Dupla,Faixa seccionada
2021-11-09 00:00:00,13:12:00,COM VÍTIMA,JOANA BEZERRA,AV BEIRA RIO,,CIDADE,COLISÃO TRANSVERSAL,1,1,0,0,0,0,0,0,0,1,0,Cruzamento,Bom,Perfeito estado,Seca,Perfeito estado,"Placas ""Pare""",60 km/h,Única,Faixa contínua
2021-11-09 00:00:00,14:26:00,SEM VÍTIMA,DOIS UNIDOS,SUB DA MEDALHA MILAGROSA,,,CAPOTAMENTO,1,0,0,0,0,0,0,0,0,0,0,,Bom,Perfeito estado,Seca,Perfeito estado,Não há placas,,Dupla,Não existe
2021-11-09 00:00:00,17:05:00,SEM VÍTIMA,AFOGADOS,RUA SAO MIGUEL,,SUBURBIO,COLISÃO TRANSVERSAL,2,0,0,0,0,0,0,0,0,0,0,Longo da via,Bom,Não existente,Seca,Perfeito estado,Não há placas,,Dupla,Faixa seccionada
2021-11-09 00:00:00,17:18:00,COM VÍTIMA,TORRÕES,AV ENGENHEIRO ABDIAS DE CARVALHO,375,CIDADE,COLISÃO FRONTAL,0,2,0,0,0,0,0,0,0,1,0,Cruzamento,Bom,Perfeito estado,Seca,Perfeito estado,R-4a,60 km/h,Dupla,Canteiro central
2021-11-10 00:00:00,06:17:00,COM VÍTIMA,VASCO DA GAMA,RUA VASCO DA GAMA,,SUBURBIO,COLISÃO TRASEIRA,1,0,0,0,0,1,0,0,0,1,0,Longo da via,Bom,Perfeito estado,Seca,Perfeito estado,Não há placas,60 km/h,Dupla,Faixa seccionada
2021-11-10 00:00:00,11:53:00,COM VÍTIMA,CASA AMARELA,RUA XAVANTES,,,COLISÃO FRONTAL,1,0,0,0,0,0,0,0,0,1,0,Longo da via,Bom,Perfeito estado,Seca,Perfeito estado,Não há placas,30 km/h,Dupla,Faixa seccionada
2021-11-10 00:00:00,12:43:00,COM VÍTIMA,PRADO,RUA JAPECANGA,,SUBURBIO,COLISÃO FRONTAL,1,0,0,0,0,0,0,0,0,1,0,Longo da via,Bom,Ilegível,Seca,Perfeito estado,Não há placas,30 km/h,Única,Faixa seccionada
2021-11-10 00:00:00,14:07:00,COM VÍTIMA,BOA VIAGEM,RUA VISCONDE DE JEQUITINHONHA,,SUBURBIO,COLISÃO TRANSVERSAL,1,1,0,0,0,0,0,0,0,2,0,Cruzamento,Bom,Perfeito estado,Seca,Perfeito estado,Não há placas,60 km/h,Dupla,Faixa contínua
2021-11-10 00:00:00,15:22:00,COM VÍTIMA,BOA VIAGEM,AV ENGENHEIRO DOMINGOS FERREIRA,,SUBURBIO,COLISÃO COM CICLISTA,0,0,0,1,0,1,0,0,0,1,0,Longo da via,Bom,Perfeito estado,Seca,Perfeito estado,Outras,,Única,Faixa contínua
2021-11-10 00:00:00,16:10:00,COM VÍTIMA,PORTO DA MADEIRA,AV BEBERIBE,,SUBURBIO,COLISÃO FRONTAL,1,1,0,0,0,0,0,0,0,1,0,Longo da via,Bom,Perfeito estado,Seca,Perfeito estado,Não há placas,,Dupla,Faixa contínua
2021-11-10 00:00:00,18:26:00,SEM VÍTIMA,IMBIRIBEIRA,RUA PAMPULHA,,,COLISÃO LATERAL,1,0,0,0,0,0,1,0,0,0,0,,,,,,,,,
2021-11-10 00:00:00,18:34:00,COM VÍTIMA,DOIS IRMÃOS,RUA RIBEIRO PESSOA,,,COLISÃO TRASEIRA,1,1,0,0,0,0,0,0,0,1,0,,,,,,,,,
2021-11-11 00:00:00,06:23:00,COM VÍTIMA,GRAÇAS,AV GOVERNADOR AGAMENON MAGALHAES,173,BOA VIAGEM,COLISÃO FRONTAL,1,1,0,0,0,0,0,0,0,1,0,Longo da via,Chuvoso,Perfeito estado,Molhada,Perfeito estado,Outras,60 km/h,Dupla,Canal
2021-11-11 00:00:00,08:10:00,COM VÍTIMA,CIDADE UNIVERSITÁRIA,AV PROFESSOR ARTUR DE SA,,SUBURBIO,COLISÃO TRANSVERSAL,1,1,0,0,0,0,0,0,0,1,0,Longo da via,Bom,,Seca,Outros,Outras,40 km/h,Dupla,Faixa contínua
2021-11-11 00:00:00,08:38:00,COM VÍTIMA,BEBERIBE,RUA DALVA DE OLIVEIRA,,,COLISÃO TRASEIRA,2,0,0,0,0,0,0,0,0,1,0,,,,,,,,,
2021-11-11 00:00:00,11:30:00,SEM VÍTIMA,ESTÂNCIA,AV RECIFE,,SUBURBIO,COLISÃO TRANSVERSAL,6,0,0,0,0,0,0,0,0,0,0,,,,,,,,,
2021-11-11 00:00:00,14:32:00,COM VÍTIMA,BOA VIAGEM,RUA VISCONDE DE JEQUITINHONHA,443,SUBURBIO,ATROPELAMENTO DE PESSOA,0,1,0,0,1,0,0,0,0,1,0,Longo da via,Bom,Perfeito estado,Seca,Perfeito estado,Outras,,Única,Faixa seccionada
2021-11-11 00:00:00,15:43:00,COM VÍTIMA,IBURA,AV DOIS RIOS,,,COLISÃO LATERAL,1,1,0,0,0,0,0,0,0,1,0,,,,,,,,,
2021-11-11 00:00:00,16:27:00,SEM VÍTIMA,AFOGADOS,RUA QUITERIO INACIO DE MELLO,553,SUBURBIO,,2,0,0,0,0,0,0,0,0,0,0,Longo da via,Bom,Perfeito estado,Seca,Perfeito estado,"Placas ""Pare""",,Única,Faixa seccionada
2021-11-11 00:00:00,17:58:00,COM VÍTIMA,ROSARINHO,AV NORTE MIGUEL ARRAES DE ALENCAR,,SUBURBIO,COLISÃO TRASEIRA,1,1,0,0,0,0,0,0,0,1,0,Longo da via,Bom,Perfeito estado,Seca,Perfeito estado,"Placas ""Pare""",60 km/h,Dupla,Faixa seccionada
2021-11-11 00:00:00,18:37:00,COM VÍTIMA,SANTO AMARO,AV GOVERNADOR AGAMENON MAGALHAES,,,COLISÃO COM CICLISTA,1,0,0,1,0,0,0,0,0,1,0,,,,,,,,,
2021-11-11 00:00:00,20:17:00,COM VÍTIMA,TAMARINEIRA,AV NORTE MIGUEL ARRAES DE ALENCAR,364,CIDADE,COLISÃO FRONTAL,0,1,0,0,0,0,0,0,0,2,0,Cruzamento,Bom,Perfeito estado,Seca,Perfeito estado,Não há placas,,Dupla,Canteiro central
2021-11-12 00:00:00,09:32:00,SEM VÍTIMA,MANGUEIRA,RUA SAO MIGUEL,,,COLISÃO LATERAL,0,1,0,0,0,0,0,1,0,0,0,Cruzamento,Bom,Perfeito estado,Seca,Perfeito estado,Não há placas,,Dupla,Faixa contínua
2021-11-12 00:00:00,11:22:00,COM VÍTIMA,CORDEIRO,EST DO FORTE DO ARRAIAL N. DO B. JESUS,,,COLISÃO TRANSVERSAL,1,1,0,0,0,0,0,0,0,1,0,Longo da via,Bom,Perfeito estado,Seca,Perfeito estado,Não há placas,,Dupla,Faixa contínua
2021-11-12 00:00:00,11:32:00,COM VÍTIMA,BOA VISTA,RUA TABIRA,,CIDADE,COLISÃO COM CICLISTA,1,0,0,1,0,0,0,0,0,1,0,Cruzamento,Bom,Perfeito estado,Seca,Perfeito estado,Não há placas,60 km/h,Única,Faixa seccionada
2021-11-12 00:00:00,11:57:00,SEM VÍTIMA,BAIRRO DO RECIFE,RUA DO PRINCIPE,,,ENGAVETAMENTO,3,0,0,0,0,0,0,0,0,0,0,,,,,,,,,
2021-11-12 00:00:00,12:31:00,COM VÍTIMA,MADALENA,RUA BENFICA,,CIDADE,COLISÃO FRONTAL,1,1,0,0,0,0,0,0,0,1,0,Longo da via,Bom,Perfeito estado,Seca,Perfeito estado,Não há placas,,Dupla,Faixa contínua
2021-11-12 00:00:00,14:01:00,COM VÍTIMA,BOA VIAGEM,AV BOA VIAGEM,,CIDADE,COLISÃO COM CICLISTA,1,0,0,1,0,0,0,0,0,1,0,Longo da via,Bom,Perfeito estado,Seca,Perfeito estado,Não há placas,60 km/h,Única,Faixa seccionada
2021-11-12 00:00:00,14:09:00,COM VÍTIMA,BOA VIAGEM,AV CONSELHEIRO AGUIAR,,CIDADE,COLISÃO TRASEIRA,1,1,0,0,0,0,0,0,0,1,0,Cruzamento,Bom,Perfeito estado,Seca,Perfeito estado,"Placas ""Pare""",,Única,Faixa seccionada
2021-11-12 00:00:00,15:33:00,SEM VÍTIMA,MADALENA,RUA MONSENHOR SILVA,,,COLISÃO LATERAL,2,0,0,0,0,0,0,0,0,0,0,Longo da via,Bom,Não existente,Seca,Perfeito estado,Não há placas,,,Não existe
2021-11-12 00:00:00,16:41:00,COM VÍTIMA,SÃO JOSÉ,AV DANTAS BARRETO,,SUBURBIO,ATROPELAMENTO DE PESSOA,1,0,0,0,1,0,0,0,0,1,0,Longo da via,Bom,Perfeito estado,Seca,Perfeito estado,Outras,,Dupla,Faixa contínua
2021-11-12 00:00:00,17:15:00,COM VÍTIMA,VASCO DA GAMA,AV VEREADOR OTACILIO AZEVEDO,,SUBURBIO,COLISÃO FRONTAL,0,1,0,0,0,1,0,0,0,1,0,Cruzamento,Bom,Não existente,Seca,Perfeito estado,Não há placas,,Dupla,Não existe
2021-11-12 00:00:00,18:21:00,COM VÍTIMA,LINHA DO TIRO,RUA URIEL DE HOLANDA,,,ENGAVETAMENTO,1,1,0,0,0,0,1,0,0,4,0,Cruzamento,Bom,,,,,,,
2021-11-12 00:00:00,21:11:40,COM VÍTIMA,CORDEIRO,AV ENGENHEIRO ABDIAS DE CARVALHO,687,CIDADE,COLISÃO TRANSVERSAL,1,1,0,0,0,0,0,0,0,1,0,Longo da via,Bom,Perfeito estado,Seca,Perfeito estado,Não há placas,,,Faixa seccionada
2021-11-12 00:00:00,21:49:40,COM VÍTIMA,TAMARINEIRA,AV CONS ROSA E SILVA,253,S,COLISÃO TRANSVERSAL,1,1,0,0,0,0,0,0,0,1,0,Cruzamento,Chuvoso,Perfeito estado,Molhada,Perfeito estado,Outras,,Única,Faixa contínua
2021-11-12 00:00:00,22:33:40,VÍTIMA FATAL,IPUTINGA,RUA BOM PASTOR,652,SUBURBIO,ATROPELAMENTO DE PESSOA,1,0,0,0,3,0,0,0,0,3,1,Longo da via,Bom,Perfeito estado,Seca,Perfeito estado,Não há placas,,Dupla,Faixa seccionada
2021-11-13 00:00:00,08:24:00,SEM VÍTIMA,VÁRZEA,RUA EMETERIO MACIEL,,,COLISÃO FRONTAL,2,0,0,0,0,0,0,0,0,0,0,,,,,,,,,
2021-11-13 00:00:00,18:14:00,COM VÍTIMA,VÁRZEA,RUA AMARO GOMES POROCA,,,COLISÃO COM CICLISTA,0,0,0,1,0,1,0,0,0,1,0,Longo da via,Bom,Perfeito estado,Seca,Perfeito estado,Não há placas,,Dupla,Faixa seccionada
2021-11-13 00:00:00,20:17:00,SEM VÍTIMA,AFLITOS,RUA DO FUTURO,,,COLISÃO TRASEIRA,2,0,0,0,0,0,0,0,0,0,0,,,,,,,,,
2021-11-13 00:00:00,23:14:40,COM VÍTIMA,TORRE,RUA JOSE BONIFACIO,,,COLISÃO LATERAL,1,1,0,0,0,0,0,0,0,1,0,,,,,,,,,
2021-11-14 00:00:00,12:43:00,COM VÍTIMA,IPUTINGA,AV MAURICIO DE NASSAU,246,CIDADE,COLISÃO FRONTAL,2,0,0,0,0,0,0,0,0,1,0,Cruzamento,Bom,Perfeito estado,Seca,Perfeito estado,Não há placas,,Dupla,Faixa contínua
2021-11-14 00:00:00,13:14:00,SEM VÍTIMA,BOA VIAGEM,RUA PROFESSOR EDUARDO WANDERLEY FILHO,,,COLISÃO LATERAL,0,1,0,0,0,0,0,1,0,0,0,Cruzamento,Bom,Perfeito estado,Seca,Perfeito estado,"Placas ""Pare""",,Dupla,Faixa seccionada
2021-11-14 00:00:00,15:57:00,COM VÍTIMA,ALTO JOSÉ DO PINHO,RUA ACAIACA,,,CHOQUE,2,1,0,0,0,0,0,0,0,1,0,Longo da via,Bom,Perfeito estado,Seca,Perfeito estado,Não há placas,,Dupla,Não existe
2021-11-14 00:00:00,21:31:40,COM VÍTIMA,MUSTARDINHA,RUA VINTE E UM DE ABRIL,,SUBURBIO,COLISÃO TRASEIRA,1,1,0,0,0,0,0,0,0,1,0,Longo da via,Bom,Perfeito estado,Seca,Mal iluminada,Não há placas,,Dupla,Faixa seccionada
2021-11-14 00:00:00,22:20:40,COM VÍTIMA,PINA,RUA TOME GIBSON,200,SUBURBIO,COLISÃO FRONTAL,1,1,0,0,0,0,0,0,0,1,0,Cruzamento,Bom,Perfeito estado,Seca,Perfeito estado,R-6a,60 km/h,Dupla,Faixa contínua
2021-11-15 00:00:00,19:09:00,COM VÍTIMA,IMBIRIBEIRA,AV MARECHAL MASCARENHAS DE MORAES,,SUBURBIO,COLISÃO TRASEIRA,1,1,0,0,0,0,0,0,0,1,0,Longo da via,Bom,Incompleta,Seca,Perfeito estado,Não há placas,60 km/h,Dupla,Canteiro central
2021-11-15 00:00:00,19:22:00,SEM VÍTIMA,BOA VIAGEM,AV ENGENHEIRO DOMINGOS FERREIRA,,,COLISÃO TRASEIRA,2,0,0,0,0,0,0,0,0,0,0,,,,,,,,,
2021-11-15 00:00:00,20:23:00,COM VÍTIMA,CORDEIRO,AV GENERAL SAN MARTIN,,,COLISÃO LATERAL,1,1,0,0,0,0,0,0,0,1,0,Longo da via,Bom,Perfeito estado,Seca,Perfeito estado,R-6a,,Dupla,Faixa contínua
2021-11-16 00:00:00,00:39:00,COM VÍTIMA,ARRUDA,RUA DO MACHADO,,SUBURBIO,COLISÃO FRONTAL,1,1,0,0,0,0,0,0,0,2,0,Cruzamento,Bom,Ilegível,Seca,,"Placas ""Pare""",30 km/h,Dupla,Não existe
2021-11-16 00:00:00,07:32:00,COM VÍTIMA,CASA AMARELA,RUA DOIS DE FEVEREIRO,,CIDADE,COLISÃO FRONTAL,1,1,0,0,0,0,0,0,0,1,0,Longo da via,Bom,Incompleta,Seca,Perfeito estado,R-19,30 km/h,Dupla,Não existe
2021-11-16 00:00:00,08:33:00,COM VÍTIMA,CABANGA,VIADUTO CAPITAO TEMUDO,,SUBURBIO,COLISÃO TRASEIRA,2,0,0,0,0,1,0,0,0,2,0,Longo da via,Bom,Perfeito estado,Seca,Perfeito estado,Não há placas,60 km/h,Única,Faixa seccionada
2021-11-16 00:00:00,09:07:00,COM VÍTIMA,SANTO AMARO,AV GOVERNADOR AGAMENON MAGALHAES,,OLINDA,COLISÃO TRANSVERSAL,2,0,0,0,0,0,1,0,0,1,0,Longo da via,Bom,Perfeito estado,Seca,Perfeito estado,Não há placas,60 km/h,Dupla,Canal
2021-11-16 00:00:00,12:47:00,COM VÍTIMA,TORRÕES,AV ENGENHEIRO ABDIAS DE CARVALHO,,CIDADE,COLISÃO TRASEIRA,0,1,0,0,0,0,0,0,0,1,0,Longo da via,Bom,Perfeito estado,Seca,Perfeito estado,Não há placas,,Única,Faixa seccionada
2021-11-16 00:00:00,12:51:00,SEM VÍTIMA,ESPINHEIRO,AV GOVERNADOR AGAMENON MAGALHAES,,CIDADE,COLISÃO LATERAL,2,0,0,0,0,0,0,0,0,0,0,,,,,,,,,
2021-11-16 00:00:00,12:58:00,COM VÍTIMA,SANTO AMARO,AV GOVERNADOR AGAMENON MAGALHAES,,,COLISÃO FRONTAL,1,1,0,0,0,0,0,0,0,2,0,Longo da via,Bom,Perfeito estado,Seca,Perfeito estado,Não há placas,60 km/h,Única,Faixa seccionada
2021-11-16 00:00:00,15:49:00,SEM VÍTIMA,ARRUDA,AV PEDRO DE MELO PEDROZA,,,COLISÃO COM CICLISTA,1,0,0,1,0,0,0,0,0,0,0,,,,,,,,,
2021-11-16 00:00:00,18:57:00,COM VÍTIMA,IMBIRIBEIRA,AV MARECHAL MASCARENHAS DE MORAES,,CIDADE,QUEDA,0,1,0,0,0,0,0,0,0,1,0,Longo da via,Bom,Perfeito estado,Seca,Perfeito estado,Outras,60 km/h,Dupla,Canteiro central
2021-11-16 00:00:00,19:00:00,SEM VÍTIMA,BOA VIAGEM,AV BOA VIAGEM,,,COLISÃO LATERAL,1,0,0,0,0,0,0,1,0,0,0,Longo da via,Bom,Perfeito estado,Seca,Perfeito estado,"Placas ""Dê a preferência""",60KM/H,Única,Faixa seccionada
2021-11-16 00:00:00,20:07:00,COM VÍTIMA,IMBIRIBEIRA,AV MARECHAL MASCARENHAS DE MORAES,570,SUBURBIO,ATROPELAMENTO DE PESSOA,0,0,0,0,1,0,0,0,0,1,0,Longo da via,Bom,Perfeito estado,Seca,Perfeito estado,Outras,,Dupla,Canteiro central
2021-11-16 00:00:00,20:51:00,SEM VÍTIMA,ENCRUZILHADA,AV NORTE MIGUEL ARRAES DE ALENCAR,,,CHOQUE,1,0,0,0,0,0,0,0,0,0,0,,,,,,,,,