data,hora,natureza,bairro,endereco,num_semaforo,sentido_via,tipo,auto,moto,ciclom,ciclista,pedestre,onibus,caminhao,viatura,outros,vitimas,vitimasfatais,acidente_verificado,tempo_clima,sinalizacao,condicao_via,conservacao_via,situacao_placa,velocidade_max_via,mao_direcao,divisao_via1
2021-11-16 00:00:00,20:47:40,SEM VÍTIMA,BOA VIAGEM,RUA JOAO EUGENIO DE LIMA,,,COLISÃO FRONTAL,1,0,0,0,0,0,0,1,0,0,0,Cruzamento,Bom,Não existente,Seca,Perfeito estado,Não há placas,,Dupla,Não existe
2021-11-16 00:00:00,22:10:40,COM VÍTIMA,JORDÃO,RUA VIRGINOPOLIS,,SUBURBIO,ATROPELAMENTO DE PESSOA,1,0,0,0,2,0,0,0,0,2,0,Longo da via,Bom,Perfeito estado,Seca,Perfeito estado,Não há placas,,Única,Não existe
2021-11-16 00:00:00,23:00:40,SEM VÍTIMA,BOA VIAGEM,RUA VISCONDE DE JEQUITINHONHA,,,CHOQUE,1,0,0,0,0,0,0,0,0,0,0,,,,,,,,,
2021-11-17 00:00:00,07:45:00,COM VÍTIMA,IBURA,AV DOM HELDER CAMARA,,CIDADE,COLISÃO FRONTAL,1,1,0,0,0,0,0,0,0,1,0,Longo da via,Bom,Perfeito estado,Seca,Perfeito estado,Não há placas,,Dupla,Canteiro central
2021-11-17 00:00:00,08:59:00,SEM VÍTIMA,PINA,RUA PROFESSOR JOSUE DE CASTRO,,CIDADE,COLISÃO TRASEIRA,1,0,0,0,0,0,0,1,0,0,0,Longo da via,Bom,Perfeito estado,Seca,Perfeito estado,Não há placas,,Única,
2021-11-17 00:00:00,09:05:00,COM VÍTIMA,AFOGADOS,RUA PROFESSOR AUGUSTO WANDERLEY FILHO,,,COLISÃO TRANSVERSAL,1,1,0,0,0,0,0,0,0,1,0,Cruzamento,Bom,Perfeito estado,Seca,Perfeito estado,Não há placas,,Única,Faixa seccionada
2021-11-17 00:00:00,09:17:00,COM VÍTIMA,CASA AMARELA,AV NORTE MIGUEL ARRAES DE ALENCAR,,CIDADE,ATROPELAMENTO DE PESSOA,0,1,0,0,1,0,0,0,0,1,0,Longo da via,Bom,Perfeito estado,Seca,Perfeito estado,,,Dupla,Faixa seccionada
2021-11-17 00:00:00,10:52:00,COM VÍTIMA,IMBIRIBEIRA,AV DOM JOAO VI,639,SUBURBIO,COLISÃO TRASEIRA,0,1,0,0,0,0,1,0,0,1,0,Cruzamento,Bom,Perfeito estado,Seca,Perfeito estado,Não há placas,,Dupla,Canal
2021-11-17 00:00:00,13:15:00,COM VÍTIMA,IBURA,AV DOIS RIOS,561,SUBURBIO,COLISÃO TRANSVERSAL,1,1,0,0,0,0,0,0,0,1,0,Esquina,Bom,Perfeito estado,Seca,Perfeito estado,Outras,60 km/h,Dupla,Faixa seccionada
2021-11-17 00:00:00,14:32:00,COM VÍTIMA,CAXANGÁ,AV CAXANGA,281,CIDADE,QUEDA,0,1,0,0,0,0,0,0,0,1,0,Longo da via,Bom,Perfeito estado,Seca,Perfeito estado,R-32,60 km/h,Dupla,Faixa contínua
2021-11-17 00:00:00,14:46:00,COM VÍTIMA,ESPINHEIRO,AV GOVERNADOR AGAMENON MAGALHAES,,,COLISÃO LATERAL,1,1,0,0,0,0,0,0,0,2,0,Longo da via,Bom,Perfeito estado,Seca,Perfeito estado,Não há placas,60 km/h,Dupla,Canteiro central
2021-11-17 00:00:00,14:59:00,COM VÍTIMA,ENCRUZILHADA,EST DE BELEM,,SUBURBIO,COLISÃO TRANSVERSAL,1,1,0,0,0,0,0,0,0,1,0,Cruzamento,Bom,Perfeito estado,Seca,Perfeito estado,Não há placas,,Dupla,Faixa contínua
2021-11-17 00:00:00,16:06:00,COM VÍTIMA,MADALENA,RUA BENFICA,,CIDADE,COLISÃO TRASEIRA,1,1,0,0,0,0,0,0,0,1,0,Longo da via,Bom,Perfeito estado,Seca,Perfeito estado,R-6a,,Dupla,Faixa contínua
2021-11-17 00:00:00,16:52:00,OUTROS,SÃO JOSÉ,C SANTA RITA,,CIDADE,OUTROS,0,1,0,0,0,0,0,0,0,1,0,Longo da via,Chuvoso,Perfeito estado,Molhada,Perfeito estado,Não há placas,60 km/h,Dupla,Canteiro central
2021-11-17 00:00:00,18:23:00,COM VÍTIMA,MADALENA,AV CAXANGA,,SUBURBIO,ATROPELAMENTO DE PESSOA,1,0,0,0,1,0,0,0,0,1,0,Longo da via,Bom,Perfeito estado,Seca,Perfeito estado,Não há placas,,Dupla,Canteiro central
2021-11-17 00:00:00,19:12:00,COM VÍTIMA,PAISSANDU,AV GOVERNADOR AGAMENON MAGALHAES,69,OLINDA,COLISÃO LATERAL,1,1,0,0,0,0,0,0,0,1,0,,,,,,,,,
2021-11-17 00:00:00,20:01:00,COM VÍTIMA,IPSEP,RUA HELIO BRANDAO,,,ATROPELAMENTO DE PESSOA,1,0,0,0,1,0,0,0,0,1,0,Longo da via,Bom,Ilegível,Seca,Mal iluminada,R-6a,,Dupla,Faixa seccionada
2021-11-17 00:00:00,22:44:40,COM VÍTIMA,BOA VIAGEM,RUA VISCONDE DE JEQUITINHONHA,154,,,1,1,0,0,0,0,0,0,0,2,0,Cruzamento,Bom,Perfeito estado,Seca,Perfeito estado,Não há placas,60 km/h,Única,Faixa contínua
2021-11-18 00:00:00,07:18:00,COM VÍTIMA,ILHA DO LEITE,RUA PAISSANDU,,CIDADE,QUEDA,0,1,0,0,0,0,0,0,0,1,0,Longo da via,Chuvoso,Perfeito estado,Seca,Perfeito estado,Não há placas,,Dupla,Faixa contínua
2021-11-18 00:00:00,08:02:00,COM VÍTIMA,SÃO JOSÉ,C SANTA RITA,,,COLISÃO LATERAL,0,2,0,0,0,0,0,0,0,1,0,,,,,,,,,
2021-11-18 00:00:00,14:07:00,COM VÍTIMA,APIPUCOS,RUA DOIS IRMAOS,,CIDADE,COLISÃO TRASEIRA,1,1,0,0,0,0,0,0,0,1,0,Longo da via,Bom,Perfeito estado,Seca,Perfeito estado,R-6a,,Dupla,Faixa contínua
2021-11-18 00:00:00,15:58:00,COM VÍTIMA,IMBIRIBEIRA,AV MARECHAL MASCARENHAS DE MORAES,,CIDADE,COLISÃO TRASEIRA,0,0,0,1,0,1,0,0,0,1,0,Longo da via,Bom,Perfeito estado,Seca,Perfeito estado,Não há placas,,Dupla,Canteiro central
2021-11-18 00:00:00,16:37:00,COM VÍTIMA,ROSARINHO,AV NORTE MIGUEL ARRAES DE ALENCAR,45,SUBURBIO,COLISÃO TRASEIRA,1,1,0,0,0,0,0,0,0,1,0,Esquina,Chuvoso,Perfeito estado,Molhada,Perfeito estado,R-6a,,Dupla,Canteiro central
2021-11-18 00:00:00,19:39:00,COM VÍTIMA,DOIS UNIDOS,RUA CORONEL PILAR,,,COLISÃO FRONTAL,0,1,0,0,0,1,0,0,0,1,0,,,,,,,,,
2021-11-18 00:00:00,20:28:00,COM VÍTIMA,BOA VIAGEM,AV ENGENHEIRO DOMINGOS FERREIRA,,,COLISÃO LATERAL,1,1,0,0,0,0,0,0,0,1,0,,,,,,,,,
2021-11-18 00:00:00,22:06:40,SEM VÍTIMA,VÁRZEA,AV AFONSO OLINDENSE,,,COLISÃO TRASEIRA,0,0,0,0,0,0,0,0,0,0,0,Longo da via,Bom,Perfeito estado,Seca,Perfeito estado,Não há placas,30 KM/H,Dupla,Faixa contínua
2021-11-19 00:00:00,07:03:00,COM VÍTIMA,ENCRUZILHADA,AV BEBERIBE,238,SUBURBIO,COLISÃO FRONTAL,1,1,0,0,0,0,0,0,0,1,0,Cruzamento,Bom,Perfeito estado,Seca,Perfeito estado,R-4a,,Dupla,Faixa contínua
2021-11-19 00:00:00,08:26:00,SEM VÍTIMA,BOMBA DO HEMETÉRIO,RUA BOMBA DO HEMETERIO,,,COLISÃO LATERAL,0,1,0,0,0,0,0,1,0,0,0,Longo da via,Bom,Perfeito estado,Seca,Perfeito estado,Outras,,Dupla,Não existe
2021-11-19 00:00:00,09:11:00,COM VÍTIMA,CASA AMARELA,EST DO ENCANAMENTO,,CIDADE,COLISÃO TRANSVERSAL,2,0,0,0,0,0,0,0,0,1,0,Cruzamento,Bom,Perfeito estado,Seca,,"Placas ""Pare""",,Única,Faixa seccionada
2021-11-19 00:00:00,10:53:00,SEM VÍTIMA,BOA VIAGEM,AV REPUBLICA ARABE UNIDA,,,COLISÃO TRASEIRA,1,1,0,0,0,0,0,0,0,0,0,,,,,,,,,
2021-11-19 00:00:00,16:42:00,COM VÍTIMA,DERBY,AV GOVERNADOR AGAMENON MAGALHAES,37,BOA VIAGEM,COLISÃO TRANSVERSAL,1,1,0,0,0,0,0,0,0,1,0,Cruzamento,Bom,Perfeito estado,Seca,Perfeito estado,Não há placas,60 km/h,Dupla,Canteiro central
2021-11-19 00:00:00,18:09:00,COM VÍTIMA,CASA AMARELA,RUA DA HARMONIA,,,COLISÃO FRONTAL,1,1,0,0,0,0,0,0,0,1,0,Longo da via,Bom,Perfeito estado,Seca,Perfeito estado,Não há placas,,Dupla,Faixa seccionada
2021-11-19 00:00:00,20:49:00,COM VÍTIMA,LINHA DO TIRO,RUA SODRELANDIA,,SUBURBIO,CAPOTAMENTO,0,0,0,0,0,0,0,0,0,1,0,Longo da via,Bom,,Seca,Perfeito estado,,,Dupla,Não existe
2021-11-20 00:00:00,05:39:00,COM VÍTIMA,ARRUDA,AV PROFESSOR JOSE DOS ANJOS,,DUPLO,COLISÃO FRONTAL,1,1,0,0,0,0,0,0,0,1,0,Longo da via,Bom,Perfeito estado,Seca,Perfeito estado,Não há placas,,Dupla,Não existe
2021-11-20 00:00:00,11:22:00,COM VÍTIMA,CAJUEIRO,AV CIDADE DE MONTEIRO,,SUBURBIO,COLISÃO FRONTAL,1,1,0,0,0,0,0,0,0,1,0,Longo da via,Nublado,Perfeito estado,Seca,Perfeito estado,R-6a,40 km/h,Dupla,Faixa contínua
2021-11-20 00:00:00,12:26:00,COM VÍTIMA,CASA AMARELA,RUA CONS NABUCO,,CIDADE,COLISÃO FRONTAL,1,1,0,0,0,0,0,0,0,1,0,Esquina,Bom,Incompleta,Seca,Perfeito estado,Outras,,Dupla,Não existe
2021-11-20 00:00:00,19:25:00,COM VÍTIMA,JARDIM SÃO PAULO,AV SAO PAULO,,CIDADE,COLISÃO FRONTAL,1,1,0,0,0,0,0,0,0,1,0,Longo da via,Bom,Não existente,Seca,Perfeito estado,Não há placas,60 km/h,Dupla,Faixa seccionada
2021-11-20 00:00:00,22:47:40,COM VÍTIMA,MADALENA,AV JOSE GONCALVES DE MEDEIROS,355,CIDADE,COLISÃO FRONTAL,1,1,0,0,0,0,0,0,0,1,0,Longo da via,Bom,Perfeito estado,Seca,Perfeito estado,Não há placas,,Dupla,Canteiro central
2021-11-21 00:00:00,02:40:00,COM VÍTIMA,GRAÇAS,RUA AMELIA,46,,COLISÃO TRANSVERSAL,1,1,0,0,0,0,0,0,0,1,0,Cruzamento,Bom,Perfeito estado,Seca,Perfeito estado,,,,
2021-11-21 00:00:00,09:17:00,COM VÍTIMA,JOANA BEZERRA,AV MARTIN LUTHER KING,,CIDADE,CAPOTAMENTO,1,0,0,0,0,0,0,0,0,1,0,Longo da via,Bom,Perfeito estado,Seca,Perfeito estado,Outras,,Única,Canteiro central
2021-11-21 00:00:00,10:21:00,COM VÍTIMA,IMBIRIBEIRA,RUA ITAJAI,,SUBURBIO,COLISÃO TRANSVERSAL,1,1,0,0,0,0,0,0,0,1,0,Cruzamento,Bom,Perfeito estado,Seca,Perfeito estado,Não há placas,70 km/h,Única,Faixa seccionada
2021-11-21 00:00:00,17:28:00,COM VÍTIMA,BOA VIAGEM,RUA ANTONIO PASSOS,,SUBURBIO,COLISÃO FRONTAL,2,0,0,0,0,0,0,0,0,1,0,Cruzamento,Bom,Perfeito estado,Seca,Perfeito estado,Não há placas,,Única,Não existe
2021-11-22 00:00:00,00:06:00,COM VÍTIMA,BOA VIAGEM,AVENIDA CELSO FURTADO (VIA MANGUE),,CIDADE,COLISÃO FRONTAL,0,0,0,1,0,0,0,0,0,2,0,Longo da via,Bom,Perfeito estado,Seca,Perfeito estado,Não há placas,60 km/h,Dupla,Canteiro central
2021-11-22 00:00:00,07:52:00,SEM VÍTIMA,SÃO JOSÉ,C SANTA RITA,,,CHOQUE,1,0,0,0,0,0,0,0,0,0,0,Longo da via,Bom,Perfeito estado,Seca,Perfeito estado,Não há placas,60 KM/H,Única,Faixa seccionada
2021-11-22 00:00:00,08:29:00,COM VÍTIMA,ESPINHEIRO,AV JOAO DE BARROS,,SUBURBIO,COLISÃO FRONTAL,1,1,0,0,0,0,0,0,0,1,0,Cruzamento,Bom,Perfeito estado,Seca,Perfeito estado,,,Única,Faixa contínua
2021-11-22 00:00:00,09:05:00,SEM VÍTIMA,CORDEIRO,RUA OCIDENTAL,,,COLISÃO FRONTAL,2,0,0,0,0,0,0,0,0,0,0,,,,,,,,,
2021-11-22 00:00:00,10:37:00,COM VÍTIMA,FUNDÃO,AV BEBERIBE,153,CIDADE,COLISÃO TRASEIRA,1,1,0,0,0,0,0,0,0,1,0,Longo da via,Bom,Perfeito estado,Seca,Perfeito estado,,,Dupla,Faixa contínua
2021-11-22 00:00:00,11:10:00,SEM VÍTIMA,SANTO AMARO,RUA ITUBERA,,,CHOQUE,0,0,0,0,0,0,0,1,0,0,0,,,,,,,,,
2021-11-22 00:00:00,11:43:00,COM VÍTIMA,TAMARINEIRA,RUA CONEGO BARATA,,CIDADE,COLISÃO FRONTAL,0,1,0,0,0,0,0,0,0,1,0,Longo da via,Bom,Não existente,Seca,Perfeito estado,Não há placas,60 km/h,Única,Faixa seccionada
2021-11-22 00:00:00,11:56:00,COM VÍTIMA,BOA VIAGEM,AV ENGENHEIRO DOMINGOS FERREIRA,,SUBURBIO,COLISÃO FRONTAL,0,2,0,0,0,0,0,0,0,1,0,Longo da via,Bom,Perfeito estado,Seca,Perfeito estado,Não há placas,60 km/h,Única,Canteiro central
2021-11-22 00:00:00,14:26:00,SEM VÍTIMA,SÃO JOSÉ,RUA FLORIANO PEIXOTO,,,COLISÃO TRASEIRA,1,1,0,0,0,0,0,0,0,0,0,Longo da via,Bom,Perfeito estado,Seca,Perfeito estado,R-6a,,Única,Faixa seccionada
2021-11-22 00:00:00,21:18:40,SEM VÍTIMA,TORREÃO,RUA OTHON PARAISO,,,COLISÃO LATERAL,0,0,0,0,0,0,0,0,0,0,0,,,,,,,,,
2021-11-23 00:00:00,08:02:00,COM VÍTIMA,BOA VIAGEM,RUA RIBEIRO DE BRITO,,CIDADE,COLISÃO TRANSVERSAL,1,1,0,0,0,0,0,0,0,1,0,Cruzamento,Bom,Perfeito estado,Seca,Perfeito estado,"Placas ""Pare""",,Única,Não existe
2021-11-23 00:00:00,08:41:00,COM VÍTIMA,VÁRZEA,RUA VALE DO SIRIJI,,SUBURBIO,COLISÃO COM CICLISTA,1,0,0,1,0,0,0,0,0,1,0,Cruzamento,Bom,Incompleta,Seca,Perfeito estado,R-6a,,Dupla,Outros
2021-11-23 00:00:00,08:41:00,COM VÍTIMA,CABANGA,AV ENGENHEIRO JOSE ESTELITA,,CIDADE,COLISÃO COM CICLISTA,0,0,0,1,0,1,0,0,0,1,0,Longo da via,Bom,Incompleta,Seca,Perfeito estado,Outras,60 km/h,Dupla,Faixa contínua
2021-11-23 00:00:00,10:08:00,COM VÍTIMA,MADALENA,AV ENGENHEIRO ABDIAS DE CARVALHO,132,CIDADE,CHOQUE,1,0,0,0,0,0,0,0,0,1,0,Cruzamento,Bom,Perfeito estado,Seca,Perfeito estado,Outras,60 km/h,Dupla,Canteiro central
2021-11-23 00:00:00,12:40:00,COM VÍTIMA,ALTO JOSÉ DO PINHO,RUA HORACIO SILVA,,SUBURBIO,ATROPELAMENTO DE PESSOA,1,0,0,0,1,0,0,0,0,1,0,Longo da via,Bom,Perfeito estado,Seca,Perfeito estado,R-6a,,Dupla,Não existe
2021-11-23 00:00:00,12:42:00,COM VÍTIMA,CORDEIRO,EST DO FORTE DO ARRAIAL N. DO B. JESUS,,CIDADE,COLISÃO TRANSVERSAL,1,1,0,0,0,0,0,0,0,1,0,Cruzamento,Bom,Perfeito estado,Seca,Perfeito estado,Não há placas,,Dupla,Faixa contínua
2021-11-23 00:00:00,16:34:00,COM VÍTIMA,MADALENA,RUA BENFICA,,CIDADE,COLISÃO FRONTAL,1,1,0,0,0,0,0,0,0,1,0,Cruzamento,Bom,Incompleta,Seca,Perfeito estado,Outras,30 km/h,Única,Blocos
2021-11-23 00:00:00,17:35:00,SEM VÍTIMA,PINA,AVENIDA CELSO FURTADO (VIA MANGUE),,,COLISÃO TRASEIRA,1,0,0,0,0,0,0,0,0,0,0,,,,,,,,,
2021-11-23 00:00:00,18:32:00,COM VÍTIMA,BOA VISTA,PRC PARQUE AMORIM,173,SUBURBIO,COLISÃO FRONTAL,0,2,0,0,0,0,0,0,0,1,0,Esquina,Bom,Perfeito estado,Seca,Perfeito estado,Outras,60 km/h,Única,Faixa contínua
2021-11-23 00:00:00,19:17:00,COM VÍTIMA,TEJIPIÓ,AV DR JOSE RUFINO,,SUBURBIO,COLISÃO TRASEIRA,1,0,0,0,0,1,0,0,0,1,0,Longo da via,Bom,Perfeito estado,Seca,Perfeito estado,Outras,,Dupla,Faixa contínua
2021-11-24 00:00:00,07:53:00,COM VÍTIMA,PAISSANDU,RUA GENERAL JOAQUIM INACIO,69,SUBURBIO,COLISÃO TRANSVERSAL,1,1,0,0,0,0,0,0,0,1,0,Cruzamento,Bom,Perfeito estado,Seca,Perfeito estado,Outras,40 km/h,Única,Faixa seccionada
2021-11-24 00:00:00,10:03:00,COM VÍTIMA,SANTO ANTÔNIO,RUA SIQUEIRA CAMPOS,141,,COLISÃO TRANSVERSAL,1,1,0,0,0,0,0,0,0,2,0,Cruzamento,Bom,Perfeito estado,Seca,Perfeito estado,Não há placas,40 km/h,Única,Não existe
2021-11-24 00:00:00,11:58:00,COM VÍTIMA,ILHA DO LEITE,AV GOVERNADOR AGAMENON MAGALHAES,64,BOA VIAGEM,COLISÃO TRASEIRA,1,1,0,0,0,0,0,0,0,1,0,Longo da via,Bom,Perfeito estado,Seca,Perfeito estado,Não há placas,60 km/h,Dupla,Canal
2021-11-24 00:00:00,12:20:00,COM VÍTIMA,ARRUDA,RUA MEM DE SA,,CIDADE,COLISÃO FRONTAL,1,1,0,0,0,0,0,0,0,1,0,Longo da via,Bom,Não existente,Seca,Perfeito estado,Não há placas,,Dupla,Faixa seccionada
2021-11-24 00:00:00,14:28:00,SEM VÍTIMA,BOA VIAGEM,RUA SA E SOUZA,,,CHOQUE,3,0,0,0,0,0,0,0,0,0,0,,,,,,,,,
2021-11-24 00:00:00,15:27:00,SEM VÍTIMA,PRADO,RUA GOMES TABORDA,,,COLISÃO TRASEIRA,2,0,0,0,0,0,0,0,0,0,0,Longo da via,Bom,Incompleta,Seca,Mal conservada,R-6b,,Dupla,Faixa seccionada
2021-11-24 00:00:00,18:22:00,COM VÍTIMA,MADALENA,AV CAXANGA,,CIDADE,ATROPELAMENTO DE PESSOA,0,1,0,0,1,0,0,0,0,1,0,Longo da via,Bom,Perfeito estado,Seca,Perfeito estado,,,Única,Faixa contínua
2021-11-24 00:00:00,18:45:00,COM VÍTIMA,BONGI,RUA DELMIRO GOUVEIA,,CIDADE,COLISÃO TRANSVERSAL,1,1,0,0,0,0,0,0,0,1,0,Cruzamento,Bom,Não existente,Seca,Mal conservada,Não há placas,40 km/h,Dupla,Não existe
2021-11-25 00:00:00,08:39:00,COM VÍTIMA,VÁRZEA,AV CAXANGA,,CIDADE,CHOQUE,0,1,0,0,0,0,0,0,0,1,0,Longo da via,Bom,Perfeito estado,Seca,Perfeito estado,R-6a,60 km/h,Dupla,Faixa contínua
2021-11-25 00:00:00,09:12:00,COM VÍTIMA,VÁRZEA,AV CAXANGA,,SUBURBIO,COLISÃO COM CICLISTA,0,1,0,1,0,0,0,0,0,1,0,Longo da via,Bom,Perfeito estado,Seca,Perfeito estado,Outras,60 km/h,Dupla,Faixa contínua
2021-11-25 00:00:00,16:03:00,COM VÍTIMA,PINA,AV BRASILIA FORMOSA,,SUBURBIO,COLISÃO FRONTAL,1,1,0,0,0,0,0,0,0,1,0,Longo da via,Bom,Perfeito estado,Seca,Perfeito estado,Outras,,Dupla,Faixa seccionada
2021-11-25 00:00:00,16:33:00,COM VÍTIMA,SANTO AMARO,AV VISCONDE DE SUASSUNA,31,SUBURBIO,COLISÃO FRONTAL,0,1,0,0,0,0,0,0,1,1,0,Cruzamento,Bom,Perfeito estado,Seca,Perfeito estado,R-6a,40 km/h,Única,Faixa seccionada
2021-11-25 00:00:00,16:34:00,COM VÍTIMA,TAMARINEIRA,AV NORTE MIGUEL ARRAES DE ALENCAR,,,CAPOTAMENTO,1,0,0,0,0,0,0,0,0,1,0,Longo da via,Bom,Perfeito estado,Seca,Perfeito estado,Não há placas,,Única,Faixa seccionada
2021-11-25 00:00:00,18:13:00,SEM VÍTIMA,CABANGA,AV SATURNINO DE BRITO,,,COLISÃO LATERAL,1,0,0,0,0,0,1,0,0,0,0,,,,,,,,,
2021-11-25 00:00:00,19:05:00,COM VÍTIMA,BOA VISTA,AV GOVERNADOR AGAMENON MAGALHAES,,,COLISÃO TRASEIRA,1,1,0,0,0,0,0,0,0,1,0,,,,,,,,,
2021-11-25 00:00:00,19:32:00,COM VÍTIMA,AREIAS,AV RECIFE,,CIDADE,COLISÃO TRASEIRA,2,0,0,0,0,0,0,0,0,1,0,Longo da via,Bom,Perfeito estado,Seca,Perfeito estado,,,Dupla,Faixa seccionada
2021-11-25 00:00:00,21:10:40,COM VÍTIMA,BOA VISTA,RUA MIGUEL COUTO,,CIDADE,COLISÃO FRONTAL,0,0,0,0,0,0,0,0,0,1,0,Esquina,Bom,Incompleta,Seca,Perfeito estado,R-6a,,Dupla,Não existe
2021-11-26 00:00:00,00:35:00,COM VÍTIMA,TORRE,RUA JOSE BONIFACIO,,,COLISÃO TRANSVERSAL,2,0,0,0,0,0,0,0,0,1,0,,,,,,,,,
2021-11-26 00:00:00,06:14:00,SEM VÍTIMA,IMBIRIBEIRA,RUA DR TAVARES CORREIA,,SUBURBIO,CHOQUE,1,0,0,0,0,0,0,0,0,0,0,Longo da via,Bom,Perfeito estado,Seca,Perfeito estado,Não há placas,,Dupla,Não existe
2021-11-26 00:00:00,07:05:00,COM VÍTIMA,MADALENA,AV VISCONDE DE ALBUQUERQUE,,ÚNICO,COLISÃO TRANSVERSAL,1,1,0,0,0,0,0,0,0,2,0,Longo da via,Bom,Perfeito estado,Seca,Perfeito estado,R-24a,,Única,Faixa contínua
2021-11-26 00:00:00,07:41:00,COM VÍTIMA,APIPUCOS,AV DEZESSETE DE AGOSTO,,CIDADE,COLISÃO TRASEIRA,1,1,0,0,0,0,0,0,0,1,0,Longo da via,Bom,Perfeito estado,Seca,Perfeito estado,R-6a,,Dupla,Faixa contínua
2021-11-26 00:00:00,08:05:00,COM VÍTIMA,CASA AMARELA,AV NORTE MIGUEL ARRAES DE ALENCAR,,CIDADE,COLISÃO TRASEIRA,1,1,0,0,0,0,0,0,0,1,0,Longo da via,Bom,Perfeito estado,Seca,Perfeito estado,Outras,,Única,Faixa seccionada
2021-11-26 00:00:00,09:53:00,COM VÍTIMA,PORTO DA MADEIRA,RUA DALVA DE OLIVEIRA,,SUBURBIO,COLISÃO TRANSVERSAL,0,0,0,0,0,0,0,0,0,1,0,Longo da via,Bom,Perfeito estado,Seca,Perfeito estado,Não há placas,30 km/h,Dupla,Faixa contínua
2021-11-26 00:00:00,16:20:00,SEM VÍTIMA,IPUTINGA,RUA PROFESSOR JULIO OLIVEIRA,,CIDADE,,1,0,0,0,0,0,0,0,0,0,0,Longo da via,Bom,Perfeito estado,Seca,Perfeito estado,"Placas ""Pare""",,Única,Faixa contínua
2021-11-26 00:00:00,20:03:00,COM VÍTIMA,SAN MARTIN,AV GENERAL SAN MARTIN,,CIDADE,COLISÃO TRANSVERSAL,1,1,0,0,0,0,0,0,0,1,0,Cruzamento,Bom,Perfeito estado,Seca,Perfeito estado,Outras,,Dupla,Faixa contínua
2021-11-26 00:00:00,21:39:40,COM VÍTIMA,CORDEIRO,EST DO FORTE DO ARRAIAL N. DO B. JESUS,,,COLISÃO FRONTAL,2,0,0,0,0,0,0,0,0,1,0,Longo da via,Bom,Perfeito estado,Seca,Perfeito estado,Não há placas,,Dupla,Faixa contínua
2021-11-27 00:00:00,01:05:00,COM VÍTIMA,ESPINHEIRO,RUA DO ESPINHEIRO,,SUBURBIO,COLISÃO TRANSVERSAL,0,2,0,0,0,0,0,0,0,1,0,Cruzamento,Bom,,Seca,Perfeito estado,"Placas ""Pare""",,Dupla,Não existe
2021-11-27 00:00:00,06:24:00,COM VÍTIMA,ENCRUZILHADA,AV BEBERIBE,186,CIDADE,ATROPELAMENTO DE PESSOA,1,0,0,0,1,0,0,0,0,1,0,Longo da via,Bom,Perfeito estado,Seca,Perfeito estado,Não há placas,,Dupla,Canteiro central
2021-11-27 00:00:00,06:29:00,COM VÍTIMA,IMBIRIBEIRA,AV PROJETADA,,CIDADE,CHOQUE,1,0,0,0,0,0,1,0,0,1,0,Longo da via,Bom,Não existente,Seca,Perfeito estado,Não há placas,,Única,Faixa seccionada
2021-11-27 00:00:00,12:15:00,COM VÍTIMA,TORRÕES,AV GOVERNADOR AGAMENON MAGALHAES,,SUBURBIO,COLISÃO TRANSVERSAL,1,1,0,0,0,0,0,0,0,1,0,Longo da via,Bom,Perfeito estado,Seca,Perfeito estado,"Placas ""Pare""",,Única,Faixa seccionada
2021-11-27 00:00:00,13:28:00,SEM VÍTIMA,SÃO JOSÉ,C SANTA RITA,,,COLISÃO FRONTAL,1,0,0,0,0,0,0,1,0,0,0,,,,,,,,,
2021-11-27 00:00:00,17:15:00,COM VÍTIMA,PINA,AV BOA VIAGEM,104,,COLISÃO TRANSVERSAL,1,1,0,0,0,0,0,0,0,1,0,,,,,,,,,
2021-11-28 00:00:00,11:30:00,COM VÍTIMA,SANTO AMARO,RUA DOS PALMARES,,CIDADE,ATROPELAMENTO DE PESSOA,1,0,0,0,1,0,0,0,0,1,0,Longo da via,Bom,Perfeito estado,Seca,Perfeito estado,Não há placas,,Dupla,Canteiro central
2021-11-28 00:00:00,13:10:00,COM VÍTIMA,AREIAS,AV RECIFE,,,COLISÃO FRONTAL,2,0,0,0,0,0,0,0,0,1,0,,,,,,,,,
2021-11-28 00:00:00,13:35:00,COM VÍTIMA,CAXANGÁ,AV JOAQUIM RIBEIRO,,,COLISÃO TRASEIRA,1,1,0,0,0,0,0,0,0,2,0,,,,,,,,,
2021-11-28 00:00:00,18:31:00,COM VÍTIMA,MACAXEIRA,RUA MARIA AMALIA,,,COLISÃO FRONTAL,0,0,0,0,0,0,0,0,0,1,0,,,,,,,,,
2021-11-28 00:00:00,19:14:00,COM VÍTIMA,VÁRZEA,AV AFONSO OLINDENSE,,SUBURBIO,COLISÃO TRANSVERSAL,1,1,0,0,0,0,0,0,0,1,0,Longo da via,Bom,,Seca,Perfeito estado,Outras,,Dupla,Faixa contínua
2021-11-28 00:00:00,20:27:00,COM VÍTIMA,IBURA,AV DOIS RIOS,,CIDADE,COLISÃO TRANSVERSAL,1,1,0,0,0,0,0,0,0,2,0,Longo da via,Bom,Perfeito estado,Seca,Perfeito estado,Outras,,Dupla,Não existe
2021-11-28 00:00:00,21:31:40,SEM VÍTIMA,CAXANGÁ,RUA DOUTOR DUSTAN DE CARVALHO SOARES,,,ENGAVETAMENTO,0,0,0,0,0,0,0,0,0,0,0,,,,,,,,,
2021-11-28 00:00:00,22:11:40,SEM VÍTIMA,ARRUDA,RUA DA REGENERACAO,,,ENGAVETAMENTO,3,0,0,0,0,0,0,0,0,0,0,,,,,,,,,