data,hora,natureza,bairro,endereco,num_semaforo,sentido_via,tipo,auto,moto,ciclom,ciclista,pedestre,onibus,caminhao,viatura,outros,vitimas,vitimasfatais,acidente_verificado,tempo_clima,sinalizacao,condicao_via,conservacao_via,situacao_placa,velocidade_max_via,mao_direcao,divisao_via1
2021-12-12 00:00:00,11:35:00,COM VÍTIMA,GRAÇAS,RUA JOAQUIM NABUCO,,SUBURBIO,COLISÃO TRASEIRA,2,0,0,0,0,0,0,0,0,1,0,Longo da via,Bom,Perfeito estado,Seca,Perfeito estado,,60 km/h,Única,Não existe
2021-12-12 00:00:00,11:43:00,COM VÍTIMA,BEBERIBE,AV BEBERIBE,,,COLISÃO TRANSVERSAL,1,1,0,0,0,0,0,0,0,1,0,Longo da via,Bom,Perfeito estado,Seca,Perfeito estado,R-6a,,Dupla,Faixa contínua
2021-12-12 00:00:00,14:44:00,COM VÍTIMA,CAMPO GRANDE,AV GOVERNADOR AGAMENON MAGALHAES,49,SUBURBIO,COLISÃO COM CICLISTA,1,0,0,1,0,0,0,0,0,1,0,Longo da via,Bom,Perfeito estado,Seca,Perfeito estado,Não há placas,60 km/h,Dupla,Faixa seccionada
2021-12-12 00:00:00,19:47:00,SEM VÍTIMA,CORDEIRO,RUA GOMES TABORDA,,,COLISÃO FRONTAL,0,0,0,0,0,0,0,0,0,0,0,,,,,,,,,
2021-12-12 00:00:00,20:58:40,COM VÍTIMA,FUNDÃO,AV BEBERIBE,,CIDADE,ATROPELAMENTO DE PESSOA,0,0,0,0,1,1,0,0,0,1,0,Cruzamento,Bom,Perfeito estado,Seca,Perfeito estado,Não há placas,,Dupla,Canteiro central
2021-12-13 00:00:00,00:44:00,COM VÍTIMA,AREIAS,AV RECIFE,620,SUBURBIO,COLISÃO TRANSVERSAL,1,1,0,0,0,0,0,0,0,2,0,Esquina,Bom,Perfeito estado,Seca,Perfeito estado,,,,
2021-12-13 00:00:00,05:54:00,SEM VÍTIMA,IPSEP,AV RECIFE,,,CHOQUE,0,0,0,0,0,0,0,0,0,0,0,,,,,,,,,
2021-12-13 00:00:00,06:18:00,COM VÍTIMA,BOA VIAGEM,RUA VISCONDE DE JEQUITINHONHA,304,,COLISÃO TRANSVERSAL,1,1,0,0,0,0,0,0,0,1,0,Cruzamento,Bom,Perfeito estado,Molhada,Perfeito estado,Não há placas,,Única,Faixa contínua
2021-12-13 00:00:00,07:08:00,COM VÍTIMA,SÃO JOSÉ,VDO DAS CINCO PONTAS,,,QUEDA,0,1,0,0,0,0,0,0,0,1,0,,,,,,,,,
2021-12-13 00:00:00,08:49:00,COM VÍTIMA,CASA AMARELA,RUA DA HARMONIA,,SUBURBIO,COLISÃO FRONTAL,1,1,0,0,0,0,0,0,0,1,0,Longo da via,Chuvoso,Perfeito estado,Molhada,Perfeito estado,R-6a,,Dupla,Faixa contínua
2021-12-13 00:00:00,09:53:00,COM VÍTIMA,SANTO AMARO,AV CRUZ CABUGA,202,,COLISÃO COM CICLISTA,0,0,0,1,0,0,1,0,0,1,0,Longo da via,Chuvoso,Perfeito estado,Molhada,Perfeito estado,Outras,,Dupla,Canteiro central
2021-12-13 00:00:00,12:12:00,COM VÍTIMA,BOA VISTA,RUA PRINCESA IZABEL,31,CIDADE,COLISÃO LATERAL,1,1,0,0,0,0,0,0,0,1,0,Cruzamento,Chuvoso,Perfeito estado,Molhada,Perfeito estado,R-25c,,Única,Não existe
2021-12-13 00:00:00,13:01:00,COM VÍTIMA,AFOGADOS,RUA NICOLAU PEREIRA,,CIDADE,COLISÃO LATERAL,1,1,0,0,0,0,0,0,0,1,0,Longo da via,Chuvoso,Perfeito estado,Molhada,Perfeito estado,Não há placas,,Única,Faixa contínua
2021-12-13 00:00:00,14:55:00,COM VÍTIMA,ESTÂNCIA,AV DR JOSE RUFINO,,CIDADE,COLISÃO COM CICLISTA,1,0,0,1,0,0,0,0,0,1,0,Longo da via,Bom,Perfeito estado,Seca,Perfeito estado,Outras,,Dupla,Faixa contínua
2021-12-14 00:00:00,07:03:00,COM VÍTIMA,AFOGADOS,EST DOS REMEDIOS,524,CIDADE,COLISÃO TRASEIRA,1,0,0,0,0,0,0,0,1,1,0,Longo da via,Chuvoso,Perfeito estado,Molhada,Perfeito estado,Não há placas,,Única,Faixa seccionada
2021-12-14 00:00:00,08:34:00,COM VÍTIMA,SANTO AMARO,AV PREFEITO ARTUR LIMA CAVALCANTI,,SUBURBIO,CHOQUE,1,0,0,0,0,0,0,0,0,1,0,Longo da via,Bom,Perfeito estado,Seca,Perfeito estado,Não há placas,,Dupla,Canteiro central
2021-12-14 00:00:00,08:37:00,COM VÍTIMA,BOA VISTA,AV CONDE DA BOA VISTA,,SUBURBIO,COLISÃO COM CICLISTA,0,1,0,1,0,0,0,0,0,1,0,Cruzamento,Bom,Perfeito estado,Seca,Perfeito estado,R-6c,,Dupla,Canteiro central
2021-12-14 00:00:00,09:01:00,COM VÍTIMA,BOA VISTA,AV CONDE DA BOA VISTA,,CIDADE,COLISÃO COM CICLISTA,1,0,0,1,0,0,0,0,0,1,0,Longo da via,Bom,Perfeito estado,Seca,Perfeito estado,,,Dupla,Canteiro central
2021-12-14 00:00:00,09:27:00,COM VÍTIMA,JOANA BEZERRA,VDO PAPA JOAO PAULO II,,OLINDA,COLISÃO TRASEIRA,1,1,0,0,0,0,0,0,0,1,0,Viaduto,Bom,Não existente,Seca,Perfeito estado,Não há placas,60 km/h,Única,Canteiro central
2021-12-14 00:00:00,13:17:00,COM VÍTIMA,IPUTINGA,RUA MINISTRO JOAO ALBERTO,,CIDADE,COLISÃO FRONTAL,2,1,0,0,0,0,0,0,0,1,0,Longo da via,Bom,Perfeito estado,Seca,Perfeito estado,Não há placas,,Dupla,Faixa seccionada
2021-12-14 00:00:00,14:57:00,COM VÍTIMA,AFOGADOS,RUA SAO MIGUEL,,SUBURBIO,COLISÃO TRASEIRA,1,1,0,0,0,0,0,0,0,1,0,Longo da via,Bom,Perfeito estado,Seca,Perfeito estado,Não há placas,,Dupla,Faixa contínua
2021-12-14 00:00:00,16:11:00,COM VÍTIMA,TEJIPIÓ,AV LIBERDADE,,SUBURBIO,COLISÃO LATERAL,1,1,0,0,0,0,0,0,0,1,0,Longo da via,Bom,Ilegível,Seca,Perfeito estado,Não há placas,40 km/h,Dupla,Não existe
2021-12-14 00:00:00,17:17:00,COM VÍTIMA,CASA AMARELA,RUA DA ESTRELA,,EMBAIXADA CHINESA,COLISÃO LATERAL,1,1,0,0,0,0,0,0,0,1,0,Longo da via,Bom,Perfeito estado,Seca,Perfeito estado,"Placas ""Pare""",40 km/h,Dupla,Faixa seccionada
2021-12-14 00:00:00,18:17:00,COM VÍTIMA,TORRE,RUA PIO NONO,,,COLISÃO TRASEIRA,1,0,0,0,0,0,1,0,0,1,0,,,,,,,,,
2021-12-14 00:00:00,18:55:00,SEM VÍTIMA,ENCRUZILHADA,RUA AMARO COUTINHO,,,COLISÃO LATERAL,1,0,0,0,0,0,0,1,0,0,0,,,,,,,,,
2021-12-15 00:00:00,07:51:00,COM VÍTIMA,CAXANGÁ,AV CAXANGA,,CIDADE,ATROPELAMENTO DE PESSOA,0,1,0,0,1,0,0,0,0,1,0,Longo da via,Bom,Perfeito estado,Seca,Perfeito estado,R-32,60 km/h,Dupla,Faixa contínua
2021-12-15 00:00:00,11:13:00,COM VÍTIMA,JOANA BEZERRA,VIADUTO CAPITAO TEMUDO,,BOA VIAGEM,COLISÃO TRASEIRA,1,1,0,0,0,0,0,0,0,1,0,Viaduto,Bom,Perfeito estado,Seca,Perfeito estado,Não há placas,60 km/h,Dupla,Canteiro central
2021-12-15 00:00:00,11:16:00,COM VÍTIMA,ESPINHEIRO,RUA GOMES PACHECO,,SUBURBIO,COLISÃO FRONTAL,1,1,0,0,0,0,0,0,0,1,0,Cruzamento,Bom,Incompleta,Seca,Perfeito estado,"Placas ""Pare""",,Única,Não existe
2021-12-15 00:00:00,11:58:00,COM VÍTIMA,CURADO,EST DO CURADO,,CIDADE,ATROPELAMENTO DE PESSOA,1,0,0,0,1,0,0,0,0,1,0,Longo da via,Bom,Não existente,Seca,Mal conservada,Não há placas,30 km/h,Dupla,Não existe
2021-12-15 00:00:00,12:08:00,SEM VÍTIMA,SANTO AMARO,AV GOVERNADOR AGAMENON MAGALHAES,,SUBURBIO,COLISÃO COM CICLISTA,0,1,0,1,0,0,0,0,0,0,0,,,,,,,,,
2021-12-15 00:00:00,18:15:00,COM VÍTIMA,BOA VIAGEM,RUA CAMBOIM,,,COLISÃO TRANSVERSAL,1,2,0,0,0,0,0,0,0,2,0,Cruzamento,Bom,Perfeito estado,Seca,Perfeito estado,"Placas ""Pare""",,Dupla,Faixa seccionada
2021-12-16 00:00:00,08:41:00,COM VÍTIMA,CAMPO GRANDE,EST DE BELEM,,,COLISÃO COM CICLISTA,1,0,0,1,0,0,0,0,0,1,0,,,,,,,,,
2021-12-16 00:00:00,13:52:00,COM VÍTIMA,IBURA,AV RECIFE,,AEROPORTO,COLISÃO TRASEIRA,3,0,0,0,0,0,0,0,0,1,0,Longo da via,Bom,Perfeito estado,Seca,Perfeito estado,Outras,60 km/h,Dupla,Faixa contínua
2021-12-16 00:00:00,14:44:00,SEM VÍTIMA,ILHA DO LEITE,RUA MARQUES AMORIM,,,,2,1,0,0,0,0,0,0,0,0,0,Cruzamento,Bom,Perfeito estado,Seca,Perfeito estado,,,Dupla,Faixa seccionada
2021-12-16 00:00:00,20:41:00,SEM VÍTIMA,BOMBA DO HEMETÉRIO,RUA BOMBA DO HEMETERIO,,,COLISÃO TRASEIRA,0,0,0,0,0,0,0,0,0,0,0,,,,,,,,,
2021-12-16 00:00:00,21:20:40,COM VÍTIMA,VÁRZEA,AV BARAO DE BONITO,,,COLISÃO LATERAL,0,0,0,0,0,0,0,0,0,1,0,,,,,,,,,
2021-12-16 00:00:00,22:57:40,COM VÍTIMA,AFOGADOS,RUA SAO MIGUEL,,SUBURBIO,COLISÃO LATERAL,1,1,0,0,0,0,0,0,0,1,0,Cruzamento,Bom,Perfeito estado,Seca,Perfeito estado,Não há placas,,Dupla,Faixa contínua
2021-12-17 00:00:00,12:20:00,COM VÍTIMA,BOA VIAGEM,AV GENERAL MAC ARTHUR,673,SUBURBIO,COLISÃO COM CICLISTA,0,1,0,1,0,0,0,0,0,1,0,Longo da via,Bom,Perfeito estado,Seca,Perfeito estado,Outras,40 km/h,Única,Faixa seccionada
2021-12-17 00:00:00,14:31:00,COM VÍTIMA,BOA VIAGEM,RUA FRANCISCO DA CUNHA,,,COLISÃO TRASEIRA,1,1,0,0,0,0,0,0,0,1,0,,,,,,,,,
2021-12-17 00:00:00,17:43:00,COM VÍTIMA,JIQUIÁ,AV DR JOSE RUFINO,,,COLISÃO TRASEIRA,1,1,0,0,0,0,0,0,0,1,0,Cruzamento,Bom,Perfeito estado,Seca,Perfeito estado,R-6a,,Dupla,Faixa contínua
2021-12-17 00:00:00,22:30:40,COM VÍTIMA,AFOGADOS,RUA COSME VIANA,,,COLISÃO FRONTAL,1,1,0,0,0,0,0,0,0,1,0,,,,,,,,,
2021-12-18 00:00:00,07:48:00,COM VÍTIMA,SAN MARTIN,AV GENERAL SAN MARTIN,250,SUBURBIO,COLISÃO COM CICLISTA,0,1,0,1,0,0,0,0,0,3,0,Longo da via,Bom,Perfeito estado,Seca,Perfeito estado,Não há placas,40 km/h,Dupla,Faixa contínua
2021-12-18 00:00:00,08:50:00,COM VÍTIMA,IPSEP,RUA JEAN EMILE FAVRE,,CIDADE,COLISÃO TRANSVERSAL,1,1,0,0,0,0,0,0,0,1,0,Longo da via,Bom,Perfeito estado,Seca,Perfeito estado,Não há placas,40 km/h,Dupla,Faixa contínua
2021-12-19 00:00:00,07:15:00,COM VÍTIMA,ARRUDA,RUA PROFESSOR JERONIMO GUEIROS,495,CIDADE,COLISÃO LATERAL,1,1,0,0,0,0,0,0,0,2,0,Cruzamento,Bom,Perfeito estado,Seca,Perfeito estado,,30 km/h,Dupla,Faixa seccionada
2021-12-19 00:00:00,16:32:00,COM VÍTIMA,IPUTINGA,AV MAURICIO DE NASSAU,,SUBURBIO,COLISÃO LATERAL,1,1,0,0,0,0,0,0,0,2,0,Longo da via,Bom,Perfeito estado,Seca,Perfeito estado,Não há placas,40 km/h,Dupla,Faixa contínua
2021-12-19 00:00:00,18:43:00,COM VÍTIMA,IBURA,AV DOIS RIOS,,,COLISÃO TRANSVERSAL,1,1,0,0,0,0,0,0,0,1,0,Longo da via,Bom,Perfeito estado,Seca,Perfeito estado,R-6a,60 km/h,Dupla,Faixa contínua
2021-12-19 00:00:00,19:06:00,SEM VÍTIMA,IPSEP,RUA POTENGI,,,COLISÃO TRASEIRA,0,0,0,0,0,0,0,0,0,0,0,,,,,,,,,
2021-12-20 00:00:00,03:50:00,COM VÍTIMA,TORRÕES,AV ENGENHEIRO ABDIAS DE CARVALHO,,SUBURBIO,COLISÃO LATERAL,1,1,0,0,0,0,0,0,0,1,0,Longo da via,Chuvoso,Perfeito estado,Molhada,Perfeito estado,Não há placas,60 km/h,Dupla,Faixa seccionada
2021-12-20 00:00:00,05:07:00,SEM VÍTIMA,SANTO AMARO,AV CRUZ CABUGA,,SUBURBIO,CHOQUE,0,0,0,0,0,1,0,0,0,0,0,,,,,,,,,
2021-12-20 00:00:00,10:35:00,COM VÍTIMA,IMBIRIBEIRA,AV GENERAL MAC ARTHUR,,SUBURBIO,COLISÃO TRANSVERSAL,1,1,0,0,0,0,0,0,0,1,0,Longo da via,Bom,Perfeito estado,Seca,Perfeito estado,Não há placas,40 km/h,Única,Não existe
2021-12-20 00:00:00,11:35:00,COM VÍTIMA,IMBIRIBEIRA,RUA JEAN EMILE FAVRE,,SUBURBIO,COLISÃO TRANSVERSAL,1,1,0,0,0,0,0,0,0,2,0,Cruzamento,Bom,Perfeito estado,Seca,Perfeito estado,Não há placas,40 km/h,Única,Não existe
2021-12-20 00:00:00,13:22:00,SEM VÍTIMA,SANTO AMARO,AV GOVERNADOR AGAMENON MAGALHAES,378,,COLISÃO TRASEIRA,2,0,0,0,0,0,0,0,0,0,0,Longo da via,Bom,Perfeito estado,Seca,Perfeito estado,R-6c,60 km/h,Dupla,Canal
2021-12-20 00:00:00,15:56:00,SEM VÍTIMA,ENCRUZILHADA,EST DE BELEM,,,COLISÃO TRASEIRA,2,0,0,0,0,0,0,0,0,0,0,,,,,,,,,
2021-12-20 00:00:00,16:39:00,SEM VÍTIMA,SAN MARTIN,RUA JOSE VELOSO,,,COLISÃO FRONTAL,1,1,0,0,0,0,0,0,0,0,0,,,,,,,,,
2021-12-20 00:00:00,20:38:00,COM VÍTIMA,CAMPO GRANDE,RUA PROFESSOR FRANCISCO DA TRINDADE,,SUBURBIO,COLISÃO TRANSVERSAL,1,1,0,0,0,0,0,0,0,1,0,Longo da via,Bom,Perfeito estado,Seca,Perfeito estado,Não há placas,,Dupla,Não existe
2021-12-21 00:00:00,01:54:00,SEM VÍTIMA,IMBIRIBEIRA,AV MARECHAL MASCARENHAS DE MORAES,,,COLISÃO TRANSVERSAL,2,0,0,0,0,0,0,0,0,0,0,,,,,,,,,
2021-12-21 00:00:00,09:45:00,COM VÍTIMA,CAXANGÁ,AV CAXANGA,489,CIDADE,COLISÃO LATERAL,0,2,0,0,0,0,0,0,0,1,0,Longo da via,Bom,Perfeito estado,Seca,Perfeito estado,R-6a,60 km/h,Dupla,Canteiro central
2021-12-21 00:00:00,10:12:00,COM VÍTIMA,BOA VIAGEM,RUA DEZ DE JULHO,,CIDADE,COLISÃO LATERAL,1,1,0,0,0,0,0,0,0,1,0,Cruzamento,Bom,Perfeito estado,Seca,Perfeito estado,Não há placas,,Única,Faixa seccionada
2021-12-21 00:00:00,10:38:00,COM VÍTIMA,BOA VIAGEM,RUA PROFESSOR EDUARDO WANDERLEY FILHO,,SUBURBIO,COLISÃO LATERAL,1,1,0,0,0,0,0,0,0,1,0,Cruzamento,Bom,Perfeito estado,Seca,Perfeito estado,"Placas ""Pare""",,Única,Não existe
2021-12-21 00:00:00,12:22:00,COM VÍTIMA,JIQUIÁ,RUA SAO MIGUEL,,CIDADE,COLISÃO LATERAL,0,1,0,0,0,1,0,0,0,1,0,Longo da via,Bom,Perfeito estado,Seca,Perfeito estado,R-19,60 km/h,Dupla,Faixa contínua
2021-12-21 00:00:00,16:57:00,COM VÍTIMA,MADALENA,RUA BENFICA,257,CIDADE,COLISÃO TRANSVERSAL,1,0,0,0,0,1,0,0,0,2,0,Longo da via,Bom,Perfeito estado,Seca,Perfeito estado,Não há placas,,Dupla,Faixa contínua
2021-12-21 00:00:00,18:42:00,COM VÍTIMA,TOTÓ,RUA PAPANDUVA,,,ATROPELAMENTO DE PESSOA,1,0,0,0,1,0,0,0,0,1,0,,,,,,,,,
2021-12-21 00:00:00,21:14:40,COM VÍTIMA,TORRE,RUA CONDE DE IRAJA,191,SUBURBIO,COLISÃO LATERAL,1,1,0,0,0,0,0,0,0,1,0,Longo da via,Bom,Perfeito estado,Seca,Perfeito estado,Outras,,Única,
2021-12-21 00:00:00,23:00:40,COM VÍTIMA,BOA VISTA,RUA DO PRINCIPE,,CIDADE,COLISÃO LATERAL,2,0,0,0,0,0,0,0,0,1,0,Cruzamento,Bom,Perfeito estado,Seca,Perfeito estado,Não há placas,,Única,Faixa seccionada
2021-12-22 00:00:00,05:42:00,SEM VÍTIMA,ILHA DO RETIRO,AV ENGENHEIRO ABDIAS DE CARVALHO,52,CIDADE,COLISÃO TRASEIRA,1,0,0,0,0,1,0,0,0,0,0,Longo da via,Bom,Perfeito estado,Seca,Perfeito estado,Outras,60 km/h,Única,Faixa seccionada
2021-12-22 00:00:00,11:54:00,COM VÍTIMA,SANTO AMARO,RUA DA AURORA,,SUBURBIO,COLISÃO COM CICLISTA,1,0,0,1,0,0,0,0,0,1,0,Longo da via,Bom,Perfeito estado,Seca,Perfeito estado,Não há placas,,Única,Faixa contínua
2021-12-22 00:00:00,12:45:00,COM VÍTIMA,CORDEIRO,RUA DR MIGUEL VIEIRA FERREIRA,249,CIDADE,COLISÃO LATERAL,1,1,0,0,0,0,0,0,0,1,0,Cruzamento,Bom,Perfeito estado,Seca,Perfeito estado,Não há placas,,Dupla,Faixa contínua
2021-12-23 00:00:00,03:15:00,COM VÍTIMA,CAMPO GRANDE,EST DE BELEM,,SUBURBIO,CHOQUE,1,0,0,0,0,0,0,0,0,1,0,Longo da via,Chuvoso,Perfeito estado,Molhada,Perfeito estado,Não há placas,,Dupla,Faixa contínua
2021-12-23 00:00:00,09:04:00,COM VÍTIMA,BOA VISTA,AV CONDE DA BOA VISTA,,SUBURBIO,COLISÃO TRASEIRA,1,1,0,0,0,0,0,0,0,1,0,,,,,,,,,
2021-12-23 00:00:00,09:39:00,SEM VÍTIMA,PRADO,RUA JOAO IVO DA SILVA,132,,,1,0,0,0,0,0,1,0,0,0,0,Longo da via,Bom,Perfeito estado,Seca,Perfeito estado,R-6a,,Única,Faixa seccionada
2021-12-23 00:00:00,13:53:00,SEM VÍTIMA,SANTO AMARO,AV PREFEITO ARTUR LIMA CAVALCANTI,,SUBURBIO,CAPOTAMENTO,0,0,0,0,0,0,1,0,0,0,0,,Bom,Perfeito estado,Seca,Perfeito estado,Não há placas,30 km/h,Dupla,Canteiro central
2021-12-23 00:00:00,14:32:00,COM VÍTIMA,JAQUEIRA,RUA LEONARDO BEZERRA CAVALCANTE,,,COLISÃO LATERAL,1,1,0,0,0,0,0,0,0,1,0,Longo da via,Bom,Perfeito estado,Seca,Perfeito estado,Outras,,Dupla,Faixa seccionada
2021-12-23 00:00:00,16:09:00,COM VÍTIMA,CORDEIRO,RUA FIRMINO DE BARROS,,,QUEDA,0,1,0,0,0,0,0,0,0,1,0,Longo da via,Bom,Não existente,Seca,Perfeito estado,Não há placas,,Dupla,Não existe
2021-12-23 00:00:00,16:15:00,COM VÍTIMA,CASA AMARELA,AV NORTE MIGUEL ARRAES DE ALENCAR,,CIDADE,ATROPELAMENTO DE PESSOA,0,1,0,0,1,0,0,0,0,1,0,Longo da via,Chuvoso,Perfeito estado,Molhada,Perfeito estado,Outras,60 km/h,Única,Faixa contínua
2021-12-24 00:00:00,00:40:00,COM VÍTIMA,SANTO AMARO,AV GOVERNADOR AGAMENON MAGALHAES,49,CIDADE,COLISÃO TRANSVERSAL,1,1,0,0,0,0,0,0,0,1,0,Cruzamento,Bom,Perfeito estado,Seca,Perfeito estado,,,Dupla,Outros
2021-12-24 00:00:00,07:52:00,OUTROS,CAXANGÁ,AV JOAQUIM RIBEIRO,,,OUTROS,1,0,0,0,0,0,0,0,0,0,0,,,,,,,,,
2021-12-24 00:00:00,10:01:00,COM VÍTIMA,TAMARINEIRA,AV PROFESSOR JOSE DOS ANJOS,,SESC,QUEDA,0,1,0,0,0,0,0,0,0,1,0,Longo da via,Bom,Perfeito estado,Seca,Perfeito estado,Não há placas,,Dupla,Canal
2021-12-24 00:00:00,12:47:00,COM VÍTIMA,PINA,AVENIDA CELSO FURTADO (VIA MANGUE),,,COLISÃO COM CICLISTA,0,1,0,1,0,0,0,0,0,2,0,,,,,,,,,
2021-12-24 00:00:00,14:15:00,COM VÍTIMA,IPUTINGA,RUA LEAL DE BARROS,,SUBURBIO,COLISÃO FRONTAL,1,1,0,0,0,0,0,0,0,1,0,Cruzamento,Bom,Não existente,Seca,Perfeito estado,Não há placas,40 km/h,Dupla,Faixa contínua
2021-12-24 00:00:00,17:15:00,COM VÍTIMA,AFOGADOS,RUA JACIRA,,SUBURBIO,COLISÃO TRANSVERSAL,1,1,0,0,0,0,0,0,0,2,0,Cruzamento,Bom,Perfeito estado,Seca,Perfeito estado,Não há placas,30 km/h,Dupla,Não existe
2021-12-24 00:00:00,19:12:00,COM VÍTIMA,PORTO DA MADEIRA,AV BEBERIBE,,SUBURBIO,COLISÃO TRANSVERSAL,1,1,0,0,0,0,0,0,0,1,0,Longo da via,Bom,Não existente,Seca,Mal conservada,Não há placas,,Dupla,Faixa contínua
2021-12-25 00:00:00,09:06:00,COM VÍTIMA,ESPINHEIRO,RUA CONS PORTELA,,SUBURBIO,CHOQUE,0,1,0,0,0,0,0,0,0,1,0,Longo da via,Chuvoso,Perfeito estado,Seca,Perfeito estado,R-6a,,Única,Faixa seccionada
2021-12-26 00:00:00,00:59:00,COM VÍTIMA,TORRE,RUA MARQUES DE MARICA,,SUBURBIO,ATROPELAMENTO DE PESSOA,1,0,0,0,1,0,0,0,0,1,0,Longo da via,Chuvoso,Perfeito estado,Molhada,Perfeito estado,Não há placas,,Única,Faixa seccionada
2021-12-26 00:00:00,01:12:00,SEM VÍTIMA,SANTO AMARO,AV CRUZ CABUGA,,,CHOQUE,0,0,0,0,0,0,0,0,0,0,0,,,,,,,,,
2021-12-26 00:00:00,02:33:00,COM VÍTIMA,BOA VIAGEM,RUA JOSE MARIA DE MIRANDA,484,SUBURBIO,COLISÃO TRANSVERSAL,1,1,0,0,0,0,0,0,0,1,0,Cruzamento,Chuvoso,Perfeito estado,Molhada,Perfeito estado,Não há placas,60 km/h,Única,Faixa seccionada
2021-12-26 00:00:00,02:47:00,COM VÍTIMA,TAMARINEIRA,RUA CONEGO BARATA,61,SUBURBIO,COLISÃO TRANSVERSAL,1,0,0,0,0,1,0,0,0,1,0,Cruzamento,Chuvoso,Perfeito estado,Molhada,Perfeito estado,Outras,,Dupla,Canteiro central
2021-12-26 00:00:00,13:56:00,COM VÍTIMA,TOTÓ,RUA PAULINO DE FARIAS,,SUBURBIO,COLISÃO FRONTAL,1,1,0,0,0,0,0,0,0,1,0,Longo da via,Chuvoso,Incompleta,Molhada,Perfeito estado,Não há placas,,Dupla,Não existe
2021-12-26 00:00:00,19:17:00,COM VÍTIMA,PORTO DA MADEIRA,AV BEBERIBE,,,COLISÃO LATERAL,0,0,0,0,0,0,0,0,0,1,0,,,,,,,,,
2021-12-27 00:00:00,06:06:00,SEM VÍTIMA,SANTO ANTÔNIO,RUA FLORIANO PEIXOTO,668,CIDADE,CHOQUE,0,0,0,0,0,0,0,1,0,0,0,Longo da via,Bom,Perfeito estado,Seca,Perfeito estado,R-6a,,Única,Faixa contínua
2021-12-27 00:00:00,08:08:00,SEM VÍTIMA,SANTO AMARO,AV CRUZ CABUGA,,SUBURBIO,COLISÃO FRONTAL,1,0,0,0,0,0,0,0,0,0,0,Longo da via,Bom,Perfeito estado,Seca,Mal iluminada,Não há placas,40 km/h,Dupla,Blocos
2021-12-27 00:00:00,08:50:00,COM VÍTIMA,MADALENA,EST DOS REMEDIOS,,,COLISÃO LATERAL,2,0,0,0,0,0,0,0,0,1,0,,,,,,,,,
2021-12-27 00:00:00,13:49:00,COM VÍTIMA,ÁGUA FRIA,AV BEBERIBE,,SUBURBIO,ATROPELAMENTO DE PESSOA,0,0,0,0,1,1,0,0,0,1,0,Longo da via,Bom,Perfeito estado,Seca,Perfeito estado,R-32,,Dupla,Faixa contínua
2021-12-27 00:00:00,15:46:00,COM VÍTIMA,CORDEIRO,AV MAURICIO DE NASSAU,,CIDADE,COLISÃO LATERAL,1,1,0,0,0,0,0,0,0,1,0,Longo da via,Bom,Perfeito estado,Seca,Perfeito estado,Não há placas,60 km/h,Dupla,Faixa contínua
2021-12-28 00:00:00,01:11:00,SEM VÍTIMA,TAMARINEIRA,RUA PADRE ROMA,,,CHOQUE,0,0,0,0,0,0,0,0,0,0,0,,,,,,,,,
2021-12-28 00:00:00,08:05:00,COM VÍTIMA,SANTO AMARO,AV CRUZ CABUGA,,CIDADE,COLISÃO TRASEIRA,1,1,0,0,0,0,0,0,0,1,0,Longo da via,Bom,Perfeito estado,Seca,Perfeito estado,Não há placas,,Dupla,Blocos
2021-12-28 00:00:00,11:32:00,COM VÍTIMA,SAN MARTIN,AV ENGENHEIRO ABDIAS DE CARVALHO,,,COLISÃO LATERAL,1,1,0,0,0,0,0,0,0,1,0,,,,,,,,,
2021-12-28 00:00:00,14:55:00,SEM VÍTIMA,SANTO AMARO,AV GOVERNADOR AGAMENON MAGALHAES,,CIDADE,COLISÃO TRANSVERSAL,1,0,0,0,0,0,1,0,0,0,0,Longo da via,Bom,Perfeito estado,Seca,Perfeito estado,Não há placas,60 km/h,Dupla,Não existe
2021-12-28 00:00:00,17:57:00,COM VÍTIMA,AFOGADOS,RUA SAO MIGUEL,,CIDADE,COLISÃO LATERAL,1,0,0,0,0,1,0,0,0,1,0,Cruzamento,Bom,Não existente,Seca,Perfeito estado,Não há placas,,Dupla,
2021-12-28 00:00:00,20:43:40,SEM VÍTIMA,BREJO DA GUABIRABA,AV VEREADOR OTACILIO AZEVEDO,,,COLISÃO LATERAL,0,2,0,0,0,0,0,0,0,0,0,Longo da via,Bom,Perfeito estado,Seca,Perfeito estado,Não há placas,,Dupla,Não existe
2021-12-29 00:00:00,09:58:00,COM VÍTIMA,TORRE,RUA PROFESSOR TRAJANO DE MENDONCA,,AFOGADOS,COLISÃO LATERAL,1,1,0,0,0,0,0,0,0,1,0,Longo da via,Bom,Perfeito estado,Seca,Perfeito estado,Não há placas,,Única,Faixa contínua
2021-12-29 00:00:00,16:50:00,COM VÍTIMA,DERBY,AV GOVERNADOR AGAMENON MAGALHAES,75,BOA VIAGEM,COLISÃO COM CICLISTA,0,1,0,1,0,0,0,0,0,1,0,Cruzamento,Bom,Perfeito estado,Seca,Perfeito estado,,60 km/h,Única,Faixa seccionada
2021-12-29 00:00:00,20:34:00,COM VÍTIMA,SÃO JOSÉ,RUA IMPERIAL,,,COLISÃO COM CICLISTA,0,0,0,1,0,0,0,0,0,1,0,,,,,,,,,