data,hora,natureza,bairro,endereco,num_semaforo,sentido_via,tipo,auto,moto,ciclom,ciclista,pedestre,onibus,caminhao,viatura,outros,vitimas,vitimasfatais,acidente_verificado,tempo_clima,sinalizacao,condicao_via,conservacao_via,situacao_placa,velocidade_max_via,mao_direcao,divisao_via1
2021-12-29 00:00:00,22:33:40,COM VÍTIMA,JORDÃO,AV MARIA IRENE,,SUBURBIO,COLISÃO LATERAL,1,1,0,0,0,0,0,0,0,2,0,Longo da via,Bom,Não existente,Seca,Mal iluminada,Não há placas,40 km/h,Dupla,Não existe
2021-12-30 00:00:00,10:46:00,SEM VÍTIMA,BONGI,AV ENGENHEIRO ABDIAS DE CARVALHO,354,SUBURBIO,,0,0,0,0,0,0,1,1,0,0,0,Longo da via,Bom,Perfeito estado,Seca,Perfeito estado,,,Dupla,Canteiro central
2021-12-30 00:00:00,12:34:00,COM VÍTIMA,PINA,AV REPUBLICA DO LIBANO,,BOA VIAGEM,COLISÃO LATERAL,1,1,0,0,0,0,0,0,0,1,0,Longo da via,Bom,Perfeito estado,Seca,Perfeito estado,Não há placas,60 km/h,Única,Não existe
2021-12-31 00:00:00,10:13:00,COM VÍTIMA,SAN MARTIN,RUA DELMIRO GOUVEIA,586,,COLISÃO COM CICLISTA,1,0,0,1,0,0,0,0,0,1,0,Longo da via,Bom,Perfeito estado,Seca,Perfeito estado,Não há placas,,Dupla,Não existe
2021-12-31 00:00:00,11:36:00,COM VÍTIMA,ESTÂNCIA,AV RECIFE,,SUBURBIO,COLISÃO TRASEIRA,1,1,0,0,0,0,0,0,0,1,0,Longo da via,Bom,Perfeito estado,Seca,Perfeito estado,R-6a,,Dupla,Faixa contínua
2021-12-31 00:00:00,12:56:00,COM VÍTIMA,VÁRZEA,RUA GASTAO VIDIGAL,,CIDADE,COLISÃO FRONTAL,0,1,0,0,0,1,0,0,0,1,0,Cruzamento,Bom,Perfeito estado,Seca,Perfeito estado,Não há placas,,Dupla,Faixa seccionada
2021-12-31 00:00:00,15:00:00,COM VÍTIMA,TORREÃO,AV NORTE MIGUEL ARRAES DE ALENCAR,376,SUBURBIO,COLISÃO TRASEIRA,2,0,0,0,0,0,0,0,0,1,0,Cruzamento,Bom,Perfeito estado,Seca,Perfeito estado,Outras,60 km/h,Dupla,Faixa contínua
2021-12-31 00:00:00,20:44:00,COM VÍTIMA,PRADO,RUA PANDIA CALOGERAS,,,COLISÃO FRONTAL,2,0,0,0,0,0,0,0,0,2,0,,,,,,,,,
2021-12-31 00:00:00,20:56:00,COM VÍTIMA,IPSEP,RUA JEAN EMILE FAVRE,,,COLISÃO TRASEIRA,2,0,0,0,0,0,0,0,0,1,0,,,,,,,,,
2020-01-01 00:00:00,00:39:00,SEM VÍTIMA,ÁGUA FRIA,RUA SAO SEBASTIAO,,,COLISÃO,COLISÃO ENTRE DOIS AUTOS S/V,2,,,,,,,,,0,,,,,,,,,
2020-01-01 00:00:00,01:04:00,SEM VÍTIMA,CORDEIRO,AV CAXANGA,80,SUBURBIO,ABALROAMENTO LONGITUDINAL,COLISÃO ENTRE DOIS AUTOS S/V,2,,,,,,,,,0,Cruzamento,Bom,Perfeito estado,Seca,Perfeito estado,,60 km/h,Dupla,Canteiro central
2020-01-01 00:00:00,02:16:00,SEM VÍTIMA,AREIAS,AV RECIFE,494,SUBURBIO,CHOQUE VEÍCULO PARADO,COLISÃO ENTRE DOIS AUTOS S/V,2,,,,,,,,,0,Longo da via,Bom,Perfeito estado,Seca,Perfeito estado,Não há placas,,Dupla,Canteiro central
2020-01-01 00:00:00,02:22:00,SEM VÍTIMA,BOA VIAGEM,AV BOA VIAGEM,,CIDADE,COLISÃO TRASEIRA,COLISÃO ENTRE DOIS AUTOS S/V,2,,,,,,,,,0,Longo da via,Bom,Perfeito estado,Seca,Perfeito estado,R-6a,,Única,Faixa seccionada
2020-01-01 00:00:00,03:33:00,SEM VÍTIMA,PAISSANDU,AV GOVERNADOR AGAMENON MAGALHAES,672,SUBURBIO,ABALROAMENTO TRANSVERSAL,COLISÃOENTRE DOIS AUTOS S/V,2,,,,,,,,,0,Cruzamento,Bom,Perfeito estado,Seca,Perfeito estado,Não há placas,,Única,Faixa contínua
2020-01-01 00:00:00,04:18:00,SEM VÍTIMA,BARRO,AV DR JOSE RUFINO,,SUBURBIO,COLISÃO TRASEIRA,COLISÃO ENTRE DOIS AUTOS S/V,2,,,,,,,,,0,Longo da via,Bom,Ilegível,Seca,Mal conservada,Não há placas,,Dupla,Faixa seccionada
2020-01-01 00:00:00,04:47:00,SEM VÍTIMA,PINA,AV CONSELHEIRO AGUIAR,138,,CHOQUE OBJETO FIXO,AUTO CHOCOU-SE EM MURO DE UMA RESIDENCIA E EM UM POSTE S/V,1,,,,,,,,,0,Cruzamento,Bom,Perfeito estado,Seca,Perfeito estado,R-6a,,Única,Faixa seccionada
2020-01-01 00:00:00,09:06:00,COM VÍTIMA,PINA,AVENIDA CELSO FURTADO (VIA MANGUE),,BOA VIAGEM,CHOQUE OBJETO FIXO,COLISAO COM DUAS VITIMA. MOTO COM GLADIO  DA VIA,,1,,,,,,,,2,Longo da via,Bom,Perfeito estado,Seca,Perfeito estado,Não há placas,60 km/h,Dupla,Faixa seccionada
2020-01-01 00:00:00,10:07:00,COM VÍTIMA,MADALENA,EST DOS REMEDIOS,,SUBURBIO,CHOQUE OBJETO FIXO,PEGEOUT SE CHOCOU COM POSTE E COM O GRADIL DA LOJA DE VEÍCULOS PROVOCANDO AVARIAS EM UM VEÍCULO,1,,,,,,,,,1,Longo da via,Bom,Perfeito estado,Seca,Perfeito estado,Placas Pare,,Única,Faixa seccionada
2020-01-01 00:00:00,12:09:00,SEM VÍTIMA,NOVA DESCOBERTA,RUA NOVA DESCOBERTA,,CIDADE,CHOQUE VEÍCULO PARADO,COLISÃO SEM VÍTIMA,1,,,,,,1,,,0,Longo da via,Bom,Perfeito estado,Seca,Perfeito estado,Não há placas,,Dupla,Faixa seccionada
2020-01-01 00:00:00,15:00:00,SEM VÍTIMA,ROSARINHO,RUA CAPITAO SAMPAIO XAVIER,,SUBURBIO,ABALROAMENTO TRANSVERSAL,COLISÃO S/VITIMAS ENTRE DOIS AUTOS,2,,,,,,,,,0,Longo da via,Bom,Perfeito estado,Seca,Perfeito estado,Outras,,Dupla,Não existe
2020-01-01 00:00:00,15:03:00,SEM VÍTIMA,TORRÕES,RUA QUINZE DE MARCO,422,,COLISÃO TRASEIRA,COLISÃO SEM VÍTIMA,2,,,,,,,,,0,Cruzamento,Bom,Perfeito estado,Seca,Perfeito estado,Não há placas,40 km/h,Única,Faixa seccionada
2020-01-01 00:00:00,16:46:00,SEM VÍTIMA,BOMBA DO HEMETÉRIO,RUA BOMBA DO HEMETERIO,,CIDADE,COLISÃO FRONTAL,COLISÃO SEM VÍTIMA,2,,,,,,,,,0,Longo da via,Bom,Incompleta,Seca,Perfeito estado,R-6a,,Dupla,Faixa contínua
2020-01-01 00:00:00,16:56:00,SEM VÍTIMA,SAN MARTIN,RUA VINTE E UM DE ABRIL,,SUBURBIO,ABALROAMENTO TRANSVERSAL,COLISÃO S/VITIMAS UMA MOTO E UM AUTO,1,1,,,,,,,,0,Longo da via,Bom,Perfeito estado,Seca,Perfeito estado,Não há placas,,Dupla,Não existe
2020-01-01 00:00:00,23:46:00,COM VÍTIMA,BOA VIAGEM,RUA DEZ DE JULHO,,BEIRA MAR,COLISÃO FRONTAL,ENTRE AUTO E MOTO. C/V,1,1,,,,,,,,1,Cruzamento,Bom,Perfeito estado,Seca,Perfeito estado,Placas Pare,,Única,Faixa seccionada
2020-01-01 00:00:00,23:50:00,SEM VÍTIMA,CORDEIRO,AV ENGENHEIRO ABDIAS DE CARVALHO,58,SUBURBIO,ABALROAMENTO TRANSVERSAL,ENTRE 2 AUTOS. S/V,2,,,,,,,,,0,Cruzamento,Bom,Perfeito estado,Seca,Perfeito estado,Não há placas,,Dupla,Faixa contínua
2020-01-02 00:00:00,06:14:00,COM VÍTIMA,AREIAS,AV RECIFE,393,CIDADE,ABALROAMENTO LONGITUDINAL,COLISÃO C/VITIMA ENTRE UMA MOTO E UM ONIBUS,,1,,,,1,,,,1,Cruzamento,Bom,Perfeito estado,Seca,Perfeito estado,Não há placas,60 km/h,Dupla,Canteiro central
2020-01-02 00:00:00,07:20:00,SEM VÍTIMA,PAISSANDU,AV GOVERNADOR AGAMENON MAGALHAES,69,,COLISÃO TRASEIRA,COLISÃO S/VITIMAS ENTRE DOIS AUTOS ENTRE DOIS AUTOS (GM EVANDRO E EVERTON SILVA NO QTH),2,,,,,,,,,0,Longo da via,Bom,Perfeito estado,Seca,Perfeito estado,Outras,60 km/h,Única,Faixa seccionada
2020-01-02 00:00:00,08:48:00,SEM VÍTIMA,IPSEP,RUA JEAN EMILE FAVRE,636,SUBURBIO,ABALROAMENTO LONGITUDINAL,SEM VITIMAS,2,,,,,,,,,0,Cruzamento,Bom,Perfeito estado,Seca,Perfeito estado,Não há placas,,Única,Faixa contínua
2020-01-02 00:00:00,08:56:00,SEM VÍTIMA,MADALENA,RUA DES LUIZ SALAZAR,,CIDADE,ABALROAMENTO TRANSVERSAL,SEM VITIMAS,2,,,,,,,,,0,Cruzamento,Bom,Não existente,Seca,Perfeito estado,R-6a,,Dupla,Não existe
2020-01-02 00:00:00,09:14:00,SEM VÍTIMA,IMBIRIBEIRA,AV MARECHAL MASCARENHAS DE MORAES,288,CIDADE,COLISÃO TRASEIRA,COLISÃO S/VITIMAS ENTRE DOIS AUTOS,2,,,,,,,,,0,Longo da via,Bom,Perfeito estado,Seca,Perfeito estado,Não há placas,,Dupla,Canteiro central
2020-01-02 00:00:00,09:50:00,SEM VÍTIMA,AFOGADOS,,53,SUBURBIO,ABALROAMENTO LONGITUDINAL,SEM VITIMAS,1,,,,,,1,,,0,Longo da via,Bom,Perfeito estado,Seca,Perfeito estado,R-6a,,Única,Faixa contínua
2020-01-02 00:00:00,10:27:00,SEM VÍTIMA,COHAB,RUA DEPUTADO JOAQUIM COUTINHO,,,COLISÃO,SEM VITIMAS,1,1,,,,,,,,0,,,,,,,,,
2020-01-02 00:00:00,10:33:00,COM VÍTIMA,BARRO,AV DR JOSE RUFINO,,CIDADE,ABALROAMENTO TRANSVERSAL,COLISÃO C/VITIMA ENTRE UMA MOTO E UM AUTO,1,1,,,,,,,,1,Cruzamento,Bom,,Seca,Mal conservada,Não há placas,,Dupla,Faixa contínua
2020-01-02 00:00:00,12:21:00,COM VÍTIMA,BOA VIAGEM,RUA VISCONDE DE JEQUITINHONHA,,CIDADE,COLISÃO TRASEIRA,ENTRE AUTO PASSEIO X MOTO COM VÍTIMA,1,1,,,,,,,,1,Longo da via,Bom,Perfeito estado,Seca,Perfeito estado,Não há placas,,Única,
2020-01-02 00:00:00,13:09:00,SEM VÍTIMA,ENGENHO DO MEIO,RUA GOVERNADOR LOPO GARRO,,SUBURBIO,ABALROAMENTO LONGITUDINAL,COLISÃO SEM VÍTIMA,2,,,,,,,,,0,Cruzamento,Bom,,Seca,,Placas Pare,,Dupla,Não existe
2020-01-02 00:00:00,13:27:00,SEM VÍTIMA,NOVA DESCOBERTA,RUA ALTO JARDIM PROGRESSO,,,COLISÃO,COLISAO ENTRE DOIS MICROONIBUS DO TRASPORTE COMPLEMENTAR,,,,,,2,,,,0,,,,,,,,,
2020-01-02 00:00:00,14:12:00,SEM VÍTIMA,JORDÃO,RUA DES EVANDRO NETTO,,CIDADE,ABALROAMENTO LONGITUDINAL,COLISÃO SEM VÍTIMA,1,,,,,1,,,,0,Cruzamento,Bom,Perfeito estado,Seca,Perfeito estado,Placas Pare,,Dupla,Não existe
2020-01-02 00:00:00,14:15:00,SEM VÍTIMA,BOA VIAGEM,AV CONSELHEIRO AGUIAR,,CIDADE,ABALROAMENTO LONGITUDINAL,ENTRE DOIS AUTOS S/V,2,,,,,,,,,0,,Bom,Perfeito estado,Seca,Perfeito estado,R-6a,60 km/h,Única,Faixa contínua
2020-01-02 00:00:00,14:27:00,SEM VÍTIMA,PORTO DA MADEIRA,RUA JUDITE,,SUBURBIO,CHOQUE VEÍCULO PARADO,COLISÃO SEM VÍTIMA,1,,,,,,1,,,0,,Bom,Perfeito estado,Seca,Perfeito estado,Placas Pare,,Dupla,Não existe
2020-01-02 00:00:00,14:36:00,COM VÍTIMA,PRADO,RUA JOAO IVO DA SILVA,,SUBURBIO,COLISÃO COM CICLISTA,COLISAO ENTRE MOTO E CICLISTA VT 15 NO LOCAL,,1,,1,,,,,,1,Longo da via,Bom,Perfeito estado,Seca,Perfeito estado,Outras,,Única,Faixa contínua
2020-01-02 00:00:00,15:23:00,SEM VÍTIMA,ILHA DO RETIRO,EST DOS REMEDIOS,52,,ABALROAMENTO LONGITUDINAL,ENTRE DOIS AUTOS S/V,2,,,,,,,,,0,Cruzamento,Bom,Perfeito estado,Seca,Perfeito estado,,,Única,Canteiro central
2020-01-02 00:00:00,16:01:00,COM VÍTIMA,IPUTINGA,AV CAXANGA,,SUBURBIO,COLISÃO TRASEIRA,COLISAO ENTRE TAXI E MOTO COM UMA VITIMA,1,1,,,,,,,,1,Esquina,Bom,Incompleta,Seca,Perfeito estado,R-6a,,Dupla,Canteiro central
2020-01-02 00:00:00,16:07:00,COM VÍTIMA,FUNDÃO,AV BEBERIBE,307,SUBURBIO,ABALROAMENTO TRANSVERSAL,AUTO E MOTO.,1,1,,,,,,,,1,Cruzamento,Bom,Perfeito estado,Seca,Perfeito estado,Outras,,Dupla,Não existe
2020-01-02 00:00:00,16:39:00,SEM VÍTIMA,MACAXEIRA,AV NORTE,,CIDADE,CHOQUE VEÍCULO PARADO,ENTRE ONIBUS X AUTO PASSEIO S/V,1,,,,,1,,,,0,Longo da via,Bom,Perfeito estado,Seca,Perfeito estado,Outras,60 km/h,Dupla,Canteiro central
2020-01-02 00:00:00,16:52:00,SEM VÍTIMA,BOA VIAGEM,RUA BARAO DE SOUZA LEAO,159,SUBURBIO,ABALROAMENTO LONGITUDINAL,ENTRE DOIS AUTOS S/V,2,,,,,,,,,0,Longo da via,Bom,Perfeito estado,Seca,Perfeito estado,Não há placas,60 km/h,Única,
2020-01-02 00:00:00,17:16:00,SEM VÍTIMA,BAIRRO DO RECIFE,AV ALFREDO LISBOA,,CIDADE,ABALROAMENTO LONGITUDINAL,COLISAO ENTRE CAMINHAO E AUTOS S/V,1,,,,,,1,,,0,Longo da via,Bom,Incompleta,Seca,Mal iluminada,Outras,30 km/h,Única,Faixa seccionada
2020-01-02 00:00:00,17:42:00,SEM VÍTIMA,IMBIRIBEIRA,AV MARECHAL MASCARENHAS DE MORAES,,CIDADE,COLISÃO TRASEIRA,COLISÃO SEM VÍTIMA,1,1,,,,,,,,0,Longo da via,Bom,Perfeito estado,Seca,Perfeito estado,R-6c,60 km/h,Dupla,Canteiro central
2020-01-02 00:00:00,17:59:00,SEM VÍTIMA,ENCRUZILHADA,EST DE BELEM,,,COLISÃO,ENTRE AUTO PASSEIO X CAMINHÃO S/V,1,,,,,,1,,,0,,,,,,,,,
2020-01-02 00:00:00,20:13:00,COM VÍTIMA,MADALENA,RUA JOSE OSORIO,,SUBURBIO,CHOQUE VEÍCULO PARADO,CONDUTORA DO GM/ONIX DESMAIOU E CAPOTOU O VEICULO QUE- SE CHOCOU CONTRA DOIS OUTROS AUTOS PASSEIO QUE ESTAVAM ESTACIONADOS NA VIA,3,,,,,,,,,1,Longo da via,Bom,Perfeito estado,Seca,Perfeito estado,,,Dupla,Faixa contínua
2020-01-02 00:00:00,20:32:00,SEM VÍTIMA,ILHA DO RETIRO,RUA SPORT CLUBE DO RECIFE,355,,COLISÃO,ONIBUS X AUTO PASSEIO S/V,1,,,,,1,,,,0,,,,,,,,,
2020-01-02 00:00:00,21:14:00,SEM VÍTIMA,BAIRRO DO RECIFE,AV ALFREDO LISBOA,,,COLISÃO,ENTRE DOIS AUTOS S/V,2,,,,,,,,,0,,,,,,,,,
2020-01-02 00:00:00,23:55:00,COM VÍTIMA,BONGI,AV ENGENHEIRO ABDIAS DE CARVALHO,,SUBURBIO,COLISÃO TRASEIRA,ENTRE AUTO PASSEIO E MOTO COM VÍTIMA,1,1,,,,,,,,2,Longo da via,Bom,Perfeito estado,Seca,Perfeito estado,,,Única,Faixa seccionada
2020-01-03 00:00:00,00:39:00,SEM VÍTIMA,CORDEIRO,RUA ODETE MONTEIRO,589,SUBURBIO,ABALROAMENTO TRANSVERSAL,COLISÃO ENTRE DOIS AUTOS- S/V,2,,,,,,,,,0,Cruzamento,Bom,Perfeito estado,Seca,Perfeito estado,Não há placas,,Dupla,Faixa seccionada
2020-01-03 00:00:00,06:04:00,SEM VÍTIMA,SÃO JOSÉ,AV DANTAS BARRETO,,CIDADE,COLISÃO,COLISÃO SEM VITIMAS,2,,,,,,,,,0,,,,,,,,,
2020-01-03 00:00:00,06:41:00,SEM VÍTIMA,IMBIRIBEIRA,AV MARECHAL MASCARENHAS DE MORAES,218,CIDADE,COLISÃO TRASEIRA,COLISÃO S/VITIMAS ENTRE UM CAMINHÃO E UM AUTO (V.T 14(INS.FERNANDES) NO QTH),1,,,,,,1,,,0,Longo da via,Bom,Perfeito estado,Seca,Perfeito estado,Não há placas,,Dupla,Canteiro central
2020-01-03 00:00:00,06:42:00,SEM VÍTIMA,ENCRUZILHADA,RUA CASTRO ALVES,666,SUBURBIO,ABALROAMENTO LONGITUDINAL,COLISAO S/ VITIMA VEICULO E ONIBUS,1,,,,,1,,,,0,Longo da via,Bom,Perfeito estado,Seca,Perfeito estado,,,Única,Faixa seccionada
2020-01-03 00:00:00,07:44:00,SEM VÍTIMA,CURADO,RUA DR GEORGE WILLIAM BUTLER,,,ABALROAMENTO TRANSVERSAL,COLISÃO SEM VITIMAS,1,1,,,,,,,,0,Longo da via,Bom,Perfeito estado,Seca,Perfeito estado,Outras,60 km/h,Dupla,Faixa contínua
2020-01-03 00:00:00,07:53:00,COM VÍTIMA,BOA VISTA,RUA AURORA,600,SUBURBIO,COLISÃO COM CICLISTA,COLISÃO C/VITIMA ENTRE UMA MOTO E UMA BICICLETA (V.T NO 29),,1,,1,,,,,,1,Longo da via,Bom,Perfeito estado,Seca,Perfeito estado,,,Única,Faixa
2020-01-03 00:00:00,08:04:00,SEM VÍTIMA,SÃO JOSÉ,AV SUL,260,CIDADE,COLISÃO TRASEIRA,COLISÃO S/VITIMAS ENTRE TRÊS AUTOS,3,,,,,,,,,0,Longo da via,Bom,Perfeito estado,Seca,Perfeito estado,Outras,,Dupla,Faixa contínua
2020-01-03 00:00:00,08:08:00,COM VÍTIMA,IBURA,LAD DA COHAB,,CIDADE,COLISÃO TRASEIRA,CAMINHÃO- AUTO E MOTO PONTO FIXO GM TORRES,1,1,,,,,1,,,1,Longo da via,Bom,Perfeito estado,Seca,Perfeito estado,Não há placas,,Dupla,Faixa contínua
2020-01-03 00:00:00,08:10:00,SEM VÍTIMA,IMBIRIBEIRA,AV GENERAL MAC ARTHUR,,,ABALROAMENTO LONGITUDINAL,ENGAVETAMENTO S/ VITIMA ENTRE TRES VEICULOS. GM RAMBALDI E MARCOS MAIA NO LOCAL,3,,,,,,,,,0,Longo da via,Bom,Perfeito estado,Seca,Perfeito estado,Não há placas,40 km/h,Única,Faixa seccionada
2020-01-03 00:00:00,08:29:00,SEM VÍTIMA,SAN MARTIN,RUA MANOEL VIEIRA,,,COLISÃO,MOTO E AUTO,1,1,,,,,,,,0,,,,,,,,,
2020-01-03 00:00:00,08:44:00,COM VÍTIMA,CABANGA,RUA NOVA DA CABANGA,,SUBURBIO,ABALROAMENTO LONGITUDINAL,MOTO E AUTO,1,1,,,,,,,,2,Longo da via,Bom,Perfeito estado,Seca,Perfeito estado,,,,
2020-01-03 00:00:00,09:06:00,COM VÍTIMA,BOA VIAGEM,AV ENGENHEIRO DOMINGOS FERREIRA,,SUBURBIO,COLISÃO TRASEIRA,COLISÃO SEM VITIMAS GM EDSON E DECIO QTH,1,,,,,1,,,,1,Longo da via,Bom,Perfeito estado,Seca,Perfeito estado,R-6a,,Única,Faixa seccionada
2020-01-03 00:00:00,09:16:00,SEM VÍTIMA,PINA,AV HERCULANO BANDEIRA,,SUBURBIO,COLISÃO TRASEIRA,COLISÃO SEM VITIMAS,2,,,,,,,,,0,Longo da via,Bom,Perfeito estado,Seca,Perfeito estado,Outras,,Única,Faixa contínua
2020-01-03 00:00:00,09:34:00,SEM VÍTIMA,,AV MARECHAL MASCARENHAS DE MORAES,,SUBURBIO,COLISÃO TRASEIRA,COLISAO S/ VITIMA ENTRE DOIS VEICULOS,2,,,,,,,,,0,Longo da via,Bom,Perfeito estado,Seca,,Não há placas,60 km/h,Dupla,Canteiro central
2020-01-03 00:00:00,09:42:00,SEM VÍTIMA,IMBIRIBEIRA,AV ANTONIO TORRES GALVAO,,,COLISÃO,COLISÃO SEM VITIMAS,,,,,,,1,1,,0,,,,,,,,,
2020-01-03 00:00:00,09:46:00,SEM VÍTIMA,IMBIRIBEIRA,RUA ALFREDO MARCONDES,,,COLISÃO TRASEIRA,COLISÃO SEM VITIMAS,1,,,,,,1,,,0,Longo da via,Bom,Incompleta,Seca,Perfeito estado,Não há placas,,Única,Faixa seccionada
2020-01-03 00:00:00,10:15:00,SEM VÍTIMA,AREIAS,AV IZABEL DE GOES,,,COLISÃO,CAMINHÃO E AUTO,1,,,,,,1,,,0,,,,,,,,,
2020-01-03 00:00:00,10:42:00,SEM VÍTIMA,TORRÕES,AV ENGENHEIRO ABDIAS DE CARVALHO,,SUBURBIO,COLISÃO TRASEIRA,COLISÃO SEM VITIMAS,4,,,,,,,,,0,Longo da via,Bom,Incompleta,Seca,Perfeito estado,R-6a,60 km/h,Única,Faixa seccionada
2020-01-03 00:00:00,10:48:00,SEM VÍTIMA,BOA VIAGEM,RUA PADRE BERNADINO PESSOA,,,CHOQUE VEÍCULO PARADO,COLISAO S/ VITIMA. ENTRE DOIS VEICULOS,2,,,,,,,,,0,Longo da via,Bom,Perfeito estado,Seca,Perfeito estado,Não há placas,30 km/h,Única,Faixa seccionada
2020-01-03 00:00:00,10:54:00,SEM VÍTIMA,AREIAS,AV RECIFE,497,SUBURBIO,ABALROAMENTO LONGITUDINAL,COLISÃO S/VITIMAS ENTRE UM ONIBUS E TRES AUTOS,3,,,,,1,,,,0,Longo da via,Bom,Perfeito estado,Seca,Perfeito estado,Não há placas,60 km/h,Dupla,Canteiro central
2020-01-03 00:00:00,11:41:00,SEM VÍTIMA,FUNDÃO,AV BEBERIBE,307,CIDADE,COLISÃO TRASEIRA,COLISÃO S/VITIMAS DOIS AUTOS,2,,,,,,,,,0,Longo da via,Bom,Perfeito estado,Seca,Perfeito estado,R-6a,50 km/h,Dupla,Blocos
2020-01-03 00:00:00,13:27:00,SEM VÍTIMA,BOA VIAGEM,RUA RIBEIRO DE BRITO,,SUBURBIO,ABALROAMENTO TRANSVERSAL,COLISÃO SEM VITIMA,2,,,,,,,,,0,Cruzamento,Bom,Perfeito estado,Seca,Perfeito estado,Não há placas,,Única,Faixa seccionada
2020-01-03 00:00:00,13:54:00,SEM VÍTIMA,SANTO AMARO,AV CRUZ CABUGA,343,,COLISÃO TRASEIRA,COLISÃO SEM VITIMA,1,,,,,1,,,,0,Longo da via,Bom,Perfeito estado,Seca,Perfeito estado,Outras,,,Faixa contínua
2020-01-03 00:00:00,14:04:00,COM VÍTIMA,BOA VIAGEM,AVENIDA CELSO FURTADO (VIA MANGUE),,CIDADE,ABALROAMENTO LONGITUDINAL,COLISÃO COM VITIMA/ 2 VITIMAS ...EQUIPE DO BOMBEIRO NO LOCAL,1,1,,,,,,,,2,Cruzamento,Bom,Perfeito estado,Seca,Perfeito estado,Não há placas,60 km/h,Dupla,Canteiro central
2020-01-03 00:00:00,14:19:00,COM VÍTIMA,APIPUCOS,RUA DOIS IRMAOS,535,CIDADE,COLISÃO TRASEIRA,COLISÃO COM VITIMA...AGUARDANDO SAMU,1,1,,,,,,,,1,Longo da via,Bom,Perfeito estado,Seca,Perfeito estado,Não há placas,,Dupla,Faixa contínua
2020-01-03 00:00:00,14:53:00,SEM VÍTIMA,CORDEIRO,AV CAXANGA,236,SUBURBIO,COLISÃO TRASEIRA,COLISÃO SEM VÍTIMA,2,,,,,,,,,0,Cruzamento,Bom,Perfeito estado,Seca,Perfeito estado,Outras,60 km/h,Única,Faixa seccionada
2020-01-03 00:00:00,15:24:00,SEM VÍTIMA,MADALENA,RUA REAL DA TORRE,179,SUBURBIO,COLISÃO TRASEIRA,COLISÃO SEM VITIMA,2,,,,,,,,,0,Cruzamento,Bom,Perfeito estado,Seca,Perfeito estado,,50 km/h,Única,Não existe
2020-01-03 00:00:00,15:46:00,COM VÍTIMA,DERBY,RUA HENRIQUE DIAS,68,CIDADE,ABALROAMENTO LONGITUDINAL,AUTO E MOTO.,1,1,,,,,,,,1,Cruzamento,Bom,Perfeito estado,Seca,Perfeito estado,R-6a,,Única,Faixa
2020-01-03 00:00:00,15:53:00,SEM VÍTIMA,BOA VIAGEM,AV DOM JOAO VI,543,CIDADE,COLISÃO TRASEIRA,COLISAO ENTRE AUTO E MOTO S/V,1,1,,,,,,,,0,Cruzamento,Bom,Perfeito estado,Seca,Perfeito estado,Não há placas,60 km/h,Dupla,Canteiro central
2020-01-03 00:00:00,16:49:00,SEM VÍTIMA,PRADO,RUA PANDIA CALOGERAS,,,ABALROAMENTO TRANSVERSAL,COLISÃO SEM VITIMA,1,,,,,1,,,,0,Longo da via,Bom,Não existente,Seca,Perfeito estado,Não há placas,,Única,Não existe
2020-01-03 00:00:00,17:05:00,SEM VÍTIMA,ÁGUA FRIA,EST VELHA DE AGUA FRIA,405,CIDADE,COLISÃO FRONTAL,COLISÃO SEM VÍTIMA,2,,,,,,,,1,0,Longo da via,Bom,Perfeito estado,Seca,Perfeito estado,,,Única,
2020-01-03 00:00:00,18:37:00,SEM VÍTIMA,CASA FORTE,RUA LEONARDO BEZERRA CAVALCANTE,,,ABALROAMENTO LONGITUDINAL,ENTRE DOIS AUTOS S/V,2,,,,,,,,,0,Longo da via,Bom,Perfeito estado,Seca,Perfeito estado,Não há placas,,Única,Faixa seccionada
2020-01-03 00:00:00,18:42:00,SEM VÍTIMA,ESPINHEIRO,AV JOAO DE BARROS,,SUBURBIO,ABALROAMENTO LONGITUDINAL,COLISAO SEM VITIMAS,2,,,,,,,,,0,Longo da via,Bom,Perfeito estado,Seca,Perfeito estado,R-6a,,Dupla,Canteiro central
2020-01-03 00:00:00,20:44:00,COM VÍTIMA,BARRO,AV DR JOSE RUFINO,,,ATROPELAMENTO,AUTO PASSEIO X PEDESTRE COM VÍTIMA,1,,,,1,,,,,1,,,,,,,,,
2020-01-03 00:00:00,21:23:00,SEM VÍTIMA,IMBIRIBEIRA,AV RECIFE,,SUBURBIO,COLISÃO TRASEIRA,ONIBUS X AUTO PASSEIO S/V,1,,,,,1,,,,0,,Bom,Perfeito estado,Seca,Perfeito estado,Outras,,Única,Faixa seccionada
2020-01-03 00:00:00,21:41:00,SEM VÍTIMA,GRAÇAS,AV CONS ROSA E SILVA,,SUBURBIO,COLISÃO FRONTAL,COLISAO SEM VITIMAS,1,1,,,,,,,,0,Longo da via,Bom,Perfeito estado,Seca,Perfeito estado,Não há placas,40 km/h,Única,Faixa seccionada
2020-01-03 00:00:00,21:54:00,SEM VÍTIMA,BOA VIAGEM,RUA DEZ DE JULHO,,SUBURBIO,COLISÃO TRASEIRA,ONIBUS X AUTO PASSEIO S/V,1,,,,,1,,,,0,Longo da via,Bom,Perfeito estado,Seca,Perfeito estado,Não há placas,,Única,Faixa seccionada