data,hora,natureza,bairro,endereco,num_semaforo,sentido_via,tipo,auto,moto,ciclom,ciclista,pedestre,onibus,caminhao,viatura,outros,vitimas,vitimasfatais,acidente_verificado,tempo_clima,sinalizacao,condicao_via,conservacao_via,situacao_placa,velocidade_max_via,mao_direcao,divisao_via1
2020-01-03 00:00:00,23:42:00,SEM VÍTIMA,IPSEP,RUA VIRGINIA HERACLIO,,SUBURBIO,ABALROAMENTO LONGITUDINAL,COLISAO SEM VITIMAS,1,1,,,,,,,,0,Cruzamento,Bom,Incompleta,Seca,Mal iluminada,Não há placas,,Única,Não existe
2020-01-03 00:00:00,23:52:00,SEM VÍTIMA,AFOGADOS,RUA QUITERIO INACIO DE MELLO,333,CIDADE,ABALROAMENTO LONGITUDINAL,COLISAO SEM VITIMAS,1,,,,,,1,,,0,Longo da via,Bom,Perfeito estado,Seca,Perfeito estado,Não há placas,,Única,Faixa seccionada
2020-01-04 00:00:00,02:18:00,SEM VÍTIMA,BOA VIAGEM,RUA DEZ DE JULHO,573,CIDADE,ABALROAMENTO TRANSVERSAL,COLISAO SEM VITIMAS,2,,,,,,,,,0,Cruzamento,Bom,Perfeito estado,Seca,Perfeito estado,Não há placas,,Única,Faixa contínua
2020-01-04 00:00:00,08:23:00,SEM VÍTIMA,BOA VIAGEM,RUA ERNESTO DE PAULA SANTOS,,,COLISÃO,COLISÃO SEM VITIMA,2,,,,,,,,,0,,,,,,,,,
2020-01-04 00:00:00,08:34:00,SEM VÍTIMA,SÃO JOSÉ,RUA FLORIANO PEIXOTO,,CIDADE,ABALROAMENTO LONGITUDINAL,COLISÃO S/VITIMAS ENTRE DOIS AUTOS,2,,,,,,,,,0,Longo da via,Bom,Perfeito estado,Seca,Perfeito estado,R-6a,,Única,Faixa seccionada
2020-01-04 00:00:00,09:06:00,COM VÍTIMA,HIPÓDROMO,RUA PRUDENTE DE MORAES,,SUBURBIO,ABALROAMENTO TRANSVERSAL,COLISÃO COM VITIMA,1,1,,,,,,,,1,Cruzamento,Bom,Perfeito estado,Seca,Perfeito estado,Placas Pare,30 km/h,Dupla,Não existe
2020-01-04 00:00:00,10:10:00,SEM VÍTIMA,BOA VIAGEM,AV ENGENHEIRO DOMINGOS FERREIRA,217,SUBURBIO,ABALROAMENTO TRANSVERSAL,DOIS AUTOS,2,,,,,,,,,0,Cruzamento,Bom,Perfeito estado,Seca,Perfeito estado,R-6a,60 km/h,Única,Canteiro central
2020-01-04 00:00:00,11:23:00,SEM VÍTIMA,LINHA DO TIRO,RUA ALTO DOS COQUEIROS,,SUBURBIO,ABALROAMENTO LONGITUDINAL,COLISÃO SEM VITIMAS,,,,,,1,1,,,0,Longo da via,Bom,Incompleta,Seca,Perfeito estado,Não há placas,,Dupla,Não existe
2020-01-04 00:00:00,11:34:00,SEM VÍTIMA,SANTO AMARO,RUA TREZE DE MAIO,428,,ABALROAMENTO TRANSVERSAL,COLISÃO SEM VITIMA,1,,,,,1,,,,0,Cruzamento,Bom,Perfeito estado,Seca,Perfeito estado,Outras,40 km/h,Dupla,
2020-01-04 00:00:00,13:01:00,SEM VÍTIMA,DERBY,RUA DA BAIXA VERDE,,CIDADE,ABALROAMENTO TRANSVERSAL,COLISÃO SEM VÍTIMA,2,,,,,,,,,0,Cruzamento,Bom,Perfeito estado,Seca,Perfeito estado,R-6a,,Única,Não existe
2020-01-04 00:00:00,13:06:00,SEM VÍTIMA,MANGABEIRA,AV NORTE,364,CIDADE,CHOQUE OBJETO FIXO,CHOQUE NO CANTEIRO CENTRAL DERRUBANDO A CAIXA DO SEMÁFORO,1,,,,,,,,,0,Longo da via,Bom,Perfeito estado,Seca,Perfeito estado,R-6a,,Dupla,Faixa contínua
2020-01-04 00:00:00,13:52:00,SEM VÍTIMA,ESPINHEIRO,RUA CONS PORTELA,,SUBURBIO,ABALROAMENTO LONGITUDINAL,COLISÃO SEM VÍTIMA,2,,,,,,,,,0,Longo da via,Bom,Incompleta,Seca,Perfeito estado,,,Única,Faixa contínua
2020-01-04 00:00:00,14:31:00,SEM VÍTIMA,DERBY,RUA JORNALISTA PAULO BITTENCOURT,,CIDADE,ABALROAMENTO LONGITUDINAL,COLISÃO SEM VÍTIMA,2,,,,,,,,,0,Cruzamento,Bom,Perfeito estado,Seca,Perfeito estado,R-6a,,Dupla,Faixa seccionada
2020-01-04 00:00:00,15:11:00,SEM VÍTIMA,SANTO AMARO,AV GOVERNADOR AGAMENON MAGALHAES,49,,COLISÃO TRASEIRA,COLISÃO SEM VÍTIMA,3,,,,,,,,,0,Longo da via,Bom,Perfeito estado,Seca,,Outras,60 km/h,Única,Faixa seccionada
2020-01-04 00:00:00,15:12:00,COM VÍTIMA,IMBIRIBEIRA,RUA ARQUITETO LUIZ NUNES,,,ABALROAMENTO TRANSVERSAL,COLISÃO COM VITIMA ENTRE AUTO E MOTO.,1,1,,,,,,,,1,Longo da via,Bom,Perfeito estado,Seca,Perfeito estado,Não há placas,40 km/h,Dupla,Faixa contínua
2020-01-04 00:00:00,15:23:00,SEM VÍTIMA,BOA VISTA,RUA DA SANTA CRUZ,,,COLISÃO,COLISÃO SEM VÍTIMA,1,,,,,1,,,,0,,,,,,,,,
2020-01-04 00:00:00,15:33:00,SEM VÍTIMA,CAXANGÁ,AV CAXANGA,,CIDADE,COLISÃO TRASEIRA,COLISÃO SEM VÍTIMA,1,1,,,,,,,,0,Longo da via,Bom,Perfeito estado,Seca,Perfeito estado,R-6a,,Dupla,Faixa seccionada
2020-01-04 00:00:00,15:50:00,SEM VÍTIMA,MADALENA,RUA BENFICA,,CIDADE,ABALROAMENTO LONGITUDINAL,COLISÃO SEM VÍTIMA,2,,,,,,,,,0,,Bom,Perfeito estado,Seca,Perfeito estado,R-6a,40 km/h,Dupla,Faixa contínua
2020-01-04 00:00:00,15:51:00,SEM VÍTIMA,,AV JOAO DE BARROS,356,,ABALROAMENTO LONGITUDINAL,COLISAO ENTRE DOIS AUTOS S/V,2,,,,,,,,,0,Longo da via,Bom,Perfeito estado,Seca,Perfeito estado,Outras,,Única,Faixa contínua
2020-01-04 00:00:00,16:01:00,SEM VÍTIMA,CASA AMARELA,RUA CASA AMARELA,,SUBURBIO,ABALROAMENTO LONGITUDINAL,COLISAO ENTRE DOIS AUTOS S/V,2,,,,,,,,,0,Longo da via,Bom,Perfeito estado,Seca,Perfeito estado,Placas Pare,,Dupla,Não existe
2020-01-04 00:00:00,18:08:00,COM VÍTIMA,BOA VIAGEM,AV GENERAL MAC ARTHUR,,SUBURBIO,ABALROAMENTO LONGITUDINAL,ENTRE AUTO E MOTO COM VÍTIMA,1,1,,,,,,,,1,Longo da via,Bom,Perfeito estado,Seca,Perfeito estado,Não há placas,40 km/h,Única,Faixa seccionada
2020-01-04 00:00:00,18:22:00,SEM VÍTIMA,AREIAS,AV RECIFE,,CIDADE,COLISÃO TRASEIRA,COLISAO SEM VITIMAS,1,,,,,,1,,,0,Viaduto,Bom,Incompleta,Seca,,,,Dupla,Canteiro central
2020-01-04 00:00:00,19:29:00,SEM VÍTIMA,JARDIM SÃO PAULO,RUA LORENA,,SUBURBIO,CHOQUE OBJETO FIXO,COLISAO SEM VITIMAS,2,,,,,,,,,0,Cruzamento,Bom,Incompleta,Seca,Mal conservada,Não há placas,,Dupla,Não existe
2020-01-04 00:00:00,21:24:00,SEM VÍTIMA,IBURA,AV DOIS RIOS,,,COLISÃO,ENTRE 2 AUTOS. S/V,2,,,,,,,,,0,,,,,,,,,
2020-01-05 00:00:00,10:26:00,SEM VÍTIMA,BOA VIAGEM,RUA MARQUES DE VALENCA,,SUBURBIO,ABALROAMENTO LONGITUDINAL,COLISÃO SEM VTIMAS,2,,,,,,,,,0,Longo da via,Bom,Perfeito estado,Seca,Perfeito estado,Não há placas,,Dupla,Faixa seccionada
2020-01-05 00:00:00,11:46:00,SEM VÍTIMA,SANTO AMARO,PRC DO CAMPO SANTO,,,CHOQUE OBJETO FIXO,COLISÃO SEM VITIMA,,,,,,,,1,,0,,,,,,,,,
2020-01-05 00:00:00,13:14:00,SEM VÍTIMA,,AV CAXANGA,274,SUBURBIO,ABALROAMENTO TRANSVERSAL,COLISÃO SEM VITIMA,1,,,,,1,,,,0,Longo da via,Bom,Perfeito estado,Seca,Perfeito estado,Outras,60 km/h,Única,Faixa seccionada
2020-01-05 00:00:00,13:28:00,SEM VÍTIMA,GRAÇAS,RUA DO ESPINHEIRO,,CIDADE,ABALROAMENTO TRANSVERSAL,SEM VITIMAS,2,,,,,,,,,0,Longo da via,Bom,Perfeito estado,Seca,Perfeito estado,Outras,,Única,Faixa seccionada
2020-01-05 00:00:00,14:29:00,SEM VÍTIMA,PINA,AV ANTONIO DE GOES,,,COLISÃO TRASEIRA,SEM VITIMAS,3,,,,,,,,,0,Longo da via,Bom,Perfeito estado,Seca,Perfeito estado,R-19,40 km/h,Única,Faixa seccionada
2020-01-05 00:00:00,16:05:00,COM VÍTIMA,MADALENA,RUA PROFESSOR BENEDITO MONTEIRO,,,COLISÃO TRASEIRA,COLISÃO COM VITIMA,1,1,,,,,,,,1,Longo da via,Bom,Perfeito estado,Seca,Perfeito estado,R-6a,,Única,Faixa seccionada
2020-01-05 00:00:00,17:07:00,SEM VÍTIMA,PINA,AV CONSELHEIRO AGUIAR,2,,ABALROAMENTO TRANSVERSAL,SEM VITIMAS,1,,,,,1,,,,0,Cruzamento,Bom,Perfeito estado,Seca,Perfeito estado,Não há placas,,Dupla,Faixa seccionada
2020-01-05 00:00:00,19:23:00,COM VÍTIMA,MUSTARDINHA,RUA VINTE E UM DE ABRIL,,SUBURBIO,ATROPELAMENTO,ENTRE MOTO E PEDESTRE. C/V,,1,,,1,,,,,2,Longo da via,Bom,Não existente,Seca,Perfeito estado,Não há placas,,Dupla,Não existe
2020-01-05 00:00:00,19:31:00,SEM VÍTIMA,ROSARINHO,AV SANTOS DUMONT,,,COLISÃO TRASEIRA,COLISAO SEM VITIMAS,2,,,,,,,,,0,Longo da via,Bom,Perfeito estado,Seca,Perfeito estado,R-6a,,Única,Não existe
2020-01-05 00:00:00,19:35:00,COM VÍTIMA,LINHA DO TIRO,RUA PROFESSOR JOSE AMARINO DOS REIS,,SUBURBIO,ATROPELAMENTO,ENTRE MOTO E PEDESTRE. C/V,,1,,,1,,,,,1,Longo da via,Bom,Não existente,Seca,Perfeito estado,Não há placas,,Dupla,Não existe
2020-01-05 00:00:00,19:47:00,SEM VÍTIMA,CÓRREGO DO JENIPAPO,RUA ERUNDINA NEGREIROS DE ARAUJO,,,COLISÃO,COLISAO SEM VITMAS,1,1,,,,,,,,0,,,,,,,,,
2020-01-05 00:00:00,19:49:00,COM VÍTIMA,IBURA,AV DOIS RIOS,,SUBURBIO,ABALROAMENTO TRANSVERSAL,ENTRE AUTO E MOTO. C/V,1,1,,,,,,,,2,Esquina,Bom,Perfeito estado,Seca,Perfeito estado,Não há placas,,Dupla,Canteiro central
2020-01-05 00:00:00,20:08:00,SEM VÍTIMA,TORRÕES,AV ENGENHEIRO ABDIAS DE CARVALHO,,CIDADE,ABALROAMENTO LONGITUDINAL,COLISAO SEM VITIMAS,1,,,,,,,,2,0,Longo da via,Bom,Perfeito estado,Seca,Perfeito estado,Não há placas,,Única,Faixa seccionada
2020-01-05 00:00:00,22:35:00,COM VÍTIMA,CASA FORTE,EST DO ENCANAMENTO,593,SUBURBIO,ABALROAMENTO TRANSVERSAL,COLISAO COM VITIMAS,1,1,,,,,,,,1,Cruzamento,Bom,Perfeito estado,Seca,Perfeito estado,Outras,,Única,Faixa contínua
2020-01-06 00:00:00,06:47:00,SEM VÍTIMA,ÁGUA FRIA,AV BEBERIBE,,CIDADE,ABALROAMENTO LONGITUDINAL,S/VITIMA,1,1,,,,,,,,0,Longo da via,Bom,Perfeito estado,Seca,Perfeito estado,R-6a,,Dupla,Faixa contínua
2020-01-06 00:00:00,07:00:00,SEM VÍTIMA,ILHA DO LEITE,AV GOVERNADOR AGAMENON MAGALHAES,68,,COLISÃO TRASEIRA,COLISAO S/ VITIMA. ENTRE DOIS VEICULOS. GM: JOAO VITOR E MAURICIOS SANTOS NO LOCAL,2,,,,,,,,,0,Longo da via,Bom,Perfeito estado,Seca,Perfeito estado,Não há placas,60 km/h,Dupla,Faixa seccionada
2020-01-06 00:00:00,07:31:00,COM VÍTIMA,PRADO,AV ENGENHEIRO ABDIAS DE CARVALHO,57,CIDADE,COLISÃO COM CICLISTA,AUTO E BICICLETA.,1,,,1,,,,,,1,Esquina,Bom,Perfeito estado,Seca,Perfeito estado,Outras,,Única,
2020-01-06 00:00:00,08:35:00,SEM VÍTIMA,IMBIRIBEIRA,RUA ENGENHEIRO JOSE BRANDAO CAVALCANTE,,CIDADE,ABALROAMENTO TRANSVERSAL,SEM VITIMAS,2,,,,,,,,,0,Cruzamento,Bom,Não existente,Seca,Perfeito estado,Não há placas,,Dupla,Não existe
2020-01-06 00:00:00,08:54:00,SEM VÍTIMA,CASA AMARELA,RUA PADRE LEMOS,,,COLISÃO,COLISAO S/ VITIMA ENTRE ONIBUS E CARRO PASSEIO,1,,,,,1,,,,0,,,,,,,,,
2020-01-06 00:00:00,09:03:00,COM VÍTIMA,MANGABEIRA,AV NORTE,,CIDADE,ABALROAMENTO TRANSVERSAL,COLISAO COM VITIMA ENTRE VEICULO E MOTO,1,1,,,,,,,,1,Longo da via,Bom,Perfeito estado,Seca,Perfeito estado,Não há placas,,Dupla,Canteiro central
2020-01-06 00:00:00,09:30:00,SEM VÍTIMA,AREIAS,AV RECIFE,,SUBURBIO,COLISÃO TRASEIRA,SEM VITIMAS,1,,,,,,1,,,0,Longo da via,Bom,Perfeito estado,Seca,Perfeito estado,,,Dupla,Canteiro central
2020-01-06 00:00:00,10:21:00,SEM VÍTIMA,ESPINHEIRO,AV GOVERNADOR AGAMENON MAGALHAES,,,CHOQUE VEÍCULO PARADO,DOIS AUTOS,2,,,,,,,,,0,Longo da via,Bom,Perfeito estado,Seca,Perfeito estado,Não há placas,60 km/h,Dupla,Faixa seccionada
2020-01-06 00:00:00,10:21:00,SEM VÍTIMA,BOA VISTA,RUA DO HOSPICIO,,CIDADE,ABALROAMENTO LONGITUDINAL,COLISÃO S/VITIMAS ENTRE UM AUTO E UM ONIBUS,1,,,,,1,,,,0,Longo da via,Bom,Perfeito estado,Seca,Perfeito estado,Outras,,Única,Não existe
2020-01-06 00:00:00,11:15:00,SEM VÍTIMA,SAN MARTIN,AV ENGENHEIRO ABDIAS DE CARVALHO,422,CIDADE,COLISÃO TRASEIRA,DOIS AUTOS,2,,,,,,,,,0,Cruzamento,Bom,Perfeito estado,Seca,Perfeito estado,Não há placas,,Dupla,Canteiro central
2020-01-06 00:00:00,11:49:00,SEM VÍTIMA,SANTO AMARO,TRV CRUZ CABUGA,,CIDADE,ABALROAMENTO LONGITUDINAL,COLISAO S/ VITIMA ENTRE VEICULO E MOTO,1,1,,,,,,,,0,Longo da via,Bom,Perfeito estado,Seca,Perfeito estado,R-6a,,Única,Não existe
2020-01-06 00:00:00,11:53:00,SEM VÍTIMA,PAISSANDU,AV GOVERNADOR AGAMENON MAGALHAES,,,ABALROAMENTO LONGITUDINAL,DOIS AUTOS,2,,,,,,,,,0,Longo da via,Bom,Perfeito estado,Seca,Perfeito estado,Outras,60 km/h,Dupla,Canteiro central
2020-01-06 00:00:00,12:10:00,SEM VÍTIMA,PINA,AV ANTONIO DE GOES,,CIDADE,COLISÃO TRASEIRA,COLISAO ENTRE AUTO E MOTO S/V,1,1,,,,,,,,0,Longo da via,Bom,Perfeito estado,Seca,Perfeito estado,Não há placas,60 km/h,Única,Faixa contínua
2020-01-06 00:00:00,12:47:00,SEM VÍTIMA,PINA,AV HERCULANO BANDEIRA,660,SUBURBIO,ABALROAMENTO LONGITUDINAL,COLISAO ENTRE,1,,,,,1,,,,0,Cruzamento,Bom,Perfeito estado,Seca,Perfeito estado,Não há placas,,Única,
2020-01-06 00:00:00,13:00:00,SEM VÍTIMA,IMBIRIBEIRA,AV MARECHAL MASCARENHAS DE MORAES,631,CIDADE,COLISÃO TRASEIRA,COLISAO ENTRE AUTO E MOTO S/V,1,1,,,,,,,,0,Cruzamento,Bom,Perfeito estado,Seca,Perfeito estado,Outras,60 km/h,Dupla,Canteiro central
2020-01-06 00:00:00,13:04:00,SEM VÍTIMA,IMBIRIBEIRA,AV MARECHAL MASCARENHAS DE MORAES,625,SUBURBIO,ABALROAMENTO LONGITUDINAL,COLISAO ENTRE DOIS AUTOS S/V,2,,,,,,,,,0,Longo da via,Bom,Perfeito estado,Seca,Perfeito estado,Não há placas,,Dupla,Canteiro central
2020-01-06 00:00:00,13:14:00,COM VÍTIMA,IMBIRIBEIRA,RUA ARQUITETO LUIZ NUNES,,SUBURBIO,ABALROAMENTO LONGITUDINAL,COLISAO COM VITIMA ENTRE VEICULO E MOTO,1,1,,,,,,,,1,Longo da via,Bom,Ilegível,Seca,Mal iluminada,Outras,,Dupla,Faixa seccionada
2020-01-06 00:00:00,13:36:00,SEM VÍTIMA,BOA VISTA,RUA DOM BOSCO,,CIDADE,ABALROAMENTO LONGITUDINAL,COLISÃO SEM VITIMA,2,,,,,,,,,0,Cruzamento,Bom,Incompleta,Seca,Perfeito estado,Placas Pare,,,Não existe
2020-01-06 00:00:00,13:44:00,COM VÍTIMA,PINA,AV REPUBLICA DO LIBANO,,SUBURBIO,ABALROAMENTO LONGITUDINAL,COLISAO COM VITIMA ENTRE VEICULO E MOTO,1,1,,,,,,,,1,Longo da via,Bom,Perfeito estado,Seca,Perfeito estado,Não há placas,,Única,Faixa contínua
2020-01-06 00:00:00,14:02:00,COM VÍTIMA,AREIAS,AV DR JOSE RUFINO,44,CIDADE,COLISÃO TRASEIRA,COLISAO ENTRE AUTO E MOTO,1,1,,,,,,,,2,Longo da via,Bom,Incompleta,Seca,Perfeito estado,R-6a,,Dupla,Faixa contínua
2020-01-06 00:00:00,14:25:00,SEM VÍTIMA,SANTO AMARO,AV NORTE,463,SUBURBIO,ABALROAMENTO LONGITUDINAL,,1,,,,,1,,,,0,Longo da via,Bom,Perfeito estado,Seca,Perfeito estado,Outras,60 km/h,Dupla,Faixa contínua
2020-01-06 00:00:00,14:38:00,SEM VÍTIMA,NOVA DESCOBERTA,AV VEREADOR OTACILIO AZEVEDO,,SUBURBIO,COLISÃO TRASEIRA,COLISAO SEM VITIMAS,1,1,,,,,,,,0,Longo da via,Bom,Perfeito estado,Seca,Perfeito estado,Outras,,Dupla,Faixa contínua
2020-01-06 00:00:00,14:46:00,SEM VÍTIMA,PINA,RUA CONSUL JOSEPH NOUJAIM,658,CIDADE,ABALROAMENTO LONGITUDINAL,COLISAO DE DOIS AUTOS SEM VITIMAS,2,,,,,,,,,0,Cruzamento,Bom,Perfeito estado,Seca,Perfeito estado,Não há placas,,Única,Faixa seccionada
2020-01-06 00:00:00,14:48:00,SEM VÍTIMA,BOA VIAGEM,AV ENGENHEIRO DOMINGOS FERREIRA,,SUBURBIO,COLISÃO TRASEIRA,COLISÃO SEM VITIMA,3,,,,,,,,,0,Longo da via,Bom,Perfeito estado,Seca,Perfeito estado,Não há placas,,Única,Faixa seccionada
2020-01-06 00:00:00,14:59:00,SEM VÍTIMA,PINA,RUA CONSUL JOSEPH NOUJAIM,658,,COLISÃO,COLISÃO SEM VITIMA,2,,,,,,,,,0,,,,,,,,,
2020-01-06 00:00:00,15:27:00,SEM VÍTIMA,ILHA DO LEITE,RUA GENERAL JOAQUIM INACIO,69,SUBURBIO,COLISÃO TRASEIRA,COLISAO SEM VITIMAS,2,,,,,,,,,0,Longo da via,Bom,Perfeito estado,Seca,Perfeito estado,Não há placas,40 km/h,Única,Faixa contínua
2020-01-06 00:00:00,17:24:00,SEM VÍTIMA,IMBIRIBEIRA,AV MARECHAL MASCARENHAS DE MORAES,7,CIDADE,COLISÃO TRASEIRA,COLISAO ENTRE ONIBUS E AUTOS S/V,1,,,,,1,,,,0,Longo da via,Bom,Perfeito estado,Seca,Perfeito estado,,60 km/h,Única,Canteiro central
2020-01-06 00:00:00,17:46:00,SEM VÍTIMA,BOA VIAGEM,RUA ANTONIO FALCAO,,,ABALROAMENTO TRANSVERSAL,COLISÃO COM VITIMA/ AGUARDANDO SAMU NO LOCAL,2,1,,,,,,,,0,Cruzamento,Bom,Incompleta,Seca,Perfeito estado,Não há placas,60 km/h,Única,Não existe
2020-01-06 00:00:00,18:38:00,SEM VÍTIMA,ÁGUA FRIA,AV BEBERIBE,,SUBURBIO,ABALROAMENTO LONGITUDINAL,COLISAO SEM VITIMAS,1,,,,,1,,,,0,Longo da via,Bom,Perfeito estado,Seca,Perfeito estado,Não há placas,,Dupla,Faixa contínua
2020-01-06 00:00:00,18:49:00,SEM VÍTIMA,BOA VIAGEM,AV CONSELHEIRO AGUIAR,,CIDADE,ABALROAMENTO LONGITUDINAL,ENTRE 2 AUTOS. S/V,2,,,,,,,,,0,Longo da via,Bom,Perfeito estado,Seca,Perfeito estado,R-6a,60 km/h,Única,Faixa seccionada
2020-01-06 00:00:00,18:58:00,COM VÍTIMA,SANTO ANTÔNIO,RUA DO SOL,14,SUBURBIO,ATROPELAMENTO,ATROPELAMENTO ENTRE CAMINHONETE E PEDESTRE.,1,,,,2,,,,,2,Cruzamento,Bom,Perfeito estado,Seca,Perfeito estado,R-6a,,Única,
2020-01-06 00:00:00,19:32:00,SEM VÍTIMA,ROSARINHO,AV CONS ROSA E SILVA,,SUBURBIO,ABALROAMENTO TRANSVERSAL,ENTRE AUTO E CAMINHÃO. S/V,1,,,,,,1,,,0,Longo da via,Bom,Perfeito estado,Seca,Perfeito estado,Não há placas,,Única,Faixa contínua
2020-01-06 00:00:00,19:52:00,SEM VÍTIMA,IBURA,AV DOIS RIOS,,,COLISÃO TRASEIRA,COLISAO SEM VITIMAS,2,,,,,,,,,0,Longo da via,Bom,Perfeito estado,Seca,Mal iluminada,Não há placas,,Dupla,Faixa contínua
2020-01-06 00:00:00,20:11:00,SEM VÍTIMA,BOA VISTA,RUA LUIZ BARBALHO,,CIDADE,ABALROAMENTO LONGITUDINAL,ENTRE 2 AUTOS. S/V,2,,,,,,,,,0,Cruzamento,Bom,,Seca,Perfeito estado,Não há placas,,Dupla,Não existe
2020-01-06 00:00:00,20:28:00,SEM VÍTIMA,SANTO ANTÔNIO,C SANTA RITA,76,CIDADE,ABALROAMENTO LONGITUDINAL,ENTRE AUTO E ÔNIBUS. S/V,1,,,,,1,,,,0,Longo da via,Bom,Perfeito estado,Seca,Perfeito estado,Não há placas,,Dupla,Canteiro central
2020-01-07 00:00:00,07:32:00,SEM VÍTIMA,JARDIM SÃO PAULO,AV SAO PAULO,,BR 101,COLISÃO,SEM VITIMAS,2,,,,,,,,,0,,,,,,,,,
2020-01-07 00:00:00,07:32:00,SEM VÍTIMA,DOIS IRMÃOS,RUA DOIS IRMAOS,416,CIDADE,ABALROAMENTO LONGITUDINAL,COLISÃO SEM VITIMAS  GM  ANDRE MANOEL QTH,,2,,,,,,,,0,Cruzamento,Chuvoso,Perfeito estado,Molhada,Perfeito estado,Não há placas,,Dupla,Não existe
2020-01-07 00:00:00,08:01:00,SEM VÍTIMA,VÁRZEA,AV CAXANGA,281,CIDADE,COLISÃO TRASEIRA,SEM VITIMA. ENTRE TRES VEICULOS. GM: FONTENELE. PONTO FIXO NO LOCAL,3,,,,,,,,,0,Longo da via,Chuvoso,Perfeito estado,Molhada,Perfeito estado,Não há placas,60 km/h,Dupla,Faixa seccionada
2020-01-07 00:00:00,08:06:00,SEM VÍTIMA,ESPINHEIRO,AV CONS ROSA E SILVA,309,SUBURBIO,COLISÃO TRASEIRA,SEM VITIMAS,2,,,,,,,,,0,Longo da via,Bom,Perfeito estado,Seca,Perfeito estado,,,Única,Faixa seccionada
2020-01-07 00:00:00,08:11:00,SEM VÍTIMA,GRAÇAS,AV RUI BARBOSA,48,CIDADE,COLISÃO TRASEIRA,DOIS AUTOS PONTO FIXO GM PARAISO E LUCAS,2,,,,,,,,,0,Longo da via,Bom,Perfeito estado,Seca,Perfeito estado,Outras,,Única,Faixa seccionada
2020-01-07 00:00:00,09:23:00,SEM VÍTIMA,AFOGADOS,RUA SAO MIGUEL,391,CIDADE,ABALROAMENTO LONGITUDINAL,COLISÃO SEM VITIMAS,1,,,,,1,,,,0,Longo da via,Bom,Incompleta,Seca,,Outras,50 km/h,Dupla,
2020-01-07 00:00:00,09:25:00,SEM VÍTIMA,IMBIRIBEIRA,AV MARECHAL MASCARENHAS DE MORAES,,AFOGADOS,COLISÃO,COLISÃO SEM VITIMAS,1,,,,,1,,,,0,,,,,,,,,
2020-01-07 00:00:00,09:58:00,SEM VÍTIMA,IMBIRIBEIRA,AV MARECHAL MASCARENHAS DE MORAES,534,SUBURBIO,ABALROAMENTO LONGITUDINAL,COLISAO S/ VITIMA CAMINHAO E ONIBUS,,,,,,1,1,,,0,Cruzamento,Bom,Perfeito estado,Seca,Perfeito estado,Não há placas,60 km/h,Dupla,Canteiro central
2020-01-07 00:00:00,11:05:00,SEM VÍTIMA,AFLITOS,AV CONS ROSA E SILVA,,SUBURBIO,COLISÃO TRASEIRA,COLISÃO SEM VITIMAS,2,,,,,,,,,0,Longo da via,Bom,Perfeito estado,Seca,Perfeito estado,R-6a,40 km/h,Única,Faixa contínua
2020-01-07 00:00:00,11:20:00,SEM VÍTIMA,CAMPO GRANDE,RUA DR MACHADO,,,COLISÃO TRASEIRA,COLISÃO SEM VITIMAS,2,,,,,,,,,0,Cruzamento,Bom,Perfeito estado,Seca,Perfeito estado,Placas Pare,,Única,Não existe
2020-01-07 00:00:00,11:27:00,COM VÍTIMA,IPUTINGA,RUA EMILIANO BRAGA,,,ABALROAMENTO TRANSVERSAL,COLISAO COM VITIMA. ENTRE CARRO E MOTO,1,1,,,,,,,,1,Cruzamento,Bom,Incompleta,Seca,Perfeito estado,Não há placas,,Dupla,Não existe
2020-01-07 00:00:00,11:28:00,SEM VÍTIMA,ESPINHEIRO,RUA CONS PORTELA,464,CIDADE,ABALROAMENTO LONGITUDINAL,AUTO E CAMINHÃO,1,,,,,,1,,,0,Longo da via,Bom,Perfeito estado,Seca,Perfeito estado,R-6a,,Única,Faixa seccionada
2020-01-07 00:00:00,11:32:00,SEM VÍTIMA,PRADO,AV ENGENHEIRO ABDIAS DE CARVALHO,327,CIDADE,COLISÃO TRASEIRA,SEM VITIMAS,2,,,,,,,,,0,Longo da via,Bom,Perfeito estado,Seca,Perfeito estado,R-6a,60 km/h,Única,Faixa contínua
2020-01-07 00:00:00,12:39:00,SEM VÍTIMA,TORRE,RUA REAL DA TORRE,,CIDADE,CHOQUE VEÍCULO PARADO,COLISAO ENTRE DOIS AUTOS S/V,2,,,,,,,,,0,,Bom,Perfeito estado,Seca,Perfeito estado,Não há placas,30 km/h,Única,Não existe
2020-01-07 00:00:00,12:53:00,SEM VÍTIMA,ESPINHEIRO,RUA DO ESPINHEIRO,,SUBURBIO,ABALROAMENTO LONGITUDINAL,COLISAO ENTRE DOIS AUTOS S/V,2,,,,,,,,,0,Longo da via,Bom,Não existente,Seca,Perfeito estado,Não há placas,,Única,Faixa seccionada