data,hora,natureza,bairro,endereco,num_semaforo,sentido_via,tipo,auto,moto,ciclom,ciclista,pedestre,onibus,caminhao,viatura,outros,vitimas,vitimasfatais,acidente_verificado,tempo_clima,sinalizacao,condicao_via,conservacao_via,situacao_placa,velocidade_max_via,mao_direcao,divisao_via1
2020-01-07 00:00:00,13:21:00,SEM VÍTIMA,CIDADE UNIVERSITÁRIA,AV PROFESSOR ARTUR DE SA,,SUBURBIO,ABALROAMENTO TRANSVERSAL,COLISÃO SEM VITIMAS,1,1,,,,,,,,0,Longo da via,Bom,Perfeito estado,Seca,Perfeito estado,Outras,30 km/h,Dupla,Faixa seccionada
2020-01-07 00:00:00,13:24:00,SEM VÍTIMA,ESPINHEIRO,RUA ANGUSTURA,,CIDADE,ABALROAMENTO TRANSVERSAL,COLISAO ENTRE DOIS AUTOS S/V,2,,,,,,,,,0,Longo da via,Bom,Perfeito estado,Seca,Perfeito estado,Outras,,Única,Não existe
2020-01-07 00:00:00,13:28:00,SEM VÍTIMA,AREIAS,RUA JOAO TEIXEIRA,,,COLISÃO,COLISÃO SEM VÍTIMA,1,,,,,,1,,,0,,,,,,,,,
2020-01-07 00:00:00,13:37:00,SEM VÍTIMA,PINA,AV ANTONIO DE GOES,103,CIDADE,COLISÃO TRASEIRA,COLISÃO S/VITIMAS ENTRE DUAS MOTOS,,2,,,,,,,,0,Cruzamento,Bom,Perfeito estado,Seca,Perfeito estado,,60 km/h,Única,Canteiro central
2020-01-07 00:00:00,13:57:00,SEM VÍTIMA,BAIRRO DO RECIFE,CAIS DO APOLO,454,CIDADE,ABALROAMENTO LONGITUDINAL,COLISÃO SEM VITIMA,1,,,,,,1,,,0,Longo da via,Bom,Perfeito estado,Seca,Perfeito estado,R-6a,,Única,Faixa seccionada
2020-01-07 00:00:00,14:21:00,SEM VÍTIMA,SANTO AMARO,AV NORTE,,CIDADE,ABALROAMENTO LONGITUDINAL,COLISÃO SEM VÍTIMA,1,,,,,1,,,,0,Longo da via,Bom,Perfeito estado,Seca,Perfeito estado,Outras,60 km/h,Dupla,Faixa seccionada
2020-01-07 00:00:00,14:40:00,SEM VÍTIMA,DERBY,AV RUI BARBOSA,37,CIDADE,ABALROAMENTO LONGITUDINAL,COLISÃO S/VITIMAS ENTRE DOIS AUTOS (GM VIEIRA NUNES E WILAMS OLIVEIRA NO QTH),2,,,,,,,,,0,Cruzamento,Bom,Perfeito estado,Seca,Perfeito estado,Outras,40 km/h,Única,Faixa contínua
2020-01-07 00:00:00,14:52:00,SEM VÍTIMA,IPSEP,RUA POTENGY,,CIDADE,ABALROAMENTO LONGITUDINAL,COLISÃO SEM VÍTIMA,2,,,,,,,,,0,,Bom,Perfeito estado,Seca,Perfeito estado,Placas Pare,,Única,Não existe
2020-01-07 00:00:00,15:16:00,SEM VÍTIMA,AFOGADOS,RUA IMPERIAL,87,SUBURBIO,COLISÃO TRASEIRA,COLISAO ENTRE AUTO E CAMINHAO S/V,1,,,,,,1,,,0,Longo da via,Bom,Perfeito estado,Seca,Perfeito estado,Outras,,Única,Faixa seccionada
2020-01-07 00:00:00,15:15:00,SEM VÍTIMA,IPSEP,AV RECIFE,,SUBURBIO,ABALROAMENTO LONGITUDINAL,COLISÃO COM DOIS AUTOS E UM DOS AUTO SE CHOCOU COM O POSTE/ SEM VÍTIMA,2,,,,,,,,,0,Longo da via,Bom,Perfeito estado,Seca,Perfeito estado,Não há placas,60 km/h,Dupla,Canteiro central
2020-01-07 00:00:00,15:34:00,SEM VÍTIMA,,RUA WALDEMAR NERY CARNEIRO MONTEIRO,,SUBURBIO,COLISÃO FRONTAL,COLISÃO SEM VÍTIMA,2,,,,,,,,,0,Cruzamento,Bom,Perfeito estado,Seca,Perfeito estado,Não há placas,,Dupla,Não existe
2020-01-07 00:00:00,15:35:00,SEM VÍTIMA,CORDEIRO,AV ENGENHEIRO ABDIAS DE CARVALHO,422,,COLISÃO TRASEIRA,COLISÃO SEM VÍTIMA,2,,,,,,,,,0,Longo da via,Bom,Perfeito estado,Seca,Perfeito estado,Não há placas,,Dupla,Canteiro central
2020-01-07 00:00:00,15:40:00,SEM VÍTIMA,CASA AMARELA,AV PEDRO ALLAIN,,,ABALROAMENTO LONGITUDINAL,COLISÃO S/VITIMAS ENTRE DOIS AUTOS,2,,,,,,,,,0,Longo da via,Bom,Não existente,Seca,Perfeito estado,Não há placas,30 km/h,Dupla,Não existe
2020-01-07 00:00:00,15:50:00,SEM VÍTIMA,CAMPO GRANDE,RUA ODORICO MENDES,,SUBURBIO,COLISÃO FRONTAL,COLISÃO SEM VÍTIMA,3,,,,,,,,,0,Longo da via,Bom,Perfeito estado,Seca,Perfeito estado,R-6a,,Dupla,Faixa seccionada
2020-01-07 00:00:00,15:59:00,SEM VÍTIMA,JARDIM SÃO PAULO,RUA LORENA,,,ABALROAMENTO TRANSVERSAL,COLISAO ENTRE DOIS AUTOS S/V,2,,,,,,,,,0,Cruzamento,Bom,Incompleta,Seca,Perfeito estado,Placas Pare,,Dupla,Não existe
2020-01-07 00:00:00,17:37:00,COM VÍTIMA,BOA VIAGEM,RUA VISCONDE DE JEQUITINHONHA,304,CIDADE,COLISÃO COM CICLISTA,COLISAO COM CICLISTA,1,,,1,,,,,,1,Cruzamento,Bom,Perfeito estado,Seca,Perfeito estado,R-6a,30 km/h,Única,Não existe
2020-01-07 00:00:00,18:55:00,SEM VÍTIMA,BOA VIAGEM,RUA JOSE DOMINGUES DA SILVA,,SUBURBIO,ABALROAMENTO TRANSVERSAL,ENTRE AUTO PASSEIO X MOTO COM VÍTIMA,1,1,,,,,,,,0,Cruzamento,Bom,Perfeito estado,Seca,Perfeito estado,Placas Pare,,Dupla,Faixa contínua
2020-01-08 00:00:00,04:11:00,SEM VÍTIMA,BOA VISTA,AV CONDE DA BOA VISTA,162,CIDADE,ABALROAMENTO TRANSVERSAL,COLISÃO ENTRE DOIS ÔNIBUS S/V,,,,,,2,,,,0,Cruzamento,Bom,Perfeito estado,Seca,Perfeito estado,Outras,,Dupla,Canteiro central
2020-01-08 00:00:00,07:14:00,COM VÍTIMA,IPUTINGA,RUA MAURICIO DE NASSAU,,CIDADE,COLISÃO TRASEIRA,COLISÃO COM VITIMA A ESPERA  DO SAMU,1,1,,,,,,,,1,Longo da via,Bom,,Seca,Perfeito estado,,,Dupla,
2020-01-08 00:00:00,08:47:00,SEM VÍTIMA,DERBY,PRC DO DERBY,,CIDADE,ABALROAMENTO TRANSVERSAL,COLISAO S/ VITIMA. ENTRE DOIS VEICULOS,2,,,,,,,,,0,Longo da via,Bom,Perfeito estado,Seca,Perfeito estado,Outras,,Dupla,Faixa seccionada
2020-01-08 00:00:00,09:38:00,SEM VÍTIMA,CASA AMARELA,EST DO ARRAIAL,,SUBURBIO,ABALROAMENTO LONGITUDINAL,COLISÃO S/VITIMAS ENTRE DOIS AUTOS,2,,,,,,,,,0,Longo da via,Bom,Perfeito estado,Seca,Perfeito estado,,60 km/h,Única,Não existe
2020-01-08 00:00:00,10:28:00,COM VÍTIMA,COELHOS,RUA DOS COELHOS,,SUBURBIO,ABALROAMENTO LONGITUDINAL,COM DUAS VITIMAS /SAMU ACIONADO/VT 05 NO QTH,,2,,,,,,,,2,Longo da via,Bom,Perfeito estado,Seca,Perfeito estado,R-6a,,Dupla,Faixa contínua
2020-01-08 00:00:00,10:47:00,SEM VÍTIMA,DERBY,PRC DO DERBY,,CIDADE,COLISÃO TRASEIRA,SEM VITIMAS,2,,,,,,,,,0,Cruzamento,Bom,Perfeito estado,Seca,Perfeito estado,Outras,,Dupla,Blocos
2020-01-08 00:00:00,11:07:00,COM VÍTIMA,ARRUDA,RUA SAO BENTO,,SUBURBIO,ABALROAMENTO LONGITUDINAL,COLISAO COM VITIMA. ENTRE DUAS MOTOS,,2,,,,,,,,1,Longo da via,Bom,Perfeito estado,Seca,Perfeito estado,Não há placas,,Única,Faixa seccionada
2020-01-08 00:00:00,11:22:00,SEM VÍTIMA,TORRE,RUA PADRE ANCHIETA,193,CIDADE,ABALROAMENTO LONGITUDINAL,SEM VITIMAS,2,,,,,,,,,0,Cruzamento,Bom,Perfeito estado,Seca,Perfeito estado,R-6a,,Única,Faixa seccionada
2020-01-08 00:00:00,11:41:00,SEM VÍTIMA,ARRUDA,RUA DR RAIMUNDO CAVALCANTI UCHOA,,,ABALROAMENTO TRANSVERSAL,COLISAO S/ VITIMA. ENTRE DOIS VEICULOS,2,,,,,,,,,0,,Bom,Não existente,Seca,Mal conservada,Não há placas,,Dupla,Não existe
2020-01-08 00:00:00,11:46:00,SEM VÍTIMA,BOA VISTA,AV GOVERNADOR AGAMENON MAGALHAES,,,COLISÃO TRASEIRA,COLISAO S/ VITIMA. ENTRE DOIS VEICULOS. GM: JOBSON E RODRIGO NO LOCAL,2,,,,,,,,,0,Longo da via,Bom,Perfeito estado,Seca,Perfeito estado,Não há placas,60 km/h,Dupla,Canteiro central
2020-01-08 00:00:00,12:33:00,SEM VÍTIMA,IBURA,AV DOIS RIOS,561,SUBURBIO,ABALROAMENTO TRANSVERSAL,COLISÃO SEM VÍTIMA,1,,,,,1,,,,0,Cruzamento,Bom,Perfeito estado,Seca,Perfeito estado,Não há placas,,Dupla,Faixa contínua
2020-01-08 00:00:00,13:21:00,SEM VÍTIMA,BAIRRO DO RECIFE,CAIS DO APOLO,,,ABALROAMENTO TRANSVERSAL,COLISAO ENTRE DOIS AUTOS S/V,2,,,,,,,,,0,,Bom,Não existente,Seca,Perfeito estado,Não há placas,,Dupla,Não existe
2020-01-08 00:00:00,13:21:00,SEM VÍTIMA,ESPINHEIRO,RUA MARQUES DO PARANA,,,ABALROAMENTO LONGITUDINAL,ENTRE DOIS AUTOS S/V,2,,,,,,,,,0,Cruzamento,Bom,Perfeito estado,Seca,Perfeito estado,Placas Pare,,Única,Faixa seccionada
2020-01-08 00:00:00,13:23:00,SEM VÍTIMA,BOA VISTA,RUA DO RIACHUELO,,CIDADE,COLISÃO TRASEIRA,COLISÃO SEM VÍTIMA,2,,,,,,,,,0,Longo da via,Bom,Perfeito estado,Seca,Perfeito estado,Outras,,Dupla,Faixa seccionada
2020-01-08 00:00:00,13:32:00,SEM VÍTIMA,COELHOS,RUA DO JARDIM,,,COLISÃO TRASEIRA,ENTRE DOIS AUTOS S/V,2,,,,,,,,,0,Longo da via,Bom,Não existente,Seca,Mal conservada,Não há placas,,Única,Não existe
2020-01-08 00:00:00,13:48:00,COM VÍTIMA,CORDEIRO,AV CAXANGA,234,CIDADE,ABALROAMENTO LONGITUDINAL,ENTRE MOTO- AUTO PASSEIO E REBOQUE COM VÍTIMA.,1,1,,,,,,,1,1,Esquina,Bom,Perfeito estado,Seca,Perfeito estado,Outras,,Dupla,Faixa contínua
2020-01-08 00:00:00,14:08:00,SEM VÍTIMA,BOA VIAGEM,AV ENGENHEIRO DOMINGOS FERREIRA,380,SUBURBIO,COLISÃO TRASEIRA,ENTRE DOIS AUTOS S/V,2,,,,,,,,,0,Longo da via,Bom,Perfeito estado,Seca,Perfeito estado,,60 km/h,Única,Faixa contínua
2020-01-08 00:00:00,14:52:00,SEM VÍTIMA,AREIAS,AV RECIFE,,,COLISÃO TRASEIRA,COLISÃO SEM VÍTIMA,2,,,,,,,,,0,Longo da via,Bom,Perfeito estado,Seca,Perfeito estado,Outras,,Dupla,Canteiro central
2020-01-08 00:00:00,15:15:00,SEM VÍTIMA,BOA VIAGEM,RUA RIBEIRO DE BRITO,,,ABALROAMENTO TRANSVERSAL,COLISAO ENTRE DOIS AUTOS S/V,2,,,,,,,,,0,Cruzamento,Bom,Ilegível,Seca,Perfeito estado,Placas Pare,,Única,Não existe
2020-01-08 00:00:00,15:37:00,SEM VÍTIMA,SANTO AMARO,AV GOVERNADOR AGAMENON MAGALHAES,,,COLISÃO,COLISAO ENTRE DOIS AUTOS S/V,2,,,,,,,,,0,,,,,,,,,
2020-01-08 00:00:00,15:43:00,SEM VÍTIMA,JORDÃO,RUA BOANERGES PEREIRA,,CIDADE,ABALROAMENTO LONGITUDINAL,COLISAO ENTRE DOIS AUTOS S/V,,,,,,,2,,,0,Cruzamento,Bom,Perfeito estado,Seca,Perfeito estado,,,,
2020-01-08 00:00:00,15:47:00,COM VÍTIMA,SOLEDADE,RUA BARAO DE SAO BORJA,,SUBURBIO,ATROPELAMENTO,ATROPELAMENTO COM UMA VITIMA,1,,,,1,,,,,1,Longo da via,Bom,Perfeito estado,Seca,Perfeito estado,R-6a,,Única,Não existe
2020-01-08 00:00:00,15:54:00,SEM VÍTIMA,CASA FORTE,AV DEZESSETE DE AGOSTO,,CIDADE,COLISÃO TRASEIRA,COLISÃO SEM VÍTIMA,2,,,,,,,,,0,Longo da via,Bom,Perfeito estado,Seca,Perfeito estado,Outras,,Dupla,Faixa contínua
2020-01-08 00:00:00,16:42:00,SEM VÍTIMA,VÁRZEA,AV CAXANGA,608,CIDADE,COLISÃO TRASEIRA,COLISÃO SEM VÍTIMA,1,,,,,,1,,,0,Longo da via,Bom,Perfeito estado,Seca,Perfeito estado,R-6a,,Dupla,Canteiro central
2020-01-08 00:00:00,16:59:00,SEM VÍTIMA,IMBIRIBEIRA,RUA JOAQUIM BANDEIRA,,SUBURBIO,ABALROAMENTO LONGITUDINAL,COLISÃO SEM VÍTIMA,2,,,,,,,,,0,Cruzamento,Bom,Perfeito estado,Seca,Perfeito estado,Não há placas,,Única,Faixa seccionada
2020-01-08 00:00:00,17:18:00,SEM VÍTIMA,CASA FORTE,AV DEZESSETE DE AGOSTO,251,CIDADE,CHOQUE OBJETO FIXO,CAMINHÃO CHOCOU-SE COM O SEMÁFORO,,,,,,,1,,,0,,Bom,Perfeito estado,Seca,Perfeito estado,R-6a,,Dupla,Faixa seccionada
2020-01-08 00:00:00,17:27:00,SEM VÍTIMA,BOA VIAGEM,RUA AMALIA BERNARDINO DE SOUZA,,CIDADE,COLISÃO TRASEIRA,ENTRE DOIS AUTOS S/V,2,,,,,,,,,0,Longo da via,Bom,Perfeito estado,Seca,Perfeito estado,Não há placas,,Dupla,Não existe
2020-01-08 00:00:00,17:29:00,SEM VÍTIMA,AFOGADOS,RUA MOTOCOLOMBO,,SUBURBIO,ABALROAMENTO LONGITUDINAL,COLISÃO SEM VÍTIMA,2,,,,,,,,,0,Cruzamento,Bom,Não existente,Seca,Perfeito estado,Não há placas,,Única,Faixa seccionada
2020-01-08 00:00:00,17:46:00,SEM VÍTIMA,SANTO ANTÔNIO,PRC DA REPUBLICA,278,,ABALROAMENTO TRANSVERSAL,ENTRE ONIBUS X AUTO PASSEIO S/V,1,,,,,1,,,,0,Cruzamento,Bom,Perfeito estado,Seca,Perfeito estado,Outras,,Única,Faixa contínua
2020-01-08 00:00:00,17:58:00,SEM VÍTIMA,DERBY,AV GOVERNADOR AGAMENON MAGALHAES,173,,COLISÃO TRASEIRA,COLISÃO SEM VÍTIMA,3,,,,,,,,,0,Longo da via,Bom,Perfeito estado,Seca,Perfeito estado,Não há placas,60 km/h,Única,Faixa contínua
2020-01-08 00:00:00,18:28:00,SEM VÍTIMA,CAXANGÁ,AV CAXANGA,,,COLISÃO,ENTRE DOIS AUTOS S/V,2,,,,,,,,,0,,,,,,,,,
2020-01-08 00:00:00,18:37:00,SEM VÍTIMA,IPUTINGA,AV LUIZ DE LACERDA,,SUBURBIO,ABALROAMENTO LONGITUDINAL,ENTRE DOIS AUTOS S/V,2,,,,,,,,,0,Longo da via,Bom,Perfeito estado,Seca,Perfeito estado,R-6a,,Única,Faixa seccionada
2020-01-08 00:00:00,19:00:00,SEM VÍTIMA,ILHA DO RETIRO,PRC DA BANDEIRA,,CIDADE,ABALROAMENTO LONGITUDINAL,COLISAO SEM VITIMAS,2,,,,,,,,,0,,Bom,Perfeito estado,Seca,Perfeito estado,R-6a,30 km/h,Única,Não existe
2020-01-08 00:00:00,22:39:00,SEM VÍTIMA,BOA VIAGEM,RUA BRUNO VELOSO,338,SUBURBIO,COLISÃO TRASEIRA,COLISAO SEM VITIMAS,2,,,,,,,,,0,Longo da via,Bom,Perfeito estado,Seca,Perfeito estado,Outras,,Única,Faixa seccionada
2020-01-08 00:00:00,23:26:00,SEM VÍTIMA,ESPINHEIRO,AV JOAO DE BARROS,338,SUBURBIO,COLISÃO TRASEIRA,COLISAO SEM VITIMAS,2,,,,,,,,,0,Longo da via,Bom,Perfeito estado,Seca,Perfeito estado,Não há placas,,Única,Faixa contínua
2020-01-09 00:00:00,01:24:00,COM VÍTIMA,ARRUDA,RUA MEM DE SA,495,,ABALROAMENTO TRANSVERSAL,COLISÃO ENTRE DOIS AUTOS- S/V,2,,,,,,,,,1,Cruzamento,Bom,Perfeito estado,Seca,Perfeito estado,Não há placas,30 km/h,Dupla,Não existe
2020-01-09 00:00:00,07:14:00,COM VÍTIMA,IPSEP,RUA PINTOR ANTONIO ALBUQUERQUE,,,ACID. DE PERCURSO,ACID. C/V,,1,,,,,,,,1,Longo da via,Chuvoso,Perfeito estado,Molhada,Perfeito estado,Não há placas,40 km/h,Dupla,Não existe
2020-01-09 00:00:00,07:59:00,SEM VÍTIMA,IBURA,AV ENGENHO SERRA VERDE,,CIDADE,COLISÃO TRASEIRA,COLISÃO SEM VITIMAS,1,,,,,,,,,0,Longo da via,Chuvoso,Incompleta,Molhada,Perfeito estado,Não há placas,40 km/h,Única,Não existe
2020-01-09 00:00:00,08:03:00,SEM VÍTIMA,CASA AMARELA,AV NORTE,,SUBURBIO,COLISÃO TRASEIRA,COLISAO S/ VITIMA. ENTRE DOIS VEICULOS. VT 08 - GM: RONALDO LUIZ E RICARDO NO LOCAL,2,,,,,,,,,0,Longo da via,Chuvoso,Perfeito estado,Molhada,Perfeito estado,Não há placas,,Dupla,Canteiro central
2020-01-09 00:00:00,08:28:00,COM VÍTIMA,PINA,AV HERCULANO BANDEIRA,,SUBURBIO,COLISÃO TRASEIRA,COLISÃO C/VITIMA ENTRE DUAS MOTOS (GMC ADELMO FERREIRA E WEMERSON NO QTH),1,2,,,,,,,,1,Longo da via,Bom,Perfeito estado,Seca,Perfeito estado,Não há placas,60 km/h,Única,Faixa seccionada
2020-01-09 00:00:00,08:49:00,COM VÍTIMA,SAN MARTIN,AV ENGENHEIRO ABDIAS DE CARVALHO,,CIDADE,COLISÃO TRASEIRA,COLISÃO C/ VITIMA  GM LUANA QTH,1,1,,,,,,,,1,Longo da via,Bom,Perfeito estado,Seca,Perfeito estado,,,Dupla,Canteiro central
2020-01-09 00:00:00,09:06:00,SEM VÍTIMA,GRAÇAS,RUA ALBERTO PAIVA,,,COLISÃO,DOIS AUTOS,2,,,,,,,,,0,,,,,,,,,
2020-01-09 00:00:00,09:34:00,SEM VÍTIMA,IMBIRIBEIRA,RUA ITACARI,,SUBURBIO,ABALROAMENTO LONGITUDINAL,DOIS AUTOS,2,,,,,,,,,0,Cruzamento,Bom,Perfeito estado,Seca,Perfeito estado,Placas Pare,30 km/h,Única,Faixa seccionada
2020-01-09 00:00:00,11:10:00,SEM VÍTIMA,AFOGADOS,RUA SAO MIGUEL,333,SUBURBIO,COLISÃO TRASEIRA,CAMINHÃO E VT-PM,1,,,,,,1,,1,0,Cruzamento,Bom,Perfeito estado,Seca,Perfeito estado,Outras,60 km/h,Dupla,Faixa contínua
2020-01-09 00:00:00,11:18:00,SEM VÍTIMA,SOLEDADE,AV JOAO DE BARROS,,CIDADE,COLISÃO,COLISÃO SEM VITIMAS,2,,,,,,,,,0,,,,,,,,,
2020-01-09 00:00:00,11:53:00,SEM VÍTIMA,CORDEIRO,AV ENGENHEIRO ABDIAS DE CARVALHO,58,CIDADE,ABALROAMENTO LONGITUDINAL,COLISAO S/ VITIMA ENTRE VEICULO PARTICULAR E UMA VIATURA DA POLICIA.,1,,,,,,,,1,0,Cruzamento,Bom,Perfeito estado,Seca,Perfeito estado,Não há placas,,Dupla,Canteiro central
2020-01-09 00:00:00,12:19:00,SEM VÍTIMA,IPSEP,AV RECIFE,,,COLISÃO TRASEIRA,SEM VITIMA,3,,,,,,,,,0,Longo da via,Bom,Incompleta,Seca,Perfeito estado,Outras,60 km/h,Dupla,Canteiro central
2020-01-09 00:00:00,12:42:00,SEM VÍTIMA,CASA AMARELA,RUA VISCONDE DE TAUNAY,,,COLISÃO,,2,,,,,,,,,0,,,,,,,,,
2020-01-09 00:00:00,13:25:00,COM VÍTIMA,IMBIRIBEIRA,AV MARECHAL MASCARENHAS DE MORAES,,CIDADE,COLISÃO TRASEIRA,COLISÃO COM VITIMA...BOMBEIRO NO LOCAL,1,1,,,,,,,,2,Longo da via,Bom,Perfeito estado,Seca,Perfeito estado,Outras,60 km/h,Dupla,Canteiro central
2020-01-09 00:00:00,13:56:00,SEM VÍTIMA,MADALENA,RUA JOAO IVO DA SILVA,,,COLISÃO TRASEIRA,COLISÃO SEM VITIMA,1,,,,,,1,,,0,Longo da via,Bom,Perfeito estado,Seca,Perfeito estado,Não há placas,,Dupla,Canal
2020-01-09 00:00:00,16:12:00,SEM VÍTIMA,ESPINHEIRO,RUA CONS PORTELA,11,CIDADE,ABALROAMENTO LONGITUDINAL,COLISAO ENTRE DOIS AUTOS S/V VT 18 NO LOCAL,2,,,,,,,,,0,Cruzamento,Bom,Perfeito estado,Seca,Perfeito estado,R-6a,,Única,Faixa contínua
2020-01-09 00:00:00,16:31:00,SEM VÍTIMA,TORRE,RUA REAL DA TORRE,,CIDADE,CHOQUE OBJETO FIXO,CAMINÃO CHOCOU-SE COM UM POSTE DE ILUMINAÇÃO,,,,,,,1,,,0,Longo da via,Bom,Perfeito estado,Seca,Perfeito estado,Outras,60 km/h,Única,Faixa seccionada
2020-01-09 00:00:00,16:39:00,SEM VÍTIMA,TORRE,RUA CONDE DE IRAJA,,SUBURBIO,ABALROAMENTO LONGITUDINAL,COLISAO ENTRE ONIBUS E AUTO S/V,1,,,,,1,,,,0,Longo da via,Bom,Perfeito estado,Seca,Perfeito estado,R-6a,,Única,Faixa seccionada
2020-01-09 00:00:00,17:25:00,SEM VÍTIMA,IPSEP,AV RECIFE,55,,ABALROAMENTO TRANSVERSAL,COLISÃO SEM VÍTIMA,2,,,,,,,,,0,Cruzamento,Bom,Perfeito estado,Seca,Perfeito estado,,60 km/h,Dupla,Faixa contínua
2020-01-09 00:00:00,17:30:00,COM VÍTIMA,BOA VISTA,AV GOVERNADOR AGAMENON MAGALHAES,37,OLINDA,ABALROAMENTO LONGITUDINAL,COLISAO ENTRE DUAS MOTO COM UM VITIMA,,2,,,,,,,,1,Longo da via,Bom,Perfeito estado,Seca,Perfeito estado,,60 km/h,Dupla,Canal
2020-01-09 00:00:00,17:36:00,SEM VÍTIMA,CASA FORTE,AV DEZESSETE DE AGOSTO,,,COLISÃO FRONTAL,COLISÃO SEM VÍTIMA,2,,,,,,,,,0,Longo da via,Bom,Perfeito estado,Seca,Perfeito estado,Outras,,Dupla,Faixa seccionada
2020-01-09 00:00:00,17:43:00,SEM VÍTIMA,CAMPO GRANDE,EST DE BELEM,,SUBURBIO,COLISÃO TRASEIRA,COLISAO ENTRE DOIS AUTOS S/V,2,,,,,,,,,0,,Bom,Perfeito estado,Seca,Perfeito estado,R-6a,,Dupla,Faixa seccionada
2020-01-09 00:00:00,18:11:00,SEM VÍTIMA,CASA AMARELA,AV DR EURICO CHAVES,,SUBURBIO,COLISÃO TRASEIRA,ENTRE DOIS AUTOS S/V,2,,,,,,,,,0,Longo da via,Bom,Perfeito estado,Seca,Perfeito estado,Outras,,Dupla,Não existe
2020-01-09 00:00:00,18:28:00,SEM VÍTIMA,SÃO JOSÉ,RUA FLORIANO PEIXOTO,,SUBURBIO,CHOQUE VEÍCULO PARADO,COLISAO SEM VITINAS,1,,,,,1,,,,0,Longo da via,Bom,Perfeito estado,Seca,Perfeito estado,Não há placas,,Única,Faixa seccionada
2020-01-09 00:00:00,18:34:00,SEM VÍTIMA,AREIAS,AV DR JOSE RUFINO,44,,ABALROAMENTO LONGITUDINAL,CAMINHÃO X AUTO PASSEIO S/V,1,,,,,,1,,,0,Longo da via,Bom,Perfeito estado,Seca,Perfeito estado,,60 km/h,Dupla,Faixa seccionada
2020-01-09 00:00:00,19:07:00,SEM VÍTIMA,IMBIRIBEIRA,AV MARECHAL MASCARENHAS DE MORAES,,SUBURBIO,COLISÃO TRASEIRA,ENTRE MOTO X AUTO PASSEIO S/V,1,1,,,,,,,,0,Longo da via,Bom,Perfeito estado,Seca,Mal conservada,Não há placas,,Dupla,Faixa seccionada
2020-01-09 00:00:00,19:12:00,COM VÍTIMA,ESTÂNCIA,AV RECIFE,,CEASA,ABALROAMENTO LONGITUDINAL,COLISAO COM VITIMAS,1,1,,,,,,,,1,Longo da via,Bom,Perfeito estado,Seca,Perfeito estado,Não há placas,60 km/h,Dupla,Canteiro central
2020-01-09 00:00:00,20:06:00,COM VÍTIMA,ÁGUA FRIA,AV BEBERIBE,,,COLISÃO,AUTO PASSEIO X MOTO COM VÍTIMA,1,1,,,,,,,,1,,,,,,,,,
2020-01-09 00:00:00,20:34:00,COM VÍTIMA,AFOGADOS,RUA SAO MIGUEL,,SUBURBIO,CHOQUE OBJETO FIXO,MOTO X AUTO PASSEIO COM VÍTIMA,,1,,,,,,,,1,Longo da via,Bom,Perfeito estado,Seca,Perfeito estado,Não há placas,,Dupla,Faixa contínua
2020-01-09 00:00:00,20:57:00,SEM VÍTIMA,BOA VIAGEM,RUA FRANCISCO DA CUNHA,,,ABALROAMENTO TRANSVERSAL,COLISAO SEM VITIMAS,2,,,,,,,,,0,Cruzamento,Bom,Perfeito estado,Seca,Perfeito estado,Placas Pare,,Única,
2020-01-09 00:00:00,21:11:00,SEM VÍTIMA,TORRE,RUA DOM MANOEL DA COSTA,,SUBURBIO,ABALROAMENTO LONGITUDINAL,ENTRE CAMINHÃO X AUTO PASSEIO S/V,1,,,,,,1,,,0,Cruzamento,Bom,Incompleta,Seca,Mal conservada,R-6a,40 km/h,Única,Faixa seccionada
2020-01-09 00:00:00,21:58:00,SEM VÍTIMA,CAMPO GRANDE,RUA PROFESSOR FRANCISCO DA TRINDADE,,SUBURBIO,ABALROAMENTO TRANSVERSAL,ENTRE AUTO PASSEIO X MOTO S/V,1,1,,,,,,,,0,Longo da via,Bom,Perfeito estado,Seca,Perfeito estado,Não há placas,,Dupla,Faixa seccionada
2020-01-09 00:00:00,22:59:00,COM VÍTIMA,BOA VIAGEM,RUA VISCONDE DE JEQUITINHONHA,,SUBURBIO,ABALROAMENTO LONGITUDINAL,MOTO X AUTO PASSEIO COM VÍTIMA,1,1,,,,,,,,1,Longo da via,Bom,Perfeito estado,Seca,Perfeito estado,Outras,60 km/h,Dupla,Faixa seccionada
2020-01-10 00:00:00,03:03:00,COM VÍTIMA,AFOGADOS,PTE DO MOTOCOLOMBO,,CIDADE,ABALROAMENTO LONGITUDINAL,COLISÃO ENTRE AUTO E MOTO- COM VÍTIMA,1,1,,,,,,,,1,Ponte,Bom,Perfeito estado,Seca,Perfeito estado,Não há placas,,Dupla,
2020-01-10 00:00:00,09:02:00,SEM VÍTIMA,BOA VISTA,RUA DR JOSE MARIANO,209,SUBURBIO,COLISÃO TRASEIRA,SEM VITIMAS,2,,,,,,,,,0,Longo da via,Bom,Perfeito estado,Seca,Perfeito estado,,,,
2020-01-10 00:00:00,09:16:00,SEM VÍTIMA,PARNAMIRIM,RUA ALBINO MEIRA,,SUBURBIO,ABALROAMENTO LONGITUDINAL,DOIS AUTOS,2,,,,,,,,,0,Longo da via,Bom,Perfeito estado,Seca,Perfeito estado,R-6a,,Única,Não existe