data,hora,natureza,bairro,endereco,num_semaforo,sentido_via,tipo,auto,moto,ciclom,ciclista,pedestre,onibus,caminhao,viatura,outros,vitimas,vitimasfatais,acidente_verificado,tempo_clima,sinalizacao,condicao_via,conservacao_via,situacao_placa,velocidade_max_via,mao_direcao,divisao_via1
2020-01-10 00:00:00,09:56:00,SEM VÍTIMA,CAMPO GRANDE,RUA MANUEL DE BARROS LIMA,,SUBURBIO,ABALROAMENTO LONGITUDINAL,SEM VITIMAS,2,,,,,,,,,0,Longo da via,Bom,Ilegível,Seca,Perfeito estado,Outras,30 km/h,Dupla,Não existe
2020-01-10 00:00:00,10:23:00,SEM VÍTIMA,CORDEIRO,RUA DR JOAO LACERDA,,,COLISÃO,COLISÃO SEM VITIMAS,1,,,,,,1,,,0,,,,,,,,,
2020-01-10 00:00:00,10:37:00,COM VÍTIMA,BOA VISTA,AV GOVERNADOR CARLOS DE LIMA CAVALCANTI,,SUBURBIO,ABALROAMENTO LONGITUDINAL,COLISÃO C/VITIMA ENTRE UMA MOTO E UM AUTO,1,1,,,,,,,,1,Longo da via,Bom,Perfeito estado,Seca,Perfeito estado,Outras,,Dupla,Canteiro central
2020-01-10 00:00:00,11:45:00,SEM VÍTIMA,IPUTINGA,RUA BARAO DE ITAPISSUMA,,CIDADE,ABALROAMENTO TRANSVERSAL,SEM VITIMAS,2,,,,,,,,,0,,Bom,Perfeito estado,Seca,Perfeito estado,Não há placas,,Única,Faixa contínua
2020-01-10 00:00:00,11:52:00,SEM VÍTIMA,IMBIRIBEIRA,AV GENERAL MAC ARTHUR,,,ABALROAMENTO TRANSVERSAL,COLISÃO S/VITIMAS ENTRE DOIS AUTOS,2,,,,,,,,,0,Cruzamento,Bom,Perfeito estado,Seca,Perfeito estado,Placas Pare,,Única,Faixa seccionada
2020-01-10 00:00:00,12:10:00,SEM VÍTIMA,IPSEP,RUA DR RAPOSO PINTO,,CIDADE,ABALROAMENTO LONGITUDINAL,SEM VITIMAS,2,,,,,,,,,0,Cruzamento,Bom,Perfeito estado,Seca,Perfeito estado,Placas Pare,30 km/h,Dupla,Faixa contínua
2020-01-10 00:00:00,13:47:00,SEM VÍTIMA,VÁRZEA,AV JOAQUIM RIBEIRO,,CIDADE,COLISÃO TRASEIRA,COLISÃO SEM VITIMA,3,,,,,,,,,0,Viaduto,Bom,Incompleta,Seca,Perfeito estado,R-6a,,Dupla,Faixa contínua
2020-01-10 00:00:00,13:59:00,SEM VÍTIMA,AFOGADOS,RUA COSME VIANA,430,SUBURBIO,ABALROAMENTO LONGITUDINAL,COLISÃO SEM VITIMA,2,,,,,,,,,0,Longo da via,Bom,Perfeito estado,Seca,Perfeito estado,Outras,,Única,Faixa contínua
2020-01-10 00:00:00,13:59:00,SEM VÍTIMA,ILHA DO RETIRO,RUA SPORT CLUBE DO RECIFE,,CIDADE,ABALROAMENTO LONGITUDINAL,COLISÃO SEM VITIMA,1,,,,,1,,,,0,Longo da via,Bom,Perfeito estado,Seca,Perfeito estado,R-6a,,Dupla,Canteiro central
2020-01-10 00:00:00,14:26:00,SEM VÍTIMA,BOA VIAGEM,AV FERNANDO SIMOES BARBOSA,,SUBURBIO,ABALROAMENTO TRANSVERSAL,COLISAO ENTRE DOIS AUTOS S/V,2,,,,,,,,,0,Longo da via,Bom,Perfeito estado,Seca,Perfeito estado,R-6a,,Única,Faixa seccionada
2020-01-10 00:00:00,14:32:00,SEM VÍTIMA,BOA VISTA,RUA PRINCESA IZABEL,167,CIDADE,COLISÃO TRASEIRA,COLISÃO SEM VÍTIMA,2,,,,,,,,,0,Longo da via,Bom,Perfeito estado,Seca,Perfeito estado,R-6a,,Única,Faixa seccionada
2020-01-10 00:00:00,15:06:00,SEM VÍTIMA,PRADO,RUA GOMES TABORDA,,SUBURBIO,ABALROAMENTO LONGITUDINAL,COLISÃO SEM VITIMA,1,,,,,1,,,,0,Longo da via,Bom,,Seca,Perfeito estado,,,Dupla,
2020-01-10 00:00:00,15:11:00,SEM VÍTIMA,PRADO,RUA GOMES TABORDA,,,COLISÃO,COLISAO ENTRE ONIBU E AUTOS S/V,1,,,,,1,,,,0,,,,,,,,,
2020-01-10 00:00:00,15:46:00,SEM VÍTIMA,BOA VIAGEM,RUA SA E SOUZA,,,COLISÃO,COLISÃO SEM VÍTIMA,2,,,,,,,,,0,,,,,,,,,
2020-01-10 00:00:00,15:57:00,COM VÍTIMA,MADALENA,RUA RICARDO SALAZAR,,SUBURBIO,ABALROAMENTO TRANSVERSAL,COLISAO ENTRE AUTO E MOTO COM UMA VITIMA,1,1,,,,,,,,1,Longo da via,Bom,Perfeito estado,Seca,Perfeito estado,Outras,,Dupla,Canal
2020-01-10 00:00:00,16:49:00,SEM VÍTIMA,SANTO AMARO,RUA TREZE DE MAIO,,SUBURBIO,ABALROAMENTO LONGITUDINAL,COLISÃO SEM VITIMA,2,,,,,,,,,0,Longo da via,Bom,Perfeito estado,Seca,Perfeito estado,Outras,30 km/h,Dupla,Faixa contínua
2020-01-10 00:00:00,17:08:00,SEM VÍTIMA,PRADO,AV ENGENHEIRO ABDIAS DE CARVALHO,,SUBURBIO,COLISÃO TRASEIRA,COLISÃO SEM VITIMA,2,,,,,,,,,0,Longo da via,Bom,Perfeito estado,Seca,Perfeito estado,Outras,,Dupla,Faixa contínua
2020-01-10 00:00:00,17:33:00,SEM VÍTIMA,CASA AMARELA,COR DO BARTOLOMEU,,SUBURBIO,COLISÃO TRASEIRA,COLISAO ENTRE DOIS AUTOS S/V,2,,,,,,,,,0,Longo da via,Bom,Perfeito estado,Seca,Perfeito estado,Outras,,Dupla,Faixa seccionada
2020-01-10 00:00:00,17:35:00,COM VÍTIMA,TEJIPIÓ,AV DR JOSE RUFINO,,CIDADE,ATROPELAMENTO,PEDESTRE E AUTO,,,,,1,,1,,,1,,,,,,,,,
2020-01-10 00:00:00,17:39:00,SEM VÍTIMA,CASA AMARELA,RUA PADRE LEMOS,66,SUBURBIO,ABALROAMENTO LONGITUDINAL,COLISÃO SEM VÍTIMA,1,,,,,,1,,,0,Longo da via,Bom,Ilegível,Seca,Mal conservada,R-6a,,Dupla,
2020-01-10 00:00:00,17:53:00,SEM VÍTIMA,ESTÂNCIA,AV RECIFE,621,SUBURBIO,COLISÃO TRASEIRA,COLISÃO SEM VÍTIMA,1,,,,,,1,,,0,Longo da via,Bom,Perfeito estado,Seca,Perfeito estado,Outras,,Dupla,Canteiro central
2020-01-10 00:00:00,18:10:00,SEM VÍTIMA,BOA VIAGEM,RUA VISCONDE DE JEQUITINHONHA,258,,COLISÃO TRASEIRA,COLISAO SEM VITIMAS,2,,,,,,,,,0,Cruzamento,Bom,Perfeito estado,Seca,Perfeito estado,Não há placas,60 km/h,Única,Faixa contínua
2020-01-10 00:00:00,18:15:00,SEM VÍTIMA,ÁGUA FRIA,RUA DA REGENERACAO,622,SUBURBIO,ABALROAMENTO LONGITUDINAL,ENTRE AUTO E CAMINHÃO. S/V,1,,,,,,1,,,0,Longo da via,Bom,Perfeito estado,Seca,Perfeito estado,Não há placas,,Única,Faixa contínua
2020-01-10 00:00:00,18:37:00,SEM VÍTIMA,PINA,RUA BARAO DE SANTO ANGELO,,CIDADE,COLISÃO TRASEIRA,COLISAO SEM VITIMAS,2,,,,,,,,,0,Longo da via,Bom,Perfeito estado,Seca,Perfeito estado,R-6a,,Única,Faixa seccionada
2020-01-10 00:00:00,18:46:00,SEM VÍTIMA,BOA VIAGEM,RUA ERNESTO DE PAULA SANTOS,127,,ABALROAMENTO LONGITUDINAL,COLISAO SEM VITIMAS,2,,,,,,,,,0,Cruzamento,Bom,Perfeito estado,Seca,Perfeito estado,R-6a,,Única,Faixa seccionada
2020-01-10 00:00:00,19:10:00,SEM VÍTIMA,SANTO AMARO,AV CRUZ CABUGA,,SUBURBIO,ABALROAMENTO LONGITUDINAL,COLISAO SEM VITIMAS,1,,,,,1,1,,,0,Longo da via,Bom,Perfeito estado,Seca,Perfeito estado,R-6a,,Dupla,Faixa contínua
2020-01-10 00:00:00,18:59:00,COM VÍTIMA,AFOGADOS,RUA VINTE E UM DE ABRIL,,SUBURBIO,ABALROAMENTO TRANSVERSAL,ENTRE AUTO E MOTO. C/V,1,1,,,,,,,,1,Longo da via,Bom,Incompleta,Seca,Perfeito estado,R-19,30 km/h,Dupla,Outros
2020-01-10 00:00:00,19:41:00,SEM VÍTIMA,PARNAMIRIM,RUA PADRE ROMA,,SUBURBIO,ABALROAMENTO LONGITUDINAL,COLISAO SEM VITIMAS,2,,,,,,,,,0,Longo da via,Bom,Perfeito estado,Seca,Perfeito estado,Outras,,Única,Não existe
2020-01-10 00:00:00,19:38:00,SEM VÍTIMA,TAMARINEIRA,RUA EUCLIDES GOMES DE FREITAS,,CIDADE,ABALROAMENTO LONGITUDINAL,ENTRE 2 AUTOS. S/V,2,,,,,,,,,0,,Bom,Perfeito estado,Seca,Perfeito estado,Não há placas,,Única,Faixa seccionada
2020-01-10 00:00:00,19:48:00,SEM VÍTIMA,BOA VISTA,AV CONDE DA BOA VISTA,,,COLISÃO,ENTRE AUTO E ÕNIBUS. S/V,1,,,,,1,,,,0,,,,,,,,,
2020-01-10 00:00:00,20:12:00,SEM VÍTIMA,,PTE RAIMUNDO FARIAS,37,CIDADE,ABALROAMENTO LONGITUDINAL,ENTRE 2 AUTOS. S/V,2,,,,,,,,,0,Cruzamento,Bom,Perfeito estado,Seca,Perfeito estado,Não há placas,60 km/h,Dupla,Canal
2020-01-10 00:00:00,20:23:00,SEM VÍTIMA,IMBIRIBEIRA,AV GENERAL MAC ARTHUR,,SUBURBIO,COLISÃO TRASEIRA,COLISAO SEM VITIMAS,1,1,,,,,,,,0,Longo da via,Bom,Perfeito estado,Seca,Perfeito estado,Não há placas,,Única,Faixa seccionada
2020-01-10 00:00:00,20:35:00,SEM VÍTIMA,JARDIM SÃO PAULO,AV LIBERDADE,,,COLISÃO,ENTRE AUTO E MOTO. C/V,1,1,,,,,,,,0,,,,,,,,,
2020-01-10 00:00:00,21:00:00,SEM VÍTIMA,LINHA DO TIRO,RUA URIEL DE HOLANDA,,,COLISÃO,ENTRE 2 AUTOS. S/V,2,,,,,,,,,0,,,,,,,,,
2020-01-11 00:00:00,00:25:00,SEM VÍTIMA,MACAXEIRA,AV NORTE,424,,COLISÃO,COLISÃO ENTRE DOIS AUTOS- S/V,2,,,,,,,,,0,,,,,,,,,
2020-01-11 00:00:00,04:58:00,SEM VÍTIMA,BOA VIAGEM,RUA DEZ DE JULHO,573,CIDADE,ABALROAMENTO TRANSVERSAL,ENTRE 2 AUTOS. S/V,2,,,,,,,,,0,Cruzamento,Bom,Incompleta,Seca,Perfeito estado,Não há placas,,Única,Faixa seccionada
2020-01-11 00:00:00,06:16:00,COM VÍTIMA,TORRE,RUA REAL DA TORRE,,SUBURBIO,CHOQUE OBJETO FIXO,CONDUTOR BATEU  CONTRA POSTE  VITIMA A ESPERA DO SAMU,1,,,,,,,,,1,Longo da via,Bom,Perfeito estado,Seca,Perfeito estado,R-6a,,Única,Faixa seccionada
2020-01-11 00:00:00,06:19:00,SEM VÍTIMA,MADALENA,AV ENGENHEIRO ABDIAS DE CARVALHO,52,CIDADE,COLISÃO TRASEIRA,COLISÃO SEM VITIMAS,2,,,,,,,,,0,Cruzamento,Bom,Perfeito estado,Seca,Perfeito estado,R-6a,40 km/h,Dupla,Canteiro central
2020-01-11 00:00:00,07:29:00,COM VÍTIMA,ROSARINHO,AV NORTE,,CIDADE,ATROPELAMENTO,ATROPELAMENTO -COM UMA BICICLETA ELETRICA,,,,1,1,,,,,1,Longo da via,Bom,Perfeito estado,Seca,Perfeito estado,Outras,,Única,Faixa seccionada
2020-01-11 00:00:00,09:52:00,SEM VÍTIMA,SANTO ANTÔNIO,RUA DO SOL,14,SUBURBIO,ABALROAMENTO LONGITUDINAL,CAMINHÃO E AUTO,2,,,,,,,,1,0,Longo da via,Bom,Perfeito estado,Seca,Perfeito estado,R-6b,,Única,Faixa seccionada
2020-01-11 00:00:00,10:03:00,SEM VÍTIMA,TORRE,RUA DOM MANOEL DA COSTA,252,,ABALROAMENTO TRANSVERSAL,COLISÃO SEM VITIMAS,2,,,,,,,,,0,Cruzamento,Bom,Perfeito estado,Seca,Perfeito estado,R-6a,,Única,Faixa seccionada
2020-01-11 00:00:00,10:08:00,SEM VÍTIMA,IPSEP,RUA DR RAPOSO PINTO,,SUBURBIO,COLISÃO FRONTAL,SEM VITIMAS,1,,,,,1,,,,0,Cruzamento,Bom,Incompleta,Seca,Perfeito estado,Placas Pare,,Dupla,Não existe
2020-01-11 00:00:00,10:51:00,SEM VÍTIMA,BOA VIAGEM,RUA BARAO DE SOUZA LEAO,476,,COLISÃO TRASEIRA,COLISAO S/ VITIMA. CARRETA E UM VEICULO,1,,,,,,1,,1,0,Ponte,Bom,Perfeito estado,Seca,Perfeito estado,Outras,,Única,Faixa seccionada
2020-01-11 00:00:00,11:04:00,SEM VÍTIMA,ARRUDA,RUA SAO BENTO,,,COLISÃO TRASEIRA,DOIS AUTOS,2,,,,,,,,,0,Longo da via,Bom,Perfeito estado,Seca,Perfeito estado,Não há placas,,Única,Faixa seccionada
2020-01-11 00:00:00,11:16:00,SEM VÍTIMA,NOVA DESCOBERTA,RUA CORREGO DO JOAQUIM,,SUBURBIO,ABALROAMENTO LONGITUDINAL,ONIBUS E AUTO,1,,,,,1,,,,0,Longo da via,Bom,Não existente,Seca,Mal conservada,Não há placas,,Dupla,Não existe
2020-01-11 00:00:00,11:47:00,SEM VÍTIMA,TORRE,RUA PROFESSOR TRAJANO DE MENDONCA,,,COLISÃO TRASEIRA,SEM VITIMAS,2,,,,,,,,,0,,Bom,Perfeito estado,Seca,Perfeito estado,Outras,,Única,Faixa seccionada
2020-01-11 00:00:00,12:00:00,SEM VÍTIMA,ESTÂNCIA,AV ESTANCIA,,SUBURBIO,ABALROAMENTO LONGITUDINAL,COLISAO ENTRE DOIS AUTOS S/V,2,,,,,,,,,0,Longo da via,Bom,Incompleta,Seca,,Não há placas,,Única,Não existe
2020-01-11 00:00:00,12:10:00,COM VÍTIMA,ÁGUA FRIA,RUA ALEGRE,,,COLISÃO,,1,1,,,,,,,,1,,,,,,,,,
2020-01-11 00:00:00,13:09:00,SEM VÍTIMA,SÃO JOSÉ,RUA IMPERIAL,510,,ABALROAMENTO LONGITUDINAL,COLISAO ENTRE DOIS AUTOS S/V,2,,,,,,,,,0,Cruzamento,Bom,Perfeito estado,Seca,Perfeito estado,R-4a,,Única,Faixa seccionada
2020-01-11 00:00:00,13:12:00,SEM VÍTIMA,IBURA,AV DOIS RIOS,,SUBURBIO,ABALROAMENTO LONGITUDINAL,COLISÃO SEM VÍTIMA,2,,,,,,,,,0,Longo da via,Bom,Não existente,Seca,Mal conservada,R-6a,,Dupla,Faixa contínua
2020-01-11 00:00:00,14:32:00,SEM VÍTIMA,BOA VIAGEM,AV MARECHAL JUAREZ TAVORA,437,,ABALROAMENTO LONGITUDINAL,COLISÃO SEM VITIMA,2,,,,,,,,,0,Cruzamento,Bom,Perfeito estado,Seca,Perfeito estado,Não há placas,,Dupla,Canal
2020-01-11 00:00:00,15:03:00,SEM VÍTIMA,BOA VIAGEM,AV BOA VIAGEM,,,COLISÃO,COLISAO ENTRE DOIS AUTOS S/V,2,,,,,,,,,0,,,,,,,,,
2020-01-11 00:00:00,15:24:00,SEM VÍTIMA,DERBY,AV GOVERNADOR AGAMENON MAGALHAES,,,COLISÃO,COLISÃO SEM VITIMA,1,,,,,,1,,,0,,,,,,,,,
2020-01-11 00:00:00,15:39:00,SEM VÍTIMA,IPSEP,AV RECIFE,55,SUBURBIO,COLISÃO TRASEIRA,COLISAO ENTRE DOIS AUTOS S/V,2,,,,,,,,,0,Longo da via,Bom,Perfeito estado,Seca,Perfeito estado,Não há placas,,Dupla,Canteiro central
2020-01-11 00:00:00,15:51:00,COM VÍTIMA,SANTO ANTÔNIO,RUA PRIMEIRO DE MARCO,15,SUBURBIO,ABALROAMENTO LONGITUDINAL,COLISÃO COM VITIMA,,1,,,,,,1,,1,Cruzamento,Bom,Perfeito estado,Seca,Perfeito estado,Não há placas,,Única,Não existe
2020-01-11 00:00:00,15:53:00,SEM VÍTIMA,ARRUDA,AV PROFESSOR JOSE DOS ANJOS,,SUBURBIO,COLISÃO TRASEIRA,COLISÃO SEM VÍTIMA,2,,,,,,,,,0,Longo da via,Bom,Perfeito estado,Seca,Perfeito estado,Outras,,Única,Canal
2020-01-11 00:00:00,16:10:00,SEM VÍTIMA,TEJIPIÓ,AV DR JOSE RUFINO,156,SUBURBIO,ABALROAMENTO TRANSVERSAL,COLISÃO SEM VÍTIMA,1,1,,,,,,,,0,Longo da via,Bom,Perfeito estado,Seca,Perfeito estado,R-6a,,Dupla,Faixa contínua
2020-01-11 00:00:00,16:15:00,SEM VÍTIMA,IBURA,RUA ROSARIO D'OESTE,,,COLISÃO,COLISÃO SEM VITIMA,1,,,,,,,,1,0,,,,,,,,,
2020-01-11 00:00:00,16:19:00,SEM VÍTIMA,IBURA,AV DOIS RIOS,,SUBURBIO,COLISÃO FRONTAL,COLISAO ENTRE AUTO E MOTO S/V,1,1,,,,,,,,0,Longo da via,Bom,Não existente,Seca,Perfeito estado,Não há placas,,Dupla,Faixa contínua
2020-01-11 00:00:00,17:25:00,COM VÍTIMA,BARRO,AV DR JOSE RUFINO,,SUBURBIO,ABALROAMENTO LONGITUDINAL,COLISAO ENTRE AUTO E MOTO COM UMA VITIMA,1,1,,,,,,,,1,Longo da via,Bom,Perfeito estado,Seca,Perfeito estado,R-6a,,Dupla,Faixa seccionada
2020-01-11 00:00:00,18:32:00,SEM VÍTIMA,SANTO AMARO,AV CRUZ CABUGA,,,COLISÃO,ENTRE 2 AUTOS. S/V,2,,,,,,,,,0,,,,,,,,,
2020-01-11 00:00:00,19:06:00,SEM VÍTIMA,GRAÇAS,RUA CONS PORTELA,,SUBURBIO,COLISÃO TRASEIRA,ENTRE 4 AUTOS. S/V,4,,,,,,,,,0,Longo da via,Bom,Perfeito estado,Seca,Perfeito estado,R-6a,,Única,Faixa seccionada
2020-01-11 00:00:00,19:21:00,COM VÍTIMA,AFOGADOS,RUA SAO MIGUEL,,,COLISÃO,ENTRE AUTO E MOTO. C/V,1,1,,,,,,,,1,,,,,,,,,
2020-01-11 00:00:00,19:50:00,SEM VÍTIMA,DERBY,AV GOVERNADOR AGAMENON MAGALHAES,,BOA VIAGEM,COLISÃO,COLISAO SEM VITIMAS,2,,,,,,,,,0,,,,,,,,,
2020-01-11 00:00:00,20:19:00,SEM VÍTIMA,BREJO DE BEBERIBE,AV VEREADOR OTACILIO AZEVEDO,,CIDADE,COLISÃO FRONTAL,ENTRE 2 AUTOS. S/V,2,,,,,,,,,0,Longo da via,Bom,Incompleta,Seca,Perfeito estado,Outras,,Dupla,Faixa contínua
2020-01-11 00:00:00,19:54:00,COM VÍTIMA,ALTO JOSÉ DO PINHO,RUA CECILIA REIS,,SUBURBIO,CHOQUE VEÍCULO PARADO,COLISAO COM VITIMAS/ ENTRE UM CAMINHAO E MOTO COM ATROPELAMENTO DE UMA CRIANÇA,,1,,,,,1,,,2,Cruzamento,Bom,Não existente,Seca,Perfeito estado,Não há placas,,Dupla,Não existe
2020-01-11 00:00:00,20:00:00,SEM VÍTIMA,BOA VIAGEM,RUA DOS NAVEGANTES,,SUBURBIO,ABALROAMENTO TRANSVERSAL,COLISAO SEM VITIMAS,2,,,,,,,,,0,Cruzamento,Bom,Incompleta,Seca,Perfeito estado,Outras,,Única,Não existe
2020-01-11 00:00:00,21:24:00,COM VÍTIMA,IBURA,AV DOIS RIOS,,,COLISÃO,ENTRE AUTO E MOTO. C/V,1,1,,,,,,,,1,,,,,,,,,
2020-01-11 00:00:00,22:18:00,SEM VÍTIMA,IBURA,AV DOIS RIOS,,,COLISÃO,ENTRE 2 AUTOS. S/V,2,,,,,,,,,0,,,,,,,,,
2020-01-11 00:00:00,23:37:00,SEM VÍTIMA,SANTO AMARO,AV CRUZ CABUGA,479,SUBURBIO,ABALROAMENTO LONGITUDINAL,COLISAO SEM VITIMAS,1,,,,,1,,,,0,Longo da via,Bom,Perfeito estado,Seca,Perfeito estado,R-6a,,Dupla,Faixa seccionada
2020-01-12 00:00:00,01:03:00,SEM VÍTIMA,TORRE,RUA DOM MANOEL DA COSTA,252,CIDADE,ABALROAMENTO TRANSVERSAL,COLISÃO ENTRE DOIS AUTOS S/V,2,,,,,,,,,0,Longo da via,Bom,Perfeito estado,Seca,Perfeito estado,Não há placas,,Única,Faixa seccionada
2020-01-12 00:00:00,04:24:00,SEM VÍTIMA,AFLITOS,AV CONS ROSA E SILVA,47,,ABALROAMENTO TRANSVERSAL,COLISÃO ENTRE DOIS AUTOS C/V,2,,,,,,,,,0,Cruzamento,Bom,Perfeito estado,Seca,Perfeito estado,R-6a,,Única,Faixa seccionada
2020-01-12 00:00:00,05:47:00,COM VÍTIMA,BOA VIAGEM,AV CONSELHEIRO AGUIAR,,SUBURBIO,CHOQUE OBJETO FIXO,VIATURA DA PM CHOCOU-SE EM UMA ÁRVORE C/V,1,,,,,,,,,2,Longo da via,Bom,Perfeito estado,Seca,Perfeito estado,R-6a,,Única,Faixa seccionada
2020-01-12 00:00:00,06:26:00,SEM VÍTIMA,BOA VIAGEM,RUA RIBEIRO DE BRITO,332,SUBURBIO,ABALROAMENTO TRANSVERSAL,SEM VITIMAS,2,,,,,,,,,0,Cruzamento,Bom,Perfeito estado,Seca,Perfeito estado,R-6a,,Dupla,Outros
2020-01-12 00:00:00,06:53:00,COM VÍTIMA,SANTO AMARO,AV CRUZ CABUGA,,CIDADE,ABALROAMENTO LONGITUDINAL,COM UMA VITIMA -SAMU E BOMBEIROS NO LOCAL,1,1,,,,,,,,1,Longo da via,Bom,Perfeito estado,Seca,Perfeito estado,Outras,,Dupla,Faixa contínua
2020-01-12 00:00:00,10:17:00,SEM VÍTIMA,DERBY,AV GOVERNADOR AGAMENON MAGALHAES,349,SUBURBIO,COLISÃO TRASEIRA,ENTRE QUATRO VEÍCULOS AUTO PASSEIO,4,,,,,,,,,0,Longo da via,Bom,Perfeito estado,Seca,Perfeito estado,R-6a,,Dupla,
2020-01-12 00:00:00,10:23:00,SEM VÍTIMA,IMBIRIBEIRA,AV MARECHAL MASCARENHAS DE MORAES,287,,ABALROAMENTO LONGITUDINAL,ONIBUS E AUTO,1,,,,,1,,,,0,Longo da via,Bom,Perfeito estado,Seca,Perfeito estado,R-6a,,Dupla,
2020-01-12 00:00:00,10:30:00,SEM VÍTIMA,MANGUEIRA,RUA TAMBAU,,CIDADE,ABALROAMENTO LONGITUDINAL,DOIS AUTOS,2,,,,,,,,,0,Longo da via,Bom,Perfeito estado,Seca,Perfeito estado,Não há placas,40 km/h,,Faixa seccionada
2020-01-12 00:00:00,10:39:00,SEM VÍTIMA,IMBIRIBEIRA,AV MARECHAL MASCARENHAS DE MORAES,,,COLISÃO,COLISAO S/ VITIMA. ENTRE ONIBUS E VEICULO PARTICULAR,1,,,,,1,,,,0,,,,,,,,,
2020-01-12 00:00:00,12:09:00,COM VÍTIMA,BOA VIAGEM,AV BOA VIAGEM,,CIDADE,ATROPELAMENTO,BICICLETA E PEDESTRE,,,,1,1,,,,,1,Longo da via,Bom,Perfeito estado,Seca,Perfeito estado,Não há placas,,Única,Faixa contínua
2020-01-12 00:00:00,13:34:00,COM VÍTIMA,PASSARINHO,EST DO PASSARINHO,,SUBURBIO,COLISÃO FRONTAL,AUTO PASSEIO X MOTO COM VÍTIMA,1,1,,,,,,,,1,Longo da via,Bom,Não existente,Seca,Mal conservada,Não há placas,,Dupla,Não existe
2020-01-12 00:00:00,14:13:00,SEM VÍTIMA,AFOGADOS,RUA NICOLAU PEREIRA,73,SUBURBIO,COLISÃO,SEM VITIMA,2,,,,,,,,,0,,,,,,,,,
2020-01-12 00:00:00,14:22:00,SEM VÍTIMA,BOA VIAGEM,RUA DOS NAVEGANTES,,,ABALROAMENTO LONGITUDINAL,ENTRE AUTO PASSEIO X MOTO S/V,1,1,,,,,,,,0,Cruzamento,Bom,Perfeito estado,Seca,Perfeito estado,R-6a,,Única,Não existe
2020-01-12 00:00:00,16:27:00,SEM VÍTIMA,ESPINHEIRO,AV GOVERNADOR AGAMENON MAGALHAES,78,SUBURBIO,COLISÃO TRASEIRA,ENTRE DOIS AUTOS S/V,2,,,,,,,,,0,Longo da via,Bom,Perfeito estado,Seca,Perfeito estado,Não há placas,60 km/h,Única,Faixa seccionada
2020-01-12 00:00:00,17:13:00,SEM VÍTIMA,BOA VIAGEM,AV DOM JOAO VI,,SUBURBIO,CAPOTAMENTO,VEICULO CAPOTA E CAI SOBRE O CANAL,1,,,,,,,,,0,Longo da via,Bom,Perfeito estado,Seca,Perfeito estado,,,Única,Faixa seccionada
2020-01-12 00:00:00,18:41:00,SEM VÍTIMA,IPSEP,RUA JAMAICA,,SUBURBIO,ABALROAMENTO TRANSVERSAL,ENTRE 2 AUTOS. S/V,2,,,,,,,,,0,Cruzamento,Bom,Perfeito estado,Seca,Perfeito estado,Não há placas,,Única,Não existe
2020-01-12 00:00:00,18:50:00,SEM VÍTIMA,ÁGUA FRIA,RUA JULIO RAMOS,,SUBURBIO,COLISÃO FRONTAL,COLISÃO ENTRE AUTO E MOTO S/V,1,1,,,,,,,,0,Cruzamento,Bom,Perfeito estado,Seca,Perfeito estado,Placas Pare,30 km/h,Única,
2020-01-12 00:00:00,20:38:00,SEM VÍTIMA,BOA VIAGEM,RUA MARQUES DE VALENCA,,CIDADE,ABALROAMENTO TRANSVERSAL,COLISÃO ENTRE DOIS AUTOS S/V,2,,,,,,,,,0,Longo da via,Bom,Perfeito estado,Seca,Perfeito estado,Placas Pare,,Única,Não existe
2020-01-12 00:00:00,22:18:00,SEM VÍTIMA,PINA,AV HERCULANO BANDEIRA,660,SUBURBIO,ABALROAMENTO TRANSVERSAL,ENTRE 2 AUTOS. S/V,2,,,,,,,,,0,Cruzamento,Bom,Perfeito estado,Seca,Perfeito estado,Outras,,Única,Faixa seccionada
2020-01-13 00:00:00,06:13:00,SEM VÍTIMA,IPSEP,RUA JEAN EMILE FAVRE,,,COLISÃO,COLISÃO SEM VITIMAS,2,,,,,,,,,0,,,,,,,,,
2020-01-13 00:00:00,06:39:00,SEM VÍTIMA,ENCRUZILHADA,RUA FERNANDO CESAR,,CIDADE,ABALROAMENTO TRANSVERSAL,SEM VITIMAS,2,,,,,,,,,0,Cruzamento,Bom,Perfeito estado,Seca,Perfeito estado,Placas Pare,,Única,Faixa seccionada
2020-01-13 00:00:00,06:43:00,SEM VÍTIMA,ESTÂNCIA,AV RECIFE,261,SUBURBIO,COLISÃO TRASEIRA,AUTO E CAMINHÃO,1,,,,,,1,,,0,Longo da via,Bom,Perfeito estado,Seca,Perfeito estado,Outras,60 km/h,Dupla,Faixa contínua
2020-01-13 00:00:00,07:02:00,SEM VÍTIMA,PRADO,RUA QUATRO DE OUTUBRO,,,COLISÃO,COLISÃO SEM VITIMAS,2,,,,,,,,,0,,,,,,,,,
2020-01-13 00:00:00,07:30:00,SEM VÍTIMA,TORRE,RUA REAL DA TORRE,,,ABALROAMENTO LONGITUDINAL,SEM VITIMAS,2,,,,,,,,,0,Longo da via,Chuvoso,Perfeito estado,Molhada,Perfeito estado,Outras,40 km/h,Única,Faixa seccionada
2020-01-13 00:00:00,07:51:00,SEM VÍTIMA,CORDEIRO,AV ENGENHEIRO ABDIAS DE CARVALHO,,CIDADE,COLISÃO TRASEIRA,COLISÃO SEM VITIMAS GM LUANA QTH,3,,,,,,,,,0,Longo da via,Bom,Perfeito estado,Seca,Perfeito estado,Não há placas,60 km/h,Dupla,Canteiro central