data,hora,natureza,bairro,endereco,num_semaforo,sentido_via,tipo,auto,moto,ciclom,ciclista,pedestre,onibus,caminhao,viatura,outros,vitimas,vitimasfatais,acidente_verificado,tempo_clima,sinalizacao,condicao_via,conservacao_via,situacao_placa,velocidade_max_via,mao_direcao,divisao_via1
2020-01-13 00:00:00,08:10:00,COM VÍTIMA,BAIRRO DO RECIFE,AV ALFREDO LISBOA,,,COLISÃO,AUTO E MOTO,1,1,,,,,,,,1,,,,,,,,,
2020-01-13 00:00:00,08:19:00,COM VÍTIMA,ALTO JOSÉ BONIFÁCIO,RUA ALTO JOSE BONIFACIO,,CIDADE,CHOQUE VEÍCULO PARADO,COLISAO COM VITIMA. ENTRE UM ONIBUS E UMA MOTO,,1,,,,1,,,,1,Longo da via,Chuvoso,Perfeito estado,Molhada,Perfeito estado,Não há placas,,Dupla,Faixa seccionada
2020-01-13 00:00:00,08:24:00,SEM VÍTIMA,BARRO,AV DR JOSE RUFINO,,SUBURBIO,ABALROAMENTO TRANSVERSAL,COLISÃO SEM VITIMAS,1,1,,,,,,,,0,Cruzamento,Bom,Incompleta,Seca,Perfeito estado,Não há placas,,Dupla,Faixa seccionada
2020-01-13 00:00:00,09:08:00,SEM VÍTIMA,ESPINHEIRO,RUA SAO SALVADOR,,CIDADE,ABALROAMENTO LONGITUDINAL,DOIS AUTOS,2,,,,,,,,,0,Longo da via,Bom,Perfeito estado,Seca,Perfeito estado,R-6a,,Única,Não existe
2020-01-13 00:00:00,09:35:00,SEM VÍTIMA,ILHA JOANA BEZERRA,AV BEIRA RIO,,CIDADE,COLISÃO TRASEIRA,COLISÃO SEM VITIMAS,5,,,,,,,,,0,Longo da via,Bom,Perfeito estado,Seca,Perfeito estado,Não há placas,,Dupla,Faixa contínua
2020-01-13 00:00:00,09:46:00,SEM VÍTIMA,BOA VIAGEM,RUA MAMANGUAPE,,,COLISÃO,SEM VITIMAS,2,,,,,,,,,0,,,,,,,,,
2020-01-13 00:00:00,09:48:00,SEM VÍTIMA,CASA AMARELA,RUA BENTO LOYOLA,,,ABALROAMENTO TRANSVERSAL,DOIS AUTOS,2,,,,,,,,,0,Cruzamento,Bom,Perfeito estado,Seca,Perfeito estado,Placas Pare,30 km/h,Dupla,Não existe
2020-01-13 00:00:00,09:55:00,SEM VÍTIMA,BOA VISTA,,209,,COLISÃO TRASEIRA,SEM VITIMAS,2,,,,,,,,,0,Longo da via,Bom,Perfeito estado,Seca,Perfeito estado,Não há placas,,Única,Faixa contínua
2020-01-13 00:00:00,10:00:00,SEM VÍTIMA,SÃO JOSÉ,RUA DA CONCORDIA,,CIDADE,ABALROAMENTO TRANSVERSAL,DOIS AUTOS,2,,,,,,,,,0,Longo da via,Bom,Perfeito estado,Seca,Perfeito estado,Outras,,Única,Não existe
2020-01-13 00:00:00,10:30:00,SEM VÍTIMA,BOA VISTA,RUA DA SOLEDADE,25,SUBURBIO,ABALROAMENTO LONGITUDINAL,SEM VITIMAS,1,,,,,,1,,,0,Cruzamento,Bom,Perfeito estado,Seca,Perfeito estado,R-6a,,Única,Faixa contínua
2020-01-13 00:00:00,10:31:00,COM VÍTIMA,IPUTINGA,AV CAXANGA,,CIDADE,COLISÃO TRASEIRA,DUAS MOTOS- GM REGO BARROS NO LOCAL,,2,,,,,,,,1,Longo da via,Bom,Perfeito estado,Seca,Perfeito estado,R-5a,60 km/h,,Canteiro central
2020-01-13 00:00:00,10:55:00,SEM VÍTIMA,IPSEP,AV RECIFE,,CIDADE,ABALROAMENTO LONGITUDINAL,COLISAO S/ VITIMA. ENTRE DOIS VEICULOS,2,,,,,,,,,0,Longo da via,Bom,Perfeito estado,Seca,Perfeito estado,Outras,60 km/h,Única,Faixa seccionada
2020-01-13 00:00:00,11:24:00,SEM VÍTIMA,IPSEP,AV RECIFE,,AREIAS,COLISÃO,COLISÃO SEM VITIMAS,2,,,,,,,,,0,,,,,,,,,
2020-01-13 00:00:00,11:46:00,SEM VÍTIMA,BAIRRO DO RECIFE,RUA DR ASCANIO PEIXOTO,,CIDADE,ABALROAMENTO LONGITUDINAL,COLISÃO SEM VITIMAS,1,,,,,,1,,,0,Longo da via,Bom,Perfeito estado,Seca,,Não há placas,,Dupla,Canteiro central
2020-01-13 00:00:00,11:48:00,SEM VÍTIMA,ALTO JOSÉ DO PINHO,RUA CORREGO JOSE GRANDE,,CIDADE,ABALROAMENTO LONGITUDINAL,SEM VITIMAS,1,1,,,,,,,,0,Longo da via,Bom,Perfeito estado,Seca,Perfeito estado,Outras,,Dupla,Não existe
2020-01-13 00:00:00,11:52:00,SEM VÍTIMA,SAN MARTIN,RUA COMENDADOR FRANCO FERREIRA,,SUBURBIO,ABALROAMENTO LONGITUDINAL,COLISAO S/ VITIMA. ENTRE DOIS VEICULOS,2,,,,,,,,,0,Cruzamento,Bom,Incompleta,Seca,Perfeito estado,Placas Pare,30 km/h,Dupla,Não existe
2020-01-13 00:00:00,12:33:00,SEM VÍTIMA,SANTO ANTÔNIO,AV MARTINS DE BARROS,,SUBURBIO,COLISÃO TRASEIRA,COLISAO ENTRE DOIS AUTOS S/V,2,,,,,,,,,0,Longo da via,Bom,Perfeito estado,Seca,Perfeito estado,Não há placas,,Dupla,Canteiro central
2020-01-13 00:00:00,12:57:00,COM VÍTIMA,CASA FORTE,AV DEZESSETE DE AGOSTO,,,COLISÃO,COLISÃO COM VITIMA,1,1,,,,,,,,1,,,,,,,,,
2020-01-13 00:00:00,13:53:00,SEM VÍTIMA,VÁRZEA,RUA MARIO CAMPELO,,,ABALROAMENTO LONGITUDINAL,COLISÃO SEM VITIMA,1,1,,,,,,,,0,Cruzamento,Bom,Não existente,Seca,Perfeito estado,Não há placas,,Dupla,Não existe
2020-01-13 00:00:00,14:28:00,SEM VÍTIMA,BOA VIAGEM,RUA BARAO DE SOUZA LEAO,,,CHOQUE,CAMINHÃO QUEBRADO NA VIA APÓS CHOQUE COM VIADUTO,,,,,,,1,,,0,,,,,,,,,
2020-01-13 00:00:00,14:42:00,SEM VÍTIMA,MADALENA,RUA JOAQUIM NABUCO,,SUBURBIO,COLISÃO TRASEIRA,COLISÃO SEM VÍTIMA / LUIZ BARBOSA DE PO NO LOCAL-TELEFONE 999116655,1,,,,,,1,,,0,Longo da via,Bom,Perfeito estado,Seca,Perfeito estado,Não há placas,,Dupla,Faixa contínua
2020-01-13 00:00:00,15:04:00,SEM VÍTIMA,AFOGADOS,RUA NICOLAU PEREIRA,73,SUBURBIO,ABALROAMENTO TRANSVERSAL,COLISÃO S/VITIMAS ENTRE UMA AMBULÂNCIA E UMA AUTO,1,,,,,,,,1,0,Cruzamento,Bom,Perfeito estado,Seca,Perfeito estado,Outras,40 km/h,Única,Faixa seccionada
2020-01-13 00:00:00,15:32:00,SEM VÍTIMA,ILHA DO RETIRO,RUA BENFICA,,SUBURBIO,COLISÃO TRASEIRA,COLISÃO S/VITIMAS ENTRE TRES AUTOS,3,,,,,,,,,0,Longo da via,Bom,Perfeito estado,Seca,Perfeito estado,Outras,,Única,Não existe
2020-01-13 00:00:00,15:36:00,SEM VÍTIMA,ARRUDA,AV BEBERIBE,,,COLISÃO,COLISÃO SEM VITIMA,1,1,,,,,,,,0,,,,,,,,,
2020-01-13 00:00:00,15:45:00,SEM VÍTIMA,MACAXEIRA,AV NORTE,296,CIDADE,COLISÃO TRASEIRA,COLISÃO S/VTIMAS ENTRE UMA MOTO E UM AUTO,1,1,,,,,,,,0,Longo da via,Bom,Perfeito estado,Seca,Perfeito estado,R-6a,60 km/h,Dupla,Canteiro central
2020-01-13 00:00:00,16:29:00,SEM VÍTIMA,JAQUEIRA,AV RUI BARBOSA,,CIDADE,COLISÃO TRASEIRA,COLISÃO SEM VITIMA,3,,,,,,,,,0,Longo da via,Bom,Perfeito estado,Seca,Perfeito estado,Não há placas,60 km/h,Única,Faixa contínua
2020-01-13 00:00:00,17:03:00,SEM VÍTIMA,DERBY,PRC DO DERBY,40,CIDADE,ABALROAMENTO TRANSVERSAL,COLISÃO SEM VITIMA,2,,,,,,,,,0,Longo da via,Bom,Perfeito estado,Seca,Perfeito estado,,50 km/h,Dupla,Faixa contínua
2020-01-13 00:00:00,17:12:00,SEM VÍTIMA,,AV MARTINS DE BARROS,,SUBURBIO,COLISÃO FRONTAL,COLISAO ENTRE TRES AUTOS S/V,3,,,,,,,,,0,Longo da via,Bom,Perfeito estado,Seca,Perfeito estado,R-19,40 km/h,Única,Faixa seccionada
2020-01-13 00:00:00,17:32:00,SEM VÍTIMA,BOA VIAGEM,RUA DES JOAO PAES,,,COLISÃO,COLISÃO SEM VITIMA,1,,1,,,,,,,0,,,,,,,,,
2020-01-13 00:00:00,17:40:00,SEM VÍTIMA,BOA VIAGEM,AV BOA VIAGEM,,CIDADE,COLISÃO TRASEIRA,COLISÃO SEM VÍTIMA,2,,,,,,,,,0,Longo da via,Bom,Perfeito estado,Seca,Perfeito estado,Não há placas,,Única,Faixa seccionada
2020-01-13 00:00:00,17:55:00,SEM VÍTIMA,SAN MARTIN,RUA COMENDADOR FRANCO FERREIRA,,,ABALROAMENTO TRANSVERSAL,ENTRE AUTO PASSEIO X MOTO,1,1,,,,,,,,0,Cruzamento,Bom,Perfeito estado,Seca,Perfeito estado,Placas Pare,,Dupla,Outros
2020-01-13 00:00:00,18:05:00,COM VÍTIMA,IMBIRIBEIRA,RUA ENGENHEIRO JOSE APOLINARIO,,SUBURBIO,ABALROAMENTO TRANSVERSAL,MOTO X AUTO PASSEIO COM VÍTIMA,1,1,,,,,,,,1,Cruzamento,Bom,Perfeito estado,Seca,Perfeito estado,Placas Pare,,Dupla,Não existe
2020-01-13 00:00:00,18:39:00,SEM VÍTIMA,ESPINHEIRO,RUA QUARENTA E OITO,,CIDADE,COLISÃO TRASEIRA,ENTRE 3 AUTOS. S/V,3,,,,,,,,,0,Longo da via,Bom,Perfeito estado,Seca,Perfeito estado,Não há placas,,Única,Faixa seccionada
2020-01-13 00:00:00,18:43:00,SEM VÍTIMA,GRAÇAS,RUA ALBERTO PAIVA,,,COLISÃO,ENTRE 2 AUTOS. S/V,2,,,,,,,,,0,,,,,,,,,
2020-01-13 00:00:00,18:52:00,SEM VÍTIMA,BOA VIAGEM,RUA WALDEMAR NERY CARNEIRO MONTEIRO,,SUBURBIO,CHOQUE VEÍCULO PARADO,COLISÃO ENTRE DOIS AUTOS- POSTERIORMENTE UM CAPOTAMENTO,3,,,,,,,,,0,Longo da via,Bom,Não existente,Seca,Perfeito estado,Não há placas,,Dupla,Não existe
2020-01-13 00:00:00,18:58:00,SEM VÍTIMA,IMBIRIBEIRA,AV MARECHAL MASCARENHAS DE MORAES,,CIDADE,COLISÃO,ENTRE DOIS AUTOS S/V,2,,,,,,,,,0,,,,,,,,,
2020-01-13 00:00:00,19:03:00,SEM VÍTIMA,BOA VISTA,RUA PRINCESA IZABEL,,,COLISÃO,ENTRE AUTO E ÕNIBUS DE TURISMO. S/V,1,,,,,1,,,,0,,,,,,,,,
2020-01-13 00:00:00,19:06:00,SEM VÍTIMA,CURADO,AV PREFEITO ANTONIO PEREIRA,,,ABALROAMENTO TRANSVERSAL,ENTRE ÕNIBUS E AUTO PASSEIO. S/V,1,,,,,1,,,,0,Cruzamento,Bom,Não existente,Seca,Perfeito estado,Não há placas,,Dupla,Canteiro central
2020-01-13 00:00:00,22:24:00,SEM VÍTIMA,VÁRZEA,AV AFONSO OLINDENSE,,SUBURBIO,ABALROAMENTO LONGITUDINAL,ENTRE 2 AUTOS. S/V,2,,,,,,,,,0,Longo da via,Bom,Perfeito estado,Seca,Perfeito estado,Outras,,Dupla,Faixa contínua
2020-01-14 00:00:00,06:52:00,SEM VÍTIMA,BOA VIAGEM,RUA VISCONDE DE JEQUITINHONHA,433,,COLISÃO TRASEIRA,COLISAO S/ VITIMA. ENTRE DOIS VEICULOS,2,,,,,,,,,0,Longo da via,Bom,Perfeito estado,Seca,Perfeito estado,Não há placas,,Única,Faixa contínua
2020-01-14 00:00:00,07:23:00,SEM VÍTIMA,PAISSANDU,AV GOVERNADOR AGAMENON MAGALHAES,69,,ABALROAMENTO TRANSVERSAL,COLISÃO S/VITIMAS ENTRE DOIS AUTOS (PONTO FIXO ERIVAN SILVA E LEILA NO QTH),2,,,,,,,,,0,Cruzamento,Bom,Perfeito estado,Seca,Perfeito estado,Outras,60 km/h,Dupla,Canteiro central
2020-01-14 00:00:00,08:02:00,SEM VÍTIMA,ESPINHEIRO,AV JOAO DE BARROS,,CIDADE,ABALROAMENTO LONGITUDINAL,AUTO X ÔNIBUS,1,,,,,1,,,,0,Longo da via,Bom,Perfeito estado,Seca,Perfeito estado,Outras,,Única,Faixa seccionada
2020-01-14 00:00:00,09:27:00,SEM VÍTIMA,ALTO JOSÉ DO PINHO,AV NORTE,,SUBURBIO,ABALROAMENTO LONGITUDINAL,COLISÃO S/VITIMAS ENTRE TRES CAMINHÕES,1,,,,,,2,,,0,Longo da via,Bom,Perfeito estado,Seca,Perfeito estado,R-6a,,Dupla,Faixa seccionada
2020-01-14 00:00:00,09:34:00,COM VÍTIMA,TEJIPIÓ,RUA FALCAO DE LACERDA,285,CIDADE,ABALROAMENTO LONGITUDINAL,MOTO E AUTO,1,1,,,,,,,,1,Esquina,Bom,Perfeito estado,Seca,Perfeito estado,Outras,,Dupla,Faixa contínua
2020-01-14 00:00:00,09:39:00,SEM VÍTIMA,BARRO,AV DR JOSE RUFINO,,AFOGADOS,COLISÃO,COLISAO S/ VITIMA. AMBULANCIA E TAXI,1,,,,,,,,1,0,,,,,,,,,
2020-01-14 00:00:00,10:18:00,SEM VÍTIMA,IMBIRIBEIRA,AV GENERAL MAC ARTHUR,225,SUBURBIO,ABALROAMENTO LONGITUDINAL,DOIS AUTOS  PONTO FIXO GM RAMBALDI,1,,,,,,,,1,0,Cruzamento,Bom,Perfeito estado,Seca,Perfeito estado,Não há placas,40 km/h,Única,Faixa seccionada
2020-01-14 00:00:00,10:21:00,COM VÍTIMA,ARRUDA,RUA DESENHISTA EULINO SANTOS,,SUBURBIO,ABALROAMENTO LONGITUDINAL,COLISAO COM VITIMA. ENTRE MOTO E VEICULO. VT 08 NO LOCAL,1,1,,,,,,,,1,Longo da via,Bom,Não existente,Seca,Perfeito estado,Não há placas,,Dupla,Canteiro central
2020-01-14 00:00:00,10:22:00,SEM VÍTIMA,PRADO,RUA PADRE TEOFILO TWORZ,,CIDADE,ABALROAMENTO TRANSVERSAL,COLISÃO SEM VITIMAS,1,1,,,,,,,,0,Cruzamento,Bom,Não existente,Seca,Perfeito estado,Não há placas,,Dupla,Canteiro central
2020-01-14 00:00:00,10:24:00,SEM VÍTIMA,MADALENA,RUA REAL DA TORRE,,,COLISÃO,COLISÃO S/VITIMAS ENTRE DOIS AUTOS,2,,,,,,,,,0,,,,,,,,,
2020-01-14 00:00:00,10:26:00,COM VÍTIMA,PRADO,RUA GOMES TABORDA,,SUBURBIO,ABALROAMENTO LONGITUDINAL,COLISÃO COM VITIMA - CICLOMOTOR ENVOLVIDO NÃO POSSUI PLACA DE IDENTIFICAÇÃO.,1,,1,,,,,,,1,Longo da via,Bom,Perfeito estado,Seca,Perfeito estado,Outras,,Dupla,Faixa seccionada
2020-01-14 00:00:00,11:12:00,SEM VÍTIMA,BOA VIAGEM,AV BOA VIAGEM,,CIDADE,ABALROAMENTO LONGITUDINAL,COLISÃO SEM VITIMAS,4,,,,,,,,,0,Longo da via,Bom,Perfeito estado,Seca,Perfeito estado,Não há placas,60 km/h,Única,Faixa seccionada
2020-01-14 00:00:00,11:15:00,COM VÍTIMA,CAMPO GRANDE,EST DE BELEM,,,ABALROAMENTO LONGITUDINAL,COLISÃO C/VITIMA ENTRE UMA MOTO E UM AUTO,1,1,,,,,,,,1,Longo da via,Bom,Perfeito estado,Seca,Perfeito estado,,,Dupla,Faixa contínua
2020-01-14 00:00:00,11:25:00,SEM VÍTIMA,IMBIRIBEIRA,AV MARECHAL MASCARENHAS DE MORAES,,CIDADE,COLISÃO TRASEIRA,COLISÃO S/VITIMAS ENTRE TRES AUTOS,3,,,,,,,,,0,Longo da via,Bom,Perfeito estado,Seca,Perfeito estado,,60 km/h,Dupla,Faixa contínua
2020-01-14 00:00:00,11:28:00,SEM VÍTIMA,IMBIRIBEIRA,AV DES JOSE NEVES,567,SUBURBIO,ABALROAMENTO LONGITUDINAL,COLISAO S/ VITAMO. ENTRE MOTO E VEICULO,2,1,,,,,,,,0,Longo da via,Bom,Perfeito estado,Seca,Perfeito estado,Não há placas,60 km/h,Dupla,Canal
2020-01-14 00:00:00,13:32:00,COM VÍTIMA,BOA VIAGEM,RUA BRUNO VELOSO,335,CIDADE,ABALROAMENTO LONGITUDINAL,ENTRE DOIS AUTOS C/V,2,,,,,,,,,1,Cruzamento,Bom,Perfeito estado,Seca,Perfeito estado,Não há placas,60 km/h,Dupla,Canteiro central
2020-01-14 00:00:00,13:39:00,SEM VÍTIMA,JOANA BEZERRA,AV MARTIN LUTHER KING,,,ABALROAMENTO LONGITUDINAL,COLISÃO SEM VÍTIMA,1,1,,,,,,,,0,Longo da via,Bom,,Seca,Perfeito estado,Outras,,Dupla,Canteiro central
2020-01-14 00:00:00,13:52:00,COM VÍTIMA,SÃO JOSÉ,C SANTA RITA,,,ATROPELAMENTO,ONIBUS ATROPELOU UM PEDESTRE,,,,,1,1,,,,1,Longo da via,Bom,Incompleta,Seca,Mal conservada,Outras,,Dupla,Não existe
2020-01-14 00:00:00,14:06:00,SEM VÍTIMA,ENCRUZILHADA,RUA ENGENHEIRO LUIZ VAUTHIER,,,COLISÃO,ONIBUS X AUTO PASSEIO S/V,1,,,,,1,,,,0,,,,,,,,,
2020-01-14 00:00:00,14:28:00,COM VÍTIMA,SANCHO,AV LIBERDADE,,SUBURBIO,ABALROAMENTO TRANSVERSAL,COLISÃO COM VÍTIMA,1,1,,,,,,,,1,Longo da via,Bom,Perfeito estado,Seca,Perfeito estado,R-6a,,Dupla,Faixa contínua
2020-01-14 00:00:00,14:32:00,SEM VÍTIMA,GRAÇAS,RUA DAS PERNAMBUCANAS,,,COLISÃO,ENTRE DOIS AUTOS S/V,2,,,,,,,,,0,,,,,,,,,
2020-01-14 00:00:00,14:34:00,SEM VÍTIMA,IBURA,AV RECIFE,,CIDADE,COLISÃO TRASEIRA,COLISÃO SEM VÍTIMA,2,,,,,,,,,0,Longo da via,Bom,Perfeito estado,Seca,Perfeito estado,Não há placas,,Dupla,Canteiro central
2020-01-14 00:00:00,14:39:00,SEM VÍTIMA,NOVA DESCOBERTA,RUA CORREGO DO JOAQUIM,,,COLISÃO,COLISAO ENTRE ONIBUS E TAXI S/V,1,1,,,,,,,,0,,,,,,,,,
2020-01-14 00:00:00,14:58:00,SEM VÍTIMA,BOA VIAGEM,AV BOA VIAGEM,113,CIDADE,COLISÃO TRASEIRA,COLISÃO SEM VÍTIMA,2,1,,,,,,,,0,,Bom,Perfeito estado,Seca,Perfeito estado,Outras,,Única,Faixa seccionada
2020-01-14 00:00:00,15:04:00,SEM VÍTIMA,ILHA DO LEITE,PRC MIGUEL DE CERVANTES,,CIDADE,ABALROAMENTO LONGITUDINAL,COLISAO ENTRE DOIS AUTOS S/V,2,,,,,,,,,0,Longo da via,Bom,Perfeito estado,Seca,Perfeito estado,R-6a,,Única,Não existe
2020-01-14 00:00:00,15:21:00,SEM VÍTIMA,VÁRZEA,AV JOAQUIM RIBEIRO,281,CIDADE,ABALROAMENTO LONGITUDINAL,COLISÃO SEM VÍTIMA,2,,,,,,,,,0,Longo da via,Bom,Perfeito estado,Seca,Perfeito estado,Não há placas,,Única,Faixa seccionada
2020-01-14 00:00:00,17:12:00,COM VÍTIMA,AFOGADOS,EST DOS REMEDIOS,394,CIDADE,COLISÃO TRASEIRA,COLISAO ENTRE DOIS AUTOS,2,,,,,,,,,1,Cruzamento,Bom,Perfeito estado,Seca,Perfeito estado,R-6a,,Única,Faixa contínua
2020-01-14 00:00:00,17:45:00,SEM VÍTIMA,BOA VIAGEM,RUA DEZ DE JULHO,,CIDADE,ABALROAMENTO LONGITUDINAL,COLISÃO SEM VÍTIMA,1,1,,,,,,,,0,Cruzamento,Bom,Perfeito estado,Seca,Perfeito estado,Placas Pare,60 km/h,Única,Faixa seccionada
2020-01-14 00:00:00,18:09:00,COM VÍTIMA,BOA VIAGEM,AV ARMINDO MOURA,258,SUBURBIO,ATROPELAMENTO,ATROPELAMENTO COM VITIMA,1,,,,1,,,,,1,Cruzamento,Bom,Perfeito estado,Seca,Perfeito estado,Não há placas,,Única,Faixa seccionada
2020-01-14 00:00:00,19:02:00,SEM VÍTIMA,IPSEP,RUA PINTOR ANTONIO ALBUQUERQUE,,CIDADE,ABALROAMENTO LONGITUDINAL,CAMINHÃO X ONIBUS S/V,,,,,,1,1,,,0,,Bom,Perfeito estado,Seca,Perfeito estado,Outras,,Única,
2020-01-14 00:00:00,19:11:00,SEM VÍTIMA,CASA FORTE,AV DEZESSETE DE AGOSTO,,,COLISÃO,COLISAO SEM VITIMAS,1,,,,,1,,,,0,,,,,,,,,
2020-01-14 00:00:00,19:30:00,SEM VÍTIMA,IBURA,AV SERRA DA MANTIQUEIRA,,SUBURBIO,ABALROAMENTO TRANSVERSAL,COLISAO SEM VITIMAS,1,,,,,1,,,,0,Longo da via,Bom,Perfeito estado,Seca,Perfeito estado,Não há placas,,Dupla,Não existe
2020-01-14 00:00:00,20:34:00,SEM VÍTIMA,IPSEP,RUA JEAN EMILE FAVRE,70,SUBURBIO,ABALROAMENTO TRANSVERSAL,COLISAO SEM VITIMAS,1,1,,,,,,,,0,Cruzamento,Bom,Perfeito estado,Seca,Perfeito estado,Outras,,Dupla,Faixa contínua
2020-01-15 00:00:00,00:56:00,SEM VÍTIMA,PRADO,RUA PADRE TEOFILO TWORZ,,CIDADE,ABALROAMENTO TRANSVERSAL,COLISÃO ENTRE DOIS AUTOS- S/V,2,,,,,,,,,0,Cruzamento,Bom,Ilegível,Seca,Perfeito estado,Não há placas,,Dupla,Não existe
2020-01-15 00:00:00,07:06:00,SEM VÍTIMA,AFOGADOS,RUA VINTE E UM DE ABRIL,,,COLISÃO,MOTO E AUTO,1,1,,,,,,,,0,,,,,,,,,
2020-01-15 00:00:00,07:16:00,SEM VÍTIMA,ZUMBI,RUA TOMAZ GONZAGA,448,SUBURBIO,ABALROAMENTO LONGITUDINAL,COLISÃO S/VITIMAS ENTRE UM AUTO E UMA MOTO,1,1,,,,,,,,0,Cruzamento,Bom,Perfeito estado,Seca,Perfeito estado,R-3,,Dupla,Faixa seccionada
2020-01-15 00:00:00,07:21:00,COM VÍTIMA,TEJIPIÓ,AV DR JOSE RUFINO,,CIDADE,ABALROAMENTO TRANSVERSAL,COM UMA VITIMA AGUARDANDO SAMU,1,1,,,,,,,,1,Cruzamento,Bom,Incompleta,Seca,Perfeito estado,Não há placas,,Dupla,Faixa seccionada
2020-01-15 00:00:00,08:07:00,SEM VÍTIMA,CORDEIRO,AV CAXANGA,268,CIDADE,ABALROAMENTO LONGITUDINAL,DOIS AUTOS E UMA MOTO,2,1,,,,,,,,0,Longo da via,Bom,Incompleta,Seca,Perfeito estado,Não há placas,,Dupla,Canteiro central
2020-01-15 00:00:00,08:22:00,SEM VÍTIMA,ÁGUA FRIA,RUA DA REGENERACAO,187,SUBURBIO,ABALROAMENTO TRANSVERSAL,COLISAO S/ VITIMA. ENTRE VEICULO PARTICULAR E CAMINHAO DA COCA COLA. VT. 011. GM. DOUGLAS E RAFAEL LUIZ NO LOCAL,1,,,,,,1,,,0,Cruzamento,Bom,Perfeito estado,Seca,Perfeito estado,R-6a,,Única,Não existe
2020-01-15 00:00:00,08:25:00,SEM VÍTIMA,ESTÂNCIA,AV DR JOSE RUFINO,,CIDADE,COLISÃO TRASEIRA,DOIS AUTOS,2,,,,,,,,,0,Longo da via,Bom,Incompleta,Seca,,Outras,60 km/h,Dupla,Faixa seccionada
2020-01-15 00:00:00,09:37:00,SEM VÍTIMA,SANTO AMARO,AV JOAO DE BARROS,,CIDADE,COLISÃO TRASEIRA,SEM VITIMA. ENTRE TRES VEICULOS.,3,,,,,,,,,0,Longo da via,Bom,Perfeito estado,Seca,Perfeito estado,Outras,,Dupla,Canteiro central
2020-01-15 00:00:00,09:46:00,SEM VÍTIMA,BOA VIAGEM,RUA PROFESSOR JOSE BRANDAO,550,SUBURBIO,ABALROAMENTO LONGITUDINAL,COLISÃO S/VITIMAS ENTRE DOIS AUTOS,2,,,,,,,,,0,Cruzamento,Bom,Perfeito estado,Seca,Perfeito estado,Não há placas,,Única,Faixa contínua
2020-01-15 00:00:00,10:12:00,SEM VÍTIMA,IPSEP,AV RECIFE,,SUBURBIO,COLISÃO TRASEIRA,DOIS AUTOS,2,,,,,,,,,0,Longo da via,Bom,Perfeito estado,Seca,,Outras,,Única,Faixa seccionada
2020-01-15 00:00:00,10:33:00,SEM VÍTIMA,IPUTINGA,AV CAXANGA,229,CIDADE,COLISÃO TRASEIRA,SEM VITIMAS,2,,,,,,,,,0,Longo da via,Bom,Perfeito estado,Seca,Perfeito estado,Não há placas,,Dupla,Faixa seccionada
2020-01-15 00:00:00,10:38:00,SEM VÍTIMA,CORDEIRO,RUA GOMES TABORDA,,,COLISÃO TRASEIRA,SEM VITIMA. ENTRE TRES VEICULOS,3,,,,,,,,,0,Longo da via,Bom,Ilegível,Seca,Perfeito estado,Não há placas,,Dupla,Faixa seccionada
2020-01-15 00:00:00,10:47:00,SEM VÍTIMA,AREIAS,RUA BARROS SOBRINHO,,,COLISÃO,COLISAO S/ VITIMA ENTRE VEICULO PARTICULAR E CAMINHAO,1,,,,,,1,,,0,,,,,,,,,
2020-01-15 00:00:00,11:39:00,SEM VÍTIMA,IMBIRIBEIRA,AV MARECHAL MASCARENHAS DE MORAES,,CIDADE,COLISÃO TRASEIRA,COLISAO S/ VITIMA. ENTRE DOIS VEICULOS,2,,,,,,,,,0,Longo da via,Bom,Perfeito estado,Seca,Perfeito estado,Não há placas,,Dupla,Canteiro central
2020-01-15 00:00:00,11:44:00,SEM VÍTIMA,AFLITOS,AV RUI BARBOSA,,,COLISÃO,COLISAO S/ VITIMA.ENTRE DOIS VEICULOS,2,,,,,,,,,0,,,,,,,,,
2020-01-15 00:00:00,12:02:00,SEM VÍTIMA,ESPINHEIRO,AV GOVERNADOR AGAMENON MAGALHAES,,SUBURBIO,CHOQUE VEÍCULO PARADO,COLISÃO SEM VITIMA,2,,,,,,,,,0,,Bom,Perfeito estado,Seca,Perfeito estado,Outras,,Dupla,Faixa seccionada
2020-01-15 00:00:00,12:23:00,COM VÍTIMA,BOA VISTA,RUA DOM BOSCO,27,SUBURBIO,ABALROAMENTO TRANSVERSAL,COM VITIMA,1,1,,,,,,,,1,Cruzamento,Bom,Perfeito estado,Seca,Perfeito estado,,40 km/h,,Faixa
2020-01-15 00:00:00,12:26:00,SEM VÍTIMA,BOA VIAGEM,AV BOA VIAGEM,,,COLISÃO,COLISÃO SEM VÍTIMA,2,,,,,,,,,0,,,,,,,,,
2020-01-15 00:00:00,14:08:00,SEM VÍTIMA,BOA VIAGEM,RUA PROFESSOR JOAO MEDEIROS,335,CIDADE,COLISÃO TRASEIRA,COLISÃO SEM VITIMA,1,1,,,,,,,,0,Longo da via,Bom,Perfeito estado,Seca,Perfeito estado,Não há placas,,Única,Faixa seccionada
2020-01-15 00:00:00,14:19:00,COM VÍTIMA,AFOGADOS,RUA SAO MIGUEL,,CIDADE,ABALROAMENTO TRANSVERSAL,COM VITIMA,2,,,,,,,,,1,Longo da via,Bom,Incompleta,Seca,,Outras,,Dupla,Faixa