data,hora,natureza,bairro,endereco,num_semaforo,sentido_via,tipo,auto,moto,ciclom,ciclista,pedestre,onibus,caminhao,viatura,outros,vitimas,vitimasfatais,acidente_verificado,tempo_clima,sinalizacao,condicao_via,conservacao_via,situacao_placa,velocidade_max_via,mao_direcao,divisao_via1
2020-01-15 00:00:00,15:48:00,SEM VÍTIMA,BRASÍLIA TEIMOSA,RUA ARABAIANA,,,ABALROAMENTO TRANSVERSAL,COLISÃO SEM VÍTIMA,1,,,,,1,,,,0,,Bom,Não existente,Seca,Perfeito estado,Não há placas,,Única,Não existe
2020-01-15 00:00:00,15:55:00,COM VÍTIMA,MADALENA,AV JOSE GONCALVES DE MEDEIROS,,SUBURBIO,ABALROAMENTO LONGITUDINAL,COLISÃO COM VÍTIMA,,2,,,,,,,,2,Longo da via,Bom,Perfeito estado,Seca,Perfeito estado,Outras,,Dupla,Faixa contínua
2020-01-15 00:00:00,16:20:00,SEM VÍTIMA,GRAÇAS,AV RUI BARBOSA,,CIDADE,COLISÃO TRASEIRA,COLISÃO SEM VÍTIMA,1,,,,,,,,,0,Longo da via,Bom,Perfeito estado,Seca,Perfeito estado,R-6a,,Única,Faixa seccionada
2020-01-15 00:00:00,17:03:00,SEM VÍTIMA,IPSEP,AV RECIFE,,SUBURBIO,COLISÃO TRASEIRA,COLISÃO SEM VÍTIMA,2,,,,,,,,,0,Longo da via,Bom,Perfeito estado,Seca,Perfeito estado,Não há placas,60 km/h,Dupla,Faixa seccionada
2020-01-15 00:00:00,17:04:00,SEM VÍTIMA,ILHA DO RETIRO,RUA BENFICA,,,ABALROAMENTO LONGITUDINAL,COLISÃO SEM VÍTIMA,1,,,,,,1,,,0,Longo da via,Bom,Incompleta,Seca,Perfeito estado,Outras,40 km/h,Única,Faixa seccionada
2020-01-15 00:00:00,17:33:00,SEM VÍTIMA,SANTO ANTÔNIO,RUA IMPERADOR PEDRO SEGUNDO,,,ABALROAMENTO LONGITUDINAL,COLISÃO SEM VÍTIMA,,,,,,1,1,,,0,Longo da via,Bom,Perfeito estado,Seca,Perfeito estado,Outras,,Única,Faixa seccionada
2020-01-15 00:00:00,17:39:00,SEM VÍTIMA,VÁRZEA,RUA GASTAO VIDIGAL,281,SUBURBIO,ABALROAMENTO LONGITUDINAL,COLISÃO SEM VÍTIMA,1,,,,,1,,,,0,Longo da via,Bom,Perfeito estado,Seca,Perfeito estado,Não há placas,,Dupla,Faixa seccionada
2020-01-15 00:00:00,17:56:00,SEM VÍTIMA,IMBIRIBEIRA,AV MARECHAL MASCARENHAS DE MORAES,161,SUBURBIO,COLISÃO TRASEIRA,ENTRE ONIBUS X AUTO PASSEIO S/V,1,,,,,1,,,,0,Longo da via,Bom,Perfeito estado,Seca,Perfeito estado,Não há placas,,Dupla,Canteiro central
2020-01-15 00:00:00,18:18:00,SEM VÍTIMA,BOA VIAGEM,AVENIDA CELSO FURTADO (VIA MANGUE),,SUBURBIO,ABALROAMENTO LONGITUDINAL,ENTRE DOIS AUTOS S/V,2,,,,,,,,,0,Longo da via,Bom,Perfeito estado,Seca,Perfeito estado,Não há placas,60 km/h,Dupla,Canteiro central
2020-01-15 00:00:00,18:34:00,SEM VÍTIMA,DOIS IRMÃOS,,416,,ABALROAMENTO LONGITUDINAL,DOIS ONIX,2,,,,,,,,,0,Cruzamento,Bom,Incompleta,,,R-6a,,Dupla,Não existe
2020-01-15 00:00:00,18:58:00,SEM VÍTIMA,IMBIRIBEIRA,RUA ARQUITETO LUIZ NUNES,,SUBURBIO,ABALROAMENTO LONGITUDINAL,MOTO X COROLA,1,1,,,,,,,,0,Longo da via,Bom,Perfeito estado,Seca,Perfeito estado,Não há placas,40 km/h,Dupla,Faixa contínua
2020-01-15 00:00:00,19:13:00,SEM VÍTIMA,BOA VIAGEM,RUA DOS NAVEGANTES,,SUBURBIO,ABALROAMENTO TRANSVERSAL,HONDA HRV X COROLA,2,,,,,,,,,0,Cruzamento,Bom,Incompleta,Seca,Perfeito estado,Placas Pare,,Única,Faixa seccionada
2020-01-15 00:00:00,19:31:00,COM VÍTIMA,VÁRZEA,RUA VALE DO SIRIJI,,SUBURBIO,ABALROAMENTO LONGITUDINAL,SANDERO X MOTO,1,1,,,,,,,,1,Longo da via,Bom,Incompleta,Seca,Perfeito estado,Não há placas,,Dupla,Faixa seccionada
2020-01-15 00:00:00,19:58:00,COM VÍTIMA,BOA VIAGEM,RUA WALDEMAR NERY CARNEIRO MONTEIRO,,,COLISÃO,ENTRE AUTO PASSEIO X MOTO COM VÍTIMA,1,1,,,,,,,,1,,,,,,,,,
2020-01-15 00:00:00,20:09:00,SEM VÍTIMA,IMBIRIBEIRA,RUA JACI,,CIDADE,ABALROAMENTO LONGITUDINAL,ENTRE AUTO PASSEIO X ONIBUS S/V,1,,,,,1,,,,0,Cruzamento,Bom,Perfeito estado,Seca,Perfeito estado,Placas Pare,,Única,Não existe
2020-01-15 00:00:00,22:43:00,COM VÍTIMA,BOA VIAGEM,RUA RIBEIRO DE BRITO,,CIDADE,ABALROAMENTO TRANSVERSAL,ENTRE AUTO PASSEIO X MOTO COM VÍTIMA,1,1,,,,,,,,2,Cruzamento,Bom,Não existente,Seca,Perfeito estado,Não há placas,,Única,Faixa seccionada
2020-01-15 00:00:00,22:45:00,SEM VÍTIMA,ILHA DO RETIRO,AV ENGENHEIRO ABDIAS DE CARVALHO,355,SUBURBIO,ABALROAMENTO LONGITUDINAL,CELTA X AUTO,2,,,,,,,,,0,Longo da via,Bom,Perfeito estado,Seca,Perfeito estado,Não há placas,,Única,Faixa seccionada
2020-01-16 00:00:00,05:33:00,SEM VÍTIMA,BOA VIAGEM,RUA DR GILSON MACHADO GUIMARAES,,380,COLISÃO,COLISÃO ENTRE DOIS CAMINHÕES S/V,,,,,,,2,,,0,,,,,,,,,
2020-01-16 00:00:00,06:45:00,SEM VÍTIMA,IPUTINGA,RUA PROFESSOR JULIO OLIVEIRA,,,ABALROAMENTO LONGITUDINAL,SEM VITIMAS,1,,,,,1,,,,0,,Bom,Perfeito estado,Seca,Perfeito estado,Placas Pare,,Única,Não existe
2020-01-16 00:00:00,08:05:00,COM VÍTIMA,BOA VIAGEM,RUA CONEGO ROMEU,,CIDADE,ABALROAMENTO LONGITUDINAL,COLISAO COM VITIMA. ENTRE VEICULO E MOTO,1,1,,,,,,,,1,Longo da via,Bom,Perfeito estado,Seca,Perfeito estado,Não há placas,60 km/h,Dupla,Canal
2020-01-16 00:00:00,09:06:00,SEM VÍTIMA,BOA VIAGEM,RUA PETROLINA,,CIDADE,ABALROAMENTO LONGITUDINAL,COLISÃO S/VITIMAS ENTRE UM AUTO E UM CAMINHÃO,1,,,,,,1,,,0,Cruzamento,Bom,Incompleta,Seca,Perfeito estado,Não há placas,30 km/h,Única,Não existe
2020-01-16 00:00:00,09:06:00,SEM VÍTIMA,PRADO,RUA JOAO IVO DA SILVA,,SUBURBIO,ABALROAMENTO LONGITUDINAL,COLISAO S/ VITIMA. ENTRE VEICULO E MOTO,1,1,,,,,,,,0,Longo da via,Bom,Perfeito estado,Seca,Perfeito estado,Não há placas,,Única,Não existe
2020-01-16 00:00:00,09:09:00,SEM VÍTIMA,AFOGADOS,RUA ERNESTO CAVALCANTI,,,COLISÃO,SEM VITIMAS,1,,,,,,1,,,0,,,,,,,,,
2020-01-16 00:00:00,09:35:00,COM VÍTIMA,CAMPO GRANDE,RUA JERONIMO VILELA,341,SUBURBIO,COLISÃO COM CICLISTA,AUTO E PEDESTRE,1,,,1,,,,,,1,Longo da via,Bom,Perfeito estado,Seca,Perfeito estado,Outras,,Dupla,Faixa contínua
2020-01-16 00:00:00,09:43:00,COM VÍTIMA,JOANA BEZERRA,RUA MIRANDOPOLIS,,CIDADE,ABALROAMENTO LONGITUDINAL,COLISAO COM VITIMA. ONIBUS E CARROÇA DA PREFEITURA,,,,,,1,,,1,1,Longo da via,Bom,Perfeito estado,Seca,Perfeito estado,R-6a,,Única,Não existe
2020-01-16 00:00:00,09:56:00,SEM VÍTIMA,CORDEIRO,AV ENGENHEIRO ABDIAS DE CARVALHO,58,SUBURBIO,COLISÃO FRONTAL,COLISAO S/ VITIMA. CARRO E MOTO./GM: ANDRE LUCENA NO QTH,1,1,,,,,,,,0,Longo da via,Bom,Perfeito estado,Seca,Perfeito estado,Não há placas,,Dupla,Canteiro central
2020-01-16 00:00:00,10:10:00,SEM VÍTIMA,IPSEP,AV RECIFE,616,CEASA,COLISÃO,SEM VITIMAS,2,,,,,,,,,0,,,,,,,,,
2020-01-16 00:00:00,10:20:00,SEM VÍTIMA,BONGI,AV ENGENHEIRO ABDIAS DE CARVALHO,58,CIDADE,COLISÃO TRASEIRA,COLISÃO S/VITIMAS ENTRE DOIS AUTOS,2,,,,,,,,,0,Cruzamento,Bom,Perfeito estado,Seca,Perfeito estado,Outras,,Única,Faixa seccionada
2020-01-16 00:00:00,10:52:00,SEM VÍTIMA,TORRÕES,AV BICENTENARIO DA REVOLUCAO FRANCESA,,SUBURBIO,COLISÃO TRASEIRA,COLISAO S/ VITIMA. ENTRE CARRO E MOTO,1,1,,,,,,,,0,Longo da via,Bom,Incompleta,Seca,Perfeito estado,Não há placas,,Dupla,Não existe
2020-01-16 00:00:00,11:08:00,SEM VÍTIMA,MADALENA,RUA BENFICA,,CIDADE,ABALROAMENTO LONGITUDINAL,COLISÃO S/VITIMAS ENTRE DOIS AUTOS,2,,,,,,,,,0,Longo da via,Bom,Perfeito estado,Seca,Perfeito estado,R-6a,,Única,Não existe
2020-01-16 00:00:00,11:39:00,SEM VÍTIMA,MADALENA,AV VISCONDE DE ALBUQUERQUE,,SUBURBIO,ABALROAMENTO TRANSVERSAL,COLISAO S/ VITIMA. DOIS VEICULOS,2,,,,,,,,,0,Cruzamento,Bom,Perfeito estado,Seca,Perfeito estado,Placas Pare,,Única,Faixa contínua
2020-01-16 00:00:00,11:52:00,SEM VÍTIMA,BOMBA DO HEMETÉRIO,RUA PROFESSOR JOSE AMARINO DOS REIS,,SUBURBIO,CHOQUE VEÍCULO PARADO,COLISÃO S/VITIMAS ENTRE UM ONIBUS- UM AUTO E UMA MOTO,1,1,,,,1,,,,0,Cruzamento,Bom,Perfeito estado,Seca,Perfeito estado,R-6a,,Dupla,Não existe
2020-01-16 00:00:00,12:39:00,COM VÍTIMA,TEJIPIÓ,AV DR JOSE RUFINO,411,SUBURBIO,ABALROAMENTO TRANSVERSAL,COLISÃO COM VITIMA,1,1,,,,,,,,1,Longo da via,Bom,Perfeito estado,Seca,Perfeito estado,,,Dupla,
2020-01-16 00:00:00,13:16:00,SEM VÍTIMA,ILHA DO LEITE,RUA FRANCISCO ALVES,,SUBURBIO,COLISÃO TRASEIRA,COLISÃO SEM COLISÃO,2,,,,,,,,,0,Longo da via,Bom,Perfeito estado,Seca,Perfeito estado,,,Dupla,Faixa contínua
2020-01-16 00:00:00,13:36:00,SEM VÍTIMA,MADALENA,RUA JOSE OSORIO,,,COLISÃO,COLISÃO SEM VÍTIMA,2,1,,,,,,,,0,,,,,,,,,
2020-01-16 00:00:00,13:36:00,SEM VÍTIMA,BOA VIAGEM,AV BOA VIAGEM,555,CIDADE,COLISÃO TRASEIRA,COLISAO SEM VITIMAS,2,,,,,,,,,0,Longo da via,Bom,Perfeito estado,Seca,Perfeito estado,Outras,,Única,Faixa contínua
2020-01-16 00:00:00,13:52:00,SEM VÍTIMA,ESTÂNCIA,RUA JOSE GOMES DE MOURA,,SUBURBIO,ABALROAMENTO LONGITUDINAL,COLISÃO SEM VITIMA,1,,,,,1,,,,0,Longo da via,Bom,Incompleta,Seca,Perfeito estado,Não há placas,,Única,Não existe
2020-01-16 00:00:00,14:31:00,SEM VÍTIMA,DERBY,AV GOVERNADOR AGAMENON MAGALHAES,75,,COLISÃO TRASEIRA,COLISAO ENTRE TRES VEICULOS SEM VITIMAS,3,,,,,,,,,0,Cruzamento,Bom,Perfeito estado,Seca,Perfeito estado,,60 km/h,Dupla,Canal
2020-01-16 00:00:00,15:28:00,SEM VÍTIMA,VÁRZEA,AV JOAQUIM RIBEIRO,281,SUBURBIO,ABALROAMENTO LONGITUDINAL,COLISÃO SEM VITIMA,2,,,,,,,,,0,Longo da via,Bom,Perfeito estado,Seca,Perfeito estado,Outras,,Dupla,Faixa contínua
2020-01-16 00:00:00,15:30:00,SEM VÍTIMA,ESPINHEIRO,RUA QUARENTA E OITO,,,COLISÃO TRASEIRA,COLISÃO SEM VÍTIMA,2,,,,,,,,,0,Longo da via,Bom,Perfeito estado,Seca,Perfeito estado,Outras,,Única,Faixa contínua
2020-01-16 00:00:00,15:43:00,SEM VÍTIMA,,AV GOVERNADOR AGAMENON MAGALHAES,173,,COLISÃO TRASEIRA,COLISÃO SEM VÍTIMA,2,,,,,,,,,0,Longo da via,Bom,Perfeito estado,Seca,Perfeito estado,Não há placas,60 km/h,Dupla,Faixa contínua
2020-01-16 00:00:00,16:08:00,SEM VÍTIMA,IPUTINGA,RUA MINISTRO JOAO ALBERTO,231,SUBURBIO,COLISÃO TRASEIRA,COLISÃO SEM VITIMA,1,,,,,1,,,,0,Longo da via,Bom,Incompleta,Seca,Perfeito estado,R-6a,,Única,Faixa contínua
2020-01-16 00:00:00,16:35:00,SEM VÍTIMA,BOA VIAGEM,AV CONSELHEIRO AGUIAR,,CIDADE,COLISÃO TRASEIRA,COLISAO SEM VITIMAS,3,,,,,,,,,0,Longo da via,Bom,Perfeito estado,Seca,Perfeito estado,Outras,60 km/h,Única,Faixa seccionada
2020-01-16 00:00:00,17:06:00,SEM VÍTIMA,ILHA DO LEITE,RUA SENADOR JOSE HENRIQUE,,SUBURBIO,COLISÃO TRASEIRA,COLISÃO SEM VITIMA,2,,,,,,,,,0,Longo da via,Bom,Perfeito estado,Seca,Perfeito estado,R-6b,30 km/h,Única,Faixa seccionada
2020-01-16 00:00:00,17:08:00,SEM VÍTIMA,ESPINHEIRO,RUA DO ESPINHEIRO,89,,COLISÃO TRASEIRA,AUTO X MOTO SEM VÍTIMA,1,1,,,,,,,,0,Longo da via,Bom,Perfeito estado,Seca,Perfeito estado,Outras,,Única,Faixa contínua
2020-01-16 00:00:00,17:26:00,COM VÍTIMA,MACAXEIRA,RUA CORONEL JOAO BATISTA DO REGO BARROS,,CIDADE,ABALROAMENTO LONGITUDINAL,COLISÃO COM VITIMA,1,1,,,,,,,,1,Longo da via,Bom,Perfeito estado,Seca,Perfeito estado,Não há placas,,Dupla,Não existe
2020-01-16 00:00:00,17:31:00,SEM VÍTIMA,AFOGADOS,RUA SAO MIGUEL,53,SUBURBIO,ABALROAMENTO LONGITUDINAL,COLISÃO SEM VÍTIMA,1,,,,,,1,,,0,Longo da via,Bom,Perfeito estado,Seca,Perfeito estado,Outras,,Dupla,Faixa seccionada
2020-01-16 00:00:00,18:12:00,SEM VÍTIMA,PRADO,EST DOS REMEDIOS,52,CIDADE,COLISÃO TRASEIRA,ONIX X PRISMA,2,,,,,,,,,0,Longo da via,Bom,Perfeito estado,Seca,Perfeito estado,Outras,,Única,Faixa contínua
2020-01-16 00:00:00,18:50:00,COM VÍTIMA,PINA,AVENIDA CELSO FURTADO (VIA MANGUE),,CIDADE,CHOQUE OBJETO FIXO,AUTO ACABOU SE CHOCANDO COM O POSTE- LOGO EM SEGUIDA SEM CONTROLE ALGUM- ACABOU COLIDINDO CONTRA O CANTEIRO. C/V.,1,,,,,,,,,1,Longo da via,Bom,Ilegível,Seca,Mal iluminada,Não há placas,60 km/h,Dupla,Canteiro central
2020-01-16 00:00:00,20:23:00,SEM VÍTIMA,CAMPO GRANDE,EST DE BELEM,,,COLISÃO,TRATOR X AUTO PASSEIO. S/V,2,,,,,,,,,0,,,,,,,,,
2020-01-17 00:00:00,00:32:00,SEM VÍTIMA,BOA VIAGEM,RUA VISCONDE DE JEQUITINHONHA,,SUBURBIO,CHOQUE VEÍCULO PARADO,CONDUTOR PERDEU O CONTROLE DO SEU VEÍCULO E ACABOU COLIDINDO CONTRA AUTO ESTACIONADO. S/V,2,,,,,,,,,0,Longo da via,Bom,Perfeito estado,Seca,Perfeito estado,Não há placas,,Única,Faixa contínua
2020-01-17 00:00:00,00:52:00,SEM VÍTIMA,TORRÕES,AV ENGENHEIRO ABDIAS DE CARVALHO,,,COLISÃO,COLISÃO ENTRE DOIS AUTOS- S/V,2,,,,,,,,,0,,,,,,,,,
2020-01-17 00:00:00,01:01:00,SEM VÍTIMA,PINA,AV CONSELHEIRO AGUIAR,140,CIDADE,ABALROAMENTO TRANSVERSAL,ENTRE 2 AUTOS. S/V,2,,,,,,,,,0,Cruzamento,Bom,Perfeito estado,Seca,Perfeito estado,,,Única,Faixa seccionada
2020-01-17 00:00:00,01:36:00,SEM VÍTIMA,SANTO AMARO,AV CRUZ CABUGA,202,CIDADE,COLISÃO TRASEIRA,ENTRE 2 AUTOS. S/V,2,,,,,,,,,0,Cruzamento,Bom,Perfeito estado,Seca,Perfeito estado,Não há placas,60 km/h,Dupla,Faixa contínua
2020-01-17 00:00:00,02:26:00,SEM VÍTIMA,BOA VIAGEM,RUA PROFESSOR AUGUSTO LINS E SILVA,,CIDADE,COLISÃO TRASEIRA,ENTRE 6 AUTOS. S/V,6,,,,,,,,,0,Longo da via,Bom,Perfeito estado,Seca,Perfeito estado,Outras,,Dupla,Não existe
2020-01-17 00:00:00,07:18:00,COM VÍTIMA,COELHOS,RUA DOS COELHOS,359,CIDADE,ATROPELAMENTO,ATROPELAMENTO COM VITIMA/ VEICULO E PEDESTRE. GM. ITALO E MARCOS SOBRINHO NO LOCAL.,1,,,,1,,,,,1,Longo da via,Bom,Perfeito estado,Seca,,Outras,,Dupla,Faixa contínua
2020-01-17 00:00:00,08:35:00,COM VÍTIMA,BOA VIAGEM,RUA RIBEIRO DE BRITO,332,CIDADE,ABALROAMENTO LONGITUDINAL,COLISAO COM VITIMA. ENTRE MOTO E VEICULO . GM:DECIO E ANDRE SANTO - NO LOCAL,1,1,,,,,,,,1,Cruzamento,Bom,Perfeito estado,Seca,Perfeito estado,Outras,40 km/h,Única,Faixa contínua
2020-01-17 00:00:00,10:08:00,SEM VÍTIMA,PINA,AV ANTONIO DE GOES,103,CIDADE,COLISÃO TRASEIRA,COLISAO SEM/ VITIMA E A OUTRA PARTE SE EVADIU DO LOCAL APOS DISCUTIR COM AGENTE DE TRANSITO. PONTO FIXO: ALEXANDRA,2,,,,,,,,,0,Longo da via,Bom,Perfeito estado,Seca,Perfeito estado,,60 km/h,,Faixa contínua
2020-01-17 00:00:00,10:22:00,SEM VÍTIMA,BOA VIAGEM,AV CONSELHEIRO AGUIAR,,CIDADE,ABALROAMENTO LONGITUDINAL,AUTO E MOTO SUB INSP. ROMERO NO LOCAL,1,1,,,,,,,,0,Cruzamento,Bom,Perfeito estado,Seca,Perfeito estado,Não há placas,,Única,Faixa seccionada
2020-01-17 00:00:00,10:26:00,COM VÍTIMA,BAIRRO DO RECIFE,RUA MARIZ E BARROS,,SUBURBIO,ABALROAMENTO LONGITUDINAL,COM UMA VITIMA AGUARDANDO SAMU,1,1,,,,,,,,1,Esquina,Bom,Perfeito estado,Seca,Perfeito estado,Outras,,Única,Não existe
2020-01-17 00:00:00,10:27:00,SEM VÍTIMA,AREIAS,AV RECIFE,,,COLISÃO TRASEIRA,COLISAO S/ VITIMA. ENTRE DOIS VEICULOS,2,,,,,,,,,0,Longo da via,Bom,Perfeito estado,Seca,Perfeito estado,Não há placas,60 km/h,Dupla,Canteiro central
2020-01-17 00:00:00,11:28:00,SEM VÍTIMA,MANGUEIRA,RUA VINTE E UM DE ABRIL,,SUBURBIO,ABALROAMENTO TRANSVERSAL,COLISAO S/ VITIMA. ENTRE DOIS VEICULOS,2,,,,,,,,,0,Cruzamento,Bom,Perfeito estado,Seca,Perfeito estado,Outras,60 km/h,Dupla,Não existe
2020-01-17 00:00:00,12:14:00,SEM VÍTIMA,BOA VIAGEM,RUA JACK AYRES,,,ABALROAMENTO TRANSVERSAL,COLISÃO SEM VITIMA,1,1,,,,,,,,0,Cruzamento,Bom,Perfeito estado,Seca,Perfeito estado,Placas Pare,,Dupla,Não existe
2020-01-17 00:00:00,12:16:00,SEM VÍTIMA,SANTO AMARO,AV MARIO MELO,,SUBURBIO,ABALROAMENTO LONGITUDINAL,COLISAO S/ VITIMAS,1,1,,,,,,,,0,Cruzamento,Bom,Perfeito estado,Seca,Perfeito estado,R-4a,,Única,
2020-01-17 00:00:00,12:17:00,SEM VÍTIMA,SANTO AMARO,RUA MARIO ALBUQUERQUE CAVALCANTI,,,COLISÃO TRASEIRA,COLISÃO SEM VÍTIMA,2,,,,,,,,,0,Cruzamento,Bom,Não existente,Seca,Perfeito estado,Não há placas,,Dupla,Canal
2020-01-17 00:00:00,12:37:00,SEM VÍTIMA,BAIRRO DO RECIFE,CAIS DA ALFANDEGA,165,,COLISÃO,COLISAO SEM VITIMAS,2,,,,,,,,,0,,,,,,,,,
2020-01-17 00:00:00,12:45:00,SEM VÍTIMA,AFOGADOS,RUA VINTE E UM DE ABRIL,334,CIDADE,ABALROAMENTO LONGITUDINAL,COLISÃO SEM VITIMA,1,,,,,1,,,,0,Cruzamento,Bom,Perfeito estado,Seca,Perfeito estado,Não há placas,,Dupla,Faixa seccionada
2020-01-17 00:00:00,13:05:00,SEM VÍTIMA,SANTO AMARO,RUA TREZE DE MAIO,30,CIDADE,ABALROAMENTO LONGITUDINAL,COLISÃO SEM VITIMA,1,1,,,,,,,,0,Longo da via,Bom,Perfeito estado,Seca,Perfeito estado,Não há placas,,Dupla,Faixa contínua
2020-01-17 00:00:00,13:39:00,SEM VÍTIMA,BOA VIAGEM,AVENIDA CELSO FURTADO (VIA MANGUE),,,COLISÃO,COLISÃO SEM VÍTIMA,2,,,,,,,,,0,,,,,,,,,
2020-01-17 00:00:00,14:31:00,SEM VÍTIMA,BOA VISTA,RUA NUNES MACHADO,,CIDADE,COLISÃO TRASEIRA,COLISÃO SEM VÍTIMA,2,,,,,,,,,0,Longo da via,Bom,Perfeito estado,Seca,Perfeito estado,R-6a,,Única,Não existe
2020-01-17 00:00:00,16:38:00,SEM VÍTIMA,BOA VISTA,RUA GERVASIO PIRES,24,SUBURBIO,COLISÃO TRASEIRA,COLISAO SEM VITIMAS,2,,,,,,,,,0,Longo da via,Bom,Perfeito estado,Seca,Perfeito estado,,,Única,Não existe
2020-01-17 00:00:00,18:02:00,SEM VÍTIMA,TORREÃO,AV NORTE,,CIDADE,ABALROAMENTO LONGITUDINAL,ENTRE ÕNIBUS E AUTO PASSEIO. S/V,1,,,,,1,,,,0,Longo da via,Bom,Perfeito estado,Seca,Perfeito estado,Outras,,Dupla,Canteiro central
2020-01-17 00:00:00,18:13:00,SEM VÍTIMA,IPUTINGA,RUA REZENDE,,,ABALROAMENTO TRANSVERSAL,ENTRE 2 AUTOS. S/V,2,,,,,,,,,0,Cruzamento,Bom,Perfeito estado,Seca,Perfeito estado,,40 km/h,Dupla,Não existe
2020-01-17 00:00:00,18:44:00,SEM VÍTIMA,TAMARINEIRA,AV PROFESSOR JOSE DOS ANJOS,364,CIDADE,ABALROAMENTO LONGITUDINAL,ENTRE 2 AUTOS. S/V,2,,,,,,,,,0,Longo da via,Bom,Perfeito estado,Seca,Perfeito estado,Não há placas,,Dupla,Faixa seccionada
2020-01-17 00:00:00,18:50:00,COM VÍTIMA,BOA VIAGEM,RUA RIBEIRO DE BRITO,,SUBURBIO,COLISÃO TRASEIRA,FIAT TORO X MOTO,1,1,,,,,,,,1,Longo da via,Bom,Perfeito estado,Seca,Perfeito estado,Outras,,Única,Faixa seccionada
2020-01-17 00:00:00,19:55:00,SEM VÍTIMA,PARNAMIRIM,AV DEZESSETE DE AGOSTO,,SUBURBIO,ABALROAMENTO LONGITUDINAL,ENTRE 2 AUTOS. S/V,2,,,,,,,,,0,Longo da via,Bom,Perfeito estado,Seca,Perfeito estado,Não há placas,,Única,Faixa seccionada
2020-01-17 00:00:00,20:52:00,SEM VÍTIMA,MORRO DA CONCEIÇÃO,AV NORTE,79,SUBURBIO,ABALROAMENTO LONGITUDINAL,ONIBUS PEDROSA X ONIX,1,,,,,1,,,,0,Cruzamento,Bom,Incompleta,Seca,Mal conservada,Outras,,Dupla,Canteiro central
2020-01-17 00:00:00,21:42:00,SEM VÍTIMA,PRADO,RUA GOMES TABORDA,,,COLISÃO,ENTRE AUTO E MOTO. S/V,1,1,,,,,,,,0,,,,,,,,,
2020-01-17 00:00:00,21:47:00,SEM VÍTIMA,BOMBA DO HEMETÉRIO,RUA DAS CRIANCAS,,,ABALROAMENTO LONGITUDINAL,ENTRE 2 AUTOS. S/V,2,,,,,,,,,0,Cruzamento,Bom,Incompleta,Seca,,Outras,,Dupla,Faixa seccionada
2020-01-17 00:00:00,21:56:00,SEM VÍTIMA,COHAB,RUA DR BENIGNO JORDAO DE VASCONCELOS,,CIDADE,ABALROAMENTO LONGITUDINAL,ENTRE VT DA POLÍCIA E MOTO. S/V,,1,,,,,,1,,0,Longo da via,Bom,Não existente,Seca,Perfeito estado,Não há placas,,Única,Não existe
2020-01-17 00:00:00,22:39:00,SEM VÍTIMA,SÃO JOSÉ,RUA IMPERIAL,,SUBURBIO,ABALROAMENTO TRANSVERSAL,ONIBUS PARTICULAR X POLO,1,,,,,1,,,,0,,Bom,Perfeito estado,Seca,Perfeito estado,Não há placas,,Única,Faixa seccionada
2020-01-18 00:00:00,01:16:00,SEM VÍTIMA,MADALENA,AV VISCONDE DE ALBUQUERQUE,50,SUBURBIO,ABALROAMENTO LONGITUDINAL,COLISÃO ENTRE AUTO E MOTO- S/V,1,1,,,,,,,,0,Cruzamento,Bom,Perfeito estado,Seca,Perfeito estado,Outras,,Única,Faixa contínua
2020-01-18 00:00:00,03:40:00,COM VÍTIMA,CORDEIRO,AV CAXANGA,135,SUBURBIO,ABALROAMENTO TRANSVERSAL,COLISÃO ENTRE AUTO E MOTO- C/V,1,1,,,,,,,,1,Cruzamento,Bom,Perfeito estado,Seca,Perfeito estado,Outras,,Única,Faixa contínua
2020-01-18 00:00:00,09:04:00,SEM VÍTIMA,TORRÕES,AV ENGENHEIRO ABDIAS DE CARVALHO,,SUBURBIO,COLISÃO TRASEIRA,DOIS AUTOS,2,,,,,,,,,0,Longo da via,Bom,Perfeito estado,Seca,Perfeito estado,Não há placas,60 km/h,Dupla,Canteiro central
2020-01-18 00:00:00,09:27:00,SEM VÍTIMA,BOA VIAGEM,RUA DHALIA,,SUBURBIO,ABALROAMENTO LONGITUDINAL,DOIS AUTOS,2,,,,,,,,,0,Longo da via,Bom,Perfeito estado,Seca,Perfeito estado,R-6a,,Única,Não existe
2020-01-18 00:00:00,09:32:00,SEM VÍTIMA,AREIAS,RUA ARAPUA,,SUBURBIO,ABALROAMENTO LONGITUDINAL,MOTO E AUTO,1,1,,,,,,,,0,Longo da via,Bom,Não existente,Seca,Perfeito estado,Não há placas,,Dupla,Não existe
2020-01-18 00:00:00,10:04:00,SEM VÍTIMA,MANGABEIRA,AV PROFESSOR JOSE DOS ANJOS,,CIDADE,ABALROAMENTO TRANSVERSAL,COLISÃO S/VITIMAS ENTRE UM AUTO E UMA CARRETA (V.T. 03 NO QTH),1,,,,,,1,,,0,,Bom,Incompleta,Seca,Perfeito estado,Outras,,Única,Faixa seccionada
2020-01-18 00:00:00,10:18:00,COM VÍTIMA,BEBERIBE,AV BEBERIBE,,SUBURBIO,ATROPELAMENTO ANIMAL,AUTO X ANIMAL,,1,,,,,,,1,1,Longo da via,Bom,Perfeito estado,Seca,,Não há placas,40 km/h,Dupla,Faixa seccionada