data,hora,natureza,bairro,endereco,num_semaforo,sentido_via,tipo,auto,moto,ciclom,ciclista,pedestre,onibus,caminhao,viatura,outros,vitimas,vitimasfatais,acidente_verificado,tempo_clima,sinalizacao,condicao_via,conservacao_via,situacao_placa,velocidade_max_via,mao_direcao,divisao_via1
2020-01-18 00:00:00,10:30:00,SEM VÍTIMA,JORDÃO,AV MARIA IRENE,,,COLISÃO,DOIS AUTOS,2,,,,,,,,,0,,,,,,,,,
2020-01-18 00:00:00,11:07:00,SEM VÍTIMA,SÃO JOSÉ,C SANTA RITA,,SUBURBIO,COLISÃO TRASEIRA,DOIS AUTOS,2,,,,,,,,,0,Longo da via,Bom,Perfeito estado,Seca,Perfeito estado,Não há placas,,Dupla,Faixa seccionada
2020-01-18 00:00:00,11:52:00,SEM VÍTIMA,BOA VISTA,RUA DO GIRIQUITI,,CIDADE,COLISÃO TRASEIRA,COLISÃO S/VITIMAS ENTRE DOIS AUTOS,2,,,,,,,,,0,Longo da via,Bom,Perfeito estado,Seca,Perfeito estado,Outras,,Única,Não existe
2020-01-18 00:00:00,12:24:00,SEM VÍTIMA,JORDÃO,AV DONA CARENTINA,,SUBURBIO,CHOQUE VEÍCULO PARADO,COLISAO SEM VITIMAS,1,,,,,1,,,,0,Longo da via,Bom,Perfeito estado,Seca,Perfeito estado,,,Dupla,Faixa seccionada
2020-01-18 00:00:00,12:32:00,SEM VÍTIMA,BOMBA DO HEMETÉRIO,RUA CHA DE ALEGRIA,,CIDADE,COLISÃO TRASEIRA,ENTRE DUAS MOTOS S/V,,2,,,,,,,,0,Cruzamento,Bom,Perfeito estado,Seca,Perfeito estado,Outras,,Dupla,Faixa seccionada
2020-01-18 00:00:00,13:01:00,COM VÍTIMA,BOA VIAGEM,RUA SA E SOUZA,,CIDADE,ABALROAMENTO TRANSVERSAL,COLISAO COM VITIMAS,1,1,,,,,,,,1,Cruzamento,Bom,Perfeito estado,Seca,Perfeito estado,Placas Pare,,Dupla,Faixa seccionada
2020-01-18 00:00:00,14:13:00,SEM VÍTIMA,BOA VISTA,RUA SAO GONCALO,,SUBURBIO,ABALROAMENTO LONGITUDINAL,ENTRE DOIS AUTOS S/V,2,,,,,,,,,0,,Bom,Perfeito estado,Seca,Perfeito estado,Placas Pare,40 km/h,Única,Faixa seccionada
2020-01-18 00:00:00,14:22:00,SEM VÍTIMA,ILHA DO RETIRO,RUA SPORT CLUBE DO RECIFE,355,CIDADE,ABALROAMENTO LONGITUDINAL,COLISÃO SEM VITIMA,2,,,,,,,,,0,,Bom,Perfeito estado,Seca,Perfeito estado,R-6a,,Dupla,Faixa contínua
2020-01-18 00:00:00,14:27:00,SEM VÍTIMA,TORRÕES,,,,ABALROAMENTO LONGITUDINAL,ENTRE AUTO PASSEIO X MOTO COM VÍTIMA,1,1,,,,,,,,0,Cruzamento,Bom,,Seca,Perfeito estado,Placas Pare,,Dupla,
2020-01-18 00:00:00,14:27:00,SEM VÍTIMA,BOA VIAGEM,RUA JAIME RAMIRO COSTA,,,COLISÃO,COLISAO SEM VITIMAS,2,,,,,,,,,0,,,,,,,,,
2020-01-18 00:00:00,14:27:00,SEM VÍTIMA,COELHOS,RUA SAO GONCALO,,,COLISÃO,COLISÃO SEM VITIMA,2,,,,,,,,,0,,,,,,,,,
2020-01-18 00:00:00,15:34:00,SEM VÍTIMA,JIQUIÁ,RUA SAO MIGUEL,,SUBURBIO,COLISÃO TRASEIRA,COLISÃO SEM VITIMA,2,,,,,,,,,0,Longo da via,Bom,Incompleta,Seca,Perfeito estado,Outras,60 km/h,Dupla,Faixa contínua
2020-01-18 00:00:00,16:02:00,SEM VÍTIMA,ARRUDA,RUA DAS MOCAS,,SUBURBIO,ABALROAMENTO LONGITUDINAL,ENTRE DOIS AUTOS S/V,2,,,,,,,,,0,Longo da via,Bom,Perfeito estado,Seca,Perfeito estado,Não há placas,,Dupla,Faixa seccionada
2020-01-18 00:00:00,16:47:00,SEM VÍTIMA,TORREÃO,RUA DJALMA FARIAS,,SUBURBIO,ABALROAMENTO LONGITUDINAL,AUTO PASSEIO X MOTO S/V,1,1,,,,,,,,0,Longo da via,Bom,Não existente,Seca,Mal conservada,Não há placas,,Dupla,Não existe
2020-01-18 00:00:00,17:18:00,SEM VÍTIMA,CASA AMARELA,AV NORTE,,,COLISÃO,ENTRE DOIS AUTOS S/V,2,,,,,,,,,0,,,,,,,,,
2020-01-18 00:00:00,17:55:00,SEM VÍTIMA,TORRE,RUA FREI JABOATAO,,,COLISÃO,ENTRE 2 AUTOS. S/V,2,,,,,,,,,0,,,,,,,,,
2020-01-18 00:00:00,20:49:00,COM VÍTIMA,IMBIRIBEIRA,RUA ITACARI,,SUBURBIO,ABALROAMENTO TRANSVERSAL,SIENA X VOYAGE,2,,,,,,,,,1,Cruzamento,Bom,Incompleta,Seca,Mal conservada,Placas Pare,,Única,
2020-01-18 00:00:00,21:26:00,SEM VÍTIMA,ÁGUA FRIA,AV BEBERIBE,187,SUBURBIO,ABALROAMENTO LONGITUDINAL,ENTRE 3 AUTOS. S/V,3,,,,,,,,,0,Longo da via,Bom,Ilegível,Seca,Perfeito estado,Não há placas,,Única,Faixa seccionada
2020-01-19 00:00:00,00:45:00,SEM VÍTIMA,CAMPO GRANDE,RUA ODORICO MENDES,,,COLISÃO,COLISÃO ENTRE VEÍCULOS- SEGUIDA DE CHOQUE EM DOIS TÁXIS ESTACIONADOS. SEM VÍTIMAS,4,,,,,,,,,0,,,,,,,,,
2020-01-19 00:00:00,02:29:00,SEM VÍTIMA,BOA VISTA,RUA DOM BOSCO,,CIDADE,CHOQUE VEÍCULO PARADO,AUTO CHOCOU-SE EM UM VEICULO QUE ENCONTRAVA-SE ESTACIONADO (UM DOS ENVOLVIDOS APRESENTA SINTOMAS DE EMBRIAGUEZ),2,,,,,,,,,0,Longo da via,Chuvoso,Perfeito estado,Molhada,Perfeito estado,R-6a,,Única,Faixa seccionada
2020-01-19 00:00:00,06:02:00,SEM VÍTIMA,SANTO AMARO,AV NORTE,36,,COLISÃO TRASEIRA,COLISÃO ENTRE AUTO E ÔNIBUS- S/V,1,,,,,1,,,,0,Longo da via,Bom,Perfeito estado,Seca,Perfeito estado,Outras,,Dupla,Canteiro central
2020-01-19 00:00:00,06:53:00,COM VÍTIMA,ROSARINHO,RUA COUTO MAGALHAES,,SUBURBIO,ABALROAMENTO LONGITUDINAL,AUTO E MOTO,1,1,,,,,,,,1,Esquina,Bom,Perfeito estado,Seca,Perfeito estado,Outras,30 km/h,Única,Não existe
2020-01-19 00:00:00,08:09:00,SEM VÍTIMA,CORDEIRO,AV CAXANGA,80,SUBURBIO,COLISÃO TRASEIRA,AUTO E ONIBUS,1,,,,,1,,,,0,Longo da via,Bom,Perfeito estado,Seca,Perfeito estado,R-6a,,Dupla,Faixa contínua
2020-01-19 00:00:00,09:12:00,SEM VÍTIMA,AFOGADOS,RUA FRANCISCO SILVEIRA,,,COLISÃO,CAMINHAO E AUTO,1,,,,,,1,,,0,,,,,,,,,
2020-01-19 00:00:00,09:35:00,SEM VÍTIMA,TEJIPIÓ,AV LIBERDADE,,SUBURBIO,ABALROAMENTO LONGITUDINAL,SEM VITIMAS,2,,,,,,,,,0,Longo da via,Bom,Não existente,Seca,Perfeito estado,Não há placas,,Dupla,Faixa contínua
2020-01-19 00:00:00,09:51:00,COM VÍTIMA,PINA,AV HERCULANO BANDEIRA,660,SUBURBIO,CHOQUE OBJETO FIXO,CAMINHAO CHOCOU-SE COM A LOJA / MOTORISTA FOI SOCORRIDO POR TERCEIROS,,,,,,,1,,,1,Longo da via,Bom,Perfeito estado,Seca,Perfeito estado,Outras,60 km/h,Única,Faixa seccionada
2020-01-19 00:00:00,10:07:00,SEM VÍTIMA,CORDEIRO,AV CAXANGA,,CIDADE,CHOQUE OBJETO FIXO,CHOQUE OBJETO FIXO. VEICULO PASSEIO- NAO A VITIMA,1,,,,,,,,,0,Cruzamento,Bom,Perfeito estado,Seca,Perfeito estado,Outras,,Dupla,Não existe
2020-01-19 00:00:00,13:15:00,SEM VÍTIMA,TORREÃO,AV NORTE,376,CIDADE,COLISÃO TRASEIRA,COLISÃO SEM VÍTIMA,1,,,,,1,,,,0,Longo da via,Bom,Perfeito estado,Seca,Perfeito estado,Outras,,Única,Faixa seccionada
2020-01-19 00:00:00,13:33:00,SEM VÍTIMA,IMBIRIBEIRA,AV SENADOR ROBERT KENNEDY,,SUBURBIO,ABALROAMENTO TRANSVERSAL,COLISÃO SEM VÍTIMA,1,1,,,,,,,,0,,Bom,Não existente,Seca,Perfeito estado,Não há placas,,Dupla,Não existe
2020-01-19 00:00:00,15:46:00,COM VÍTIMA,DOIS IRMÃOS,RUA DOIS IRMAOS,,SUBURBIO,ABALROAMENTO TRANSVERSAL,COLISÃO C/VITIMAS ENTRE UMA MOTO E UM AUTO (V.T 26 NO QTH),1,1,,,,,,,,2,Longo da via,Bom,Perfeito estado,Seca,Perfeito estado,Não há placas,,Dupla,Faixa contínua
2020-01-19 00:00:00,16:40:00,SEM VÍTIMA,ARRUDA,RUA SAO BENTO,,SUBURBIO,COLISÃO TRASEIRA,COLISÃO S/VITIMAS ENTRE DOIS AUTO,2,,,,,,,,,0,Longo da via,Bom,Perfeito estado,Seca,Perfeito estado,Outras,,Única,Faixa seccionada
2020-01-19 00:00:00,19:37:00,SEM VÍTIMA,IPUTINGA,AV CAXANGA,,,COLISÃO,ENTRE DOIS AUTOS S/V,2,,,,,,,,,0,,,,,,,,,
2020-01-19 00:00:00,20:21:00,SEM VÍTIMA,SANTO ANTÔNIO,C SANTA RITA,571,CIDADE,ABALROAMENTO LONGITUDINAL,ONIBUS X AUTO PASSEIO S/V,1,,,,,1,,,,0,Longo da via,Bom,Perfeito estado,Seca,Perfeito estado,Outras,,Única,Faixa contínua
2020-01-19 00:00:00,20:45:00,SEM VÍTIMA,TORREÃO,RUA DJALMA FARIAS,,CIDADE,ABALROAMENTO TRANSVERSAL,ENTRE AUTO E MOTO. S/V,1,1,,,,,,,,0,Cruzamento,Bom,Perfeito estado,Seca,Perfeito estado,Placas Pare,,Dupla,Não existe
2020-01-19 00:00:00,20:53:00,COM VÍTIMA,CORDEIRO,AV CAXANGA,235,SUBURBIO,COLISÃO TRASEIRA,AUTO PASSEIO X MOTO COM VÍTIMA,1,1,,,,,,,,1,Longo da via,Bom,Perfeito estado,Seca,Perfeito estado,,,Dupla,Canteiro central
2020-01-19 00:00:00,21:06:00,SEM VÍTIMA,CASA AMARELA,AV NORTE,,,COLISÃO,ENTRE 2 AUTOS. S/V,1,,,,,1,,,,0,,,,,,,,,
2020-01-19 00:00:00,21:41:00,COM VÍTIMA,ESTÂNCIA,AV DR JOSE RUFINO,,,COLISÃO,ENTRE AUTO E MOTO. C/V,1,1,,,,,,,,1,,,,,,,,,
2020-01-20 00:00:00,07:20:00,COM VÍTIMA,TORRE,RUA REAL DA TORRE,108,CIDADE,COLISÃO COM CICLISTA,COLISÃO COM UMA VITIMA AGUARDANDO SAMU,,1,,1,,,,,,1,Longo da via,Bom,Perfeito estado,Seca,Perfeito estado,Outras,50 km/h,Única,Faixa
2020-01-20 00:00:00,08:15:00,SEM VÍTIMA,DERBY,AV GOVERNADOR AGAMENON MAGALHAES,,,COLISÃO,SEM VITIMAS,1,,,,,1,,,,0,,,,,,,,,
2020-01-20 00:00:00,08:24:00,SEM VÍTIMA,DERBY,AV GOVERNADOR AGAMENON MAGALHAES,,CIDADE,ABALROAMENTO LONGITUDINAL,COLISÃO S/VITIMAS ENTRE UM AUTO E UM ONIBUS (V.T 05 NO QTH),1,,,,,1,,,,0,Cruzamento,Bom,Perfeito estado,Seca,Perfeito estado,Placas Pare,30 km/h,Dupla,Faixa seccionada
2020-01-20 00:00:00,08:28:00,SEM VÍTIMA,ESPINHEIRO,RUA QUARENTA E OITO,11,,ABALROAMENTO LONGITUDINAL,SEM VITIMAS,1,,,,,1,,,,0,Longo da via,Bom,Perfeito estado,Seca,Perfeito estado,,,Única,Faixa seccionada
2020-01-20 00:00:00,08:39:00,SEM VÍTIMA,IPSEP,AV RECIFE,130,,COLISÃO TRASEIRA,COLISÃO S/VITIMAS ENTRE TRES AUTOS,3,,,,,,,,,0,Longo da via,Bom,Perfeito estado,Seca,Perfeito estado,Não há placas,60 km/h,Dupla,Faixa contínua
2020-01-20 00:00:00,09:18:00,SEM VÍTIMA,GRAÇAS,RUA ANTONIO NOVAIS,,,ABALROAMENTO LONGITUDINAL,COLISÃO S/VITIMAS ENTRE UMA MOTO E UM AUTO,1,1,,,,,,,,0,Longo da via,Bom,Perfeito estado,Seca,Perfeito estado,Não há placas,,Única,Não existe
2020-01-20 00:00:00,09:30:00,COM VÍTIMA,CORDEIRO,AV GENERAL SAN MARTIN,185,SUBURBIO,ATROPELAMENTO,COM UMA VITIMA AGUARDANDO SOCORRO/ VT 24 NO LOCAL,,1,,,1,,,,,1,Longo da via,Bom,Perfeito estado,Seca,Perfeito estado,,,Dupla,Faixa contínua
2020-01-20 00:00:00,09:35:00,SEM VÍTIMA,MADALENA,RUA JOSE MUCIO MONTEIRO,,,ABALROAMENTO LONGITUDINAL,COLISAO S/ VITIMA. DOIS VEICULOS,2,,,,,,,,,0,Longo da via,Bom,Perfeito estado,Seca,Perfeito estado,R-6a,,Única,Faixa seccionada
2020-01-20 00:00:00,10:09:00,SEM VÍTIMA,ESPINHEIRO,RUA CONS PORTELA,11,CIDADE,COLISÃO TRASEIRA,ONIBUS E AUTO GM RODRIGO NO QTH P.O,1,,,,,1,,,,0,Cruzamento,Bom,Perfeito estado,Seca,Perfeito estado,Outras,40 km/h,Única,
2020-01-20 00:00:00,10:11:00,SEM VÍTIMA,CORDEIRO,RUA TAMBORIL,,CIDADE,COLISÃO FRONTAL,COLISÃO S/VITIMAS ENTRE DOIS AUTOS,1,,,,,1,,,,0,,Bom,Perfeito estado,Seca,Perfeito estado,Placas Pare,,Dupla,Não existe
2020-01-20 00:00:00,10:18:00,SEM VÍTIMA,IMBIRIBEIRA,AV MARECHAL MASCARENHAS DE MORAES,625,SUBURBIO,COLISÃO TRASEIRA,SEM VITIMAS,2,,,,,,,,,0,Longo da via,Bom,Perfeito estado,Seca,Perfeito estado,Não há placas,60 km/h,Dupla,Canteiro central
2020-01-20 00:00:00,10:43:00,SEM VÍTIMA,JORDÃO,RUA DR ANDRADE LYRA,,CIDADE,COLISÃO TRASEIRA,COLISAO S/ VITIMA. VEICULO E COMBI,2,,,,,,,,,0,Longo da via,Bom,Perfeito estado,Seca,Perfeito estado,,30 km/h,Única,Não existe
2020-01-20 00:00:00,10:34:00,SEM VÍTIMA,MADALENA,RUA JOAO IVO DA SILVA,,SUBURBIO,ABALROAMENTO LONGITUDINAL,COLISÃO SEM VITIMAS,1,,,,,1,,,,0,Longo da via,Bom,Perfeito estado,Seca,Perfeito estado,Não há placas,,Única,
2020-01-20 00:00:00,11:42:00,COM VÍTIMA,BOA VIAGEM,AV CONSELHEIRO AGUIAR,127,CIDADE,ABALROAMENTO LONGITUDINAL,AUTO E MOTO,1,1,,,,,,,,1,Cruzamento,Bom,Perfeito estado,Seca,Perfeito estado,Não há placas,60 km/h,Única,Faixa seccionada
2020-01-20 00:00:00,11:59:00,SEM VÍTIMA,BOA VISTA,AV GOVERNADOR AGAMENON MAGALHAES,,,COLISÃO TRASEIRA,COLISAO S/ VITIMA. ENTRE DOIS VEICULOS. GM: ERIVAN SILVA E LEILA. PONTO FIXO NO LOCAL,2,,,,,,,,,0,Longo da via,Bom,Perfeito estado,Seca,Perfeito estado,Outras,60 km/h,Dupla,Canteiro central
2020-01-20 00:00:00,12:26:00,SEM VÍTIMA,IMBIRIBEIRA,AV MARECHAL MASCARENHAS DE MORAES,630,SUBURBIO,COLISÃO TRASEIRA,COLISÃO SEM VÍTIMA,2,,,,,,,,,0,Longo da via,Bom,Perfeito estado,Seca,Perfeito estado,Não há placas,60 km/h,Dupla,Canteiro central
2020-01-20 00:00:00,12:26:00,SEM VÍTIMA,CAMPO GRANDE,RUA ODORICO MENDES,49,SUBURBIO,ABALROAMENTO TRANSVERSAL,COISAO SEM VITIMAS,1,1,,,,,,,,0,Cruzamento,Bom,Perfeito estado,Seca,Perfeito estado,R-4a,60 km/h,Dupla,Faixa seccionada
2020-01-20 00:00:00,13:10:00,SEM VÍTIMA,DOIS IRMÃOS,RUA DOM MANOEL DA COSTA,,,COLISÃO,COLISAO SEM VITIMAS,1,,,,,1,,,,0,,,,,,,,,
2020-01-20 00:00:00,13:17:00,SEM VÍTIMA,MADALENA,AV VISCONDE DE ALBUQUERQUE,,SUBURBIO,ABALROAMENTO TRANSVERSAL,COLISÃO SEM VÍTIMA,2,,,,,,,,,0,Cruzamento,Bom,Perfeito estado,Seca,Perfeito estado,Placas Pare,,Única,Faixa seccionada
2020-01-20 00:00:00,13:26:00,SEM VÍTIMA,BOA VIAGEM,AV ENGENHEIRO DOMINGOS FERREIRA,,SUBURBIO,COLISÃO TRASEIRA,COLISAO SEM VITIMAS,2,,,,,,,,,0,Longo da via,Bom,Perfeito estado,Seca,Perfeito estado,Não há placas,60 km/h,Dupla,Canteiro central
2020-01-20 00:00:00,13:34:00,COM VÍTIMA,BOA VIAGEM,AV ENGENHEIRO DOMINGOS FERREIRA,217,SUBURBIO,ABALROAMENTO LONGITUDINAL,COLISAO COM VITIMAS,2,,,,,,,,,1,Cruzamento,Bom,Perfeito estado,Seca,Perfeito estado,R-6a,60 km/h,Única,Faixa seccionada
2020-01-20 00:00:00,13:48:00,SEM VÍTIMA,JORDÃO,AV MARIA IRENE,,CIDADE,COLISÃO TRASEIRA,COLISÃO SEM VÍTIMA,1,,,,,1,,,,0,Longo da via,Bom,Ilegível,Seca,Mal conservada,Outras,60 km/h,Dupla,Faixa contínua
2020-01-20 00:00:00,14:19:00,SEM VÍTIMA,ENCRUZILHADA,AV NORTE,43,SUBURBIO,COLISÃO TRASEIRA,ENTRE DOIS AUTOS S/V,1,,,,,,1,,,0,Longo da via,Bom,Perfeito estado,Seca,Perfeito estado,,60 km/h,Dupla,Canteiro central
2020-01-20 00:00:00,14:27:00,SEM VÍTIMA,BOA VISTA,AV MANOEL BORBA,169,SUBURBIO,ABALROAMENTO LONGITUDINAL,ONIBUS X MOTO S/V,,,1,,,1,,,,0,Cruzamento,Bom,Perfeito estado,Seca,Perfeito estado,R-6a,,Única,Faixa seccionada
2020-01-20 00:00:00,14:40:00,SEM VÍTIMA,SANTO AMARO,RUA TREZE DE MAIO,36,SUBURBIO,COLISÃO TRASEIRA,ENTRE DOIS AUTOS S/V,2,,,,,,,,,0,Longo da via,Bom,Perfeito estado,Seca,Perfeito estado,R-6a,,Dupla,Faixa contínua
2020-01-20 00:00:00,15:42:00,SEM VÍTIMA,BOA VISTA,RUA DR LEOPOLDO LINS,78,SUBURBIO,COLISÃO TRASEIRA,AUTO PASSEIO X MOTO S/V,1,1,,,,,,,,0,Longo da via,Bom,Perfeito estado,Seca,Perfeito estado,R-6a,,Única,Não existe
2020-01-20 00:00:00,16:15:00,COM VÍTIMA,DERBY,AV GOVERNADOR AGAMENON MAGALHAES,75,BOA VIAGEM,ATROPELAMENTO,ATROPELAMENTO ENTRE AUTO E PEDESTRE,1,,,,1,,,,,1,Cruzamento,Bom,Perfeito estado,Seca,Perfeito estado,,60 km/h,Única,Faixa seccionada
2020-01-20 00:00:00,16:20:00,SEM VÍTIMA,DERBY,PRC DO DERBY,,CIDADE,COLISÃO TRASEIRA,COLISÃO SEM VÍTIMA,2,,,,,,,,,0,Longo da via,Bom,Perfeito estado,Seca,Perfeito estado,,50 km/h,Dupla,Canteiro central
2020-01-20 00:00:00,16:34:00,SEM VÍTIMA,BOA VIAGEM,RUA ANTONIO VICENTE,,SUBURBIO,ABALROAMENTO LONGITUDINAL,COLISÃO SEM VÍTIMA,2,,,,,,,,,0,Longo da via,Bom,Perfeito estado,Seca,Perfeito estado,Placas Pare,,Dupla,Faixa seccionada
2020-01-20 00:00:00,16:56:00,SEM VÍTIMA,CURADO,RUA MINISTRO MARIO ANDREAZZA,,,ABALROAMENTO TRANSVERSAL,ENTRE ONIBUS X AUTO PASSEIO,1,,,,,1,,,,0,Longo da via,Bom,Não existente,Seca,Mal conservada,Não há placas,,Dupla,Não existe
2020-01-20 00:00:00,16:57:00,SEM VÍTIMA,VÁRZEA,AV AFONSO OLINDENSE,638,SUBURBIO,COLISÃO TRASEIRA,COLISAO SEM VITIMAS,1,1,,,,,,,,0,Longo da via,Bom,Perfeito estado,Seca,Perfeito estado,,,,
2020-01-20 00:00:00,17:05:00,SEM VÍTIMA,MANGABEIRA,AV NORTE,96,SUBURBIO,COLISÃO TRASEIRA,COLISAO SEM VITIMAS,2,,,,,,,,,0,Longo da via,Bom,Perfeito estado,Seca,Perfeito estado,Outras,,Dupla,Canteiro central
2020-01-20 00:00:00,17:34:00,SEM VÍTIMA,BOA VIAGEM,RUA MARQUES DE VALENCA,,,ABALROAMENTO TRANSVERSAL,ENTRE DOIS AUTOS S/V,2,,,,,,,,,0,Cruzamento,Bom,Perfeito estado,Seca,Perfeito estado,R-6a,,Dupla,Faixa seccionada
2020-01-20 00:00:00,17:49:00,SEM VÍTIMA,SANTO ANTÔNIO,PRC DA REPUBLICA,278,CIDADE,ABALROAMENTO LONGITUDINAL,COLISAO SEM VITIMAS,1,,,,,1,,,,0,Longo da via,Bom,Perfeito estado,Seca,Perfeito estado,R-6a,30 km/h,Única,Faixa contínua
2020-01-20 00:00:00,18:34:00,COM VÍTIMA,IMBIRIBEIRA,AV PINHEIROS,,SUBURBIO,COLISÃO FRONTAL,ENTRE AUTO PASSEIO X MOTO COM VITIMA,1,1,,,,,,,,1,Longo da via,Bom,Perfeito estado,Seca,Perfeito estado,Não há placas,,Dupla,Não existe
2020-01-20 00:00:00,18:39:00,SEM VÍTIMA,DOIS UNIDOS,AV HILDEBRANDO DE VASCONCELOS,,SUBURBIO,ABALROAMENTO LONGITUDINAL,SIENA X PALIO OBS: OS DOPIS VEICULOS ESTA COM EIXO QUEBRADOS,2,,,,,,,,,0,Longo da via,Bom,Perfeito estado,Seca,Perfeito estado,Não há placas,,Dupla,Faixa seccionada
2020-01-20 00:00:00,19:21:00,SEM VÍTIMA,TORRÕES,AV INACIO MONTEIRO,,,COLISÃO,FIAT TORO X ONIX,2,,,,,,,,,0,,,,,,,,,
2020-01-20 00:00:00,19:31:00,SEM VÍTIMA,JOANA BEZERRA,VIADUTO CAPITAO TEMUDO,,SUBURBIO,ABALROAMENTO LONGITUDINAL,CAMINHAO X RENEGADE,1,,,,,,1,,,0,Viaduto,Bom,Perfeito estado,Seca,Perfeito estado,Outras,,Dupla,
2020-01-21 00:00:00,06:57:00,SEM VÍTIMA,JORDÃO,RUA BOANERGES PEREIRA,,CIDADE,ABALROAMENTO LONGITUDINAL,COLISÃO S/VITIMAS ENTRE UM CAMINHÃO E UM MICROONIBUS,,,,,,1,,,,0,Longo da via,Bom,Perfeito estado,Seca,Perfeito estado,Não há placas,30 km/h,Dupla,Não existe
2020-01-21 00:00:00,08:18:00,SEM VÍTIMA,IPSEP,RUA BLUMENAU,,SUBURBIO,ABALROAMENTO LONGITUDINAL,COLISÃO S/VITIMAS ENTEE DOIS AUTOS,2,,,,,,,,,0,Cruzamento,Bom,Perfeito estado,Seca,Perfeito estado,Não há placas,,Única,Não existe
2020-01-21 00:00:00,08:18:00,SEM VÍTIMA,DERBY,AV GOVERNADOR AGAMENON MAGALHAES,174,,COLISÃO TRASEIRA,COLISAO S/ VITIMA. ONIBUS E VEICULO. GM: EVERTON SILVA E EVANDRO RAMOS- PONTO FIXO NO LOCAL,1,,,,,1,,,,0,Longo da via,Bom,Perfeito estado,Seca,Perfeito estado,Outras,60 km/h,Única,Faixa seccionada
2020-01-21 00:00:00,08:29:00,SEM VÍTIMA,VÁRZEA,RUA BERNARDIM RIBEIRO,,,COLISÃO,DOIS AUTOS,2,,,,,,,,,0,,,,,,,,,
2020-01-21 00:00:00,08:33:00,SEM VÍTIMA,CABANGA,RUA COMANDANTE ANTONIO MANHAES DE MATTOS,,,COLISÃO TRASEIRA,COLISAO S/ VITIMA. DOIS VEICULOS,2,,,,,,,,,0,Longo da via,Bom,Perfeito estado,Seca,Perfeito estado,Não há placas,,Única,Faixa seccionada
2020-01-21 00:00:00,08:39:00,COM VÍTIMA,CAMPO GRANDE,AV GOVERNADOR AGAMENON MAGALHAES,,CIDADE,ATROPELAMENTO,ATROPELAMENTO ENVOLVENDO 3 VITIMAS,1,,,,3,,,,,3,Longo da via,Bom,Não existente,Seca,Mal conservada,Não há placas,60 km/h,Única,Não existe
2020-01-21 00:00:00,08:55:00,SEM VÍTIMA,CASA AMARELA,AV NORTE,,CIDADE,ABALROAMENTO LONGITUDINAL,AUTO E CAMINHAO / VT 8 NO QTH,1,,,,,,1,,,0,,Bom,Perfeito estado,Seca,Perfeito estado,Placas Pare,,Dupla,Canteiro central
2020-01-21 00:00:00,09:36:00,SEM VÍTIMA,BAIRRO DO RECIFE,RUA MADRE DEUS,,SUBURBIO,COLISÃO TRASEIRA,COLISÃO S/VITIMAS ENTRE UMA VAN E UM AUTO,1,,,,,1,,,,0,Longo da via,Bom,Perfeito estado,Seca,Perfeito estado,Placas Dê a preferência,30 km/h,Única,Não existe
2020-01-21 00:00:00,09:45:00,COM VÍTIMA,IPSEP,RUA ITACARI,,SUBURBIO,ABALROAMENTO TRANSVERSAL,COLISAO COM VITIMA. ENTRE VEICULO E MOTO,1,1,,,,,,,,1,Cruzamento,Bom,Incompleta,Seca,Perfeito estado,Não há placas,30 km/h,Única,Faixa seccionada
2020-01-21 00:00:00,10:04:00,SEM VÍTIMA,GRAÇAS,RUA AMELIA,177,CIDADE,COLISÃO TRASEIRA,COLISÃO S/VITIMAS ENTRE DOIS AUTOS,2,,,,,,,,,0,Longo da via,Bom,Perfeito estado,Seca,Perfeito estado,R-6a,40 km/h,Única,Faixa contínua
2020-01-21 00:00:00,10:24:00,SEM VÍTIMA,BOA VIAGEM,AV CONSELHEIRO AGUIAR,,CIDADE,ABALROAMENTO LONGITUDINAL,AUTO E CAMINHÃO,1,,,,,,1,,,0,Longo da via,Bom,Perfeito estado,Seca,Perfeito estado,Não há placas,60 km/h,Única,Faixa seccionada
2020-01-21 00:00:00,12:20:00,SEM VÍTIMA,BOA VIAGEM,AV HERCULANO BANDEIRA,,SUBURBIO,COLISÃO TRASEIRA,ENTRE TRÊS AUTOS S/V,3,,,,,,,,,0,Longo da via,Bom,Perfeito estado,Seca,Perfeito estado,Não há placas,60 km/h,Única,Faixa seccionada
2020-01-21 00:00:00,12:36:00,SEM VÍTIMA,ÁGUA FRIA,AV BEBERIBE,405,,ABALROAMENTO LONGITUDINAL,COLISÃO SEM VÍTIMA,1,,,,,,1,,,0,Longo da via,Bom,Perfeito estado,Seca,Perfeito estado,,,Única,Não existe
2020-01-21 00:00:00,12:56:00,SEM VÍTIMA,ARRUDA,RUA DAS MOCAS,,SUBURBIO,ABALROAMENTO TRANSVERSAL,ENTRE DOIS AUTOS S/V,2,,,,,,,,,0,Cruzamento,Bom,Perfeito estado,Seca,Perfeito estado,Placas Pare,30 km/h,Dupla,Faixa seccionada
2020-01-21 00:00:00,13:33:00,SEM VÍTIMA,MADALENA,RUA RODOLFO RANGEL MOREIRA,,,COLISÃO TRASEIRA,COLISÃO SEM VITIMA,3,,,,,,,,,0,Longo da via,Bom,Não existente,Seca,,Outras,,Única,Não existe