data,hora,natureza,bairro,endereco,num_semaforo,sentido_via,tipo,auto,moto,ciclom,ciclista,pedestre,onibus,caminhao,viatura,outros,vitimas,vitimasfatais,acidente_verificado,tempo_clima,sinalizacao,condicao_via,conservacao_via,situacao_placa,velocidade_max_via,mao_direcao,divisao_via1
2020-01-27 00:00:00,14:47:00,SEM VÍTIMA,BOA VISTA,RUA PADRE INGLES,,,ABALROAMENTO LONGITUDINAL,COLISÃO SEM VÍTIMA,2,,,,,,,,,0,Longo da via,Bom,Perfeito estado,Seca,Mal conservada,Placas Pare,,Única,Não existe
2020-01-27 00:00:00,15:50:00,SEM VÍTIMA,MADALENA,AV CAXANGA,273,SUBURBIO,COLISÃO TRASEIRA,COLISÃO SEM VÍTIMA,3,,,,,,,,,0,Longo da via,Bom,Perfeito estado,Seca,,Outras,,Única,Não existe
2020-01-27 00:00:00,16:45:00,COM VÍTIMA,SANTO AMARO,AV CRUZ CABUGA,,,ABALROAMENTO TRANSVERSAL,DUAS MOTOCICLETAS,,2,,,,,,,,1,Cruzamento,Bom,Perfeito estado,Seca,Perfeito estado,Não há placas,,Dupla,Não existe
2020-01-27 00:00:00,17:17:00,SEM VÍTIMA,ENGENHO DO MEIO,RUA FRANCISCO BEZERRA MONTEIRO,,SUBURBIO,ABALROAMENTO LONGITUDINAL,COLISÃO SEM VÍTIMA,2,,,,,,,,,0,Longo da via,Bom,Não existente,Seca,Perfeito estado,Não há placas,,Dupla,Não existe
2020-01-27 00:00:00,17:58:00,SEM VÍTIMA,IPSEP,RUA HELIO BRANDAO,,SUBURBIO,ABALROAMENTO LONGITUDINAL,ENTRE ONIBUS X TAXI S/V,1,,,,,1,,,,0,Longo da via,Bom,Não existente,Seca,Perfeito estado,Não há placas,30 km/h,Única,Não existe
2020-01-27 00:00:00,18:21:00,SEM VÍTIMA,TAMARINEIRA,EST DO ARRAIAL,,,COLISÃO,ONIBUS X AUTO PASSEIO S/V,1,,,,,1,,,,0,,,,,,,,,
2020-01-27 00:00:00,18:24:00,SEM VÍTIMA,BOA VIAGEM,AV ENGENHEIRO DOMINGOS FERREIRA,,SUBURBIO,COLISÃO TRASEIRA,COLISÃO SEM VÍTIMA,2,,,,,,,,,0,Longo da via,Bom,Perfeito estado,Seca,Perfeito estado,R-6a,60 km/h,Dupla,Canteiro central
2020-01-27 00:00:00,18:29:00,COM VÍTIMA,IPSEP,AV RECIFE,,CIDADE,COLISÃO TRASEIRA,ENTRE AUTO PASSEIO X CARROÇA COM VÍTIMA. APÓS A COLISÃO NA CARROÇA- ELA COLIDIU COM UM TERCEIRO ENVOLVIDO.,2,,,,,,,,1,1,Longo da via,Bom,Perfeito estado,Seca,Perfeito estado,Outras,60 km/h,Dupla,Faixa contínua
2020-01-27 00:00:00,18:38:00,COM VÍTIMA,ÁGUA FRIA,RUA DA REGENERACAO,,CIDADE,COLISÃO FRONTAL,COLISÃO COM VITIMA,2,1,,,,,,,,1,Cruzamento,Bom,Incompleta,Seca,,Não há placas,,Dupla,Não existe
2020-01-27 00:00:00,18:43:00,SEM VÍTIMA,PINA,AV HERCULANO BANDEIRA,660,SUBURBIO,ABALROAMENTO LONGITUDINAL,ONIBUS BORBOREMA X RENAULT LOGAN,1,,,,,1,,,,0,Longo da via,Bom,Perfeito estado,Seca,Perfeito estado,,,Única,Faixa contínua
2020-01-27 00:00:00,20:21:00,COM VÍTIMA,IPSEP,RUA ALDEMAR DE OLIVEIRA,,,ABALROAMENTO TRANSVERSAL,ENTRE AUTO PASSEIO X MOTO COM VÍTIMA,1,1,,,,,,,,2,Cruzamento,Bom,Ilegível,Seca,Perfeito estado,Não há placas,,Dupla,Faixa contínua
2020-01-27 00:00:00,21:16:00,SEM VÍTIMA,JAQUEIRA,RUA SIMAO MENDES,,SUBURBIO,COLISÃO TRASEIRA,ENTRE DOIS AUTOS S/V,2,,,,,,,,,0,Longo da via,Bom,Não existente,Seca,Perfeito estado,,40 km/h,Dupla,Não existe
2020-01-27 00:00:00,23:18:00,SEM VÍTIMA,BOA VIAGEM,RUA JOAO CARDOSO AIRES,478,SUBURBIO,COLISÃO TRASEIRA,HONDA HRV X SANDERO,2,,,,,,,,,0,Longo da via,Bom,Perfeito estado,Seca,Perfeito estado,Outras,,Única,Faixa seccionada
2020-01-28 00:00:00,07:05:00,SEM VÍTIMA,AFOGADOS,RUA COSME VIANA,,SUBURBIO,COLISÃO TRASEIRA,SEM VITIMAS,1,,,,,,1,,,0,Longo da via,Bom,Perfeito estado,Seca,Perfeito estado,R-6a,,Única,Faixa seccionada
2020-01-28 00:00:00,07:07:00,SEM VÍTIMA,CORDEIRO,RUA ODETE MONTEIRO,,CIDADE,ABALROAMENTO LONGITUDINAL,COLISÃO S/VITIMAS ENTRE DOIS AUTOS,2,,,,,,,,,0,Cruzamento,Bom,Perfeito estado,Seca,Perfeito estado,,,Dupla,Canteiro central
2020-01-28 00:00:00,07:23:00,SEM VÍTIMA,BOA VIAGEM,AVENIDA CELSO FURTADO (VIA MANGUE),,SUBURBIO,ABALROAMENTO LONGITUDINAL,SEM VITIMAS,2,,,,,,,,,0,Longo da via,Bom,Perfeito estado,Seca,Perfeito estado,Não há placas,60 km/h,Dupla,Canteiro central
2020-01-28 00:00:00,07:49:00,SEM VÍTIMA,ESPINHEIRO,AV GOVERNADOR AGAMENON MAGALHAES,,,ABALROAMENTO LONGITUDINAL,COLISÃO S/VITIMAS ENTRE DOIS AUTOS,2,,,,,,,,,0,,Bom,Perfeito estado,Seca,Perfeito estado,Placas Pare,,Dupla,Não existe
2020-01-28 00:00:00,08:11:00,SEM VÍTIMA,JOANA BEZERRA,VIADUTO CAPITAO TEMUDO,,,COLISÃO TRASEIRA,ENGAVETAMENTO ENTRE TRES VEICULOS. SEM VITIMA,2,,,,,,,,1,0,Viaduto,Bom,Perfeito estado,Seca,Perfeito estado,Não há placas,60 km/h,Dupla,Faixa seccionada
2020-01-28 00:00:00,08:15:00,SEM VÍTIMA,IMBIRIBEIRA,AV MARECHAL MASCARENHAS DE MORAES,287,CIDADE,COLISÃO TRASEIRA,DUAS MOTOS BATEDORES NO LOCAL INSP. ROMERO E BATISTUTA,,2,,,,,,,,0,Longo da via,Bom,Perfeito estado,Seca,Perfeito estado,Não há placas,60 km/h,Dupla,Canteiro central
2020-01-28 00:00:00,08:20:00,COM VÍTIMA,IMBIRIBEIRA,AV MARECHAL MASCARENHAS DE MORAES,631,CIDADE,ABALROAMENTO TRANSVERSAL,COM UMA VITIMA -SAMU NO LOCAL/CTTU NO LOCAL/GM LEONALDO E ANDRE MANOEL,1,1,,,,,,,,1,Cruzamento,Bom,Perfeito estado,Seca,Perfeito estado,,60 km/h,Dupla,Faixa contínua
2020-01-28 00:00:00,08:27:00,COM VÍTIMA,VASCO DA GAMA,RUA VASCO DA GAMA,,SUBURBIO,COLISÃO COM CICLISTA,MOTO E CICLISTA,,1,,1,,,,,,1,Longo da via,Bom,Incompleta,Seca,Perfeito estado,Outras,30 km/h,Dupla,Não existe
2020-01-28 00:00:00,08:47:00,SEM VÍTIMA,SÃO JOSÉ,C SANTA RITA,,SUBURBIO,ABALROAMENTO LONGITUDINAL,DOIS AUTOS,2,,,,,,,,,0,Longo da via,Bom,Perfeito estado,Seca,Perfeito estado,Não há placas,60 km/h,Dupla,Canteiro central
2020-01-28 00:00:00,09:40:00,SEM VÍTIMA,ESPINHEIRO,RUA DA HORA,,,ABALROAMENTO LONGITUDINAL,SEM VITIMAS,2,,,,,,,,,0,Longo da via,Bom,Perfeito estado,Seca,Perfeito estado,R-6a,,Única,
2020-01-28 00:00:00,09:58:00,SEM VÍTIMA,BOA VISTA,RUA DA MATRIZ,,CIDADE,ABALROAMENTO LONGITUDINAL,SEM VITIMAS,1,1,,,,,,,,0,Longo da via,Bom,Perfeito estado,Seca,Perfeito estado,Outras,,Única,Não existe
2020-01-28 00:00:00,11:39:00,SEM VÍTIMA,MADALENA,RUA BENFICA,,CIDADE,ABALROAMENTO LONGITUDINAL,DOIS AUTOS,2,,,,,,,,,0,Longo da via,Bom,Perfeito estado,Seca,Perfeito estado,Outras,30 km/h,Única,Faixa seccionada
2020-01-28 00:00:00,12:11:00,SEM VÍTIMA,AFOGADOS,EST DOS REMEDIOS,,,COLISÃO,COLISÃO SEM VÍTIMA,2,,,,,,,,,0,,,,,,,,,
2020-01-28 00:00:00,13:05:00,SEM VÍTIMA,PINA,AV ANTONIO DE GOES,103,CIDADE,COLISÃO TRASEIRA,COLISÃO SEM VÍTIMA,2,,,,,,,,,0,Longo da via,Bom,Perfeito estado,Seca,Perfeito estado,,60 km/h,Única,Canteiro central
2020-01-28 00:00:00,13:33:00,SEM VÍTIMA,MUSTARDINHA,AV MANOEL GONCALVES DA LUZ,,SUBURBIO,ABALROAMENTO TRANSVERSAL,COLISÃO SEM VITIMA,1,1,,,,,,,,0,,Bom,Perfeito estado,Seca,Perfeito estado,Placas Pare,,Dupla,Faixa seccionada
2020-01-28 00:00:00,13:47:00,COM VÍTIMA,ENCRUZILHADA,EST DE BELEM,,CIDADE,ABALROAMENTO TRANSVERSAL,MOTO X SAVEIRO OBS : BOMBEIRO NO LOCAL INFORMOU QUE A FRATURA FOI EXPOSTA,1,1,,,,,,,,1,Esquina,Bom,Perfeito estado,Seca,Perfeito estado,R-6a,,Dupla,Faixa contínua
2020-01-28 00:00:00,14:07:00,SEM VÍTIMA,CORDEIRO,AV CAXANGA,,SUBURBIO,COLISÃO TRASEIRA,COLISÃO SEM VÍTIMA,2,,,,,,,,,0,Longo da via,Bom,Perfeito estado,Seca,Perfeito estado,Outras,,Dupla,Faixa contínua
2020-01-28 00:00:00,14:49:00,SEM VÍTIMA,ILHA DO RETIRO,EST DOS REMEDIOS,,SUB/CID,ABALROAMENTO LONGITUDINAL,COLISÃO SEM VÍTIMA,2,,,,,,,,,0,Longo da via,Bom,Perfeito estado,Seca,Perfeito estado,,60 km/h,Única,
2020-01-28 00:00:00,15:15:00,COM VÍTIMA,BOA VIAGEM,RUA DR LUIZ CORREA DE OLIVEIRA,,CIDADE,COLISÃO FRONTAL,COLISÃO COM VITIMA,1,1,,,,,,,,2,Cruzamento,Bom,Não existente,Seca,Perfeito estado,Não há placas,,Dupla,Não existe
2020-01-28 00:00:00,15:22:00,SEM VÍTIMA,SANTO AMARO,AV DR JAYME DA FONTE,,SUBURBIO,ABALROAMENTO LONGITUDINAL,COLISÃO SEM VÍTIMA,1,,,,,1,,,,0,Longo da via,Bom,Perfeito estado,Seca,Perfeito estado,R-6a,,Dupla,Faixa seccionada
2020-01-28 00:00:00,15:25:00,SEM VÍTIMA,IPSEP,RUA DANCING DAYS,,,COLISÃO,COLISÃO SEM VITIMA,1,,,,,1,,,,0,,,,,,,,,
2020-01-28 00:00:00,15:49:00,SEM VÍTIMA,AREIAS,AV RECIFE,599,SUBURBIO,COLISÃO TRASEIRA,COLISÃO SEM VITIMA,1,1,,,,,,,,0,Longo da via,Bom,Perfeito estado,Seca,Perfeito estado,Outras,,Dupla,Canteiro central
2020-01-28 00:00:00,16:25:00,SEM VÍTIMA,SAN MARTIN,AV CONSUL VILARES FRAGOSO,,,COLISÃO,COLISÃO SEM VITIMA,2,,,,,,,,,0,,,,,,,,,
2020-01-28 00:00:00,17:59:00,SEM VÍTIMA,TORRE,RUA PROFESSOR TRAJANO DE MENDONCA,,CIDADE,ABALROAMENTO LONGITUDINAL,CAMINHAO HR X HB20,1,,,,,,1,,,0,Longo da via,Bom,Perfeito estado,Seca,Perfeito estado,R-6a,,Única,Faixa contínua
2020-01-28 00:00:00,18:43:00,SEM VÍTIMA,AFOGADOS,AV SUL,,CIDADE,ABALROAMENTO LONGITUDINAL,ENTRE 2 AUTOS.S/V,2,,,,,,,,,0,Longo da via,Bom,Perfeito estado,Seca,Perfeito estado,Não há placas,,Única,Faixa contínua
2020-01-28 00:00:00,19:01:00,COM VÍTIMA,AREIAS,AV RECIFE,620,CIDADE,ABALROAMENTO LONGITUDINAL,MOTO X FIAT MOBI,1,1,,,,,,,,1,Longo da via,Bom,Perfeito estado,Seca,Perfeito estado,R-4a,,Dupla,Canteiro central
2020-01-28 00:00:00,19:49:00,SEM VÍTIMA,SANTO AMARO,AV CRUZ CABUGA,,SUBURBIO,ABALROAMENTO LONGITUDINAL,,1,,,,,1,,,,0,Cruzamento,Bom,Perfeito estado,Seca,Perfeito estado,R-25b,,Dupla,Faixa contínua
2020-01-28 00:00:00,20:01:00,SEM VÍTIMA,BOA VIAGEM,RUA ERNESTO DE PAULA SANTOS,,SUBURBIO,ABALROAMENTO LONGITUDINAL,ENTRE AUTO E MOTO. S/V,1,1,,,,,,,,0,Longo da via,Bom,Ilegível,Seca,Mal iluminada,Não há placas,,Única,Faixa seccionada
2020-01-28 00:00:00,21:02:00,SEM VÍTIMA,CORDEIRO,AV MAURICIO DE NASSAU,,SUBURBIO,CHOQUE VEÍCULO PARADO,ENTRE VTS . S/V,2,,,,,,,,,0,Longo da via,Bom,Ilegível,Seca,Perfeito estado,Não há placas,,Dupla,Não existe
2020-01-28 00:00:00,23:52:00,SEM VÍTIMA,IMBIRIBEIRA,AV SUL,,SUBURBIO,COLISÃO TRASEIRA,ENTRE 2 AUTOS. S/V,2,,,,,,,,,0,Longo da via,Bom,Perfeito estado,Seca,Mal iluminada,Outras,,Única,Faixa seccionada
2020-01-29 00:00:00,06:38:00,SEM VÍTIMA,SANTO AMARO,AV CRUZ CABUGA,470,CIDADE,ABALROAMENTO LONGITUDINAL,DOIS AUTOS,2,,,,,,,,,0,Longo da via,Bom,Perfeito estado,Seca,Perfeito estado,Outras,,Dupla,Faixa seccionada
2020-01-29 00:00:00,07:10:00,COM VÍTIMA,BOA VIAGEM,RUA VISCONDE DE JEQUITINHONHA,,,COLISÃO COM CICLISTA,ONIBUS E CICLISTA,,,,1,,,,,,1,,,,,,,,,
2020-01-29 00:00:00,08:00:00,COM VÍTIMA,BOA VIAGEM,RUA RIBEIRO DE BRITO,,SUBURBIO,ABALROAMENTO TRANSVERSAL,DUAS MOTOS /  ANDRE SANTOS E ERNESTO SILVA NO QTH P.O,,2,,,,,,,,3,Cruzamento,Bom,Perfeito estado,Seca,Perfeito estado,Não há placas,,Única,Faixa seccionada
2020-01-29 00:00:00,08:14:00,SEM VÍTIMA,BOA VIAGEM,AV ENGENHEIRO DOMINGOS FERREIRA,216,SUBURBIO,ABALROAMENTO LONGITUDINAL,COLISAO S/ VITIMA. UM AUTO PASSEIO E UM ONIBUS DA EMPRESA BORBOREMA,1,,,,,1,,,,0,Longo da via,Bom,Perfeito estado,Seca,Perfeito estado,Não há placas,60 km/h,Única,Faixa contínua
2020-01-29 00:00:00,08:33:00,SEM VÍTIMA,TORRE,RUA CONDE DE IRAJA,106,,ABALROAMENTO LONGITUDINAL,COLISAO S/ VITIMA. ENTRE DOIS VEICULOS PASSEIOS,2,,,,,,,,,0,Cruzamento,Bom,,Seca,Perfeito estado,Outras,40 km/h,Única,Faixa contínua
2020-01-29 00:00:00,08:53:00,SEM VÍTIMA,PINA,AV CONSELHEIRO AGUIAR,,CIDADE,ABALROAMENTO LONGITUDINAL,SEM VITIMAS /CTTU NO LOCAL -SUB INSP NATALICIO VAI FAZER O B.O,1,,,,,1,,,1,0,Longo da via,Bom,Perfeito estado,Seca,Perfeito estado,Não há placas,60 km/h,Única,Faixa seccionada
2020-01-29 00:00:00,08:55:00,COM VÍTIMA,BOA VIAGEM,RUA SETUBAL,,CIDADE,ABALROAMENTO LONGITUDINAL,AUTOE MOTO GM PAULINO NO LOCAL,1,1,,,,,,,,1,Longo da via,Bom,Não existente,Seca,Perfeito estado,Não há placas,,Única,Não existe
2020-01-29 00:00:00,09:28:00,SEM VÍTIMA,IMBIRIBEIRA,AV MARECHAL MASCARENHAS DE MORAES,,,COLISÃO,TRES AUTOS,3,,,,,,,,,0,,,,,,,,,
2020-01-29 00:00:00,09:36:00,SEM VÍTIMA,AREIAS,AV RECIFE,,,COLISÃO TRASEIRA,DOIS AUTOS,2,,,,,,,,,0,Longo da via,Bom,Incompleta,Seca,Perfeito estado,Não há placas,60 km/h,Dupla,Canteiro central
2020-01-29 00:00:00,09:39:00,SEM VÍTIMA,IMBIRIBEIRA,AV MARECHAL MASCARENHAS DE MORAES,,CIDADE,ABALROAMENTO LONGITUDINAL,COLISAO S/ VITIMA. ENTRE DOIS VEICULOS PASSEIO,2,,,,,,,,,0,Longo da via,Bom,Perfeito estado,Seca,Perfeito estado,R-6a,60 km/h,Dupla,Faixa seccionada
2020-01-29 00:00:00,09:40:00,COM VÍTIMA,BOA VIAGEM,AV MARECHAL MASCARENHAS DE MORAES,,SUBURBIO,COLISÃO TRASEIRA,COLISÃO COM VITIMAS,3,,,,,,,,,1,Longo da via,Bom,Perfeito estado,Seca,Perfeito estado,Não há placas,60 km/h,Dupla,Canteiro central
2020-01-29 00:00:00,10:05:00,SEM VÍTIMA,GRAÇAS,AV RUI BARBOSA,,CIDADE,COLISÃO TRASEIRA,SEM VITIMAS /SUB INSP LUCIO NO LOCAL FAZENDO B.O VT 04,2,,,,,,,,,0,Longo da via,Bom,Perfeito estado,Seca,Perfeito estado,Não há placas,60 km/h,Única,Faixa seccionada
2020-01-29 00:00:00,10:18:00,COM VÍTIMA,IPUTINGA,AV CAXANGA,270,CIDADE,COLISÃO TRASEIRA,COLISAO COM VITIMA. ENTRE VEICULO- ONIBUS E MOTO. VT: 15 NO LOCAL,2,1,,,,1,,,,1,Longo da via,Bom,Perfeito estado,Seca,Perfeito estado,Outras,60 km/h,Única,Faixa seccionada
2020-01-29 00:00:00,11:02:00,SEM VÍTIMA,BAIRRO DO RECIFE,AV ALFREDO LISBOA,,,ABALROAMENTO LONGITUDINAL,MOTO E AUTO,1,1,,,,,,,,0,Longo da via,Bom,Perfeito estado,Seca,Perfeito estado,,,Única,Faixa seccionada
2020-01-29 00:00:00,11:11:00,SEM VÍTIMA,AREIAS,AV RECIFE,621,,COLISÃO TRASEIRA,,3,,,,,,,,,0,Longo da via,Bom,Ilegível,Seca,Perfeito estado,Não há placas,,Dupla,Canteiro central
2020-01-29 00:00:00,11:14:00,SEM VÍTIMA,ESTÂNCIA,AV TAPAJOS,620,,ABALROAMENTO TRANSVERSAL,SEM VITIMAS,2,,,,,,,,,0,,Bom,Incompleta,Seca,Perfeito estado,Outras,,Dupla,Não existe
2020-01-29 00:00:00,11:17:00,SEM VÍTIMA,ILHA DO RETIRO,AV ENGENHEIRO ABDIAS DE CARVALHO,52,CIDADE,COLISÃO TRASEIRA,,2,,,,,,,,,0,Longo da via,Bom,Perfeito estado,Seca,Perfeito estado,Não há placas,,Dupla,Canteiro central
2020-01-29 00:00:00,11:32:00,SEM VÍTIMA,CORDEIRO,AV ENGENHEIRO ABDIAS DE CARVALHO,58,SUBURBIO,ABALROAMENTO LONGITUDINAL,SEM VITIMAS,1,,,,,,1,,,0,Longo da via,Bom,Perfeito estado,Seca,Perfeito estado,R-5a,,Dupla,Canteiro central
2020-01-29 00:00:00,12:07:00,SEM VÍTIMA,VÁRZEA,AV AFONSO OLINDENSE,,,COLISÃO,COLISÃO SEM VÍTIMA,1,1,,,,,,,,0,,,,,,,,,
2020-01-29 00:00:00,12:14:00,COM VÍTIMA,ESPINHEIRO,AV GOVERNADOR AGAMENON MAGALHAES,78,SUBURBIO,COLISÃO COM CICLISTA,COLISÃO COM DOIS AUTOS E UM CICLISTA COM VÍTIMA,2,,,1,,,,,,1,Cruzamento,Bom,Perfeito estado,Seca,Perfeito estado,Outras,,Dupla,Canteiro central
2020-01-29 00:00:00,12:17:00,SEM VÍTIMA,MADALENA,RUA REAL DA TORRE,179,,COLISÃO TRASEIRA,COLISÃO SEM VÍTIMA,,1,,,,,1,,,0,Cruzamento,Bom,Perfeito estado,Seca,Perfeito estado,R-6a,60 km/h,Única,Faixa seccionada
2020-01-29 00:00:00,12:50:00,COM VÍTIMA,TEJIPIÓ,RUA ITANHENGA,,CIDADE,CHOQUE OBJETO FIXO,AUTO COLIDIU COM GELO BAIANO,1,,,,,,,,,1,Longo da via,Bom,Perfeito estado,Seca,Perfeito estado,R-6a,,Dupla,Faixa contínua
2020-01-29 00:00:00,13:24:00,SEM VÍTIMA,BOA VIAGEM,AV CONSELHEIRO AGUIAR,147,CIDADE,COLISÃO FRONTAL,COLISÃO SEM VÍTIMA,2,,,,,,,,,0,Cruzamento,Bom,Perfeito estado,Seca,Perfeito estado,Não há placas,60 km/h,Única,Faixa seccionada
2020-01-29 00:00:00,14:10:00,SEM VÍTIMA,IPUTINGA,RUA DR VIRGINIO MARQUES,,CIDADE,CHOQUE VEÍCULO PARADO,COLISAO SEM VITIMAS,1,,,,,,1,,,0,Longo da via,Bom,Perfeito estado,Seca,Perfeito estado,Não há placas,,Dupla,Não existe
2020-01-29 00:00:00,14:21:00,SEM VÍTIMA,PINA,AV ANTONIO DE GOES,,CIDADE,COLISÃO TRASEIRA,COLISÃO SEM VÍTIMA,2,,,,,,,,,0,Longo da via,Bom,Perfeito estado,Seca,Perfeito estado,,60 km/h,Dupla,Faixa contínua
2020-01-29 00:00:00,15:47:00,SEM VÍTIMA,TORRÕES,EST DO FORTE DO ARRAIAL N. DO B. JESUS,249,,COLISÃO FRONTAL,COLISÃO SEM VÍTIMA,2,,,,,,,,,0,Cruzamento,Bom,Perfeito estado,Seca,Perfeito estado,Não há placas,,Dupla,Faixa contínua
2020-01-29 00:00:00,16:08:00,SEM VÍTIMA,PARNAMIRIM,RUA TITO ROSAS,,SUBURBIO,COLISÃO TRASEIRA,COLISAO SEM VITIMAS,2,,,,,,,,,0,Longo da via,Bom,Perfeito estado,Seca,Perfeito estado,R-6a,,Única,Faixa seccionada
2020-01-29 00:00:00,17:22:00,SEM VÍTIMA,IBURA,LAD DA COHAB,,CIDADE,COLISÃO TRASEIRA,COLISÃO SEM VITIMA,1,,,,,1,,,,0,Longo da via,Bom,Não existente,Seca,Perfeito estado,Não há placas,,Dupla,Faixa contínua
2020-01-29 00:00:00,17:25:00,SEM VÍTIMA,ROSARINHO,RUA TELES JUNIOR,,,COLISÃO,COLISÃO SEM VITIMA,1,1,,,,,,,,0,,,,,,,,,
2020-01-29 00:00:00,17:40:00,SEM VÍTIMA,ILHA DO LEITE,AV GOVERNADOR AGAMENON MAGALHAES,,,COLISÃO,COLISÃO SEM VITIMA,1,1,,,,,,,,0,,,,,,,,,
2020-01-29 00:00:00,17:41:00,SEM VÍTIMA,MADALENA,RUA LOPES DE CARVALHO,,SUBURBIO,ABALROAMENTO TRANSVERSAL,COLISÃO SEM VITIMA,1,1,,,,,,,,0,Longo da via,Bom,Perfeito estado,Seca,Perfeito estado,Outras,,Única,Faixa seccionada
2020-01-29 00:00:00,17:55:00,SEM VÍTIMA,ILHA DO LEITE,RUA ESTADO DE ISRAEL,,SUBURBIO,ABALROAMENTO LONGITUDINAL,COLISAO SEM VITIMAS,2,,,,,,,,,0,Longo da via,Bom,Perfeito estado,Seca,Perfeito estado,,,Única,Faixa seccionada
2020-01-29 00:00:00,18:02:00,SEM VÍTIMA,AFOGADOS,RUA SANTO CRISTO,,,COLISÃO,COLISAO SEM VITIMAS,2,,,,,,,,,0,,,,,,,,,
2020-01-29 00:00:00,18:26:00,COM VÍTIMA,CASA AMARELA,EST DO ARRAIAL,74,,ABALROAMENTO TRANSVERSAL,CAMINHÃO E MOTO,,1,,,,,1,,,1,Cruzamento,Bom,Perfeito estado,Seca,Perfeito estado,Outras,40 km/h,Dupla,Faixa contínua
2020-01-29 00:00:00,18:40:00,SEM VÍTIMA,BOA VIAGEM,AV ENGENHEIRO DOMINGOS FERREIRA,338,SUBURBIO,COLISÃO TRASEIRA,ENTRE 2 AUTOS. S/V,2,,,,,,,,,0,Longo da via,Bom,Perfeito estado,Seca,Perfeito estado,Não há placas,60 km/h,Dupla,Faixa contínua
2020-01-29 00:00:00,18:44:00,SEM VÍTIMA,SANTO AMARO,RUA ENGENHO TAQUARA,,SUBURBIO,CHOQUE VEÍCULO PARADO,AUTO ESTACIONADO FOI COLIDIDO POR VEÍCULO NO LOCAL. S.V,2,,,,,,,,,0,Longo da via,Bom,Não existente,Seca,Perfeito estado,Não há placas,,Dupla,Não existe
2020-01-29 00:00:00,19:07:00,SEM VÍTIMA,AREIAS,RUA BARROS SOBRINHO,,,ABALROAMENTO TRANSVERSAL,ENTRE 2 AUTOS. S/V,2,,,,,,,,,0,Cruzamento,Bom,Não existente,Seca,Mal conservada,Não há placas,,Única,Não existe
2020-01-29 00:00:00,20:34:00,SEM VÍTIMA,BOA VIAGEM,RUA AGENOR LOPES,,,COLISÃO,ENTRE 2 AUTOS. S/V,2,,,,,,,,,0,,,,,,,,,
2020-01-29 00:00:00,21:54:00,SEM VÍTIMA,BOA VIAGEM,RUA BALTAZAR PASSOS,,,COLISÃO,ENTRE 2 AUTOS. S/V,2,,,,,,,,,0,,,,,,,,,
2020-01-30 00:00:00,00:49:00,SEM VÍTIMA,IMBIRIBEIRA,RUA PINTOR LULA CARDOSO AYRES,,CIDADE,CHOQUE VEÍCULO PARADO,COLISÃO ENTRE DOIS AUTOS S/V,2,,,,,,,,,0,,Bom,Não existente,Seca,Perfeito estado,Não há placas,,Dupla,Não existe
2020-01-30 00:00:00,02:52:00,SEM VÍTIMA,AFOGADOS,AV SUL,,CIDADE,CHOQUE OBJETO FIXO,VEÍCULO CHOCOU-SE CONTRA UM POSTE,1,,,,,,,,,0,Longo da via,Bom,Não existente,Seca,Perfeito estado,Não há placas,,Única,Faixa seccionada
2020-01-30 00:00:00,07:06:00,SEM VÍTIMA,TORRÕES,RUA EPAMINONDAS CRISTOVAO DE OLIVEIRA,,SUBURBIO,COLISÃO,SEM VITIMAS,2,,,,,,,,,0,,,,,,,,,
2020-01-30 00:00:00,07:38:00,SEM VÍTIMA,IMBIRIBEIRA,AV MARECHAL MASCARENHAS DE MORAES,385,SUBURBIO,COLISÃO TRASEIRA,SEM VITIMAS,2,,,,,,,,,0,Cruzamento,Bom,Perfeito estado,Seca,Perfeito estado,Não há placas,60 km/h,,Faixa contínua
2020-01-30 00:00:00,07:39:00,COM VÍTIMA,AFOGADOS,AV SUL,320,CIDADE,ABALROAMENTO LONGITUDINAL,MOTO E AUTO,1,1,,,,,,,,2,Longo da via,Bom,Perfeito estado,Seca,Perfeito estado,R-6a,60 km/h,Única,Faixa
2020-01-30 00:00:00,07:55:00,SEM VÍTIMA,IMBIRIBEIRA,AV MARECHAL MASCARENHAS DE MORAES,,CIDADE,COLISÃO TRASEIRA,SEM VITIMAS,2,,,,,,,,,0,Longo da via,Bom,Perfeito estado,Seca,Perfeito estado,,60 km/h,Dupla,Faixa contínua
2020-01-30 00:00:00,08:16:00,SEM VÍTIMA,CORDEIRO,AV CAXANGA,,CIDADE,COLISÃO TRASEIRA,SEM VITIMAS/CTTU NO LOCAL GM JOSENILSON PONTO FIXO VAI FAZER O B.O,2,,,,,,,,,0,Longo da via,Bom,Perfeito estado,Seca,Perfeito estado,,,Dupla,Canteiro central
2020-01-30 00:00:00,08:31:00,SEM VÍTIMA,CASA FORTE,AV DEZESSETE DE AGOSTO,,SUBURBIO,ABALROAMENTO LONGITUDINAL,SEM VITIMAS/CTTU NO LOCAL VT 09 GM JOSENILDO GOMES/GM BRITO,2,,,,,,,,,0,Longo da via,Bom,Perfeito estado,Seca,Perfeito estado,R-6a,,Dupla,Faixa seccionada