data,hora,natureza,bairro,endereco,num_semaforo,sentido_via,tipo,auto,moto,ciclom,ciclista,pedestre,onibus,caminhao,viatura,outros,vitimas,vitimasfatais,acidente_verificado,tempo_clima,sinalizacao,condicao_via,conservacao_via,situacao_placa,velocidade_max_via,mao_direcao,divisao_via1
2020-02-05 00:00:00,19:12:00,SEM VÍTIMA,IMBIRIBEIRA,AV MARECHAL MASCARENHAS DE MORAES,,SUBURBIO,COLISÃO TRASEIRA,FIAT UNO X ONIX X PRISMA X SIENA,4,,,,,,,,,0,Longo da via,Bom,Perfeito estado,Seca,Perfeito estado,Não há placas,60 km/h,Dupla,Faixa seccionada
2020-02-05 00:00:00,21:37:00,SEM VÍTIMA,ESPINHEIRO,AV GOVERNADOR AGAMENON MAGALHAES,108,CIDADE,ABALROAMENTO LONGITUDINAL,ENTRE 2 AUTOS. S/V,2,,,,,,,,,0,Longo da via,Bom,Perfeito estado,Seca,Perfeito estado,,,Dupla,Faixa seccionada
2020-02-05 00:00:00,21:46:00,SEM VÍTIMA,IMBIRIBEIRA,AV MARECHAL MASCARENHAS DE MORAES,532,,ABALROAMENTO LONGITUDINAL,MOTO X ONIX,1,1,,,,,,,,0,Longo da via,Bom,Perfeito estado,Seca,Perfeito estado,Outras,,Única,Faixa contínua
2020-02-06 00:00:00,00:53:00,SEM VÍTIMA,BOA VIAGEM,AV CONSELHEIRO AGUIAR,,CIDADE,CHOQUE OBJETO FIXO,AUTO CHOCOU-SE EM UM POSTE S/V,1,,,,,,,,,0,Longo da via,Bom,,Seca,,Não há placas,,Única,Faixa seccionada
2020-02-06 00:00:00,03:51:00,SEM VÍTIMA,GUABIRABA,AV DA RECUPERACAO,,,COLISÃO FRONTAL,COLISÃO ENTRE DOIS AUTOS- S/V,2,,,,,,,,,0,Longo da via,Bom,Incompleta,Seca,Mal iluminada,Não há placas,,Dupla,Faixa seccionada
2020-02-06 00:00:00,07:08:00,SEM VÍTIMA,MUSTARDINHA,AV MANOEL GONCALVES DA LUZ,,,ABALROAMENTO TRANSVERSAL,SEM VITIMAS,1,,,,,1,,,,0,Cruzamento,Bom,,Seca,,Outras,,Dupla,Faixa seccionada
2020-02-06 00:00:00,07:29:00,SEM VÍTIMA,VÁRZEA,AV PREFEITO ANTONIO PEREIRA,,,ABALROAMENTO LONGITUDINAL,GM ANTONIO E JONATHAN P.O  DOIS AUTOS,2,,,,,,,,,0,Longo da via,Bom,Perfeito estado,Seca,Perfeito estado,R-6a,,Única,Não existe
2020-02-06 00:00:00,07:59:00,SEM VÍTIMA,ILHA DO LEITE,RUA ANTONIO GOMES DE FREITAS,,CIDADE,CHOQUE OBJETO FIXO,,,,,,,,1,,,0,Longo da via,Bom,Perfeito estado,Seca,Perfeito estado,Outras,40 km/h,Única,Faixa seccionada
2020-02-06 00:00:00,08:19:00,SEM VÍTIMA,AFOGADOS,RUA DA PAZ,528,,ABALROAMENTO LONGITUDINAL,SEM VITIMAS,2,,,,,,,,,0,Longo da via,Bom,Perfeito estado,Seca,Perfeito estado,,,Única,Não existe
2020-02-06 00:00:00,08:31:00,SEM VÍTIMA,IMBIRIBEIRA,RUA ARQUITETO LUIZ NUNES,634,SUBURBIO,COLISÃO FRONTAL,MOTO E AUTO,1,1,,,,,,,,0,Longo da via,Bom,Perfeito estado,Seca,Perfeito estado,Não há placas,40 km/h,Dupla,Faixa contínua
2020-02-06 00:00:00,08:32:00,SEM VÍTIMA,IBURA,RUA RIO BRIGIDA,,SUBURBIO,ABALROAMENTO TRANSVERSAL,COLISAO S/ VITIMA. ENTRE ONIBUS E VEICULO,1,,,,,1,,,,0,Longo da via,Bom,Incompleta,Seca,Perfeito estado,Não há placas,,Dupla,Faixa seccionada
2020-02-06 00:00:00,08:47:00,SEM VÍTIMA,BOA VIAGEM,RUA DR VICENTE GOMES,60,CIDADE,COLISÃO TRASEIRA,AUTO E MOTO / GM RODRIDO PAULINO NO QTH P.O,1,1,,,,,,,,0,Cruzamento,Bom,,Seca,Perfeito estado,Não há placas,,Única,Não existe
2020-02-06 00:00:00,08:52:00,SEM VÍTIMA,DERBY,RUA JOAQUIM NABUCO,174,,COLISÃO TRASEIRA,DOIS AUTOS  PONTO FIXO GM´S EVERTON SILVA E EVANDRO RAMOS,2,,,,,,,,,0,Cruzamento,Bom,Perfeito estado,Seca,Perfeito estado,Outras,60 km/h,Única,Faixa seccionada
2020-02-06 00:00:00,09:01:00,SEM VÍTIMA,BAIRRO DO RECIFE,CAIS DO APOLO,19,CIDADE,ABALROAMENTO LONGITUDINAL,SEM VITIMAS/ GM ANA LUISA-GM JAMERSOM ZONA AZUL FAZENDO B.O,2,,,,,,,,,0,Cruzamento,Bom,Perfeito estado,Seca,Perfeito estado,Não há placas,30 km/h,Única,Não existe
2020-02-06 00:00:00,09:09:00,COM VÍTIMA,SANCHO,RUA APRIGIO GUIMARAES,,,ABALROAMENTO LONGITUDINAL,MOTO E AUTO,1,1,,,,,,,,1,Cruzamento,Bom,Incompleta,Seca,Perfeito estado,Não há placas,,Dupla,Faixa seccionada
2020-02-06 00:00:00,09:21:00,COM VÍTIMA,JIQUIÁ,AV DR JOSE RUFINO,,SUBURBIO,COLISÃO TRASEIRA,AUTO E MOTO / VT 17 LINDENBERG NO QTH,1,1,,,,,,,,1,Cruzamento,Bom,Perfeito estado,Seca,Perfeito estado,Não há placas,,Dupla,Faixa seccionada
2020-02-06 00:00:00,09:22:00,SEM VÍTIMA,TORRE,RUA CONDE DE IRAJA,106,,COLISÃO TRASEIRA,SEM VITIMAS,4,,,,,,,,,0,Longo da via,Bom,Perfeito estado,Seca,Perfeito estado,Outras,40 km/h,Única,Faixa seccionada
2020-02-06 00:00:00,09:48:00,SEM VÍTIMA,TORRE,RUA REAL DA TORRE,106,,COLISÃO,SEM VITIMAS,,1,,,,,1,,,0,,,,,,,,,
2020-02-06 00:00:00,09:55:00,COM VÍTIMA,IMBIRIBEIRA,RUA ANTONIO FALCAO,,,COLISÃO,COM UMA VITIMA /SAMU NO LOCAL,,,,,,,,,,1,,,,,,,,,
2020-02-06 00:00:00,10:08:00,SEM VÍTIMA,IPSEP,AV PRESIDENTE DUTRA,,,COLISÃO TRASEIRA,DOIS AUTOS,2,,,,,,,,,0,Longo da via,Bom,Perfeito estado,Seca,Perfeito estado,Não há placas,60 km/h,Dupla,Canteiro central
2020-02-06 00:00:00,10:14:00,COM VÍTIMA,ROSARINHO,RUA CAPITAO SAMPAIO XAVIER,,CIDADE,ABALROAMENTO LONGITUDINAL,AUTO E MOTO,1,1,,,,,,,,2,Cruzamento,Bom,Perfeito estado,Seca,Perfeito estado,Placas Pare,,,Faixa contínua
2020-02-06 00:00:00,10:25:00,COM VÍTIMA,IMBIRIBEIRA,AV GENERAL MAC ARTHUR,,CIDADE,ABALROAMENTO TRANSVERSAL,COM UMA VITIMA /SOCORRIDA PELO SAMU,,1,,,,,1,,,1,Cruzamento,Bom,Perfeito estado,Seca,Perfeito estado,Placas Pare,60 km/h,Única,Faixa
2020-02-06 00:00:00,10:33:00,SEM VÍTIMA,TORRE,RUA REAL DA TORRE,,CIDADE,ABALROAMENTO LONGITUDINAL,CAMINHÃO E AUTO VT- 01 GM´S RICARDO E KELLY NO LOCAL,1,,,,,,1,,,0,Longo da via,Bom,Perfeito estado,Seca,Perfeito estado,Outras,,Única,Faixa seccionada
2020-02-06 00:00:00,11:17:00,SEM VÍTIMA,BOA VIAGEM,RUA JOAO CARDOSO AIRES,,,ABALROAMENTO TRANSVERSAL,DOIS AUTOS,2,,,,,,,,,0,Cruzamento,Bom,Perfeito estado,Seca,Perfeito estado,Outras,40 km/h,Única,Faixa seccionada
2020-02-06 00:00:00,11:24:00,SEM VÍTIMA,ROSARINHO,RUA REGUEIRA COSTA,,CIDADE,CHOQUE VEÍCULO PARADO,COLISAO S/ VITIMA. ENTRE DOIS VEICULOS,1,,,,,,,,1,0,Longo da via,Bom,Não existente,Seca,Perfeito estado,Não há placas,,Única,Canteiro central
2020-02-06 00:00:00,11:29:00,SEM VÍTIMA,TORRE,AV BEIRA RIO,630,,ENGAVETAMENTO,SEM VITIMAS,3,,,,,,,,,0,,,,,,,,,
2020-02-06 00:00:00,12:16:00,SEM VÍTIMA,IMBIRIBEIRA,AV MARECHAL MASCARENHAS DE MORAES,310,CIDADE,COLISÃO TRASEIRA,COLISÃO S/VITIMAS ENTRE TRES AUTOS,3,,,,,,,,,0,Longo da via,Bom,Perfeito estado,Seca,Perfeito estado,Outras,,Dupla,Faixa contínua
2020-02-06 00:00:00,12:18:00,COM VÍTIMA,BOA VIAGEM,RUA MARIO SOUTO MAIOR,,SUBURBIO,ABALROAMENTO TRANSVERSAL,COLISÃO COM VÍTIMA,1,1,,,,,,,,1,Longo da via,Bom,Perfeito estado,Seca,Perfeito estado,Placas Pare,,Dupla,Faixa seccionada
2020-02-06 00:00:00,12:26:00,SEM VÍTIMA,ILHA DO RETIRO,RUA BENFICA,,,COLISÃO,COLISÃO SEM VITIMA,1,,,,,,1,,,0,,,,,,,,,
2020-02-06 00:00:00,12:31:00,SEM VÍTIMA,SANTO AMARO,AV CRUZ CABUGA,202,CIDADE,COLISÃO TRASEIRA,COLISÃO S/VITIMAS ENTRE UM ONIBUS E UM AUTO (GM RONILDO E HENRIQUE PEREIRA NO QTH),1,,,,,1,,,,0,Longo da via,Bom,Perfeito estado,Seca,Perfeito estado,,,Dupla,Blocos
2020-02-06 00:00:00,13:27:00,SEM VÍTIMA,IMBIRIBEIRA,VIADUTO TANCREDO NEVES,,SUBURBIO,COLISÃO TRASEIRA,COLISÃO S/VITIMAS ENTRE DOIS AUTOS,2,,,,,,,,,0,Viaduto,Bom,Perfeito estado,Seca,Perfeito estado,Não há placas,60 km/h,Dupla,Faixa seccionada
2020-02-06 00:00:00,13:48:00,SEM VÍTIMA,ÁGUA FRIA,RUA SAO SEBASTIAO,,,COLISÃO,COLISÃO S/VITIMAS ENTRE DOIS AUTOS,2,,,,,,,,,0,,,,,,,,,
2020-02-06 00:00:00,14:21:00,SEM VÍTIMA,BOA VIAGEM,AV ENGENHEIRO DOMINGOS FERREIRA,380,SUBURBIO,COLISÃO TRASEIRA,COLISAO SEM VITIMAS,2,,,,,,,,,0,Longo da via,Bom,Perfeito estado,Seca,Perfeito estado,Não há placas,60 km/h,Única,Faixa seccionada
2020-02-06 00:00:00,14:21:00,SEM VÍTIMA,ESPINHEIRO,AV GOVERNADOR AGAMENON MAGALHAES,,,COLISÃO TRASEIRA,SEM VITIMAS,4,,,,,,,,,0,Longo da via,Bom,Perfeito estado,Seca,Perfeito estado,Outras,60 km/h,Dupla,Faixa contínua
2020-02-06 00:00:00,14:22:00,COM VÍTIMA,IPSEP,AV RECIFE,16,CIDADE,ABALROAMENTO LONGITUDINAL,COLISÃO COM VÍTIMA/ COELHO DE PO ESTA NO LOCAL,1,1,,,,,,,,2,Longo da via,Bom,Perfeito estado,Seca,Perfeito estado,R-6a,60 km/h,Dupla,Canteiro central
2020-02-06 00:00:00,15:03:00,COM VÍTIMA,BAIRRO DO RECIFE,CAIS DO APOLO,,SUBURBIO,ABALROAMENTO LONGITUDINAL,COLISAO COM VITIMAS,1,1,,,,,,,,1,Longo da via,Bom,Incompleta,Seca,Perfeito estado,Não há placas,,Dupla,Canteiro central
2020-02-06 00:00:00,15:10:00,SEM VÍTIMA,BARRO,AV DR JOSE RUFINO,,SUBURBIO,ABALROAMENTO TRANSVERSAL,COLISÃO SEM VÍTIMA,1,,,,,1,,,,0,Longo da via,Bom,Perfeito estado,Seca,Perfeito estado,Outras,60 km/h,Dupla,Faixa contínua
2020-02-06 00:00:00,15:37:00,SEM VÍTIMA,TAMARINEIRA,EST DO ARRAIAL,,SUBURBIO,ABALROAMENTO LONGITUDINAL,COLISÃO SEM VÍTIMA,2,,,,,,,,,0,Longo da via,Bom,Perfeito estado,Seca,Perfeito estado,Não há placas,,Única,Faixa seccionada
2020-02-06 00:00:00,15:58:00,SEM VÍTIMA,SÃO JOSÉ,AV SUL,509,CIDADE,COLISÃO TRASEIRA,COLISÃO S/VITIMAS ENTRE UMA MOTO E UM AUTO,1,1,,,,,,,,0,Longo da via,Bom,Perfeito estado,Seca,Perfeito estado,Não há placas,60 km/h,Dupla,Faixa seccionada
2020-02-06 00:00:00,16:00:00,SEM VÍTIMA,BOA VISTA,RUA DOM BOSCO,,SUBURBIO,COLISÃO TRASEIRA,COLISÃO SEM VÍTIMA,1,,,,,1,,,,0,Longo da via,Bom,Perfeito estado,Seca,Perfeito estado,,,Única,Faixa seccionada
2020-02-06 00:00:00,16:05:00,COM VÍTIMA,PRADO,RUA GOMES TABORDA,,CIDADE,CHOQUE VEÍCULO PARADO,COLISÃO COM VÍTIMA,2,,,,,,,,,2,Longo da via,Bom,Perfeito estado,Seca,Perfeito estado,Outras,40 km/h,Dupla,Faixa seccionada
2020-02-06 00:00:00,16:16:00,SEM VÍTIMA,IBURA,AV DOIS RIOS,351,SUBURBIO,COLISÃO FRONTAL,COLISÃO S/VITIMAS ENTRE DUAS MOTOS,,2,,,,,,,,0,Longo da via,Bom,Perfeito estado,Seca,Perfeito estado,Outras,,Dupla,Faixa contínua
2020-02-06 00:00:00,16:20:00,COM VÍTIMA,IMBIRIBEIRA,AV MARECHAL MASCARENHAS DE MORAES,,SUBURBIO,ABALROAMENTO TRANSVERSAL,COLISÃO COM VÍTIMA ENTRE TRÊS VEICULOS,1,1,,,,,1,,,1,Longo da via,Bom,Perfeito estado,Seca,Perfeito estado,Não há placas,60 km/h,Única,
2020-02-06 00:00:00,16:24:00,SEM VÍTIMA,JORDÃO,AV MARIA IRENE,,CIDADE,COLISÃO TRASEIRA,COLISAO SEM VITIMAS,2,,,,,,,,,0,Longo da via,Bom,Perfeito estado,Seca,Perfeito estado,R-6a,,Dupla,Faixa contínua
2020-02-06 00:00:00,16:26:00,COM VÍTIMA,ÁGUA FRIA,RUA MANOEL SILVA,,CIDADE,ATROPELAMENTO,MOTO E PEDESTRE.,,1,,,1,,,,,2,Longo da via,Bom,Não existente,Seca,Mal conservada,Não há placas,,Dupla,Não existe
2020-02-06 00:00:00,16:35:00,SEM VÍTIMA,AFLITOS,AV CONS ROSA E SILVA,,,COLISÃO,SEM VITIMA,1,1,,,,,,,,0,,,,,,,,,
2020-02-06 00:00:00,16:56:00,COM VÍTIMA,IMBIRIBEIRA,AV MARECHAL MASCARENHAS DE MORAES,,,COLISÃO,COLISÃO C/VITIMAS ENTRE UMA MOTO-UM AUTO E UM CAMINHÃO (V.T23 E V.T 20 NO QTH),1,1,,,,,1,,,1,,,,,,,,,
2020-02-06 00:00:00,17:25:00,SEM VÍTIMA,,RUA DO HOSPICIO,,CIDADE,COLISÃO TRASEIRA,COLISÃO SEM VÍTIMA,1,1,,,,,,,,0,Longo da via,Bom,Perfeito estado,Seca,,,,Dupla,Não existe
2020-02-06 00:00:00,17:29:00,SEM VÍTIMA,IMBIRIBEIRA,AV MARECHAL MASCARENHAS DE MORAES,,,COLISÃO,COLISAO SEM VITIMAS,2,,,,,,,,,0,,,,,,,,,
2020-02-06 00:00:00,18:06:00,COM VÍTIMA,DOIS IRMÃOS,RUA DOIS IRMAOS,,SUBURBIO,COLISÃO COM CICLISTA,ENTRE BICICLETA E CAMINHÃO. C/V,,,,1,,,1,,,1,Longo da via,Bom,Incompleta,Seca,Mal conservada,Não há placas,,Dupla,Não existe
2020-02-06 00:00:00,18:11:00,SEM VÍTIMA,BOA VIAGEM,AVENIDA CELSO FURTADO (VIA MANGUE),,,ENGAVETAMENTO,TRÊS AUTOS S/V,3,,,,,,,,,0,,,,,,,,,
2020-02-06 00:00:00,18:21:00,SEM VÍTIMA,JAQUEIRA,AV CONS ROSA E SILVA,,SUBURBIO,ABALROAMENTO LONGITUDINAL,ENTRE ÕNIBUS E AUTO. S/V,1,,,,,1,,,,0,Longo da via,Bom,,Seca,Perfeito estado,Outras,,Única,Faixa contínua
2020-02-06 00:00:00,18:31:00,SEM VÍTIMA,PINA,AV REPUBLICA ARABE UNIDA,,CIDADE,ABALROAMENTO LONGITUDINAL,ENTRE 2 AUTOS. S/V,2,,,,,,,,,0,Longo da via,Bom,Perfeito estado,Seca,Perfeito estado,,,Única,Não existe
2020-02-06 00:00:00,18:33:00,SEM VÍTIMA,MACAXEIRA,AV NORTE,596,CIDADE,COLISÃO TRASEIRA,ENTRE DOIS AUTOS S/V,2,,,,,,,,,0,Longo da via,Bom,Perfeito estado,Seca,Perfeito estado,Não há placas,,Dupla,Faixa seccionada
2020-02-06 00:00:00,19:30:00,COM VÍTIMA,SANTO AMARO,AV MARIO MELO,,SUBURBIO,ABALROAMENTO LONGITUDINAL,ENTRE MT-41 X MOTO COM VÍTIMA,,2,,,,,,,,2,Esquina,Bom,Perfeito estado,Seca,Perfeito estado,Placas Pare,,Dupla,Faixa seccionada
2020-02-06 00:00:00,20:04:00,SEM VÍTIMA,SANTO AMARO,AV JOAO DE BARROS,,,ABALROAMENTO TRANSVERSAL,ENTRE AUTO PASSEIO X MOTO COM VÍTIMA,1,1,,,,,,,,0,Longo da via,Bom,Perfeito estado,Seca,Perfeito estado,Outras,,Única,Faixa seccionada
2020-02-06 00:00:00,20:12:00,SEM VÍTIMA,IMBIRIBEIRA,AV MARECHAL MASCARENHAS DE MORAES,,,COLISÃO,ÕNIBUS X AUTO PASSEIO. S/V,1,,,,,1,,,,0,,,,,,,,,
2020-02-07 00:00:00,08:01:00,COM VÍTIMA,SANTO AMARO,AV PREFEITO ARTUR LIMA CAVALCANTI,243,OLINDA,COLISÃO,COLISAO COM VITIMA// VEICULO E MOTO. VT: 21 E 08 GM: MAXUEL E PETERSON NO LOCAL,1,1,,,,,,,,1,Longo da via,Bom,Perfeito estado,Seca,Perfeito estado,Outras,,Dupla,Canteiro central
2020-02-07 00:00:00,08:03:00,SEM VÍTIMA,PINA,RUA MANOEL CORIOLANO,,,COLISÃO FRONTAL,MOTO E AUTO,1,1,,,,,,,,0,Longo da via,Bom,Perfeito estado,Seca,Perfeito estado,,30 km/h,Dupla,Faixa contínua
2020-02-07 00:00:00,07:55:00,SEM VÍTIMA,JARDIM SÃO PAULO,RUA ITALACY,,,CHOQUE VEÍCULO PARADO,SEM VITIMAS,1,,,,,,1,,,0,Longo da via,Bom,,Seca,Perfeito estado,,,Dupla,Não existe
2020-02-07 00:00:00,08:04:00,COM VÍTIMA,MANGUEIRA,RUA MANOEL DE ALBUQUERQUE FERNANDES,,CIDADE,ATROPELAMENTO,AUTO,1,,,,1,,,,,1,Longo da via,Bom,Não existente,Seca,Perfeito estado,Não há placas,,Dupla,Não existe
2020-02-07 00:00:00,08:55:00,SEM VÍTIMA,SANTO AMARO,AV NORTE,,CIDADE,COLISÃO TRASEIRA,COLISÃO S/VITIMAS ENTRE UM ONIBUS E UM AUTO (BATEDOR FELISBERTO NO QTH),1,,,,,1,,,,0,Longo da via,Bom,Perfeito estado,Seca,Perfeito estado,Não há placas,60 km/h,Dupla,Canteiro central
2020-02-07 00:00:00,09:08:00,SEM VÍTIMA,MADALENA,RUA REAL DA TORRE,,CIDADE,ABALROAMENTO LONGITUDINAL,SEM VITIMAS,2,,,,,,,,,0,Longo da via,Bom,Perfeito estado,Seca,Perfeito estado,Placas Pare,,Única,Faixa seccionada
2020-02-07 00:00:00,09:11:00,SEM VÍTIMA,SÃO JOSÉ,AV SUL,,CIDADE,COLISÃO TRASEIRA,COLISAO S/ VITIMA. ENTRE DOIS VEICULOS,2,,,,,,,,,0,Longo da via,Bom,Perfeito estado,Seca,Perfeito estado,Não há placas,,Dupla,Faixa seccionada
2020-02-07 00:00:00,09:39:00,SEM VÍTIMA,AFOGADOS,RUA SAO MIGUEL,,CIDADE,ABALROAMENTO LONGITUDINAL,COLISÃO S/VITIMAS ENTRE UM CAMINHÃO E UM AUTO (V.T 17 NO QTH),1,,,,,1,,,,0,Longo da via,Bom,Perfeito estado,Seca,Perfeito estado,Não há placas,,Dupla,Faixa contínua
2020-02-07 00:00:00,11:18:00,SEM VÍTIMA,BOA VIAGEM,AV DOM JOAO VI,670,CIDADE,ABALROAMENTO LONGITUDINAL,COLISÃO S/VITIMAS ENTRE UM CAMINHÃO E UM AUTO,1,,,,,,1,,,0,Longo da via,Bom,Perfeito estado,Seca,Perfeito estado,Não há placas,,Dupla,Canal
2020-02-07 00:00:00,11:53:00,SEM VÍTIMA,IMBIRIBEIRA,AV MARECHAL MASCARENHAS DE MORAES,,CIDADE,ABALROAMENTO LONGITUDINAL,COLISÃO S/VITIMAS ENTRE UM ONIBUS E UM AUTO,1,,,,,1,,,,0,Longo da via,Bom,Perfeito estado,Seca,Perfeito estado,Outras,60 km/h,Dupla,Faixa contínua
2020-02-07 00:00:00,11:57:00,COM VÍTIMA,MADALENA,AV BEIRA RIO,,TORRE,ABALROAMENTO LONGITUDINAL,COM UMA VITIMA AGUARDANDO SAMU,1,1,,,,,,,,1,Longo da via,Bom,Perfeito estado,Seca,,Não há placas,30 km/h,Dupla,Faixa seccionada
2020-02-07 00:00:00,11:57:00,SEM VÍTIMA,ARRUDA,RUA DO MACHADO,,,ABALROAMENTO TRANSVERSAL,COLISAO S/ VITIMA ENTRE DOIS VEICULOS,2,,,,,,,,,0,Cruzamento,Bom,Perfeito estado,Seca,Perfeito estado,Placas Pare,,Dupla,Faixa seccionada
2020-02-07 00:00:00,12:19:00,SEM VÍTIMA,IMBIRIBEIRA,AV MARECHAL MASCARENHAS DE MORAES,,SUBURBIO,ABALROAMENTO LONGITUDINAL,COLISAO SEM VITIMAS,1,,,,,,1,,,0,Cruzamento,Bom,Perfeito estado,Seca,Perfeito estado,Não há placas,60 km/h,Dupla,Canteiro central
2020-02-07 00:00:00,12:29:00,SEM VÍTIMA,DERBY,AV GOVERNADOR AGAMENON MAGALHAES,68,SUBURBIO,COLISÃO TRASEIRA,QUATROS AUTOS S/V,4,,,,,,,,,0,Cruzamento,Bom,Perfeito estado,Seca,Perfeito estado,Outras,60 km/h,Única,Faixa seccionada
2020-02-07 00:00:00,12:35:00,SEM VÍTIMA,DERBY,AV GOVERNADOR AGAMENON MAGALHAES,75,CIDADE,ABALROAMENTO LONGITUDINAL,COLISAO SEM VITIMAS,1,,,,,1,,,,0,Longo da via,Bom,Perfeito estado,Seca,Perfeito estado,Não há placas,60 km/h,Dupla,Canteiro central
2020-02-07 00:00:00,13:05:00,SEM VÍTIMA,PARNAMIRIM,RUA JOAO TUDE DE MELO,,SUBURBIO,COLISÃO TRASEIRA,COLISAO SEM VITIMAS,3,,,,,,,,,0,Longo da via,Bom,Perfeito estado,Seca,Perfeito estado,Não há placas,40 km/h,Dupla,Canteiro central
2020-02-07 00:00:00,13:14:00,SEM VÍTIMA,IMBIRIBEIRA,RUA SARGENTO SILVINO DE MACEDO,,SUBURBIO,COLISÃO TRASEIRA,COLISAO SEM VITIMAS,2,,,,,,,,,0,Longo da via,Bom,Não existente,Seca,Perfeito estado,Não há placas,,Dupla,Não existe
2020-02-07 00:00:00,13:17:00,COM VÍTIMA,ILHA DO LEITE,AV GOVERNADOR AGAMENON MAGALHAES,69,CIDADE,COLISÃO TRASEIRA,COLISÃO COM VITIMA,1,1,,,,,,,,1,Longo da via,Bom,Perfeito estado,Seca,Perfeito estado,Outras,60 km/h,Dupla,Canal
2020-02-07 00:00:00,13:50:00,SEM VÍTIMA,CASA AMARELA,RUA FERNANDO DE SOUZA CAETE,,,CHOQUE OBJETO FIXO,VEICULO COLIDIU COM A PAREDE/ VEICULO DA DICON E SEMOC,1,,,,,,,,,0,,,,,,,,,
2020-02-07 00:00:00,14:23:00,SEM VÍTIMA,AREIAS,AV RECIFE,494,SUBURBIO,ABALROAMENTO TRANSVERSAL,COLISAO SEM VITIMAS,1,,,,,1,,,,0,Longo da via,Bom,Perfeito estado,Seca,Perfeito estado,Outras,,Única,Faixa seccionada
2020-02-07 00:00:00,14:51:00,SEM VÍTIMA,BOA VISTA,RUA DA SOLEDADE,220,SUBURBIO,ABALROAMENTO LONGITUDINAL,ENTRE DOIS AUTOS S/V,2,,,,,,,,,0,Longo da via,Bom,Perfeito estado,Seca,Perfeito estado,R-6a,,Única,Não existe
2020-02-07 00:00:00,14:57:00,COM VÍTIMA,IMBIRIBEIRA,RUA ITAJAI,,SUBURBIO,ABALROAMENTO LONGITUDINAL,ENTRE AUTO PASSEIO X MOTO COM VÍTIMA,1,1,,,,,,,,1,Cruzamento,Bom,Perfeito estado,Seca,Perfeito estado,Não há placas,,Única,Faixa contínua
2020-02-07 00:00:00,15:11:00,SEM VÍTIMA,AFOGADOS,RUA SANTOS ARAUJO,333,,COLISÃO TRASEIRA,ENTRE AUTO PASSEIO X MOTO S/V,1,1,,,,,,,,0,Longo da via,Bom,Perfeito estado,Seca,Perfeito estado,Outras,,Única,Faixa seccionada
2020-02-07 00:00:00,15:14:00,COM VÍTIMA,BOA VISTA,RUA DO PROGRESSO,,AV. MANOEL BORBA,ABALROAMENTO LONGITUDINAL,COLISAO COM VITIMAS,1,1,,,,,,,,1,Cruzamento,Bom,Incompleta,Seca,Perfeito estado,Outras,40 km/h,Única,Não existe
2020-02-07 00:00:00,15:44:00,SEM VÍTIMA,BOA VIAGEM,AV CONSELHEIRO AGUIAR,114,,ABALROAMENTO TRANSVERSAL,COLISAO SEM VITIMAS,2,,,,,,,,,0,Cruzamento,Bom,Perfeito estado,Seca,Perfeito estado,Outras,60 km/h,Única,Faixa contínua
2020-02-07 00:00:00,15:52:00,SEM VÍTIMA,CORDEIRO,AV ENGENHEIRO ABDIAS DE CARVALHO,,CIDADE,COLISÃO,COLISAO SEM VITIMAS,2,,,,,,,,,0,,,,,,,,,
2020-02-07 00:00:00,16:13:00,SEM VÍTIMA,BOA VIAGEM,RUA ATLANTICO,,,COLISÃO,COLISAO SEM VITIMAS,2,,,,,,,,,0,,,,,,,,,
2020-02-07 00:00:00,16:45:00,COM VÍTIMA,CAMPO GRANDE,RUA OLIVEIRA FONSECA,,SUBURBIO,ABALROAMENTO TRANSVERSAL,COLISAO COM VITIMAS,,1,,,,1,,,,2,Cruzamento,Bom,Incompleta,Seca,Perfeito estado,Não há placas,,Dupla,Não existe
2020-02-07 00:00:00,16:46:00,SEM VÍTIMA,CASA AMARELA,AV DR EURICO CHAVES,,,COLISÃO,ENTRE MOTO X AUTO PASSEIO S/V,1,1,,,,,,,,0,,,,,,,,,
2020-02-07 00:00:00,17:21:00,SEM VÍTIMA,ÁGUA FRIA,AV BEBERIBE,,,COLISÃO,ENTRE DOIS AUTOS S/V,2,,,,,,,,,0,,,,,,,,,
2020-02-07 00:00:00,17:39:00,COM VÍTIMA,ILHA JOANA BEZERRA,VIADUTO CAPITAO TEMUDO,,SUBURBIO,ATROPELAMENTO,COLISÃO COM VÍTIMA,,1,,,1,,,,,2,Longo da via,Bom,Perfeito estado,Seca,Perfeito estado,Não há placas,,Dupla,Faixa seccionada
2020-02-07 00:00:00,17:46:00,COM VÍTIMA,CORDEIRO,EST DO FORTE DO ARRAIAL N. DO B. JESUS,,SUBURBIO,ABALROAMENTO TRANSVERSAL,ENTRE AUTO PASSEIO X MOTO COM VÍTIMA,1,1,,,,,,,,1,Cruzamento,Bom,Incompleta,Seca,Perfeito estado,Não há placas,,Dupla,Faixa contínua
2020-02-07 00:00:00,18:20:00,SEM VÍTIMA,IMBIRIBEIRA,AV MARECHAL MASCARENHAS DE MORAES,255,SUBURBIO,ABALROAMENTO LONGITUDINAL,DOIS AUTOS,2,,,,,,,,,0,Longo da via,Bom,Perfeito estado,Seca,Perfeito estado,Outras,60 km/h,Dupla,Faixa seccionada