data,hora,natureza,bairro,endereco,num_semaforo,sentido_via,tipo,auto,moto,ciclom,ciclista,pedestre,onibus,caminhao,viatura,outros,vitimas,vitimasfatais,acidente_verificado,tempo_clima,sinalizacao,condicao_via,conservacao_via,situacao_placa,velocidade_max_via,mao_direcao,divisao_via1
2020-02-16 00:00:00,08:38:00,SEM VÍTIMA,VASCO DA GAMA,RUA PROFESSOR RUI DA SILVEIRA CASTRO,,,COLISÃO,COLISÃO SEM VITIMAS,1,1,,,,,,,,0,Longo da via,Bom,Não existente,Seca,Perfeito estado,Não há placas,,Dupla,Não existe
2020-02-16 00:00:00,09:47:00,SEM VÍTIMA,IBURA,AV MARIA IRENE,,CIDADE,COLISÃO,,1,,,,,,,1,,0,Longo da via,Bom,Não existente,Seca,Perfeito estado,Não há placas,,Dupla,Faixa contínua
2020-02-16 00:00:00,09:55:00,COM VÍTIMA,BOA VIAGEM,AV CONSELHEIRO AGUIAR,,SUBURBIO,COLISÃO TRASEIRA,COLISÃO COM VITIMA  GM  LUCIANO QTH,1,,,,,1,,,,1,Longo da via,Bom,Perfeito estado,Seca,Perfeito estado,R-6a,,Única,Faixa contínua
2020-02-16 00:00:00,12:00:00,SEM VÍTIMA,CAXANGÁ,AV CAXANGA,281,SUBURBIO,COLISÃO,COLISÃO SEM VÍTIMAS ENTRE AUTO E CAMINHÃO,1,,,,,,1,,,0,Cruzamento,Bom,Perfeito estado,Seca,Perfeito estado,Outras,60 km/h,Dupla,Canteiro central
2020-02-16 00:00:00,12:16:00,SEM VÍTIMA,MADALENA,EST DOS REMEDIOS,353,CIDADE,COLISÃO,COLISAO S/ VITIMA. ENTRE DOIS VEICULOS,2,,,,,,,,,0,Longo da via,Bom,Perfeito estado,Seca,Perfeito estado,Não há placas,,Única,Faixa contínua
2020-02-16 00:00:00,12:40:00,SEM VÍTIMA,IBURA,RUA DR BENIGNO JORDAO DE VASCONCELOS,,,COLISÃO,COLISAO S/ VITIMA ENTRE DOIS VEICULOS,2,,,,,,,,,0,,,,,,,,,
2020-02-16 00:00:00,14:12:00,SEM VÍTIMA,BOA VIAGEM,RUA RIBEIRO DE BRITO,,,COLISÃO,COLISÃO SEM VÍTIMA,3,,,,,,,,,0,Longo da via,Bom,Perfeito estado,Seca,Perfeito estado,Outras,60 km/h,Única,Faixa seccionada
2020-02-16 00:00:00,15:51:00,SEM VÍTIMA,VÁRZEA,AV CAXANGA,231,CIDADE,COLISÃO,COLISÃO SEM VÍTIMA,1,1,,,,,,,,0,Longo da via,Bom,Perfeito estado,Seca,Perfeito estado,R-26,,Dupla,Faixa seccionada
2020-02-16 00:00:00,16:31:00,COM VÍTIMA,ESPINHEIRO,RUA SANTO ELIAS,,CIDADE,ABALROAMENTO TRANSVERSAL,COLISÃO COM VÍTIMA,,2,,,,,,,,1,Cruzamento,Bom,Perfeito estado,Seca,Perfeito estado,Placas Pare,,Única,Faixa seccionada
2020-02-16 00:00:00,17:24:00,SEM VÍTIMA,SAN MARTIN,RUA VINTE E UM DE ABRIL,,C,COLISÃO,COLISÃO ENTRE 2 AUTOS- SEM VÍTIMAS.,2,,,,,,,,,0,Esquina,Bom,Perfeito estado,Seca,Perfeito estado,R-4a,,Dupla,Não existe
2020-02-16 00:00:00,18:26:00,SEM VÍTIMA,VÁRZEA,RUA PROFESSOR CHAVES BATISTA,,CIDADE,COLISÃO,ONIBUS DE TURISMO X HONDA CIVIC,1,,,,,1,,,,0,Longo da via,Bom,Perfeito estado,Seca,Perfeito estado,Outras,,Única,Faixa seccionada
2020-02-16 00:00:00,18:42:00,COM VÍTIMA,BOA VIAGEM,RUA BARAO DE SOUZA LEAO,,,COLISÃO COM CICLISTA,CICLISTA X ONIBUS VERA CRUZ,,,,1,,1,,,,1,,,,,,,,,
2020-02-16 00:00:00,20:15:00,SEM VÍTIMA,BOA VIAGEM,AV BOA VIAGEM,,CIDADE,COLISÃO,LOGAN X OPALA,2,,,,,,,,,0,Longo da via,Bom,Perfeito estado,Seca,Perfeito estado,Outras,,Única,Faixa seccionada
2020-02-16 00:00:00,20:45:00,COM VÍTIMA,BAIRRO DO RECIFE,CAIS DO APOLO,,SUBURBIO,ATROPELAMENTO,ENTRE MOTO E PEDESTRE. C/V,,1,,,1,,,,,1,Longo da via,Bom,Perfeito estado,Seca,Perfeito estado,Não há placas,,Única,Faixa seccionada
2020-02-16 00:00:00,21:09:00,COM VÍTIMA,BOA VIAGEM,AV ENGENHEIRO DOMINGOS FERREIRA,155,SUBURBIO,ABALROAMENTO TRANSVERSAL,ENTRE AMBULÂNCIA E AUTO PASSEIO. C/V,1,,,,,,1,,,2,Cruzamento,Bom,Perfeito estado,Seca,Perfeito estado,Não há placas,,Única,Faixa seccionada
2020-02-16 00:00:00,21:32:00,COM VÍTIMA,CAMPINA DO BARRETO,RUA DAS MOCAS,,,COLISÃO,FIESTA X MOTO,1,1,,,,,,,,1,,,,,,,,,
2020-02-16 00:00:00,22:21:00,SEM VÍTIMA,CAMPO GRANDE,RUA PROFESSOR FRANCISCO DA TRINDADE,,SUBURBIO,COLISÃO,ENTRE 2 AUTOS. S/V,2,,,,,,,,,0,Longo da via,Bom,Perfeito estado,Seca,Perfeito estado,Placas Pare,,Única,Faixa contínua
2020-02-16 00:00:00,22:33:00,SEM VÍTIMA,CORDEIRO,AV CAXANGA,,,COLISÃO,ENTRE BRT E AUTO PASSEIO. S/V,1,,,,,1,,,,0,Longo da via,Bom,Perfeito estado,Seca,Perfeito estado,Outras,,Dupla,Faixa contínua
2020-02-17 00:00:00,06:28:00,SEM VÍTIMA,AREIAS,RUA DR VILAS BOAS,,SUBURBIO,CHOQUE,CHOQUE COM ÁRVORE,1,,,,,,,,,0,Longo da via,Chuvoso,Incompleta,Molhada,Mal conservada,Não há placas,,Dupla,Não existe
2020-02-17 00:00:00,07:00:00,SEM VÍTIMA,DERBY,AV GOVERNADOR AGAMENON MAGALHAES,417,SUBURBIO,COLISÃO,COLISÃO S/VITIMAS ENTRE UM AUTO E UMA MOTO (GM JOAO VITOR E MAURICIO SANTOS NO QTH),1,1,,,,,,,,0,Longo da via,Bom,Perfeito estado,Seca,Perfeito estado,Não há placas,60 km/h,Dupla,Faixa seccionada
2020-02-17 00:00:00,07:01:00,SEM VÍTIMA,MADALENA,AV CAXANGA,264,CIDADE,COLISÃO,DOIS AUTOS,2,,,,,,,,,0,Longo da via,Bom,Perfeito estado,Seca,Perfeito estado,R-6a,,Dupla,Canteiro central
2020-02-17 00:00:00,07:14:00,COM VÍTIMA,BOA VIAGEM,RUA PADRE CARAPUCEIRO,,CIDADE,COLISÃO TRASEIRA,MOTO E AUTO PASSEIO,1,1,,,,,,,,1,Longo da via,Bom,Perfeito estado,Seca,Perfeito estado,Outras,,Única,Faixa seccionada
2020-02-17 00:00:00,07:26:00,SEM VÍTIMA,DERBY,RUA JOAQUIM NABUCO,174,,COLISÃO,COLISÃO S/VITIMAS ENTRE DOIS AUTOS (GM EVERTON SILVA E EVANDRO RAMOS NO QTH),2,,,,,,,,,0,Longo da via,Bom,Perfeito estado,Seca,Perfeito estado,Outras,60 km/h,Única,Faixa seccionada
2020-02-17 00:00:00,07:41:00,SEM VÍTIMA,SANTO AMARO,AV GOVERNADOR AGAMENON MAGALHAES,378,,COLISÃO,COLISÃO S/VITIMAS ENTRE UM AUTO E UM ONIBUS (GM IVAN E DANILO NO QTH),1,,,,,1,,,,0,Outros,Bom,Perfeito estado,Seca,Perfeito estado,Não há placas,60 km/h,Dupla,Canteiro central
2020-02-17 00:00:00,08:29:00,SEM VÍTIMA,ENGENHO DO MEIO,RUA ANTONIO CURADO,,,COLISÃO,DOIS AUTOS,2,,,,,,,,,0,Longo da via,Bom,,Seca,Perfeito estado,,40 km/h,Dupla,Faixa seccionada
2020-02-17 00:00:00,08:45:00,COM VÍTIMA,IMBIRIBEIRA,RUA JULIO VERNE,,SUBURBIO,ABALROAMENTO LONGITUDINAL,COLISÃO C/VITIMAS ENTRE UMA MOTO E UM AUTO,1,1,,,,,,,,1,Longo da via,Bom,Perfeito estado,Seca,Perfeito estado,Não há placas,,Única,Faixa seccionada
2020-02-17 00:00:00,08:52:00,COM VÍTIMA,IMBIRIBEIRA,AV MARECHAL MASCARENHAS DE MORAES,625,SUBURBIO,COLISÃO TRASEIRA,AUTO E MOTO,1,1,,,,,,,,1,Longo da via,Bom,Perfeito estado,Seca,Perfeito estado,Não há placas,60 km/h,Dupla,Canteiro central
2020-02-17 00:00:00,08:52:00,SEM VÍTIMA,MADALENA,AV ENGENHEIRO ABDIAS DE CARVALHO,,CIDADE,COLISÃO,COLISÃO S/VITIMAS ENTRE UM AUTO E UMA MOTO,1,1,,,,,,,,0,Longo da via,Bom,Perfeito estado,Seca,Perfeito estado,R-6a,,Dupla,Canteiro central
2020-02-17 00:00:00,09:27:00,SEM VÍTIMA,GRAÇAS,AV RUI BARBOSA,102,CIDADE,COLISÃO,DOIS AUTOS,2,,,,,,,,,0,Longo da via,Bom,Perfeito estado,Seca,Perfeito estado,Outras,60 km/h,Única,Faixa contínua
2020-02-17 00:00:00,09:47:00,COM VÍTIMA,ILHA DO LEITE,RUA SENADOR JOSE HENRIQUE,,SUBURBIO,ABALROAMENTO LONGITUDINAL,AUTO E MOTO,1,1,,,,,,,,1,Longo da via,Bom,Perfeito estado,Seca,Perfeito estado,Placas Pare,,Única,Faixa seccionada
2020-02-17 00:00:00,09:54:00,SEM VÍTIMA,CORDEIRO,RUA PACIFICO DA LUZ,,SUBURBIO,COLISÃO,CAMINHAO DO LIXO E AUTO PASSEIO,1,,,,,,1,,,0,Longo da via,Bom,Não existente,Seca,Mal conservada,Não há placas,,Dupla,Não existe
2020-02-17 00:00:00,10:05:00,SEM VÍTIMA,BOA VISTA,AV JOAO DE BARROS,356,CIDADE,COLISÃO,COLISÃO S/VITIMAS ENTRE DOIS AUTOS,2,,,,,,,,,0,Longo da via,Bom,Perfeito estado,Seca,Perfeito estado,Não há placas,,Única,
2020-02-17 00:00:00,10:06:00,COM VÍTIMA,IMBIRIBEIRA,AV MARECHAL MASCARENHAS DE MORAES,,SUBURBIO,COLISÃO TRASEIRA,TRES MOTOS E UM AUTO PASSEIO / MTS 03 / 31 NO QTH,1,3,,,,,,,,1,Longo da via,Chuvoso,Não existente,Molhada,Perfeito estado,,60 km/h,Dupla,Faixa seccionada
2020-02-17 00:00:00,10:23:00,SEM VÍTIMA,CAXANGÁ,AV CAXANGA,,CIDADE,COLISÃO,DOIS AUTOS,2,,,,,,,,,0,,,,,,,,,
2020-02-17 00:00:00,10:25:00,SEM VÍTIMA,IBURA,RUA VALE DO CARIRI,,,COLISÃO,CAMINHÃO E AUTO,1,,,,,,1,,,0,Longo da via,Bom,Incompleta,Seca,Perfeito estado,Não há placas,30 km/h,Dupla,Não existe
2020-02-17 00:00:00,10:50:00,SEM VÍTIMA,JARDIM SÃO PAULO,RUA GUEDES ALCOFORADO,,,COLISÃO,ONIBUS E AUTO PASSEIO,1,,,,,1,,,,0,Esquina,Bom,Não existente,Seca,Perfeito estado,Não há placas,,Dupla,Não existe
2020-02-17 00:00:00,10:58:00,COM VÍTIMA,CAMPO GRANDE,RUA JERONIMO VILELA,,,COLISÃO FRONTAL,AUTO E MOTO,1,1,,,,,,,,1,Cruzamento,Bom,Perfeito estado,Seca,Perfeito estado,Outras,,Dupla,Faixa seccionada
2020-02-17 00:00:00,10:59:00,SEM VÍTIMA,BOA VIAGEM,AV BOA VIAGEM,149,CIDADE,COLISÃO,COLISÃO S/VTIMAS ENTRE DOIS AUTOS,2,,,,,,,,,0,Cruzamento,Bom,Perfeito estado,Seca,Perfeito estado,Não há placas,,Única,Faixa contínua
2020-02-17 00:00:00,11:20:00,SEM VÍTIMA,IPSEP,RUA JEAN EMILE FAVRE,135,SUBURBIO,COLISÃO,COLISÃO S/VTIMAS ENTRE DOIS AUTOS,2,,,,,,,,,0,Longo da via,Bom,Perfeito estado,Seca,Perfeito estado,Outras,,Dupla,Faixa contínua
2020-02-17 00:00:00,13:11:00,SEM VÍTIMA,SÃO JOSÉ,AV SUL,,,COLISÃO,COLISÃO SEM VITIMA,1,,,,,1,,,,0,Longo da via,Bom,Não existente,Seca,Perfeito estado,Não há placas,60 km/h,Única,Faixa seccionada
2020-02-17 00:00:00,13:25:00,SEM VÍTIMA,DERBY,AV GOVERNADOR AGAMENON MAGALHAES,,,COLISÃO,COLISAO ENTRE ONIBUS E AUTOS S/V,1,,,,,1,,,,0,,,,,,,,,
2020-02-17 00:00:00,14:57:00,SEM VÍTIMA,CASA AMARELA,AV NORTE,,,COLISÃO,COLISAO ENTRE DOIS AUTOS S/V,2,,,,,,,,,0,,,,,,,,,
2020-02-17 00:00:00,15:11:00,SEM VÍTIMA,MADALENA,AV ENGENHEIRO ABDIAS DE CARVALHO,52,CIDADE,ENGAVETAMENTO,ENGAVETAMENTO ENTRE TRES VEICULOS. VT 16 GM: GEANE E BRUNO CORREIA NO LOCAL,3,,,,,,,,,0,Cruzamento,Bom,Incompleta,Seca,Perfeito estado,R-6a,,Dupla,Faixa seccionada
2020-02-17 00:00:00,15:15:00,SEM VÍTIMA,AFOGADOS,RUA DA PAZ,,,COLISÃO,COLISAO NETRE DOIS AUTOS S/V,2,,,,,,,,,0,Longo da via,Bom,Ilegível,Seca,Mal conservada,R-6a,,Única,Não existe
2020-02-17 00:00:00,15:49:00,COM VÍTIMA,SÃO JOSÉ,VDO DAS CINCO PONTAS,,SUBURBIO,ABALROAMENTO LONGITUDINAL,COLISAO COM VITIMA ENTRE CARRO E MOTO. CARRO FOI EMBORA DO LOCAL,1,1,,,,,,,,1,Viaduto,Bom,Perfeito estado,Seca,Perfeito estado,Outras,40 km/h,Única,Faixa seccionada
2020-02-17 00:00:00,16:14:00,SEM VÍTIMA,JOANA BEZERRA,AV DES GUERRA BARRETO,,CIDADE,COLISÃO,COLISAO ENTRE DOIS AUTOS S/V,2,,,,,,,,,0,Longo da via,Bom,Perfeito estado,Seca,Perfeito estado,R-6a,,Dupla,Faixa contínua
2020-02-17 00:00:00,16:45:00,SEM VÍTIMA,SÃO JOSÉ,AV ENGENHEIRO JOSE ESTELITA,,SUBURBIO,COLISÃO,COLISAO ENTRE DOIS AUTOS S/V,1,1,,,,,,,,0,Longo da via,Bom,Perfeito estado,Seca,Perfeito estado,Não há placas,,Dupla,Canteiro central
2020-02-17 00:00:00,17:23:00,COM VÍTIMA,ENCRUZILHADA,AV BEBERIBE,480,CIDADE,COLISÃO,COLISAO COM VITIMA,,1,,,,1,,,,1,Longo da via,Bom,Perfeito estado,Seca,Perfeito estado,R-6a,,Dupla,Faixa contínua
2020-02-17 00:00:00,18:01:00,SEM VÍTIMA,AREIAS,RUA CAPITAO BRAZ DE BARROS,,,COLISÃO,ENTRE 2 AUTOS. S/V,2,,,,,,,,,0,Cruzamento,Bom,Não existente,Seca,Perfeito estado,Não há placas,,Dupla,Não existe
2020-02-17 00:00:00,18:06:00,COM VÍTIMA,DOIS UNIDOS,AV HILDEBRANDO DE VASCONCELOS,,,COLISÃO COM CICLISTA,ENTRE AUTO E CICLISTA. C/V,1,,,1,,,,,,1,,,,,,,,,
2020-02-17 00:00:00,18:21:00,SEM VÍTIMA,BOA VIAGEM,AV CONSELHEIRO AGUIAR,,CIDADE,ENGAVETAMENTO,ENTRE 3 AUTOS. S/V,3,,,,,,,,,0,Longo da via,Bom,Perfeito estado,Seca,Perfeito estado,Outras,,Única,Faixa seccionada
2020-02-17 00:00:00,19:29:00,SEM VÍTIMA,PAISSANDU,RUA PAISSANDU,69,SUBURBIO,COLISÃO,FIAT UNO X,2,,,,,,,,,0,Cruzamento,Bom,Perfeito estado,Seca,Mal iluminada,Não há placas,60 km/h,Única,Faixa seccionada
2020-02-17 00:00:00,19:49:00,COM VÍTIMA,VÁRZEA,AV CAXANGA,,SUBURBIO,ABALROAMENTO LONGITUDINAL,AUTO E MOTO.,1,1,,,,,,,,1,Longo da via,Bom,Perfeito estado,Seca,Perfeito estado,Não há placas,,Dupla,Faixa seccionada
2020-02-17 00:00:00,20:03:00,COM VÍTIMA,DOIS IRMÃOS,RUA DOIS IRMAOS,,CIDADE,CHOQUE OBJETO FIXO,VEICULO CHOCOU-SE COM ARVORE,1,,,,,,,,,1,Longo da via,Bom,Ilegível,Seca,Mal iluminada,Não há placas,,Dupla,Faixa contínua
2020-02-17 00:00:00,21:09:00,SEM VÍTIMA,DERBY,AV GOVERNADOR AGAMENON MAGALHAES,,,COLISÃO,ENTRE ÕNIBUS E AUTO PASSEIO. S/V,1,,,,,1,,,,0,Esquina,Bom,Perfeito estado,Seca,Perfeito estado,Não há placas,60 km/h,Dupla,Canal
2020-02-17 00:00:00,21:43:00,SEM VÍTIMA,BOA VIAGEM,AV BEIRA MAR,,SUBURBIO,COLISÃO,TUCSON X ONIBUS BORBOREMA,1,,,,,1,,,,0,Longo da via,Bom,Perfeito estado,Seca,Perfeito estado,Não há placas,60 km/h,Única,Faixa seccionada
2020-02-17 00:00:00,22:20:00,COM VÍTIMA,IBURA,RUA RIO DA PRATA,,,ABALROAMENTO LONGITUDINAL,ENTRE VT DA POLÍCIA E MOTO. C/V,,1,,,,,,1,,1,Longo da via,Bom,Ilegível,Seca,Perfeito estado,Não há placas,,Dupla,Não existe
2020-02-18 00:00:00,05:35:00,COM VÍTIMA,ARRUDA,AV BEBERIBE,131,CIDADE,ABALROAMENTO LONGITUDINAL,ABALROAMENTO SEGUIDO DE ATROPELAMENTO ENVOLVENDO ÔNIBUS- AUTO E PEDESTRE C/V,1,,,,1,1,,,,1,Longo da via,Bom,Perfeito estado,Seca,Perfeito estado,Não há placas,,Dupla,Faixa contínua
2020-02-18 00:00:00,08:17:00,SEM VÍTIMA,PINA,AV ANTONIO DE GOES,226,CIDADE,COLISÃO,DOIS AUTOS // GM SUB NATALICIO P.O NO QTH,2,,,,,,,,,0,Longo da via,Bom,Perfeito estado,Seca,Perfeito estado,R-8a,60 km/h,Única,Faixa contínua
2020-02-18 00:00:00,08:23:00,SEM VÍTIMA,AREIAS,AV RECIFE,494,CIDADE,COLISÃO,COLISÃO SEM VITIMAS,1,,,,,1,,,,0,Esquina,Bom,Incompleta,Seca,Perfeito estado,Não há placas,,Dupla,Faixa seccionada
2020-02-18 00:00:00,08:33:00,COM VÍTIMA,ENGENHO DO MEIO,RUA ANTONIO CURADO,,,COLISÃO COM CICLISTA,VITIMA A ESPERA  DO SAMU,1,,,1,,,,,,1,Esquina,Bom,Perfeito estado,Seca,Perfeito estado,Não há placas,,Dupla,Faixa seccionada
2020-02-18 00:00:00,09:36:00,COM VÍTIMA,JOANA BEZERRA,RUA CONCEICAO DE MACABU,,CIDADE,ATROPELAMENTO,ONIBUS E PEDESTRE,,,,,1,1,,,,1,Longo da via,Bom,Perfeito estado,Seca,Perfeito estado,Não há placas,20 km/h,Única,Faixa seccionada
2020-02-18 00:00:00,09:53:00,COM VÍTIMA,PINA,AV ANTONIO DE GOES,,CIDADE,COLISÃO COM CICLISTA,COLISÃO ENTRE AUTO- MOTO E BICICLETA NÃO IDENTIFICADA POIS FOI RETIRADA DO LOCAL POR POPULARES.,1,1,,1,,,,,,1,Longo da via,Bom,Perfeito estado,Seca,Perfeito estado,Não há placas,60 km/h,Única,Faixa seccionada
2020-02-18 00:00:00,10:04:00,SEM VÍTIMA,ESTÂNCIA,AV RECIFE,,CIDADE,COLISÃO,COLISAO SEM VITIMAS,2,,,,,,,,,0,Longo da via,Bom,Perfeito estado,Seca,Perfeito estado,Não há placas,,Dupla,Faixa seccionada
2020-02-18 00:00:00,10:13:00,SEM VÍTIMA,PINA,AV ANTONIO DE GOES,538,CIDADE,COLISÃO,COLISÃO SEM VITIMAS,2,,,,,,,,,0,Longo da via,Bom,Perfeito estado,Seca,Perfeito estado,Outras,,Única,Faixa contínua
2020-02-18 00:00:00,11:23:00,SEM VÍTIMA,BOA VIAGEM,PRC INDUSTRIAL MIGUEL SANTOS,,SUBURBIO,COLISÃO,DOIS AUTOS,2,,,,,,,,,0,Outros,Bom,Perfeito estado,Seca,Perfeito estado,Não há placas,30 km/h,Única,Não existe
2020-02-18 00:00:00,12:21:00,SEM VÍTIMA,ALTO JOSÉ DO PINHO,RUA ARACATIARA,,,COLISÃO,COLISAO ENTRE DUAS MOTOS E UM ALTO S/V,1,2,,,,,,,,0,,,,,,,,,
2020-02-18 00:00:00,12:58:00,SEM VÍTIMA,JOANA BEZERRA,PTE JOSE DE BARROS LIMA,,SUBURBIO,CHOQUE OBJETO FIXO,COM BLOCO DE CONCRETO E SEGUINDA TOMBAMENTO,1,,,,,,,,,0,Longo da via,Bom,Perfeito estado,Seca,Perfeito estado,Outras,60 km/h,Dupla,Faixa seccionada
2020-02-18 00:00:00,13:07:00,SEM VÍTIMA,IMBIRIBEIRA,AV DOM JOAO VI,543,,COLISÃO,COLISÃO S/VITIMAS ENTRE DOIS AUTOS,2,,,,,,,,,0,,,,,,,,,
2020-02-18 00:00:00,13:22:00,SEM VÍTIMA,JOANA BEZERRA,AV DES GUERRA BARRETO,38,,COLISÃO,COLISAO ENTRE DOIS AUTOS S/V,2,,,,,,,,,0,Longo da via,Bom,Perfeito estado,Seca,Perfeito estado,R-25a,,Única,Faixa contínua
2020-02-18 00:00:00,14:08:00,SEM VÍTIMA,MACAXEIRA,RUA FLAVIO GUERRA,,SUBURBIO,COLISÃO,COLISÃO SEM VÍTIMA,1,,,,,,1,,,0,Longo da via,Bom,Não existente,Seca,Perfeito estado,Não há placas,,Dupla,Não existe
2020-02-18 00:00:00,14:29:00,SEM VÍTIMA,MADALENA,RUA BENFICA,515,SUBURBIO,COLISÃO,COLISAO ENTRE DOIS AUTOS S/V,2,,,,,,,,,0,Longo da via,Bom,Perfeito estado,Seca,Perfeito estado,Não há placas,60 km/h,Única,Faixa seccionada
2020-02-18 00:00:00,14:34:00,SEM VÍTIMA,IMBIRIBEIRA,AV ENGENHEIRO ALVES DE SOUZA,634,SUBURBIO,COLISÃO,COLISÃO SEM VÍTIMA,2,,,,,,,,,0,Longo da via,Bom,Perfeito estado,Seca,Perfeito estado,R-6a,,Dupla,Não existe
2020-02-18 00:00:00,14:53:00,COM VÍTIMA,PINA,AVENIDA CELSO FURTADO (VIA MANGUE),,CIDADE,COLISÃO,COLISÃO COM VÍTIMA,2,1,,,,,,,,1,Longo da via,Bom,Perfeito estado,Seca,Perfeito estado,Não há placas,60 km/h,Dupla,Canteiro central
2020-02-18 00:00:00,15:09:00,SEM VÍTIMA,BOA VISTA,RUA JOAQUIM FELIPE,,SUBURBIO,ENGAVETAMENTO,S/ VITIMA ENTRE TRES VEICULOS,3,,,,,,,,,0,Longo da via,Bom,Perfeito estado,Seca,Perfeito estado,R-6a,,Única,Faixa contínua
2020-02-18 00:00:00,15:16:00,SEM VÍTIMA,PINA,AV ENGENHEIRO DOMINGOS FERREIRA,,SUBURBIO,COLISÃO,COLISÃO S/VITIMAS ENTRE DOIS AUTOS,2,,,,,,,,,0,Longo da via,Bom,Perfeito estado,Seca,Perfeito estado,Não há placas,60 km/h,Única,Canteiro central
2020-02-18 00:00:00,15:31:00,SEM VÍTIMA,CASA FORTE,AV DEZESSETE DE AGOSTO,389,SUBURBIO,COLISÃO,COLISÃO S/VITIMAS ENTRE DOIS AUTOS,2,,,,,,,,,0,Longo da via,Bom,Perfeito estado,Seca,Perfeito estado,R-6a,,Dupla,Faixa contínua
2020-02-18 00:00:00,15:57:00,SEM VÍTIMA,BOA VIAGEM,RUA CAPITAO ZUZINHA,420,AEROPORTO/PRAIA,COLISÃO,COLISAO S/ VITIMA. ENTRE DOIS VEICULOS,2,,,,,,,,,0,Longo da via,Bom,Perfeito estado,Seca,Perfeito estado,Outras,,Única,Faixa seccionada
2020-02-18 00:00:00,16:27:00,SEM VÍTIMA,BOA VIAGEM,RUA DR JOAO GUILHERME DE P SOBRINHO,,,COLISÃO,COLISAO ENTRE DOIS AUTOS S/V,2,,,,,,,,,0,Longo da via,Bom,Não existente,Seca,Mal conservada,Não há placas,,Única,Não existe
2020-02-18 00:00:00,17:02:00,SEM VÍTIMA,VASCO DA GAMA,RUA DOIS DE FEVEREIRO,,,COLISÃO,COLISAO ENTRE MICRO ONIBUS E AUTOS S/V,1,,,,,1,,,,0,,,,,,,,,
2020-02-18 00:00:00,17:22:00,SEM VÍTIMA,ILHA DO LEITE,RUA GENERAL JOAQUIM INACIO,373,,COLISÃO,COLISAO ENTRE TRES AUTOS S/V,3,,,,,,,,,0,Longo da via,Bom,Perfeito estado,Seca,Perfeito estado,R-4b,,Única,Faixa contínua
2020-02-18 00:00:00,17:44:00,COM VÍTIMA,PINA,AV ENGENHEIRO DOMINGOS FERREIRA,,SUBURBIO,COLISÃO TRASEIRA,COLISÃO C/VITIMA ENTRE UMA MOTO E UM AUTO,1,1,,,,,,,,1,Longo da via,Bom,Perfeito estado,Seca,Perfeito estado,R-6a,,Única,Faixa seccionada
2020-02-18 00:00:00,17:49:00,SEM VÍTIMA,JORDÃO,AV MARIA IRENE,,SUBURBIO,COLISÃO,COLISÃO S/VITIMAS,2,,,,,,,,,0,Outros,Bom,Não existente,Seca,Mal conservada,Não há placas,60 km/h,Dupla,Canteiro central
2020-02-18 00:00:00,18:54:00,COM VÍTIMA,SANTO AMARO,AV GOVERNADOR AGAMENON MAGALHAES,49,SUBURBIO,COLISÃO TRASEIRA,MOTO X AUTO. C/V,1,1,,,,,,,,1,Longo da via,Bom,Perfeito estado,Seca,Perfeito estado,Não há placas,,Dupla,Canal
2020-02-18 00:00:00,19:23:00,SEM VÍTIMA,AFOGADOS,RUA IMPERIAL,,SUBURBIO,COLISÃO,ENTRE 3 AUTOS. S/V,3,,,,,,,,,0,Longo da via,Bom,Perfeito estado,Seca,Perfeito estado,Outras,,Única,Faixa seccionada
2020-02-18 00:00:00,19:33:00,SEM VÍTIMA,JOANA BEZERRA,AV MARTIN LUTHER KING,,,COLISÃO,ENTRE ÕNIBUS E AUTO PASSEIO. S/V,1,,,,,1,,,,0,Longo da via,Bom,Perfeito estado,Seca,Perfeito estado,Não há placas,,Única,Canteiro central
2020-02-18 00:00:00,19:37:00,SEM VÍTIMA,ILHA DO LEITE,AV GOVERNADOR AGAMENON MAGALHAES,,CIDADE,COLISÃO,CAMINHÃO E AUTO. S/V,1,,,,,,1,,,0,Esquina,Bom,Perfeito estado,Seca,Perfeito estado,,,Dupla,Faixa seccionada
2020-02-18 00:00:00,19:52:00,SEM VÍTIMA,BOA VIAGEM,AV FERNANDO SIMOES BARBOSA,,,COLISÃO,COLISAO SEM VITIMAS,1,1,,,,,,,,0,,,,,,,,,
2020-02-18 00:00:00,19:58:00,SEM VÍTIMA,CASA AMARELA,RUA XAVANTES,,SUBURBIO,COLISÃO,COLISAO SEM VITIMAS,2,,,,,,,,,0,Cruzamento,Bom,Perfeito estado,Seca,Perfeito estado,Placas Pare,,Única,Não existe
2020-02-18 00:00:00,22:00:00,SEM VÍTIMA,IMBIRIBEIRA,RUA OLIVIA MENELAU,396,SUBURBIO,COLISÃO,ENTRE 3 AUTOS. S/V,3,,,,,,,,,0,Longo da via,Chuvoso,Perfeito estado,Molhada,Perfeito estado,Outras,,Única,Faixa seccionada