data,hora,natureza,bairro,endereco,num_semaforo,sentido_via,tipo,auto,moto,ciclom,ciclista,pedestre,onibus,caminhao,viatura,outros,vitimas,vitimasfatais,acidente_verificado,tempo_clima,sinalizacao,condicao_via,conservacao_via,situacao_placa,velocidade_max_via,mao_direcao,divisao_via1
2020-02-18 00:00:00,23:24:00,SEM VÍTIMA,AFOGADOS,RUA SANTA EDWIRGES,,SUBURBIO,COLISÃO,COLISAO SEM VITIMAS,2,,,,,,,,,0,Cruzamento,Chuvoso,Perfeito estado,Molhada,Perfeito estado,Placas Pare,,Dupla,Faixa contínua
2020-02-19 00:00:00,06:25:00,COM VÍTIMA,ESPINHEIRO,AV GOVERNADOR AGAMENON MAGALHAES,78,BOA VIAGEM,COLISÃO TRASEIRA,COLISÃO C/VITIMAS ENTRE DUAS MOTOS,,2,,,,,,,,2,Cruzamento,Bom,Perfeito estado,Seca,Perfeito estado,Outras,60 km/h,Dupla,Canteiro central
2020-02-19 00:00:00,07:59:00,SEM VÍTIMA,AFLITOS,RUA TEIXEIRA PINTO,,,COLISÃO,COLISÃO SEM VITIMAS,1,1,,,,,,,,0,,,,,,,,,
2020-02-19 00:00:00,08:29:00,COM VÍTIMA,BOA VIAGEM,RUA MARQUES DE VALENCA,,SUBURBIO,ABALROAMENTO TRANSVERSAL,MOTO E AUTO,1,1,,,,,,,,1,Cruzamento,Bom,Incompleta,Seca,Perfeito estado,R-4a,,Dupla,Não existe
2020-02-19 00:00:00,08:32:00,COM VÍTIMA,MADALENA,AV VISCONDE DE ALBUQUERQUE,,SUBURBIO,ABALROAMENTO LONGITUDINAL,COLISÃO COM VITIMA SOCORRIDA PELO SAMU,1,1,,,,,,,,1,Longo da via,Bom,Perfeito estado,Seca,Perfeito estado,Outras,,Única,Faixa contínua
2020-02-19 00:00:00,08:33:00,SEM VÍTIMA,CAXANGÁ,RUA RIBEIRO PESSOA,,,COLISÃO,COLISAO SEM VITIMAS,1,,,,,1,,,,0,,,,,,,,,
2020-02-19 00:00:00,08:49:00,SEM VÍTIMA,BOA VIAGEM,RUA JACK AYRES,,,COLISÃO,COLISÃO SEM VITIMAS,2,,,,,,,,,0,Cruzamento,Bom,Perfeito estado,Seca,Perfeito estado,Placas Pare,20 km/h,Única,Não existe
2020-02-19 00:00:00,08:55:00,SEM VÍTIMA,BOA VIAGEM,AV DOM JOAO VI,,,COLISÃO,DOIS AUTOS,2,,,,,,,,,0,,,,,,,,,
2020-02-19 00:00:00,09:19:00,SEM VÍTIMA,BARRO,RUA PADRE DIOGO RODRIGUES,,,COLISÃO,COLISÃO SEM  VITIMAS,2,,,,,,,,,0,Longo da via,Bom,Não existente,Seca,Perfeito estado,Não há placas,,Dupla,Não existe
2020-02-19 00:00:00,09:20:00,SEM VÍTIMA,BOA VIAGEM,RUA TOME GIBSON,,CIDADE,COLISÃO,COLISÃO S/VITIMAS ENTRE DOIS AUTOS,2,,,,,,,,,0,Longo da via,Bom,Perfeito estado,Seca,Perfeito estado,Outras,,Dupla,Canteiro central
2020-02-17 00:00:00,09:23:00,SEM VÍTIMA,MANGABEIRA,AV PROFESSOR JOSE DOS ANJOS,364,,COLISÃO TRASEIRA,COLISÃO S/ VÍTIMAS,1,1,,,,,,,,0,Longo da via,Bom,Perfeito estado,Seca,Perfeito estado,R-6a,,Única,Faixa seccionada
2020-02-19 00:00:00,09:48:00,SEM VÍTIMA,DERBY,RUA GUILHERME PINTO,,SUBURBIO,COLISÃO,COLISÃO SEM VITIMAS,1,,,,,1,,,,0,Longo da via,Bom,Perfeito estado,Seca,Perfeito estado,R-6a,,Única,Faixa seccionada
2020-02-19 00:00:00,10:46:00,SEM VÍTIMA,CASA AMARELA,AV NORTE,,SUBURBIO,COLISÃO,COLISAO SEM VITIMAS,,,,,,1,,,,0,Longo da via,Bom,Perfeito estado,Seca,Perfeito estado,,,Dupla,Canteiro central
2020-02-19 00:00:00,11:02:00,SEM VÍTIMA,BOA VISTA,RUA DO PROGRESSO,,CIDADE,COLISÃO,COLISÃO S/VITIMAS ENTRE UM CAMINHÃO E UMA RETROESCAVADEIRA,,,,,,,1,,1,0,Longo da via,Bom,Perfeito estado,Seca,Perfeito estado,Não há placas,40 km/h,Única,Não existe
2020-02-19 00:00:00,11:24:00,SEM VÍTIMA,IPSEP,RUA ALDEMAR DE OLIVEIRA,,,CHOQUE OBJETO FIXO,CAMINHAO CHOCOU-SE COM O POSTE DERRUBANDO OS FIOS E O POSTE PARTIU-SE AO MEIO / MOTORISTA SE ENCONTRA NO LOCAL POREM NAO ENTROU EM CONTATO COM A CTTU,,,,,,,1,,,0,,,,,,,,,
2020-02-19 00:00:00,11:29:00,SEM VÍTIMA,SAN MARTIN,AV ENGENHEIRO ABDIAS DE CARVALHO,58,,COLISÃO,COLISÃO SEM VITIMAS,1,1,,,,,,,,0,Longo da via,Bom,Perfeito estado,Seca,Perfeito estado,Outras,,Dupla,Faixa contínua
2020-02-19 00:00:00,11:57:00,COM VÍTIMA,MORRO DA CONCEIÇÃO,COR DO BARTOLOMEU,,SUBURBIO,ABALROAMENTO TRANSVERSAL,COLISAO COM VITIMAS,,2,,,,,,,,2,Longo da via,Bom,Perfeito estado,Seca,Perfeito estado,Outras,,Dupla,Faixa seccionada
2020-02-19 00:00:00,12:04:00,SEM VÍTIMA,BOA VIAGEM,AV ANTONIO DE GOES,538,CIDADE,COLISÃO,COLISAO SEM VITIMAS,2,,,,,,,,,0,Longo da via,Bom,Perfeito estado,Seca,Perfeito estado,Outras,,Única,Faixa contínua
2020-02-19 00:00:00,12:40:00,SEM VÍTIMA,DERBY,AV GOVERNADOR AGAMENON MAGALHAES,,,COLISÃO,COLISÃO SEM VÍTIMA,1,1,,,,,,,,0,,,,,,,,,
2020-02-19 00:00:00,12:42:00,SEM VÍTIMA,SÃO JOSÉ,RUA PRIMEIRO DE MARCO,,,COLISÃO,COLISAO SEM VITIMAS,1,1,,,,,,,,0,,,,,,,,,
2020-02-19 00:00:00,12:59:00,SEM VÍTIMA,SANTO AMARO,AV MARIO MELO,,,COLISÃO,COLISAO SEM VITIMAS,2,,,,,,,,,0,,,,,,,,,
2020-02-19 00:00:00,13:48:00,SEM VÍTIMA,BOA VISTA,RUA DOM BOSCO,,CIDADE,COLISÃO,COLISAO SEM VITIMAS,2,,,,,,,,,0,Longo da via,Bom,Perfeito estado,Seca,Perfeito estado,Outras,,Única,Outros
2020-02-19 00:00:00,13:50:00,SEM VÍTIMA,VÁRZEA,RUA FRANCISCO LACERDA,,SUBURBIO,COLISÃO,COLISAO ENTRE DOIS AUTOS S/V VT 16 NO LOCAL,2,,,,,,,,,0,Cruzamento,Bom,Perfeito estado,Seca,Perfeito estado,R-6a,,Dupla,Não existe
2020-02-19 00:00:00,14:02:00,SEM VÍTIMA,BOA VISTA,AV CONDE DA BOA VISTA,23,,COLISÃO,COLISÃO SEM VÍTIMA,1,,,,,1,,,,0,,Bom,Perfeito estado,Seca,Perfeito estado,,40 km/h,Única,Não existe
2020-02-19 00:00:00,14:06:00,SEM VÍTIMA,IBURA,RUA RIO XINGU,,,COLISÃO,COLISAO SEM VITIMAS,1,1,,,,,,,,0,,,,,,,,,
2020-02-19 00:00:00,14:59:00,SEM VÍTIMA,PINA,AV ANTONIO DE GOES,226,CIDADE,COLISÃO,COLISAO ENTRE DOIS AUTOS S/V,2,,,,,,,,,0,Longo da via,Bom,Perfeito estado,Seca,Perfeito estado,Outras,60 km/h,Única,Faixa seccionada
2020-02-19 00:00:00,15:41:00,SEM VÍTIMA,BOA VISTA,RUA DAS FRONTEIRAS,,SUBURBIO,COLISÃO,COLISÃO SEM VÍTIMA,2,,,,,,,,,0,Longo da via,Bom,Incompleta,Seca,Perfeito estado,Outras,,Única,Não existe
2020-02-19 00:00:00,17:04:00,SEM VÍTIMA,BONGI,AV CONSUL VILARES FRAGOSO,,SUBURBIO,COLISÃO,COLISAO SEM VITIMAS,1,1,,,,,,,,0,Cruzamento,Bom,Perfeito estado,Seca,Mal conservada,R-6a,30 km/h,Dupla,Faixa seccionada
2020-02-19 00:00:00,17:06:00,SEM VÍTIMA,PINA,AV ANTONIO DE GOES,,CIDADE,COLISÃO,COLISAO ENTRE DOIS AUTOS S/V,2,,,,,,,,,0,Longo da via,Bom,Perfeito estado,Seca,Perfeito estado,Placas Pare,40 km/h,Única,Não existe
2020-02-19 00:00:00,17:14:00,SEM VÍTIMA,BONGI,AV CONSUL VILARES FRAGOSO,,,COLISÃO,COLISÃO SEM VÍTIMA,1,1,,,,,,,,0,,,,,,,,,
2020-02-19 00:00:00,17:14:00,SEM VÍTIMA,VÁRZEA,RUA GENERAL POLIDORO,577,SUBURBIO,COLISÃO,COLISAO SEM VITIMAS,1,,,,,,1,,,0,Longo da via,Bom,Perfeito estado,Seca,Perfeito estado,Outras,,Dupla,Não existe
2020-02-19 00:00:00,17:28:00,SEM VÍTIMA,CASA AMARELA,RUA DA HARMONIA,598,SUBURBIO,COLISÃO,COLISAO SEM VITIMAS,1,,,,,1,,,,0,Esquina,Bom,Perfeito estado,Seca,Perfeito estado,Outras,,Dupla,Não existe
2020-02-19 00:00:00,17:40:00,SEM VÍTIMA,BOA VISTA,AV GOVERNADOR AGAMENON MAGALHAES,,,COLISÃO,COLISAO SEM VITIMAS,2,,,,,,,,,0,Cruzamento,Bom,Perfeito estado,Seca,Perfeito estado,,60 km/h,Dupla,Canal
2020-02-19 00:00:00,18:15:00,SEM VÍTIMA,PINA,AV ANTONIO DE GOES,277,CIDADE,COLISÃO,GOL X MOTO HONDA CG 160,1,1,,,,,,,,0,Longo da via,Bom,Perfeito estado,Seca,Perfeito estado,Placas Pare,60 km/h,Única,Canteiro central
2020-02-19 00:00:00,18:33:00,SEM VÍTIMA,TAMARINEIRA,RUA CONEGO BARATA,,,COLISÃO,GOL X ONIX OBS:: SUSPEITA DE EMBRIAGUES O MOTORISTA ESTA MUITO ALTERADO,2,,,,,,,,,0,Longo da via,Bom,Perfeito estado,Seca,Perfeito estado,Outras,,Dupla,Faixa seccionada
2020-02-19 00:00:00,18:42:00,COM VÍTIMA,PINA,AV ENGENHEIRO DOMINGOS FERREIRA,142,SUBURBIO,COLISÃO TRASEIRA,MMC/L200 MITSUBISHI X FAN 160,1,1,,,,,,,,1,Cruzamento,Bom,Perfeito estado,Seca,Perfeito estado,Não há placas,,Única,Faixa seccionada
2020-02-19 00:00:00,18:59:00,COM VÍTIMA,IPSEP,RUA HELIO BRANDAO,565,,COLISÃO,COLISAO COM VITIMAS,,1,,,,,1,,,1,Cruzamento,Bom,Perfeito estado,Seca,Perfeito estado,Outras,,Única,Não existe
2020-02-19 00:00:00,19:28:00,SEM VÍTIMA,TAMARINEIRA,RUA CONEGO BARATA,,SUBURBIO,COLISÃO,COLISAO SEM VITIMAS,2,,,,,,,,,0,Longo da via,Bom,Perfeito estado,Seca,Perfeito estado,Outras,,Dupla,Blocos
2020-02-19 00:00:00,19:52:00,SEM VÍTIMA,BOA VISTA,RUA DO HOSPICIO,,CIDADE,COLISÃO,MOBI X VIRTUS,2,,,,,,,,,0,Longo da via,Bom,Perfeito estado,Seca,Perfeito estado,Não há placas,40 km/h,Dupla,Faixa contínua
2020-02-19 00:00:00,20:13:00,SEM VÍTIMA,PAISSANDU,AV GOVERNADOR AGAMENON MAGALHAES,69,SUBURBIO,COLISÃO,KILD X HILUX,2,,,,,,,,,0,Longo da via,Chuvoso,Perfeito estado,Molhada,Perfeito estado,Outras,60 km/h,Única,Faixa seccionada
2020-02-19 00:00:00,20:13:00,SEM VÍTIMA,SANTO ANTÔNIO,AV MARTINS DE BARROS,,CIDADE,COLISÃO,FIAT TORO X ONIBUS CAXANGA,1,,,,,1,,,,0,Longo da via,Bom,Perfeito estado,Seca,Perfeito estado,Outras,,Única,Faixa seccionada
2020-02-19 00:00:00,20:41:00,SEM VÍTIMA,ENCRUZILHADA,RUA DONA ELVIRA,,SUBURBIO,COLISÃO,COLISAO SEM VITIMAS,2,,,,,,,,,0,Cruzamento,Bom,Ilegível,Seca,Mal iluminada,Placas Pare,,Dupla,Não existe
2020-02-19 00:00:00,21:41:00,SEM VÍTIMA,CASA FORTE,AV DEZESSETE DE AGOSTO,372,CIDADE,COLISÃO,COLISAO SEM VITIMAS,2,1,,,,,,,,0,Longo da via,Chuvoso,Perfeito estado,Molhada,Perfeito estado,R-6a,,Dupla,Faixa seccionada
2020-02-19 00:00:00,22:15:00,COM VÍTIMA,SÃO JOSÉ,AV SUL,,,ATROPELAMENTO,MOTO E PEDESTRE,,1,,,1,,,,,2,,,,,,,,,
2020-02-20 00:00:00,06:36:00,SEM VÍTIMA,TAMARINEIRA,EST VELHA DE AGUA FRIA,306,,COLISÃO,COLISÃO S/VITIMAS ENTRE DOIS AUTOS,2,,,,,,,,,0,Cruzamento,Chuvoso,Perfeito estado,Molhada,Perfeito estado,Não há placas,,Dupla,Blocos
2020-02-20 00:00:00,07:35:00,SEM VÍTIMA,ILHA DO LEITE,RUA ANTONIO GOMES DE FREITAS,,CIDADE,COLISÃO,COLISÃO SEM VITIMAS,2,,,,,,,,,0,Cruzamento,Chuvoso,Perfeito estado,Molhada,Perfeito estado,Placas Pare,,Única,Faixa seccionada
2020-02-20 00:00:00,07:51:00,COM VÍTIMA,IMBIRIBEIRA,AV MARECHAL MASCARENHAS DE MORAES,218,CIDADE,COLISÃO COM CICLISTA,COLISÃO C/VITIMAS ENTRE UMA MOTO E UMA BICICLETA,,1,,1,,,,,,2,Longo da via,Bom,Perfeito estado,Seca,Perfeito estado,Outras,,,Canteiro central
2020-02-20 00:00:00,08:10:00,SEM VÍTIMA,IPUTINGA,RUA LEAL DE BARROS,,CIDADE,COLISÃO,COLISÃO SEM VITIMAS,2,,,,,,,,,0,Longo da via,Nublado,Não existente,Seca,Outros,Não há placas,,Dupla,Não existe
2020-02-20 00:00:00,08:15:00,SEM VÍTIMA,ILHA DO RETIRO,AV BEIRA RIO,,SUBURBIO,COLISÃO,COLISÃO S/ VITIMAS ENTRE DOIS AUTOS- SEGUIDA DE CAPOTAMENTO // USUÁRIO INFORMA ESCORIAÇÕES- NO ENTANTO- NÃO ACIONARÃO O SAMU,2,,,,,,,,,0,Longo da via,Bom,Perfeito estado,Seca,Perfeito estado,Não há placas,,Dupla,Faixa seccionada
2020-02-20 00:00:00,08:16:00,SEM VÍTIMA,IBURA,RUA BABILONIA,,,COLISÃO,COLISÃO SEM VITIMAS,2,,,,,,,,,0,Longo da via,Bom,Não existente,Seca,Perfeito estado,Não há placas,,Dupla,Não existe
2020-02-20 00:00:00,08:17:00,SEM VÍTIMA,SANTO AMARO,AV PREFEITO ARTUR LIMA CAVALCANTI,,SUBURBIO,COLISÃO,CAMINHÃO E AUTO  BATEDORES NO LOCAL GM´S BASTOS E ITALO,1,,,,,,1,,,0,Longo da via,Chuvoso,Perfeito estado,Seca,Perfeito estado,Não há placas,,Única,Não existe
2020-02-20 00:00:00,08:41:00,COM VÍTIMA,BONGI,RUA CARLOS GOMES,,SUBURBIO,COLISÃO,AUTO E MOTO,1,1,,,,,,,,1,Cruzamento,Bom,Incompleta,Seca,Perfeito estado,Não há placas,,Única,Faixa seccionada
2020-02-20 00:00:00,08:42:00,SEM VÍTIMA,IMBIRIBEIRA,AV MARECHAL MASCARENHAS DE MORAES,,CIDADE,COLISÃO,COLISÃO S/VITIMAS ENTRE DOIS AUTOS,2,,,,,,,,,0,Longo da via,Nublado,Perfeito estado,Seca,Perfeito estado,Não há placas,30 km/h,Única,Não existe
2020-02-20 00:00:00,08:48:00,SEM VÍTIMA,ENCRUZILHADA,EST DE BELEM,,SUBURBIO,COLISÃO,COLISÃO S/VITIMAS ENTRE UM CAMINHÃO E UM AUTO (V.T 05 NO QTH),1,,,,,,1,,,0,Longo da via,Bom,Perfeito estado,Seca,Perfeito estado,Não há placas,,Dupla,Faixa contínua
2020-02-20 00:00:00,08:49:00,COM VÍTIMA,SANTO AMARO,AV GOVERNADOR AGAMENON MAGALHAES,378,OLINDA,COLISÃO TRASEIRA,DOIS AUTOS E MOTO,2,1,,,,,,,,1,Longo da via,Bom,Perfeito estado,Seca,Perfeito estado,Não há placas,60 km/h,Única,Faixa seccionada
2020-02-20 00:00:00,08:54:00,SEM VÍTIMA,DERBY,AV GOVERNADOR AGAMENON MAGALHAES,37,CIDADE,COLISÃO,DOIS AUTOS PONTO FIXO SUB. PAULINO E DOUGLAS,2,,,,,,,,,0,Longo da via,Bom,Perfeito estado,Seca,Perfeito estado,Outras,60 km/h,Única,Faixa contínua
2020-02-20 00:00:00,10:22:00,SEM VÍTIMA,JARDIM SÃO PAULO,AV RECIFE,259,SUBURBIO,COLISÃO,TRES AUTOS / GM AUGUSTO P.O,3,,,,,,,,,0,Cruzamento,Bom,Perfeito estado,Seca,Perfeito estado,Outras,60 km/h,Dupla,Canteiro central
2020-02-20 00:00:00,10:44:00,SEM VÍTIMA,CABANGA,AV SATURNINO DE BRITO,661,,COLISÃO,COLISÃO S/VITIMAS ENTRE UM CAMINHÃO E UM AUTO,1,,,,,,1,,,0,Longo da via,Bom,Perfeito estado,Seca,Perfeito estado,Não há placas,40 km/h,Única,Não existe
2020-02-20 00:00:00,10:54:00,SEM VÍTIMA,ESTÂNCIA,AV RECIFE,,,COLISÃO,COLISÃO SEM VITIMAS LAIS ARAUJO QTH,1,,,,,,1,,,0,Longo da via,Bom,Incompleta,Seca,Perfeito estado,Outras,60 km/h,Dupla,Canteiro central
2020-02-20 00:00:00,10:55:00,SEM VÍTIMA,ARRUDA,RUA DAS MOCAS,,,COLISÃO,COLISÃO S/VITIMAS ENTRE DOIS AUTOS,2,,,,,,,,,0,,,,,,,,,
2020-02-20 00:00:00,11:41:00,COM VÍTIMA,MADALENA,RUA BENFICA,590,CIDADE,COLISÃO TRASEIRA,MOTO E AUTO,1,1,,,,,,,,1,Cruzamento,Bom,Perfeito estado,Seca,Perfeito estado,,60 km/h,Única,
2020-02-20 00:00:00,11:58:00,COM VÍTIMA,TORRE,RUA REAL DA TORRE,179,ABDIAS,ABALROAMENTO LONGITUDINAL,ONIBUS E CAMINHÃO,,,,,,1,1,,,1,Longo da via,Bom,Perfeito estado,Seca,Perfeito estado,,,Única,Faixa seccionada
2020-02-20 00:00:00,12:17:00,SEM VÍTIMA,CAMPO GRANDE,RUA JERONIMO VILELA,565,SUBURBIO,COLISÃO,COLISÃO SEM VÍTIMA,3,,,,,,,,,0,Longo da via,Bom,Perfeito estado,Seca,Perfeito estado,R-6a,,Dupla,Faixa seccionada
2020-02-20 00:00:00,12:21:00,SEM VÍTIMA,BOA VISTA,AV LINS PETIT,,SUBURBIO,COLISÃO,COLISÃO SEM VÍTIMA,2,,,,,,,,,0,Longo da via,Chuvoso,,Molhada,Perfeito estado,Não há placas,,Única,Faixa seccionada
2020-02-20 00:00:00,12:37:00,COM VÍTIMA,PINA,PTE AGAMENON MAGALHAES,,CIDADE,COLISÃO TRASEIRA,COLISAO ENTRE AUTO E MOTO COM UMA VITIMA,1,1,,,,,,,,1,Ponte,Chuvoso,Perfeito estado,Molhada,Perfeito estado,,60 km/h,Única,Canteiro central
2020-02-20 00:00:00,13:00:00,COM VÍTIMA,JORDÃO,AV CENTENARIO ALBERTO SANTOS DUMONT,,SUBURBIO,ABALROAMENTO LONGITUDINAL,COLISAO COM VITIMA ENTRE CARRO E MOTO,1,1,,,,,,,,1,Longo da via,Bom,Perfeito estado,Seca,Perfeito estado,R-6a,,Dupla,Faixa contínua
2020-02-20 00:00:00,13:06:00,SEM VÍTIMA,BOA VIAGEM,RUA PROFESSOR MARIO CASTRO,,,COLISÃO,COLISÃO SEM VÍTIMA,2,,,,,,,,,0,Longo da via,Chuvoso,Incompleta,Molhada,Perfeito estado,Outras,,Dupla,Não existe
2020-02-20 00:00:00,13:09:00,COM VÍTIMA,BOA VISTA,RUA AURORA,,,ABALROAMENTO TRANSVERSAL,COLISAO ENTRE AUTO E MOTO COM UMA VITIMA,1,1,,,,,,,,1,Esquina,Chuvoso,Incompleta,Molhada,Mal conservada,Outras,,Única,Canteiro central
2020-02-20 00:00:00,13:11:00,SEM VÍTIMA,GRAÇAS,AV SANTOS DUMONT,,,COLISÃO,COLISAO S/ VITIMA. ENTRE DOIS VEICULOS,2,,,,,,,,,0,,,,,,,,,
2020-02-20 00:00:00,13:34:00,SEM VÍTIMA,TORRE,PRC PROFESSOR BARRETO CAMPELLO,,CIDADE,COLISÃO,COLISÃO SEM VÍTIMA,2,,,,,,,,,0,Longo da via,Bom,Perfeito estado,Seca,Perfeito estado,Não há placas,,Dupla,Faixa contínua
2020-02-20 00:00:00,13:48:00,SEM VÍTIMA,IMBIRIBEIRA,RUA ARQUITETO LUIZ NUNES,,SUBURBIO,COLISÃO,COLISAO ENTRE AUTO E AMBULANCIA,1,,,,,,,,1,0,Cruzamento,Chuvoso,Perfeito estado,Molhada,Perfeito estado,R-6a,40 km/h,Única,Faixa seccionada
2020-02-20 00:00:00,13:57:00,SEM VÍTIMA,TEJIPIÓ,AV DR JOSE RUFINO,285,SUBURBIO,COLISÃO,COLISAO S/ VITIMA ENTRE DOIS VEICULOS,2,,,,,,,,,0,Longo da via,Chuvoso,Perfeito estado,Molhada,Perfeito estado,Não há placas,,Dupla,Faixa contínua
2020-02-20 00:00:00,14:04:00,SEM VÍTIMA,PARNAMIRIM,RUA SEBASTIAO ALVES,,SUBURBIO,COLISÃO,COLISAO ENTRE DOIS AUTOS S/V,2,,,,,,,,,0,Longo da via,Bom,Perfeito estado,Seca,Perfeito estado,Não há placas,,Única,Não existe
2020-02-20 00:00:00,14:06:00,SEM VÍTIMA,BOA VIAGEM,AV BOA VIAGEM,,PINA,COLISÃO,COLISAO S/ VITIMA ENTRE DOIS VEICULOS,2,,,,,,,,,0,,,,,,,,,
2020-02-20 00:00:00,14:26:00,COM VÍTIMA,AFOGADOS,RUA SAO MIGUEL,,SUBURBIO,ABALROAMENTO TRANSVERSAL,COLISÃO COM VÍTIMA,1,1,,,,,,,,1,Esquina,Chuvoso,Perfeito estado,Molhada,Perfeito estado,Não há placas,,Dupla,Faixa contínua
2020-02-20 00:00:00,14:27:00,SEM VÍTIMA,BOA VIAGEM,RUA VISCONDE DE JEQUITINHONHA,,SUBURBIO,COLISÃO,COLISAO S/ VITIMKA ENTRE DOIS VEICULOS. BATEDOR MANOEL SILVA E EVERTON NO LOCAL,2,,,,,,,,,0,Longo da via,Chuvoso,Perfeito estado,Molhada,Perfeito estado,Não há placas,60 km/h,Única,Faixa seccionada
2020-02-20 00:00:00,14:41:00,SEM VÍTIMA,IMBIRIBEIRA,RUA CORONEL FABRICIANO,210,CIDADE,COLISÃO,COLISÃO SEM VÍTIMA,1,,,,,1,,,,0,Esquina,Chuvoso,Perfeito estado,Molhada,Perfeito estado,Outras,60 km/h,Dupla,Canteiro central
2020-02-20 00:00:00,14:47:00,COM VÍTIMA,DERBY,RUA JENER DE SOUZA,,,COLISÃO,COLISÃO COM VÍTIMA,1,1,,,,,,,,1,,,,,,,,,
2020-02-20 00:00:00,15:10:00,SEM VÍTIMA,BOA VIAGEM,AV BOA VIAGEM,,,COLISÃO,COLISAO ENTRE DOIS AUTOS S/V,2,,,,,,,,,0,,,,,,,,,
2020-02-20 00:00:00,15:13:00,SEM VÍTIMA,JOANA BEZERRA,RUA AGUA DOCE,,CIDADE,ATROPELAMENTO ANIMAL,COLISAO ENTRE ONIBUS -CICLISTA E CAVALO,,,,1,,1,,,1,0,Longo da via,Bom,Perfeito estado,Seca,Perfeito estado,Não há placas,,Única,Canteiro central
2020-02-20 00:00:00,15:15:00,SEM VÍTIMA,BOA VIAGEM,AV BOA VIAGEM,1,CIDADE,COLISÃO,COLISÃO SEM VÍTIMA,1,1,,,,,,,,0,Longo da via,Chuvoso,Perfeito estado,Molhada,Perfeito estado,Não há placas,60 km/h,Única,Faixa contínua
2020-02-20 00:00:00,15:39:00,SEM VÍTIMA,BOA VIAGEM,RUA RIBEIRO DE BRITO,,AV RECIFE,COLISÃO,COLISAO S/ VITIMA// ENTRE DOIS VEICULOS,2,,,,,,,,,0,Cruzamento,Chuvoso,Perfeito estado,Molhada,Perfeito estado,Outras,60 km/h,Única,Faixa seccionada
2020-02-20 00:00:00,15:47:00,COM VÍTIMA,SAN MARTIN,RUA PROFESSOR SILVIO DA CUNHA SANTOS,,SUBURBIO,ABALROAMENTO TRANSVERSAL,COLISÃO COM VÍTIMA,1,1,,,,,,,,1,Longo da via,Bom,Perfeito estado,Seca,Perfeito estado,Não há placas,,Dupla,Não existe
2020-02-20 00:00:00,15:52:00,SEM VÍTIMA,BOA VIAGEM,RUA FELIX DE BRITO E MELO,,,COLISÃO,COLISAO ENTRE DOIS AUTOS S/V,2,,,,,,,,,0,,,,,,,,,
2020-02-20 00:00:00,16:11:00,SEM VÍTIMA,PRADO,RUA GREGORIO JUNIOR,,SUBURBIO,COLISÃO,COLISAO ENTRE DOIS AUTOS S/V,2,,,,,,,,,0,Longo da via,Bom,Perfeito estado,Seca,Perfeito estado,Não há placas,,Única,Faixa seccionada
2020-02-20 00:00:00,16:22:00,SEM VÍTIMA,SAN MARTIN,RUA DUARTE FILHO,,,COLISÃO,COLISAO ENTRE AUTO E MOTO S/V,1,1,,,,,,,,0,Cruzamento,Chuvoso,Ilegível,Seca,Outros,Placas Pare,30 km/h,Dupla,Não existe
2020-02-20 00:00:00,16:40:00,SEM VÍTIMA,AFOGADOS,RUA SAO MIGUEL,,CIDADE,COLISÃO,COLISÃO SEM VÍTIMA,1,,,,,,,,1,0,Longo da via,Bom,Não existente,Seca,Perfeito estado,Não há placas,,Dupla,Faixa contínua
2020-02-20 00:00:00,17:01:00,SEM VÍTIMA,MACAXEIRA,AV NORTE,,,COLISÃO,COLISAO ENTRE DOIS AUTOS S/V,2,,,,,,,,,0,,,,,,,,,
2020-02-20 00:00:00,17:24:00,SEM VÍTIMA,PAISSANDU,AV GOVERNADOR AGAMENON MAGALHAES,,SUBURBIO,COLISÃO,COLISAO ENTRE DOIS AUTOS S/V,2,,,,,,,,,0,Longo da via,Chuvoso,Perfeito estado,Molhada,Perfeito estado,Outras,50 km/h,Dupla,Faixa seccionada
2020-02-20 00:00:00,17:40:00,SEM VÍTIMA,VASCO DA GAMA,AV NORTE,,CIDADE,COLISÃO,AUTO X ÔNIBUS,1,,,,,1,,,,0,Longo da via,Bom,,Seca,Perfeito estado,R-6a,,Única,Faixa seccionada
2020-02-20 00:00:00,18:13:00,SEM VÍTIMA,BAIRRO DO RECIFE,PRC SERGIO LORETO,,,COLISÃO,COLISAO SEM VITIMAS,2,,,,,,,,,0,,,,,,,,,
2020-02-20 00:00:00,18:22:00,SEM VÍTIMA,BOA VIAGEM,AV CONSELHEIRO AGUIAR,147,CIDADE,COLISÃO,COLISÃO SEM VÍTIMA,1,1,,,,,,,,0,Cruzamento,Chuvoso,Perfeito estado,Molhada,Perfeito estado,Não há placas,60 km/h,Única,Faixa seccionada
2020-02-20 00:00:00,18:25:00,SEM VÍTIMA,BOA VIAGEM,RUA BARAO DE SOUZA LEAO,,,COLISÃO,COLISAO SEM VITIMAS,2,,,,,,,,,0,,,,,,,,,
2020-02-20 00:00:00,18:28:00,SEM VÍTIMA,CORDEIRO,AV CAXANGA,,SUBURBIO,COLISÃO TRASEIRA,PEUGEOT X KIA,2,,,,,,,,,0,Longo da via,Bom,Perfeito estado,Seca,Perfeito estado,Não há placas,,Dupla,Canteiro central