data,hora,natureza,bairro,endereco,num_semaforo,sentido_via,tipo,auto,moto,ciclom,ciclista,pedestre,onibus,caminhao,viatura,outros,vitimas,vitimasfatais,acidente_verificado,tempo_clima,sinalizacao,condicao_via,conservacao_via,situacao_placa,velocidade_max_via,mao_direcao,divisao_via1
2020-02-20 00:00:00,18:36:00,SEM VÍTIMA,IPUTINGA,EST DO BARBALHO,533,SUBURBIO,COLISÃO,PALIO X FIORINO,2,,,,,,,,,0,Longo da via,Bom,Perfeito estado,Seca,Perfeito estado,Não há placas,,Única,Faixa contínua
2020-02-20 00:00:00,18:49:00,SEM VÍTIMA,,RUA XAVANTES,,,COLISÃO,,2,,,,,,,,,0,,,,,,,,,
2020-02-20 00:00:00,19:48:00,SEM VÍTIMA,BOA VISTA,RUA JOSE DE ALENCAR,29,SUBURBIO,COLISÃO,COLISAO SEM VITIMAS,2,,,,,,,,,0,Cruzamento,Chuvoso,Perfeito estado,Molhada,Perfeito estado,R-25b,30 km/h,Dupla,Não existe
2020-02-20 00:00:00,19:55:00,SEM VÍTIMA,ARRUDA,AV PROFESSOR JOSE DOS ANJOS,,SUBURBIO,COLISÃO,HONDA CIVIC X HONDA CITY,2,,,,,,,,,0,Longo da via,Chuvoso,Perfeito estado,Molhada,Mal iluminada,Não há placas,,Dupla,Canal
2020-02-20 00:00:00,21:30:00,SEM VÍTIMA,MADALENA,AV VISCONDE DE ALBUQUERQUE,,,COLISÃO,AUTO X MOTO,1,1,,,,,,,,0,,,,,,,,,
2020-02-20 00:00:00,21:36:00,SEM VÍTIMA,MACAXEIRA,AV NORTE,424,SUBURBIO,COLISÃO,MOTO X FORD KA,1,1,,,,,,,,0,Longo da via,Chuvoso,Perfeito estado,Molhada,Perfeito estado,Outras,,Única,Faixa contínua
2020-02-20 00:00:00,21:55:00,SEM VÍTIMA,BOA VIAGEM,RUA ERNESTO DE PAULA SANTOS,,SUBURBIO,COLISÃO,COLISAO SEM VITIMAS,2,,,,,,,,,0,Cruzamento,Bom,Perfeito estado,Seca,Perfeito estado,Não há placas,,Única,Faixa seccionada
2020-02-20 00:00:00,22:13:00,SEM VÍTIMA,ÁGUA FRIA,EST VELHA DE AGUA FRIA,,,CHOQUE OBJETO FIXO,AUTO E ARVORE,1,,,,,,,,,0,,,,,,,,,
2020-02-20 00:00:00,23:00:00,SEM VÍTIMA,BOA VIAGEM,RUA VISCONDE DE JEQUITINHONHA,124,,ENGAVETAMENTO,VERSA X PRISMA X JOY,3,,,,,,,,,0,,,,,,,,,
2020-02-21 00:00:00,02:05:00,COM VÍTIMA,SÃO JOSÉ,RUA IMPERIAL,,,COLISÃO,COLISÃO ENTRE AUTO E MOTO- C/V,1,1,,,,,,,,1,,,,,,,,,
2020-02-21 00:00:00,03:11:00,COM VÍTIMA,IBURA,AV RECIFE,16,CIDADE,ABALROAMENTO TRANSVERSAL,COLISÃO ENTRE DOIS AUTOS- C/V,2,,,,,,,,,1,Cruzamento,Bom,Perfeito estado,Seca,Perfeito estado,R-6a,,Dupla,Canteiro central
2020-02-21 00:00:00,06:55:00,SEM VÍTIMA,BEBERIBE,AV BEBERIBE,153,SUBURBIO,ABALROAMENTO TRANSVERSAL,COLISÃO SEM VITIMAS,1,1,,,,,,,,0,Longo da via,Bom,Perfeito estado,Seca,Perfeito estado,Outras,,Dupla,Faixa seccionada
2020-02-21 00:00:00,07:52:00,SEM VÍTIMA,PRADO,AV ENGENHEIRO ABDIAS DE CARVALHO,132,CIDADE,COLISÃO TRASEIRA,COLISÃO S/VITIMAS ENTRE DUAS MOTOS (USUÁRIO INF. QUE HOUVE ESCORIAÇÕES- NO ENTANTO- NÃO VAI SER ACIONADO SAMU),,2,,,,,,,,0,Longo da via,Bom,Perfeito estado,Seca,Perfeito estado,R-6a,,Dupla,Faixa seccionada
2020-02-21 00:00:00,08:13:00,SEM VÍTIMA,AFOGADOS,RUA VINTE E UM DE ABRIL,,CIDADE,ABALROAMENTO LONGITUDINAL,COLISÃO SEM VITIMAS,1,,,,,,1,,,0,Longo da via,Bom,Incompleta,Seca,Mal conservada,Não há placas,,Dupla,Não existe
2020-02-21 00:00:00,08:26:00,SEM VÍTIMA,BOA VIAGEM,AV CONSELHEIRO AGUIAR,,CIDADE,ABALROAMENTO LONGITUDINAL,COLISAO SEM VITIMAS,1,,,,,1,,,,0,Longo da via,Bom,Perfeito estado,Seca,Perfeito estado,Outras,,Única,Faixa contínua
2020-02-21 00:00:00,08:48:00,SEM VÍTIMA,AFOGADOS,RUA NICOLAU PEREIRA,,SUBURBIO,COLISÃO TRASEIRA,AUTO E MOTO,1,1,,,,,,,,0,Longo da via,Bom,Perfeito estado,Seca,Perfeito estado,Outras,,Única,Não existe
2020-02-21 00:00:00,09:25:00,SEM VÍTIMA,,RUA RIO AZUL,,CIDADE,ABALROAMENTO LONGITUDINAL,DOIS AUTOS,2,,,,,,,,,0,Longo da via,Bom,Perfeito estado,Seca,Perfeito estado,Outras,,Única,Faixa seccionada
2020-02-21 00:00:00,09:53:00,SEM VÍTIMA,BOA VIAGEM,RUA MINISTRO NELSON HUNGRIA,,SUBURBIO,ABALROAMENTO TRANSVERSAL,COLISÃO S/VITIMAS ENTRE UMA MOTO E UM AUTO,1,1,,,,,,,,0,Cruzamento,Bom,Perfeito estado,Seca,Perfeito estado,Não há placas,,Única,Não existe
2020-02-21 00:00:00,09:57:00,SEM VÍTIMA,PARNAMIRIM,RUA SEBASTIAO MALTA ARCOVERDE,,SUBURBIO,COLISÃO TRASEIRA,COLISÃO SEM VITIMAS VT 08 QTH,2,,,,,,,,,0,Longo da via,Bom,Perfeito estado,Seca,Perfeito estado,Não há placas,,Única,Não existe
2020-02-21 00:00:00,09:59:00,SEM VÍTIMA,CASA FORTE,AV DEZESSETE DE AGOSTO,,,COLISÃO,DOIS AUTOS,2,,,,,,,,,0,,,,,,,,,
2020-02-21 00:00:00,11:36:00,SEM VÍTIMA,ESPINHEIRO,AV JOAO DE BARROS,,,COLISÃO,COLISAO SEM VITIMAS,2,,,,,,,,,0,,,,,,,,,
2020-02-21 00:00:00,11:40:00,SEM VÍTIMA,AFOGADOS,EST DOS REMEDIOS,,SUBURBIO,ABALROAMENTO LONGITUDINAL,COLISÃO  SEM VITIMAS,1,,,,,,,,1,0,Longo da via,Chuvoso,Perfeito estado,Molhada,Perfeito estado,Placas Dê a preferência,,Dupla,Faixa contínua
2020-02-21 00:00:00,11:50:00,COM VÍTIMA,JARDIM SÃO PAULO,EST DO CURADO,,,COLISÃO,COLISÃO COM VITIMA  A ESPERA DO SAMU,2,,,,,,,,,2,,,,,,,,,
2020-02-21 00:00:00,11:51:00,SEM VÍTIMA,BOA VISTA,AV MONTEVIDEU,,SUBURBIO,ABALROAMENTO LONGITUDINAL,COLISÃO S/VITIMAS ENTRE UM AUTO E UM CAMINHAO,1,,,,,,1,,,0,Longo da via,Chuvoso,Não existente,Molhada,Perfeito estado,,,Única,Não existe
2020-02-21 00:00:00,11:59:00,COM VÍTIMA,CÓRREGO DO JENIPAPO,AV NORTE,,CIDADE,COLISÃO TRASEIRA,COLISÃO C/VITIMA ENTRE TRES AUTOS E MOTO (V.T06 NO QTH),3,1,,,,,,,,1,Longo da via,Bom,Perfeito estado,Seca,Perfeito estado,Não há placas,60 km/h,Dupla,Canteiro central
2020-02-21 00:00:00,12:19:00,SEM VÍTIMA,BOA VIAGEM,AV CONSELHEIRO AGUIAR,147,CIDADE,COLISÃO TRASEIRA,COLISÃO SEM VÍTIMA,2,,,,,,,,,0,Cruzamento,Bom,Perfeito estado,Seca,Perfeito estado,R-6a,,Única,Faixa seccionada
2020-02-21 00:00:00,12:24:00,SEM VÍTIMA,IBURA,AV DOM HELDER CAMARA,,,COLISÃO,COLISÃO SEM VÍTIMA,1,,,,,,1,,,0,,,,,,,,,
2020-02-21 00:00:00,13:11:00,SEM VÍTIMA,DOIS IRMÃOS,RUA DOIS IRMAOS,,CIDADE,COLISÃO TRASEIRA,COLISAO S/ VITIMA. ENTRE CARRO E CAMINHAO,1,,,,,,1,,,0,Longo da via,Bom,Perfeito estado,Seca,Perfeito estado,R-6a,,Dupla,
2020-02-21 00:00:00,13:27:00,SEM VÍTIMA,DOIS IRMÃOS,PRC FARIAS NEVES,,,COLISÃO,COLISAO ENTRE CAMINHAO E AUTOS S/V,1,,,,,,1,,,0,,,,,,,,,
2020-02-21 00:00:00,13:43:00,SEM VÍTIMA,GRAÇAS,RUA CONFEDERACAO DO EQUADOR,,CIDADE,ABALROAMENTO LONGITUDINAL,COLISAO S/ VITIMA ENTRE DOIS VEICULOS,2,,,,,,,,,0,Longo da via,Bom,Perfeito estado,Seca,Perfeito estado,Outras,40 km/h,,Não existe
2020-02-21 00:00:00,14:41:00,SEM VÍTIMA,BOA VISTA,RUA AURORA,,CIDADE,CHOQUE OBJETO FIXO,VEÍCULO CHOCOU-SE COM UMA BARRACA,,,,,,1,,,,0,Longo da via,Bom,Perfeito estado,Seca,Perfeito estado,Não há placas,,Única,Não existe
2020-02-21 00:00:00,15:32:00,COM VÍTIMA,SÍTIO DOS PINTOS,EST DOS PINTOS,,SUBURBIO,COLISÃO COM CICLISTA,COLISAO COM VITIMA ENTRE ONIBUS E CICLISTA,,,,1,,1,,,,1,Longo da via,Bom,Perfeito estado,Seca,Perfeito estado,Outras,,Dupla,Não existe
2020-02-21 00:00:00,15:40:00,SEM VÍTIMA,BAIRRO DO RECIFE,AV MILITAR,436,CIDADE,COLISÃO TRASEIRA,COLISÃO SEM VÍTIMA,2,,,,,,,,,0,Longo da via,Bom,Perfeito estado,Seca,Perfeito estado,Não há placas,,Única,
2020-02-21 00:00:00,15:59:00,COM VÍTIMA,ENCRUZILHADA,EST DE BELEM,,SUBURBIO,ABALROAMENTO TRANSVERSAL,COLISÃO COM VÍTIMA,1,1,,,,,,,,1,Longo da via,Bom,Perfeito estado,Seca,Perfeito estado,Outras,40 km/h,Dupla,Faixa contínua
2020-02-21 00:00:00,18:30:00,SEM VÍTIMA,BOA VIAGEM,RUA DEZ DE JULHO,322,CIDADE,ABALROAMENTO LONGITUDINAL,COLISÃO ENTRE AUTO E ÔNIBUS S/V,1,,,,,1,,,,0,Longo da via,Bom,Perfeito estado,Seca,Perfeito estado,Não há placas,,Única,Não existe
2020-02-21 00:00:00,18:40:00,SEM VÍTIMA,BOA VISTA,RUA BISPO CARDOSO AYRES,,SUBURBIO,CHOQUE VEÍCULO PARADO,CHOQUE ENVOLVENDO DOIS AUTOS,2,,,,,,,,,0,Longo da via,Bom,Perfeito estado,Seca,Perfeito estado,Outras,40 km/h,Única,Não existe
2020-02-21 00:00:00,18:55:00,SEM VÍTIMA,PINA,AV CONSELHEIRO AGUIAR,,CIDADE,ABALROAMENTO LONGITUDINAL,COLISÃO ENTRE AUTO E ÔNIBUS S/V,1,,,,,1,,,,0,Longo da via,Bom,Perfeito estado,Seca,,R-6a,,Única,Faixa seccionada
2020-02-21 00:00:00,18:58:00,SEM VÍTIMA,GRAÇAS,AV RUI BARBOSA,,CIDADE,ABALROAMENTO LONGITUDINAL,HB 20 X PRISMA,2,,,,,,,,,0,Longo da via,Bom,Perfeito estado,Seca,Perfeito estado,Outras,,Única,Faixa seccionada
2020-02-21 00:00:00,19:46:00,SEM VÍTIMA,IPUTINGA,RUA CERES,,SUBURBIO,ABALROAMENTO LONGITUDINAL,LOGAN X MOTO BROS C/V- APÓS A VIATURA CHEGAR AO LOCAL O SOLICITANTE ENTROU EM CONTATO INFORMANDO QUE A VITIMA NÃO IRIA SOLICITAR SOCORRO E NÃO IRIA SE DIRIGIR A UM HOSPITAL-- O MESMO INFORMOU QUE ERA PARA EU TIRA A VITIMA E DEIXAR A COLISÃO COMO SEM VITIMA,1,1,,,,,,,,0,,Bom,Incompleta,Seca,Perfeito estado,Não há placas,,Dupla,Não existe
2020-02-21 00:00:00,20:33:00,SEM VÍTIMA,CORDEIRO,RUA GOMES TABORDA,67,,COLISÃO TRASEIRA,COLISÃO ENTRE DOIS AUTOS S/V,2,,,,,,,,,0,Longo da via,Bom,Perfeito estado,Seca,Perfeito estado,Outras,,Dupla,Faixa contínua
2020-02-21 00:00:00,21:01:00,COM VÍTIMA,IMBIRIBEIRA,AV MARECHAL MASCARENHAS DE MORAES,,CIDADE,CHOQUE,VEÍCULO CHOCOU-SE NO GRADIL DO GERALDÃO C/V- OBSERVAÇÃO: A SOLICITANTE NÃO SABIA AO CERTO QUANTAS VITÍMAS FORAM E NÃO SABIA CONFIRMAR SE A VÍTIMA FOI FATAL- POIS NÃO ESTAVA CONSEGUINDO ENTRAR EM CONTATO COM O EFETIVO QUE ESTÁ NO LOCAL DA OCORRÊNCIA- PARA PEGAR AS INFORMAÇÕES DA QUANTIDADE DE VÍTIMA E PLACA DO VEÍCULO,1,,,,,,,,,1,,,,,,,,,
2020-02-21 00:00:00,21:15:00,COM VÍTIMA,ENCRUZILHADA,AV BEBERIBE,,SUBURBIO,ABALROAMENTO LONGITUDINAL,DUAS MOTOS ( XRE X HONDA CB),,2,,,,,,,,2,Esquina,Bom,Perfeito estado,Seca,Perfeito estado,Não há placas,40 km/h,Dupla,Faixa contínua
2020-02-21 00:00:00,22:37:00,SEM VÍTIMA,BOA VIAGEM,RUA ANTONIO DE SA LEITAO,,,COLISÃO,COLISÃO ENTRE CAMINHÃO E AUTO S/V,2,,,,,,,,,0,,,,,,,,,
2020-02-21 00:00:00,22:45:00,SEM VÍTIMA,CAMPO GRANDE,EST DE BELEM,,SUBURBIO,COLISÃO FRONTAL,AMBULANCIA X CLASSIC,2,,,,,,,,,0,Cruzamento,Bom,Ilegível,Seca,Mal iluminada,Não há placas,,Dupla,
2020-02-22 00:00:00,01:50:00,SEM VÍTIMA,BAIRRO DO RECIFE,AV ALFREDO LISBOA,,,COLISÃO,COLISÃO ENTRE DOIS AUTOS S/V,2,,,,,,,,,0,,,,,,,,,
2020-02-22 00:00:00,03:29:00,SEM VÍTIMA,ILHA DO RETIRO,AV ENGENHEIRO ABDIAS DE CARVALHO,355,,COLISÃO,,2,,,,,,,,,0,,,,,,,,,
2020-02-22 00:00:00,06:57:00,COM VÍTIMA,CASA AMARELA,RUA PAULA BATISTA,136,SUBURBIO,COLISÃO COM CICLISTA,AUTO E CICLISTA,1,,,1,,,,,,1,Cruzamento,Chuvoso,Perfeito estado,Molhada,Perfeito estado,R-31,,Dupla,Não existe
2020-02-22 00:00:00,07:06:00,SEM VÍTIMA,DERBY,AV GOVERNADOR AGAMENON MAGALHAES,,CIDADE,CHOQUE OBJETO FIXO,AUTO CHOCOU-SE COM POSTE,1,,,,,,,,,0,Longo da via,Bom,Perfeito estado,Seca,Perfeito estado,,,Única,Faixa seccionada
2020-02-22 00:00:00,07:45:00,COM VÍTIMA,PARNAMIRIM,RUA JOAO TUDE DE MELO,649,SUBURBIO,ABALROAMENTO TRANSVERSAL,COLISÃO COM VITIMA A ESPERA DO SAMU,1,1,,,,,,,,1,Longo da via,Bom,Perfeito estado,Seca,Perfeito estado,Não há placas,,Dupla,Canal
2020-02-22 00:00:00,10:30:00,SEM VÍTIMA,AFOGADOS,EST DOS REMEDIOS,,CIDADE,ABALROAMENTO LONGITUDINAL,COLISAO SEM VITIMAS,2,,,,,,,,,0,,Nublado,Incompleta,Seca,Perfeito estado,R-6a,,Única,Faixa seccionada
2020-02-22 00:00:00,10:36:00,SEM VÍTIMA,GRAÇAS,AV CONS ROSA E SILVA,,SUBURBIO,CHOQUE VEÍCULO PARADO,DOIS AUTOS,2,,,,,,,,,0,Longo da via,Bom,Perfeito estado,Seca,Perfeito estado,R-6a,,Única,Faixa seccionada
2020-02-22 00:00:00,10:51:00,SEM VÍTIMA,CAMPO GRANDE,EST DE BELEM,458,CIDADE,ABALROAMENTO LONGITUDINAL,DOIS AUTOS,1,,,,,1,,,,0,Longo da via,Bom,Perfeito estado,Seca,Perfeito estado,Outras,40 km/h,Dupla,Faixa contínua
2020-02-22 00:00:00,11:16:00,COM VÍTIMA,PINA,AV ANTONIO DE GOES,,CIDADE,ATROPELAMENTO,COLISAO COM VITIMAS,1,1,,,1,,,,,1,Longo da via,Bom,Perfeito estado,Seca,Perfeito estado,R-4a,60 km/h,Única,Faixa seccionada
2020-02-22 00:00:00,12:37:00,SEM VÍTIMA,BRASÍLIA TEIMOSA,RUA CARAPEBA,,,CHOQUE VEÍCULO PARADO,COLISÃO SEM VÍTIMA,1,,,,,,1,,,0,Longo da via,Bom,Não existente,Seca,Perfeito estado,Não há placas,,Dupla,Não existe
2020-02-22 00:00:00,13:45:00,COM VÍTIMA,BOA VIAGEM,RUA PADRE CARAPUCEIRO,,SUBURBIO,ABALROAMENTO TRANSVERSAL,COLISAO ENTRE ONIBUS E AUTO COM UMA VITIMA,1,,,,,1,,,,4,Cruzamento,Bom,Perfeito estado,Seca,Perfeito estado,R-6a,,Única,Faixa seccionada
2020-02-22 00:00:00,15:37:00,COM VÍTIMA,MADALENA,AV VISCONDE DE ALBUQUERQUE,,SUBURBIO,ABALROAMENTO TRANSVERSAL,COLISAO ENTRE AUTO E MOTO COM UMA VITIMA,1,1,,,,,,,,1,Cruzamento,Bom,Incompleta,Seca,Perfeito estado,Não há placas,,Única,Faixa seccionada
2020-02-22 00:00:00,17:00:00,SEM VÍTIMA,IMBIRIBEIRA,AV MARECHAL MASCARENHAS DE MORAES,631,CIDADE,COLISÃO TRASEIRA,ENGRAVETAMENTO S/ VITIMA TRES VEICULOS,3,,,,,,,,,0,Longo da via,Nublado,Perfeito estado,Seca,,Outras,,Única,Faixa seccionada
2020-02-22 00:00:00,17:31:00,SEM VÍTIMA,TORRE,RUA VISCONDE DE ITAPARICA,,,CHOQUE VEÍCULO PARADO,COLISAO S/ VITIMA ENTRE DOIS CARROS,2,,,,,,,,,0,,Bom,Não existente,Seca,Perfeito estado,Não há placas,,Única,Não existe
2020-02-22 00:00:00,18:22:00,SEM VÍTIMA,ÁGUA FRIA,RUA DA REGENERACAO,,,COLISÃO,ENTRE AUTO E MOTO. S/V,1,1,,,,,,,,0,,,,,,,,,
2020-02-22 00:00:00,19:44:00,SEM VÍTIMA,VÁRZEA,AV AFONSO OLINDENSE,,CIDADE,ABALROAMENTO LONGITUDINAL,HONDA FIT X ONIX,2,,,,,,,,,0,Longo da via,Bom,Ilegível,Seca,Perfeito estado,Não há placas,,Única,Não existe
2020-02-22 00:00:00,21:02:00,SEM VÍTIMA,PRADO,RUA JOAO IVO DA SILVA,,SUBURBIO,CHOQUE OBJETO FIXO,VEÍCULO SE CHOCOU AO MURO DA RESIDENCIA. CONDUTOR APARENTEMENTE EMBRIAGADO.,1,,,,,,,,,0,Longo da via,Bom,Perfeito estado,Seca,Perfeito estado,Outras,,Única,Faixa seccionada
2020-02-22 00:00:00,21:26:00,SEM VÍTIMA,PARNAMIRIM,RUA JOAO TUDE DE MELO,649,SUBURBIO,COLISÃO TRASEIRA,ENTRE 2 AUTOS. S/V,2,,,,,,,,,0,Longo da via,Bom,Perfeito estado,Seca,Perfeito estado,Não há placas,,Única,Faixa seccionada
2020-02-23 00:00:00,00:11:00,SEM VÍTIMA,AFOGADOS,RUA PROFESSOR AUGUSTO WANDERLEY FILHO,39,SUBURBIO,ABALROAMENTO LONGITUDINAL,COLOSÃO ENTRE 02 AUTOS,2,,,,,,,,,0,Cruzamento,Bom,Perfeito estado,Seca,Perfeito estado,,,Única,Faixa seccionada
2020-02-23 00:00:00,07:06:00,SEM VÍTIMA,IBURA,AV DOIS RIOS,325,CIDADE,COLISÃO TRASEIRA,DOIS AUTOS,2,,,,,,,,,0,Longo da via,Bom,Perfeito estado,Seca,Perfeito estado,Placas Pare,40 km/h,Dupla,
2020-02-23 00:00:00,07:57:00,SEM VÍTIMA,SÃO JOSÉ,RUA VIDAL DE NEGREIROS,,,COLISÃO,,,,,,,,,,,0,,,,,,,,,
2020-02-23 00:00:00,08:04:00,COM VÍTIMA,CASA AMARELA,AV NORTE,79,SUBURBIO,TOMBAMENTO,MOTO DESVIA DO BURACO E CAI NA AVENIDA,,1,,,,,,,,1,Longo da via,Chuvoso,Perfeito estado,Molhada,Perfeito estado,Outras,,Dupla,Canteiro central
2020-02-23 00:00:00,08:17:00,SEM VÍTIMA,BOA VISTA,RUA DOM BOSCO,,SUBURBIO,ABALROAMENTO LONGITUDINAL,VT POLICIA E AUTO PASSEIO,2,,,,,,,,,0,Longo da via,Bom,Perfeito estado,Seca,Perfeito estado,Outras,,Única,Faixa seccionada
2020-02-23 00:00:00,11:07:00,SEM VÍTIMA,GRAÇAS,RUA ALBERTO PAIVA,521,CIDADE,ABALROAMENTO TRANSVERSAL,COLISAO S/ VITIMA. ENTRE DOIS VEICULOS,2,,,,,,,,,0,Cruzamento,Bom,Perfeito estado,Seca,Perfeito estado,Outras,,,Não existe
2020-02-23 00:00:00,11:51:00,SEM VÍTIMA,BOA VIAGEM,RUA TENENTE JOAO CICERO,,SUBURBIO,ABALROAMENTO TRANSVERSAL,COLISAO S/ VITIMA ENTRE DOIS VEICULOS,2,,,,,,,,,0,Cruzamento,Bom,Perfeito estado,Seca,Perfeito estado,Placas Pare,,Única,Não existe
2020-02-23 00:00:00,12:15:00,SEM VÍTIMA,PORTO DA MADEIRA,RUA DALVA DE OLIVEIRA,,SUBURBIO,ABALROAMENTO LONGITUDINAL,COLISAO S/ VITIMA. ENTRE DOIS VEICULOS,2,,,,,,,,,0,Ponte,Bom,Não existente,Seca,Mal conservada,Não há placas,,Dupla,Não existe
2020-02-23 00:00:00,12:21:00,SEM VÍTIMA,CAMPO GRANDE,RUA ODORICO MENDES,,CIDADE,ABALROAMENTO LONGITUDINAL,COLISAO S/ VITIMAS ENTRE DOIS AUTO E UMA MOTO,2,1,,,,,,,,0,Cruzamento,Bom,Perfeito estado,Seca,Perfeito estado,Placas Pare,,Dupla,
2020-02-23 00:00:00,13:52:00,SEM VÍTIMA,BOA VIAGEM,AV ENGENHEIRO DOMINGOS FERREIRA,200,SUBURBIO,ABALROAMENTO TRANSVERSAL,COLISAO S/ VITIMA ENTRE DOIS VEICULOS,2,,,,,,,,,0,Longo da via,Bom,Perfeito estado,Seca,Perfeito estado,Outras,,Única,Faixa contínua
2020-02-23 00:00:00,14:20:00,COM VÍTIMA,IMBIRIBEIRA,RUA JOAQUIM BANDEIRA,,BOA VIAGEM,ABALROAMENTO LONGITUDINAL,COLISAO COM VITIMA ENTRE MOTO E ONIBUS,,1,,,,1,,,,1,Longo da via,Bom,Não existente,Seca,,Não há placas,,Única,Faixa seccionada
2020-02-23 00:00:00,14:20:00,SEM VÍTIMA,BOA VIAGEM,RUA ELADIO RAMOS,,,COLISÃO,COLISAO DE DOIS AUTOS S/ VITIMAS,2,,,,,,,,,0,,,,,,,,,
2020-02-23 00:00:00,15:03:00,SEM VÍTIMA,CASA FORTE,EST DAS UBAIAS-,,,ABALROAMENTO TRANSVERSAL,COLISAO S/ VITIMA ENTRE DOIS VEICULOS,2,,,,,,,,,0,Longo da via,Bom,Perfeito estado,Seca,Perfeito estado,Não há placas,,Dupla,Não existe
2020-02-23 00:00:00,16:05:00,SEM VÍTIMA,AFLITOS,RUA QUARENTA E OITO,,CIDADE,ABALROAMENTO TRANSVERSAL,COLISAO S/ VITIMA. ENTRE DOIS VEICULOS,2,,,,,,,,,0,Cruzamento,Bom,Perfeito estado,Seca,Perfeito estado,R-6a,,Única,Faixa contínua
2020-02-23 00:00:00,18:15:00,SEM VÍTIMA,PINA,VIADUTO CAPITAO TEMUDO,,,COLISÃO,ENTRE 2 AUTOS. S/V,2,,,,,,,,,0,,,,,,,,,
2020-02-23 00:00:00,19:07:00,SEM VÍTIMA,SANTO ANTÔNIO,RUA SIQUEIRA CAMPOS,,,COLISÃO,ENTRE 2 AUTOS. S/V,2,,,,,,,,,0,,,,,,,,,
2020-02-23 00:00:00,19:22:00,COM VÍTIMA,SANTO ANTÔNIO,RUA NOVA,,CIDADE,ATROPELAMENTO,VAN X PEDESTRE (IDOSO),,,,,1,1,,,,1,Longo da via,Bom,Ilegível,Seca,Mal iluminada,Não há placas,,Única,Não existe
2020-02-23 00:00:00,20:08:00,SEM VÍTIMA,JOANA BEZERRA,VIADUTO CAPITAO TEMUDO,,SUBURBIO,ABALROAMENTO LONGITUDINAL,CELTA X GOL,2,,,,,,,,,0,Viaduto,Bom,Perfeito estado,Seca,Perfeito estado,Não há placas,60 km/h,Dupla,Canteiro central
2020-02-23 00:00:00,22:08:00,SEM VÍTIMA,SANTO ANTÔNIO,RUA IMPERADOR PEDRO SEGUNDO,,,COLISÃO,ENTRE AUTO E ÔNIBUS. S/V,1,,,,,1,,,,0,,,,,,,,,
2020-02-23 00:00:00,22:51:00,SEM VÍTIMA,PINA,AV ANTONIO DE GOES,,,COLISÃO,ONIX BRANCO X PALIO PRATA,2,,,,,,,,,0,,,,,,,,,
2020-02-24 00:00:00,01:30:00,SEM VÍTIMA,PINA,AV HERCULANO BANDEIRA,660,SUBURBIO,ABALROAMENTO LONGITUDINAL,DOIS AUTOS,2,,,,,,,,,0,Cruzamento,Bom,Não existente,Seca,Mal iluminada,Não há placas,60 km/h,Única,Faixa seccionada
2020-02-24 00:00:00,03:40:00,SEM VÍTIMA,BOA VIAGEM,RUA DEZ DE JULHO,,CIDADE,CHOQUE OBJETO FIXO,VEICULO CHOCOU-SE COM PORTÃO DA ESTAÇÃO,1,,,,,,,,,0,,Bom,Perfeito estado,Seca,Perfeito estado,,,Única,
2020-02-24 00:00:00,04:06:00,COM VÍTIMA,BOA VIAGEM,AVENIDA CELSO FURTADO (VIA MANGUE),,SUBURBIO,CHOQUE OBJETO FIXO,VEICULO CHOCOU-SE COM MEIO FIO,1,,,,,,,,,1,Longo da via,Bom,Perfeito estado,Seca,Perfeito estado,Não há placas,,Dupla,Faixa
2020-02-24 00:00:00,04:32:00,COM VÍTIMA,IBURA,AV ENGENHO SERRA VERDE,,SUBURBIO,COLISÃO FRONTAL,ONIBUS E MOTO,,1,,,,1,,,,1,Esquina,Bom,Ilegível,Seca,Mal iluminada,R-24a,,Dupla,Não existe
2020-02-24 00:00:00,05:49:00,SEM VÍTIMA,IPSEP,AV RECIFE,,,COLISÃO,DOIS ONIBUS,,,,,,2,,,,0,,,,,,,,,
2020-02-24 00:00:00,06:53:00,SEM VÍTIMA,BOA VISTA,RUA DA AURORA,22,SUBURBIO,ABALROAMENTO LONGITUDINAL,COLISAO S/ VITIMA ENTRE VEICULO E MOTO,1,1,,,,,,,,0,Cruzamento,Bom,Perfeito estado,Seca,Perfeito estado,R-6a,40 km/h,Única,Faixa contínua
2020-02-24 00:00:00,08:13:00,SEM VÍTIMA,SAN MARTIN,RUA COMENDADOR JOSE VITA,,,CHOQUE VEÍCULO PARADO,COLISÃO SEM VITIMAS,1,,,,,,1,,,0,Longo da via,Nublado,Não existente,Seca,,Não há placas,,Dupla,Não existe
2020-02-24 00:00:00,08:55:00,SEM VÍTIMA,IMBIRIBEIRA,AV PINHEIROS,,SUBURBIO,CHOQUE VEÍCULO PARADO,COLISÃO 'SEM VITIMAS,1,,,,,,1,,,0,Longo da via,Bom,Incompleta,Seca,Perfeito estado,Não há placas,,Dupla,Não existe
2020-02-24 00:00:00,09:19:00,SEM VÍTIMA,SANTO AMARO,AV CRUZ CABUGA,344,CIDADE,ABALROAMENTO LONGITUDINAL,CAMINHAO E ONIBUS,,,,,,1,1,,,0,Longo da via,Bom,Perfeito estado,Seca,Perfeito estado,R-6a,60 km/h,Dupla,Faixa contínua
2020-02-24 00:00:00,10:27:00,SEM VÍTIMA,BOA VISTA,RUA DO HOSPICIO,33,,COLISÃO TRASEIRA,COLISAO S/ VITIMA ENTRE DOIS VEICULOS,2,,,,,,,,,0,Longo da via,Bom,Perfeito estado,Seca,Perfeito estado,R-6b,30 km/h,Única,Não existe