data,hora,natureza,bairro,endereco,num_semaforo,sentido_via,tipo,auto,moto,ciclom,ciclista,pedestre,onibus,caminhao,viatura,outros,vitimas,vitimasfatais,acidente_verificado,tempo_clima,sinalizacao,condicao_via,conservacao_via,situacao_placa,velocidade_max_via,mao_direcao,divisao_via1
2020-02-28 00:00:00,10:47:00,SEM VÍTIMA,IMBIRIBEIRA,AV MARECHAL MASCARENHAS DE MORAES,,SUBURBIO,COLISÃO TRASEIRA,SANDERO X GOLF,2,,,,,,,,,0,Longo da via,Bom,Não existente,Seca,Perfeito estado,,60 km/h,Dupla,Faixa contínua
2020-02-28 00:00:00,12:16:00,SEM VÍTIMA,DERBY,,,CIDADE,ABALROAMENTO LONGITUDINAL,DOIS AUTOS,2,,,,,,,,,0,Longo da via,Bom,Perfeito estado,Seca,Perfeito estado,Não há placas,40 km/h,Única,Faixa seccionada
2020-02-28 00:00:00,12:21:00,SEM VÍTIMA,ENCRUZILHADA,AV NORTE,,SUBURBIO,COLISÃO TRASEIRA,,2,,,,,,,,,0,Longo da via,Bom,Perfeito estado,Seca,Perfeito estado,R-6a,,Única,Faixa seccionada
2020-02-28 00:00:00,13:06:00,COM VÍTIMA,CASA AMARELA,AV NORTE,,CIDADE,COLISÃO TRASEIRA,COM VÍTIMA,1,1,,,,,,,,1,Longo da via,Bom,Perfeito estado,Seca,Perfeito estado,Não há placas,60 km/h,Única,Faixa seccionada
2020-02-28 00:00:00,15:04:00,COM VÍTIMA,MADALENA,AV BEIRA RIO,,CIDADE,ABALROAMENTO TRANSVERSAL,COM VÍTIMA,1,1,,,,,,,,1,Esquina,Bom,Perfeito estado,Seca,Perfeito estado,Placas Pare,,Dupla,Faixa
2020-02-28 00:00:00,15:59:00,SEM VÍTIMA,PARNAMIRIM,AV PARNAMIRIM,,CIDADE,COLISÃO TRASEIRA,,3,,,,,,,,,0,Longo da via,Bom,Perfeito estado,Seca,Perfeito estado,R-6a,,Única,Faixa seccionada
2020-02-28 00:00:00,16:29:00,SEM VÍTIMA,BOA VISTA,AV GOVERNADOR AGAMENON MAGALHAES,174,,ABALROAMENTO LONGITUDINAL,,2,,,,,,,,,0,Longo da via,Bom,Perfeito estado,Seca,Perfeito estado,Outras,60 km/h,Dupla,Faixa contínua
2020-02-28 00:00:00,17:17:00,SEM VÍTIMA,BOA VIAGEM,AVENIDA CELSO FURTADO (VIA MANGUE),,CIDADE,ABALROAMENTO LONGITUDINAL,PRISMA X FIESTA,2,,,,,,,,,0,Longo da via,Bom,Perfeito estado,Seca,Perfeito estado,Outras,60 km/h,Dupla,Faixa contínua
2020-02-28 00:00:00,17:17:00,SEM VÍTIMA,ENCRUZILHADA,AV JOAO DE BARROS,,CIDADE,ABALROAMENTO LONGITUDINAL,,1,,,,,1,,,,0,Longo da via,Bom,Perfeito estado,Seca,Perfeito estado,R-6a,,Única,Faixa seccionada
2020-02-28 00:00:00,17:31:00,SEM VÍTIMA,TAMARINEIRA,RUA JOSE CARVALHEIRA,,,ABALROAMENTO TRANSVERSAL,,2,,,,,,,,,0,Cruzamento,Bom,Perfeito estado,Seca,Perfeito estado,R-6a,,Única,Não existe
2020-02-28 00:00:00,18:01:00,SEM VÍTIMA,ENCRUZILHADA,AV JOAO DE BARROS,,CIDADE,ABALROAMENTO LONGITUDINAL,COLISÃO SEM VÍTIMA,1,1,,,,,,,,0,Longo da via,Bom,Perfeito estado,Seca,Perfeito estado,,40 km/h,Única,Faixa seccionada
2020-02-28 00:00:00,18:13:00,COM VÍTIMA,CAXANGÁ,AV CAXANGA,,CIDADE,COLISÃO COM CICLISTA,COLISÃO COM VÍTIMA,1,,,1,,,,,,1,Longo da via,Bom,Perfeito estado,Seca,Perfeito estado,R-6a,,Dupla,Canteiro central
2020-02-28 00:00:00,19:28:00,COM VÍTIMA,BOA VIAGEM,RUA MARIA CAROLINA,,SUBURBIO,ABALROAMENTO TRANSVERSAL,DOIS AUTOS,2,,,,,,,,,2,Longo da via,Bom,Não existente,Seca,Perfeito estado,Não há placas,,Única,Faixa seccionada
2020-02-28 00:00:00,19:04:00,SEM VÍTIMA,BOA VIAGEM,RUA CAPITAO ZUZINHA,,CIDADE,ABALROAMENTO LONGITUDINAL,,2,,,,,,,,,0,Longo da via,Bom,Perfeito estado,Seca,Perfeito estado,R-6a,,Única,Faixa seccionada
2020-02-28 00:00:00,19:07:00,SEM VÍTIMA,SAN MARTIN,AV ENGENHEIRO ABDIAS DE CARVALHO,,,ABALROAMENTO LONGITUDINAL,COLISÃO ENTRE DOIS AUTOS,1,,,,,,,,,0,Longo da via,Bom,Perfeito estado,Seca,Perfeito estado,Não há placas,,Única,Faixa seccionada
2020-02-28 00:00:00,20:04:00,SEM VÍTIMA,BOA VIAGEM,RUA BALTAZAR PASSOS,154,CIDADE,COLISÃO TRASEIRA,COLISÃO ENTRE DOIS AUTOS,2,,,,,,,,,0,Longo da via,Bom,Incompleta,Seca,Perfeito estado,R-6a,,Única,Faixa seccionada
2020-02-28 00:00:00,21:38:00,SEM VÍTIMA,BOA VIAGEM,AVENIDA CELSO FURTADO (VIA MANGUE),,CIDADE,COLISÃO TRASEIRA,AUTO X MOTO,1,1,,,,,,,,0,Longo da via,Bom,Perfeito estado,Seca,Perfeito estado,Não há placas,60 km/h,Dupla,Faixa seccionada
2020-02-28 00:00:00,21:42:00,SEM VÍTIMA,VASCO DA GAMA,RUA VASCO DA GAMA,66,SUBURBIO,ABALROAMENTO LONGITUDINAL,ONIBUS GLOBO X MOTO // OBS:: A MOTO SE ENCONTRA EMBAIXO DO ONIBUS,,1,,,,1,,,,0,,Bom,Perfeito estado,Seca,Perfeito estado,Não há placas,,Dupla,Faixa seccionada
2020-02-28 00:00:00,22:16:00,SEM VÍTIMA,IBURA,AV DOM HELDER CAMARA,,CIDADE,COLISÃO TRASEIRA,PALIO X FORD KA,2,,,,,,,,,0,Longo da via,Bom,Perfeito estado,Seca,Perfeito estado,Não há placas,,Dupla,Faixa contínua
2020-02-28 00:00:00,22:24:00,SEM VÍTIMA,DERBY,AV GOVERNADOR AGAMENON MAGALHAES,,SUBURBIO,ABALROAMENTO LONGITUDINAL,ONIBUS DA PREFEITUTA DE IPUJUCA X POLO,1,,,,,1,,,,0,Longo da via,Bom,,,,Outras,,Dupla,Faixa seccionada
2020-02-28 00:00:00,22:55:00,SEM VÍTIMA,,RUA BALTAZAR PASSOS,,CIDADE,ABALROAMENTO TRANSVERSAL,ETIOS X POLO,2,,,,,,,,,0,Cruzamento,Bom,Perfeito estado,Seca,Perfeito estado,Placas Pare,,Única,Faixa seccionada
2020-02-28 00:00:00,23:31:00,SEM VÍTIMA,PRADO,RUA CARLOS GOMES,,SUBURBIO,ABALROAMENTO TRANSVERSAL,HONDA CIVIC X SIENA,2,,,,,,,,,0,Longo da via,Bom,Perfeito estado,Seca,Perfeito estado,Outras,,Única,Faixa seccionada
2020-02-29 00:00:00,00:07:00,SEM VÍTIMA,ESPINHEIRO,RUA DO ESPINHEIRO,,CIDADE,ABALROAMENTO TRANSVERSAL,COLISÃO ENTRE DOIS AUTOS S/V,2,,,,,,,,,0,Longo da via,Bom,Perfeito estado,Seca,Perfeito estado,Placas Pare,,Única,Faixa seccionada
2020-02-29 00:00:00,02:05:00,SEM VÍTIMA,IMBIRIBEIRA,RUA BARAO HOMEM DE MELO,,,CHOQUE,AUTO CHOCOU-SE NO MURO DA RESIDENCIA E UMA PARTE DO MURO CAIU S/V,1,,,,,,,,,0,,,,,,,,,
2020-02-29 00:00:00,07:47:00,COM VÍTIMA,IMBIRIBEIRA,AV SUL,,,ABALROAMENTO LONGITUDINAL,ONIBUS E MOTO C/V,,1,,,,1,,,,1,,Bom,Perfeito estado,Seca,Perfeito estado,Não há placas,20 km/h,Única,Não existe
2020-02-29 00:00:00,08:40:00,SEM VÍTIMA,NOVA DESCOBERTA,RUA NOVA DESCOBERTA,,SUBURBIO,ABALROAMENTO LONGITUDINAL,SEM VÍTIMA. CONDUTOR COM SUSPEITA DE EMBREAGUEZ,1,,,,,1,,,,0,Longo da via,Bom,Perfeito estado,Seca,Perfeito estado,Placas Pare,,Dupla,Não existe
2020-02-29 00:00:00,09:14:00,SEM VÍTIMA,BOA VISTA,RUA DR JOSE MARIANO,209,CIDADE,ABALROAMENTO LONGITUDINAL,COLISÃO S/VITIMAS ENTRE DOIS AUTOS (V.T 17 NO QTH),2,,,,,,,,,0,Longo da via,Bom,Perfeito estado,Seca,Perfeito estado,Outras,,Única,Não existe
2020-02-29 00:00:00,11:50:00,SEM VÍTIMA,IMBIRIBEIRA,AV MARECHAL MASCARENHAS DE MORAES,,,COLISÃO,COLISAO SEM VITIMAS,1,,,,,1,,,,0,,,,,,,,,
2020-02-29 00:00:00,12:40:00,SEM VÍTIMA,CAXANGÁ,AV CAXANGA,,,COLISÃO,COLISAO SEM VITIMAS,,1,,,,1,,,,0,,,,,,,,,
2020-02-29 00:00:00,12:43:00,COM VÍTIMA,PASSARINHO,EST DE PASSARINHO,,,ABALROAMENTO LONGITUDINAL,COLISAO ENTRE AUTO E MOTO COM UMA VITIMA,1,1,,,,,,,,1,Longo da via,Bom,Perfeito estado,Seca,Perfeito estado,,30 km/h,Dupla,Faixa seccionada
2020-02-29 00:00:00,15:02:00,SEM VÍTIMA,SAN MARTIN,AV GENERAL SAN MARTIN,,,CHOQUE VEÍCULO PARADO,COLISAO ENTRE AUTO E MOTO S/V,2,2,,,,,,,,0,Longo da via,Bom,,Seca,Perfeito estado,,,Dupla,Faixa contínua
2020-02-29 00:00:00,16:23:00,SEM VÍTIMA,MADALENA,EST DOS REMEDIOS,52,SUBURBIO,ABALROAMENTO LONGITUDINAL,COLISAO ENTRE DOIS AUTO S/V,2,,,,,,,,,0,Cruzamento,Bom,Perfeito estado,Seca,Perfeito estado,R-6a,,Dupla,Faixa contínua
2020-02-29 00:00:00,16:38:00,SEM VÍTIMA,VÁRZEA,AV JOAQUIM RIBEIRO,,,COLISÃO,DOIS AUTOS S/V,2,,,,,,,,,0,,,,,,,,,
2020-02-29 00:00:00,17:45:00,SEM VÍTIMA,BOA VISTA,RUA DOM BOSCO,174,SUBURBIO,COLISÃO TRASEIRA,COLISAO SEM VITIMAS,2,,,,,,,,,0,Longo da via,Bom,Perfeito estado,Seca,Perfeito estado,,,Única,Faixa seccionada
2020-02-29 00:00:00,17:54:00,SEM VÍTIMA,IPUTINGA,AV MAURICIO DE NASSAU,,SUBURBIO,COLISÃO TRASEIRA,COLISAO SEM VITIMAS,1,1,,,,,,,,0,,Bom,Incompleta,Seca,Mal conservada,Não há placas,,Dupla,Não existe
2020-02-29 00:00:00,18:13:00,SEM VÍTIMA,BOA VIAGEM,AV ENGENHEIRO DOMINGOS FERREIRA,,,ABALROAMENTO TRANSVERSAL,GOL X RENAULT,2,,,,,,,,,0,,Bom,Perfeito estado,Seca,Perfeito estado,Não há placas,60 km/h,Dupla,Faixa seccionada
2020-02-29 00:00:00,19:13:00,SEM VÍTIMA,AFOGADOS,RUA PADRE TEOFILO TWORZ,,,COLISÃO,HONDA TITAN 150 X FORD KA,1,1,,,,,,,,0,,,,,,,,,
2020-02-29 00:00:00,19:46:00,COM VÍTIMA,AFOGADOS,RUA SAO MIGUEL,,SUBURBIO,ABALROAMENTO TRANSVERSAL,ENTRE MOTO E AUTO. C/V,1,1,,,,,,,,1,Esquina,Bom,Perfeito estado,Seca,Perfeito estado,R-6a,40 km/h,Dupla,Faixa contínua
2020-02-29 00:00:00,22:50:00,SEM VÍTIMA,VASCO DA GAMA,RUA ALTO DO EUCALIPTO,,,COLISÃO,DUAS MOTOS    OBS: SUSPEITA DE EMBRIAGUEZ,,2,,,,,,,,0,,,,,,,,,
2020-02-29 00:00:00,23:32:00,SEM VÍTIMA,DOIS IRMÃOS,RUA PROF CLAUDIO SELVA,,,COLISÃO,ONIX X TITAN 160,1,1,,,,,,,,0,,,,,,,,,
2020-03-01 00:00:00,02:06:00,SEM VÍTIMA,ENCRUZILHADA,EST DE BELEM,,,ABALROAMENTO LONGITUDINAL,ENTRE 2 AUTOS. S/V,1,,,,,1,,,,0,Cruzamento,Chuvoso,Perfeito estado,Molhada,Perfeito estado,,,Única,
2020-03-01 00:00:00,03:40:00,SEM VÍTIMA,SANTO AMARO,AV CRUZ CABUGA,674,,CHOQUE OBJETO FIXO,ÔNIBUS DA EMPRESA CIDADE ALTA CHOCOU-SE CONTRA O POSTE DO SEMÁFORO,,,,,,1,,,,0,Cruzamento,Chuvoso,Perfeito estado,Molhada,Mal iluminada,Não há placas,,Dupla,Faixa contínua
2020-03-01 00:00:00,05:06:00,SEM VÍTIMA,BOA VIAGEM,AV BOA VIAGEM,483,CIDADE,ABALROAMENTO TRANSVERSAL,ENTRE ÔNIBUS E 2 AUTOS. S/V,2,,,,,1,,,,0,Longo da via,Bom,Perfeito estado,Seca,Perfeito estado,Outras,,Única,
2020-03-01 00:00:00,07:43:00,SEM VÍTIMA,CAXANGÁ,RUA JOAO SALES MENEZES,,,COLISÃO,CARRETA E AUTO PASSEIO,1,,,,,,1,,,0,,,,,,,,,
2020-03-01 00:00:00,09:16:00,SEM VÍTIMA,COQUEIRAL,RUA ANANIAS CATANHO,,SUBURBIO,ABALROAMENTO TRANSVERSAL,COLISAO SEM VITIMAS,2,,,,,,,,,0,Cruzamento,Bom,Perfeito estado,Seca,Perfeito estado,Não há placas,,Dupla,Faixa seccionada
2020-03-01 00:00:00,09:49:00,SEM VÍTIMA,IMBIRIBEIRA,AV MARECHAL MASCARENHAS DE MORAES,534,SUBURBIO,COLISÃO TRASEIRA,COLISÃO SEM VÍTIMA,2,,,,,,,,,0,,,Perfeito estado,Seca,Perfeito estado,Não há placas,,Dupla,Canteiro central
2020-03-01 00:00:00,10:06:00,SEM VÍTIMA,ESPINHEIRO,RUA CONS PORTELA,11,SUBURBIO,ABALROAMENTO LONGITUDINAL,COLISAO SEM VITIMAS,1,,,,,1,,,,0,Cruzamento,Bom,Perfeito estado,Seca,Perfeito estado,Não há placas,,Única,Faixa contínua
2020-03-01 00:00:00,10:13:00,SEM VÍTIMA,IMBIRIBEIRA,RUA ITAJAI,,SUBURBIO,ABALROAMENTO TRANSVERSAL,DOIS AUTOS,2,,,,,,,,,0,Cruzamento,Bom,Perfeito estado,Seca,Perfeito estado,Placas Pare,,Dupla,Faixa seccionada
2020-03-01 00:00:00,10:16:00,SEM VÍTIMA,,RUA CORREGO ANTONIO RODRIGUES,,,ABALROAMENTO LONGITUDINAL,ONIBUS E AUTO,1,,,,,1,,,,0,Longo da via,Bom,Incompleta,Seca,Perfeito estado,Não há placas,,Dupla,Não existe
2020-03-01 00:00:00,10:28:00,SEM VÍTIMA,MADALENA,AV VISCONDE DE ALBUQUERQUE,576,,COLISÃO TRASEIRA,COLISÃO SEM VITIMAS,2,,,,,,,,,0,Longo da via,Bom,Perfeito estado,Seca,Perfeito estado,R-4a,,Única,Faixa seccionada
2020-03-01 00:00:00,11:12:00,SEM VÍTIMA,SANTO AMARO,AV CRUZ CABUGA,523,CIDADE,ABALROAMENTO LONGITUDINAL,COLISÃO SEM VITIMAS,1,,,,,1,,,,0,Longo da via,Bom,Perfeito estado,Seca,Perfeito estado,Não há placas,,Dupla,Faixa contínua
2020-03-01 00:00:00,13:10:00,SEM VÍTIMA,APIPUCOS,RUA DOIS IRMAOS,535,CIDADE,ABALROAMENTO TRANSVERSAL,COLISÃO S/VITIMAS ENTRE DOIS AUTOS,2,,,,,,,,,0,Cruzamento,Bom,Perfeito estado,Seca,Perfeito estado,R-6a,60 km/h,Dupla,Faixa contínua
2020-03-01 00:00:00,17:02:00,SEM VÍTIMA,GRAÇAS,RUA DAS CREOULAS,,CIDADE,CHOQUE VEÍCULO PARADO,COLISÃO S/VITIMAS ENTRE DOIS AUTOS,2,,,,,,,,,0,Longo da via,Bom,Perfeito estado,Seca,Perfeito estado,Outras,,Única,Faixa seccionada
2020-03-01 00:00:00,18:37:00,SEM VÍTIMA,BAIRRO DO RECIFE,AV MARQUES DE OLINDA,165,,ABALROAMENTO LONGITUDINAL,COLISAO SEM VITIMAS,2,,,,,,,,,0,Cruzamento,Bom,Perfeito estado,Seca,Perfeito estado,Não há placas,,Única,Faixa contínua
2020-03-01 00:00:00,19:11:00,SEM VÍTIMA,IBURA,AV DOIS RIOS,,,COLISÃO,COLISÃO ENTRE AUTO E MOTO S/V,1,1,,,,,,,,0,,,,,,,,,
2020-03-01 00:00:00,22:21:00,SEM VÍTIMA,VASCO DA GAMA,RUA VASCO DA GAMA,,SUBURBIO,COLISÃO TRASEIRA,COLISAO SEM VITIMAS,1,1,,,,,,,,0,Longo da via,Bom,Perfeito estado,Seca,Perfeito estado,,30 km/h,Dupla,Não existe
2020-03-02 00:00:00,05:39:00,SEM VÍTIMA,ILHA DO RETIRO,RUA SPORT CLUBE DO RECIFE,367,SUBURBIO,COLISÃO COM CICLISTA,COLISÃO ENTRE MOTO E BICICLETA S/V,,1,,1,,,,,,0,Longo da via,Bom,Perfeito estado,Seca,Perfeito estado,Não há placas,,Dupla,Canteiro central
2020-03-02 00:00:00,06:17:00,SEM VÍTIMA,CORDEIRO,RUA N S DA SAUDE,,SUBURBIO,ABALROAMENTO TRANSVERSAL,COLISÃO S/VITIMAS ENTRE DOIS AUTOS,2,,,,,,,,,0,Cruzamento,Bom,Perfeito estado,Seca,Perfeito estado,Placas Pare,,Dupla,Faixa contínua
2020-03-02 00:00:00,06:39:00,SEM VÍTIMA,BOA VIAGEM,AV VINTE DE JANEIRO,,CIDADE,ABALROAMENTO TRANSVERSAL,COLISÃO SEM VITIMAS,1,,,,,1,,,,0,,Bom,Perfeito estado,Seca,Perfeito estado,Placas Pare,,Dupla,Faixa seccionada
2020-03-02 00:00:00,07:11:00,SEM VÍTIMA,BOA VIAGEM,RUA DEZ DE JULHO,,CIDADE,ABALROAMENTO TRANSVERSAL,COLISÃO S/VITIMAS ENTRE DOIS AUTOS (USUÁRIO INF. QUE HOUVE ESCORIAÇÕES- NO ENTANTO- NÃO SERÁ NECESSÁRIO ATENDIMENTO DO SAMU),2,,,,,,,,,0,Cruzamento,Bom,Perfeito estado,Seca,Perfeito estado,Placas Pare,,Única,Faixa seccionada
2020-03-02 00:00:00,07:35:00,SEM VÍTIMA,CORDEIRO,AV CAXANGA,,SUBURBIO,COLISÃO TRASEIRA,COLISÃO SEM VITIMAS  GM  ANTONIO SANTOS QTH,2,,,,,,,,,0,Longo da via,Bom,Perfeito estado,Seca,Perfeito estado,,,Dupla,Faixa seccionada
2020-03-02 00:00:00,07:41:00,SEM VÍTIMA,IMBIRIBEIRA,AV MARECHAL MASCARENHAS DE MORAES,,CIDADE,ABALROAMENTO LONGITUDINAL,COLISAO SEM VITIMAS,1,1,,,,,,,,0,Longo da via,Bom,Perfeito estado,Seca,Perfeito estado,Não há placas,60 km/h,Dupla,Faixa seccionada
2020-03-02 00:00:00,08:18:00,COM VÍTIMA,BOA VIAGEM,RUA PROFESSOR JOSE BRANDAO,,SUBURBIO,ABALROAMENTO TRANSVERSAL,COLISÃO COM VITIMA A ESPERA DO SAMU,1,1,,,,,,,,1,Cruzamento,Bom,Perfeito estado,Seca,Perfeito estado,Placas Pare,,Única,Faixa seccionada
2020-03-02 00:00:00,08:31:00,SEM VÍTIMA,GRAÇAS,AV RUI BARBOSA,37,CIDADE,ABALROAMENTO LONGITUDINAL,COLISAO SEM VITIMAS GM SADRAQUE NO QTH,1,,,,,,1,,,0,Longo da via,Bom,Perfeito estado,Seca,Perfeito estado,Outras,60 km/h,Única,Faixa seccionada
2020-03-02 00:00:00,08:31:00,SEM VÍTIMA,ENGENHO DO MEIO,RUA MAURICEIA,,,COLISÃO,CAMINHAO E AUTO PASSEIO,1,,,,,,1,,,0,,,,,,,,,
2020-03-02 00:00:00,08:36:00,COM VÍTIMA,CAMPO GRANDE,RUA JERONIMO VILELA,,SUBURBIO,ABALROAMENTO LONGITUDINAL,COLISÃO COM VITIMAS,1,1,,,,,,,,2,Longo da via,Bom,Perfeito estado,Seca,Perfeito estado,Outras,,Dupla,Faixa seccionada
2020-03-02 00:00:00,08:39:00,SEM VÍTIMA,ENCRUZILHADA,AV JOAO DE BARROS,43,SUBURBIO,COLISÃO TRASEIRA,COLISÃO SEM VITIMAS GM  CARLOS EDUARDO QTH,2,,,,,,,,,0,Cruzamento,Bom,Perfeito estado,Seca,Perfeito estado,,,Única,
2020-03-02 00:00:00,09:36:00,SEM VÍTIMA,BOA VISTA,AV CONDE DA BOA VISTA,,CIDADE,ABALROAMENTO LONGITUDINAL,COLISÃO SEM VITIMAS,1,,,,,1,,,,0,Longo da via,Bom,Incompleta,Seca,,Não há placas,,Dupla,
2020-03-02 00:00:00,09:51:00,SEM VÍTIMA,AFOGADOS,EST DOS REMEDIOS,,,COLISÃO,COLISAO SEM VITIMAS,1,1,,,,,,,,0,,,,,,,,,
2020-03-02 00:00:00,09:54:00,SEM VÍTIMA,GRAÇAS,AV RUI BARBOSA,48,CIDADE,ABALROAMENTO LONGITUDINAL,,,,,,,1,,,,0,Cruzamento,Bom,Perfeito estado,Seca,Perfeito estado,,,Única,Faixa contínua
2020-03-02 00:00:00,10:23:00,SEM VÍTIMA,JOANA BEZERRA,RUA IMPERIAL,,SUBURBIO,ABALROAMENTO TRANSVERSAL,COLISAO SEM VITIMAS,1,,,,,,1,,,0,Longo da via,Bom,Perfeito estado,Seca,Perfeito estado,Outras,,Única,Faixa seccionada
2020-03-02 00:00:00,10:39:00,SEM VÍTIMA,IPUTINGA,RUA CELESTINO NEVES,,SUBURBIO,ABALROAMENTO LONGITUDINAL,COLISÃO S/VITIMAS ENTRE DOIS AUTOS,2,,,,,,,,,0,Cruzamento,Bom,Incompleta,Seca,Mal conservada,Não há placas,,Dupla,Não existe
2020-03-02 00:00:00,10:44:00,SEM VÍTIMA,MADALENA,RUA COSTA GOMES,,SUBURBIO,ABALROAMENTO LONGITUDINAL,COLISÃO SEM VITIMAS,2,,,,,,,,,0,Cruzamento,Bom,Perfeito estado,Seca,Perfeito estado,Placas Pare,,Única,Não existe
2020-03-02 00:00:00,11:13:00,COM VÍTIMA,DOIS IRMÃOS,RUA DOIS IRMAOS,,SUBURBIO,ABALROAMENTO TRANSVERSAL,COLISAO COM VITIMAS,1,1,,,,,,,,1,Longo da via,Bom,Incompleta,Seca,Perfeito estado,Não há placas,,Dupla,Não existe
2020-03-02 00:00:00,11:42:00,COM VÍTIMA,CORDEIRO,AV CAXANGA,,SUBURBIO,ABALROAMENTO TRANSVERSAL,COLISÃO C/VITIMA ENTRE DOIS AUTOS,2,,,,,,,,,2,Cruzamento,Bom,Perfeito estado,Seca,Perfeito estado,Outras,,,Faixa contínua
2020-03-02 00:00:00,11:43:00,SEM VÍTIMA,BOA VIAGEM,RUA BALTAZAR PASSOS,,,ABALROAMENTO LONGITUDINAL,COLISAO SEM VITIMAS,2,,,,,,,,,0,Cruzamento,Bom,,Seca,,Placas Pare,40 km/h,Única,Não existe
2020-03-02 00:00:00,12:30:00,SEM VÍTIMA,TAMARINEIRA,AV ENGENHEIRO AGAMENON DE MAGALHAES MELO,,SUBURBIO,CHOQUE VEÍCULO PARADO,COLISAO ENTRE DOIS AUTOS S/V,2,,,,,,,,,0,Longo da via,Bom,Perfeito estado,Seca,Perfeito estado,Outras,,Dupla,Não existe
2020-03-02 00:00:00,12:40:00,SEM VÍTIMA,DERBY,AV GOVERNADOR AGAMENON MAGALHAES,,,COLISÃO TRASEIRA,COLISÃO SEM VÍTIMA,2,,,,,,,,,0,Longo da via,Bom,Perfeito estado,Seca,Perfeito estado,Outras,60 km/h,Dupla,Faixa seccionada
2020-03-02 00:00:00,13:10:00,SEM VÍTIMA,BOA VIAGEM,RUA SA E SOUZA,,,COLISÃO,COLISAO ENTRE DOIS AUTOS S/V,2,,,,,,,,,0,,,,,,,,,
2020-03-02 00:00:00,13:29:00,COM VÍTIMA,SANTO AMARO,RUA MAJOR CODECEIRA,,,ABALROAMENTO TRANSVERSAL,COLISAO ENTRE AUTO E MOTO COM UMA VITIMA,1,1,,,,,,,,1,Cruzamento,Bom,Perfeito estado,Seca,Perfeito estado,R-6a,,Única,Faixa seccionada
2020-03-02 00:00:00,13:50:00,SEM VÍTIMA,BOA VIAGEM,AV DES JOSE NEVES,,CIDADE,COLISÃO TRASEIRA,,2,,,,,,,,,0,Longo da via,Bom,Perfeito estado,Seca,Perfeito estado,R-6a,,Dupla,Canal
2020-03-02 00:00:00,13:58:00,SEM VÍTIMA,BOA VIAGEM,RUA VISCONDE DE JEQUITINHONHA,433,SUBURBIO,COLISÃO TRASEIRA,COLISAO ENTRE ONIBUS E AUTOS S/V GM MARCIA SANTOS NO LOCAL,1,,,,,1,,,,0,Longo da via,Bom,Perfeito estado,Seca,Perfeito estado,Outras,60 km/h,Única,Faixa seccionada
2020-03-02 00:00:00,14:08:00,SEM VÍTIMA,TORRE,RUA CONDE DE IRAJA,191,SUBURBIO,ABALROAMENTO LONGITUDINAL,COLISÃO SEM VÍTIMA,1,,,,,,,,1,0,Cruzamento,Bom,Perfeito estado,Seca,Perfeito estado,R-6a,,Única,Faixa seccionada
2020-03-02 00:00:00,14:09:00,SEM VÍTIMA,ESPINHEIRO,AV GOVERNADOR AGAMENON MAGALHAES,,CIDADE,ABALROAMENTO LONGITUDINAL,,2,,,,,,,,,0,Longo da via,Bom,Perfeito estado,Seca,Perfeito estado,Outras,40 km/h,Dupla,Canteiro central
2020-03-02 00:00:00,14:26:00,SEM VÍTIMA,SAN MARTIN,RUA COMENDADOR FRANCO FERREIRA,,SUBURBIO,ABALROAMENTO TRANSVERSAL,,2,,,,,,,,,0,Cruzamento,Bom,,Seca,,Placas Pare,,Dupla,Não existe
2020-03-02 00:00:00,14:28:00,SEM VÍTIMA,JARDIM SÃO PAULO,AV SAO PAULO,,,COLISÃO,COLISÃO SEM VÍTIMA ENTRE AUTO E CARROÇA DE TRAÇÃO ANIMAL,1,,,,,,,,1,0,,,,,,,,,
2020-03-02 00:00:00,14:54:00,SEM VÍTIMA,ARRUDA,AV PROFESSOR JOSE DOS ANJOS,306,,COLISÃO TRASEIRA,COLISAO ENTRE AUTO E CAMINHAO S/V,1,,,,,,1,,,0,Longo da via,Bom,Perfeito estado,Seca,Perfeito estado,Outras,,Dupla,Canal
2020-03-02 00:00:00,14:57:00,SEM VÍTIMA,MADALENA,RUA JOAO IVO DA SILVA,132,,COLISÃO FRONTAL,,1,1,,,,,,,,0,Cruzamento,Bom,Perfeito estado,Seca,Perfeito estado,,,Dupla,Faixa seccionada
2020-03-02 00:00:00,15:08:00,SEM VÍTIMA,IMBIRIBEIRA,AV MARECHAL MASCARENHAS DE MORAES,,CIDADE,COLISÃO TRASEIRA,ENGAVETAMENTO DE TRES VEICULOS SEM VITIMAS,3,,,,,,,,,0,Longo da via,Bom,Perfeito estado,Seca,Perfeito estado,Não há placas,,Dupla,Faixa seccionada
2020-03-02 00:00:00,15:20:00,SEM VÍTIMA,MADALENA,AV BEIRA RIO,,SUBURBIO,ABALROAMENTO LONGITUDINAL,COLISAO ENTRE DOIS AUTOS S/V,2,,,,,,,,,0,Longo da via,Bom,Perfeito estado,Seca,Perfeito estado,Não há placas,50 km/h,Única,Faixa seccionada