data,hora,natureza,bairro,endereco,num_semaforo,sentido_via,tipo,auto,moto,ciclom,ciclista,pedestre,onibus,caminhao,viatura,outros,vitimas,vitimasfatais,acidente_verificado,tempo_clima,sinalizacao,condicao_via,conservacao_via,situacao_placa,velocidade_max_via,mao_direcao,divisao_via1
2020-03-08 00:00:00,10:53:00,SEM VÍTIMA,CAMPO GRANDE,RUA JERONIMO VILELA,565,SUBURBIO,ABALROAMENTO TRANSVERSAL,COLISÃO SEM VITIMAS,2,,,,,,,,,0,Cruzamento,Bom,Perfeito estado,Seca,,,,Dupla,Faixa contínua
2020-03-08 00:00:00,10:58:00,SEM VÍTIMA,BOA VIAGEM,RUA DOS NAVEGANTES,,,ABALROAMENTO TRANSVERSAL,COLISÃO S/VITIMAS ENTRE DOIS AUTOS,2,,,,,,,,,0,Cruzamento,Bom,Perfeito estado,Seca,Perfeito estado,R-4a,,Única,Não existe
2020-03-08 00:00:00,12:11:00,SEM VÍTIMA,CASA AMARELA,RUA PADRE LEMOS,,SUBURBIO,ABALROAMENTO TRANSVERSAL,COLISÃO SEM VÍTIMA,1,,,,,1,,,,0,Longo da via,Bom,Perfeito estado,Seca,Perfeito estado,Outras,40 km/h,Dupla,Faixa seccionada
2020-03-08 00:00:00,12:42:00,SEM VÍTIMA,BOA VIAGEM,RUA GENERAL EDSON AMANCIO RAMALHO,544,CIDADE,COLISÃO TRASEIRA,COLISÃO SEM VÍTIMA,3,,,,,,,,,0,Longo da via,Bom,Perfeito estado,Seca,Perfeito estado,R-6a,,Única,Faixa contínua
2020-03-08 00:00:00,13:04:00,COM VÍTIMA,MADALENA,RUA BENFICA,257,SUBURBIO,COLISÃO COM CICLISTA,COLISAO COM VITIMA ENTRE ONIBUS E BICICLETA,,,,1,,1,,,,1,Longo da via,Bom,Perfeito estado,Seca,Perfeito estado,R-26,40 km/h,Dupla,Faixa contínua
2020-03-08 00:00:00,13:18:00,SEM VÍTIMA,IPSEP,RUA JEAN EMILE FAVRE,,CIDADE,ABALROAMENTO TRANSVERSAL,COLISÃO SEM VÍTIMA,2,,,,,,,,,0,Cruzamento,Bom,Perfeito estado,,,Placas Pare,,Dupla,Faixa seccionada
2020-03-08 00:00:00,13:26:00,SEM VÍTIMA,ESTÂNCIA,AV RECIFE,,SUBURBIO,ABALROAMENTO LONGITUDINAL,COLISAO S/ VITIMA ENTRE DOIS VEICULOS,2,,,,,,,,,0,Longo da via,Bom,,Seca,,R-6a,,Dupla,Canteiro central
2020-03-08 00:00:00,13:35:00,SEM VÍTIMA,PINA,RUA ARQUITETO AUGUSTO REINALDO,,,COLISÃO,COLISÃO SEM VÍTIMA,2,,,,,,,,,0,,,,,,,,,
2020-03-08 00:00:00,15:39:00,SEM VÍTIMA,BOA VISTA,AV LINS PETIT,,CIDADE,COLISÃO TRASEIRA,COLISAO S/ VITIMA ENTRE DOIS VEICULOS,2,,,,,,,,,0,Longo da via,Bom,Perfeito estado,Seca,Perfeito estado,Outras,,Única,Não existe
2020-03-08 00:00:00,16:39:00,SEM VÍTIMA,ENCRUZILHADA,AV JOAO DE BARROS,43,CIDADE,ABALROAMENTO TRANSVERSAL,COLISÃO SEM VÍTIMA,2,,,,,,,,,0,Cruzamento,Bom,Perfeito estado,Seca,Perfeito estado,Outras,,Dupla,Canteiro central
2020-03-08 00:00:00,17:00:00,SEM VÍTIMA,ÁGUA FRIA,RUA TAMBOARA,,,COLISÃO,COLISAO S/ VITIMA. ENTRE MOTO E VEICULO,1,1,,,,,,,,0,,,,,,,,,
2020-03-08 00:00:00,17:11:00,COM VÍTIMA,AFOGADOS,RUA SAO MIGUEL,,SUBURBIO,COLISÃO TRASEIRA,COLISAO COM VITIMA ENTRE MOTO E VEICULO,1,1,,,,,,,,1,Longo da via,Bom,,,,,50 km/h,Dupla,Faixa contínua
2020-03-08 00:00:00,18:19:00,SEM VÍTIMA,BOA VISTA,RUA JOAO FERNANDES VIEIRA,,,COLISÃO,COLISAO SEM VITIMAS,2,,,,,,,,,0,,,,,,,,,
2020-03-08 00:00:00,19:39:00,COM VÍTIMA,AREIAS,AV RECIFE,,BR 101,COLISÃO,COLISAO COM VITIMAS,,1,,,,1,,,,1,Longo da via,Bom,Perfeito estado,Seca,Perfeito estado,Não há placas,,Dupla,Canteiro central
2020-03-08 00:00:00,20:36:00,SEM VÍTIMA,VÁRZEA,RUA BARAO DE CERRO LARGO,,,COLISÃO,COLISAO SEM VITIMAS,1,,,,,1,,,,0,,,,,,,,,
2020-03-08 00:00:00,20:51:00,COM VÍTIMA,ÁGUA FRIA,EST VELHA DE AGUA FRIA,306,SUBURBIO,COLISÃO TRASEIRA,COLISAO COM VITIMAS,,2,,,,,,,,2,Cruzamento,Bom,Perfeito estado,Seca,Perfeito estado,,,Dupla,Canteiro central
2020-03-08 00:00:00,20:56:00,COM VÍTIMA,AREIAS,AV DR JOSE RUFINO,44,,ABALROAMENTO TRANSVERSAL,ONIX X UNO MILLE    OBS: VT DA CTTU N:10 ESTA NO LOCAL,2,,,,,,,,,2,Cruzamento,Bom,Perfeito estado,Seca,Perfeito estado,R-6a,40 km/h,Dupla,Faixa contínua
2020-03-08 00:00:00,21:24:00,COM VÍTIMA,IBURA,AV DOIS RIOS,323,SUBURBIO,CAPOTAMENTO,COLISÃO SEGUIDO DE CAPOTAMENTO,6,,,,,,,,,1,Longo da via,Bom,Perfeito estado,Seca,Perfeito estado,Outras,,Dupla,Faixa contínua
2020-03-08 00:00:00,22:45:00,SEM VÍTIMA,BOA VIAGEM,RUA BARAO DE SOUZA LEAO,129,,ABALROAMENTO TRANSVERSAL,COLISAO SEM VITIMAS,2,,,,,,,,,0,Cruzamento,Bom,Perfeito estado,Seca,Perfeito estado,,,Única,
2020-03-09 00:00:00,00:11:00,COM VÍTIMA,TORRÕES,AV ENGENHEIRO ABDIAS DE CARVALHO,,SUBURBIO,COLISÃO,COLISÃO ENTRE AUTO E MOTO C/V,,1,,,,,,,,2,,,,,,,,,
2020-03-09 00:00:00,02:11:00,SEM VÍTIMA,VASCO DA GAMA,RUA DOIS DE FEVEREIRO,,SUBURBIO,CHOQUE VEÍCULO PARADO,COLISÃO ENTRE AUTO E CAMINHONETE S/V,1,,,,,,1,,,0,Longo da via,Bom,Não existente,Seca,Perfeito estado,Não há placas,,Dupla,Não existe
2020-03-09 00:00:00,06:46:00,SEM VÍTIMA,ESPINHEIRO,RUA DO ESPINHEIRO,,SUBURBIO,ABALROAMENTO TRANSVERSAL,COLISÃO SEM VITIMAS,1,,,,,,,,,0,Longo da via,,Perfeito estado,Seca,Perfeito estado,R-6a,,Única,Faixa seccionada
2020-03-09 00:00:00,07:18:00,SEM VÍTIMA,CABANGA,RUA BITURI,,CIDADE,ABALROAMENTO TRANSVERSAL,COLISÃO SEM VITIMAS,1,1,,,,,,,,0,Cruzamento,Bom,Incompleta,Seca,Perfeito estado,,,Única,
2020-03-09 00:00:00,07:38:00,SEM VÍTIMA,IMBIRIBEIRA,AV MARECHAL MASCARENHAS DE MORAES,,CIDADE,COLISÃO,COLISÃO SEM VITIMAS,2,,,,,,,,,0,,,,,,,,,
2020-03-09 00:00:00,07:51:00,SEM VÍTIMA,CORDEIRO,AV GENERAL SAN MARTIN,,,COLISÃO,AUTO E MOTO,1,1,,,,,,,,0,,,,,,,,,
2020-03-09 00:00:00,07:56:00,SEM VÍTIMA,ILHA DO LEITE,AV GOVERNADOR AGAMENON MAGALHAES,672,CIDADE,ABALROAMENTO LONGITUDINAL,COLISÃO SEM VITIMAS  GM  BT ROCHA CRISPIM  QTH,1,,,,,1,,,,0,Longo da via,Bom,Perfeito estado,Seca,Perfeito estado,Outras,60 km/h,Única,Faixa seccionada
2020-03-09 00:00:00,08:09:00,SEM VÍTIMA,AREIAS,AV RECIFE,,SUBURBIO,COLISÃO TRASEIRA,TRES AUTOS,3,,,,,,,,,0,Longo da via,Bom,Perfeito estado,Seca,Perfeito estado,Não há placas,,Dupla,Faixa seccionada
2020-03-09 00:00:00,08:20:00,SEM VÍTIMA,ESPINHEIRO,RUA SANTO ELIAS,,,COLISÃO,,2,,,,,,,,,0,,,,,,,,,
2020-03-09 00:00:00,08:33:00,SEM VÍTIMA,VÁRZEA,AV AFONSO OLINDENSE,,,ABALROAMENTO LONGITUDINAL,VT 16 NO QTH / ONIBUS E AUTO PASSEIO,1,,,,,1,,,,0,Longo da via,Bom,Perfeito estado,Seca,Perfeito estado,Outras,30 km/h,Dupla,Faixa contínua
2020-03-09 00:00:00,08:35:00,SEM VÍTIMA,ESPINHEIRO,AV JOAO DE BARROS,656,SUBURBIO,ABALROAMENTO LONGITUDINAL,ONIBUS E AUTO,1,,,,,1,,,,0,Cruzamento,Bom,Perfeito estado,Seca,Perfeito estado,R-6a,,Única,Faixa seccionada
2020-03-09 00:00:00,09:15:00,SEM VÍTIMA,CORDEIRO,AV GENERAL SAN MARTIN,67,SUBURBIO,CHOQUE VEÍCULO PARADO,COLISÃO SEM VITIMAS,1,,1,,,,,,,0,Longo da via,Bom,Perfeito estado,Seca,Perfeito estado,R-6a,,Dupla,Faixa contínua
2020-03-09 00:00:00,10:05:00,SEM VÍTIMA,SANTO AMARO,RUA FREI CASSIMIRO,,SUBURBIO,ABALROAMENTO TRANSVERSAL,COLISÃO SEM VITIMAS,2,,,,,,,,,0,Cruzamento,Bom,Perfeito estado,Seca,Perfeito estado,Placas Pare,,Dupla,Canteiro central
2020-03-09 00:00:00,10:52:00,SEM VÍTIMA,PARNAMIRIM,RUA TITO ROSAS,,CIDADE,ABALROAMENTO LONGITUDINAL,COLISÃO S/VITIMAS ENTRE DOIS AUTOS E UMA MOTO,2,1,,,,,,,,0,Longo da via,Bom,Perfeito estado,Seca,Perfeito estado,,,Única,Faixa seccionada
2020-03-09 00:00:00,11:49:00,SEM VÍTIMA,,RUA PAISSANDU,,,ABALROAMENTO LONGITUDINAL,COLISÃO SEM VITIMAS,2,,,,,,,,,0,Longo da via,Bom,Perfeito estado,Seca,Perfeito estado,Não há placas,,Única,Não existe
2020-03-09 00:00:00,11:55:00,SEM VÍTIMA,ESPINHEIRO,RUA DO ESPINHEIRO,89,,ABALROAMENTO LONGITUDINAL,COLISÃO S/VITIMAS ENTRE E DOIS AUTOS,1,,,,,,,,,0,Longo da via,Bom,Perfeito estado,Seca,Perfeito estado,R-6a,,Única,Faixa contínua
2020-03-09 00:00:00,11:59:00,COM VÍTIMA,IPUTINGA,AV MAURICIO DE NASSAU,,CIDADE,ABALROAMENTO LONGITUDINAL,MOTO E VT DA PM,,1,,,,,,1,,2,Longo da via,Bom,Incompleta,Seca,Perfeito estado,Não há placas,,Dupla,Não existe
2020-03-09 00:00:00,12:11:00,SEM VÍTIMA,CAMPO GRANDE,RUA ODORICO MENDES,,SUBURBIO,COLISÃO TRASEIRA,COLISAO S/ VITIMA ENTRE ONIBUS E MOTO,,1,,,,1,,,,0,Longo da via,Bom,Perfeito estado,Seca,Perfeito estado,R-6a,,Dupla,Faixa contínua
2020-03-09 00:00:00,12:11:00,SEM VÍTIMA,BOA VISTA,AV MANOEL BORBA,,,COLISÃO,COLISAO ENTRE MOTO E AUTOS S/V,1,1,,,,,,,,0,,,,,,,,,
2020-03-09 00:00:00,13:15:00,SEM VÍTIMA,MADALENA,AV ENGENHEIRO ABDIAS DE CARVALHO,,SUBURBIO,COLISÃO TRASEIRA,ENGAVETAMENTO S/ VITIMA ENTRE TRES VEICULOS. GCM: FABIO MONTERO E WILITON,2,,,,,,,,1,0,Longo da via,Bom,Perfeito estado,Seca,Perfeito estado,,60 km/h,Dupla,Faixa seccionada
2020-03-09 00:00:00,13:20:00,SEM VÍTIMA,ENCRUZILHADA,AV BEBERIBE,,SUBURBIO,COLISÃO TRASEIRA,COLISAO ENTRE ONIBUS E AUTOS S/V,1,,,,,1,,,,0,Longo da via,Bom,Perfeito estado,Seca,Perfeito estado,Outras,,Dupla,Faixa contínua
2020-03-09 00:00:00,13:26:00,SEM VÍTIMA,DERBY,RUA PAISSANDU,69,CIDADE,ABALROAMENTO LONGITUDINAL,COLISÃO SEM VÍTIMA,2,,,,,,,,,0,Cruzamento,Bom,Perfeito estado,Seca,Perfeito estado,,,Dupla,Canteiro central
2020-03-09 00:00:00,13:45:00,SEM VÍTIMA,CASA AMARELA,RUA DA HARMONIA,,CIDADE,ABALROAMENTO LONGITUDINAL,COLISAO ENTRE ONIBUS E AUTOS S/V,1,,,,,1,,,,0,Longo da via,Bom,Perfeito estado,Seca,Perfeito estado,R-6a,,Dupla,Faixa seccionada
2020-03-09 00:00:00,13:52:00,SEM VÍTIMA,CASA AMARELA,AV NORTE,256,SUBURBIO/ CIDADE,COLISÃO,COLISAO S/ VITIMA ENTRE DOIS VEICULOS,2,,,,,,,,,0,,,,,,,,,
2020-03-09 00:00:00,13:59:00,SEM VÍTIMA,SANTO ANTÔNIO,RUA IMPERADOR PEDRO SEGUNDO,,,COLISÃO COM CICLISTA,VEICULO COLIDIU COM UM CICLISTA S/V,1,,,1,,,,,,0,,,,,,,,,
2020-03-09 00:00:00,14:43:00,SEM VÍTIMA,CAXANGÁ,AV CAXANGA,232,SUBURBIO,COLISÃO TRASEIRA,COLISAO ENTRE DOIS AUTOS S/V,2,,,,,,,,,0,Cruzamento,Bom,Perfeito estado,Seca,Perfeito estado,Outras,,Dupla,Canteiro central
2020-03-09 00:00:00,14:48:00,COM VÍTIMA,BOA VISTA,AV CONDE DA BOA VISTA,299,SUBURBIO,ATROPELAMENTO,ATROPELAMENTO COM VÍTIMA,1,,,,1,,,,,1,Longo da via,Bom,Perfeito estado,Seca,Perfeito estado,Outras,,Dupla,Canteiro central
2020-03-09 00:00:00,14:55:00,SEM VÍTIMA,ENCRUZILHADA,AV NORTE,43,SUBURBIO,ABALROAMENTO LONGITUDINAL,,2,,,,,,,,,0,Longo da via,Bom,Perfeito estado,Seca,Perfeito estado,R-6a,,Única,Faixa seccionada
2020-03-09 00:00:00,15:17:00,SEM VÍTIMA,PRADO,AV ENGENHEIRO ABDIAS DE CARVALHO,,SUBURBIO,COLISÃO TRASEIRA,COLISÃO SEM VÍTIMA,2,,,,,,,,,0,Longo da via,Bom,Perfeito estado,Seca,Perfeito estado,Não há placas,,Dupla,Canteiro central
2020-03-09 00:00:00,16:01:00,SEM VÍTIMA,AREIAS,AV DR JOSE RUFINO,,SUBURBIO,ABALROAMENTO TRANSVERSAL,COLISÃO SEM VÍTIMA,1,,,,,1,,,,0,Longo da via,Bom,Perfeito estado,Seca,Perfeito estado,Outras,60 km/h,Dupla,Faixa contínua
2020-03-09 00:00:00,16:05:00,SEM VÍTIMA,ZUMBI,RUA GOMES TABORDA,,SUBURBIO,ABALROAMENTO LONGITUDINAL,COLISAO S/ VITIMA. ENTRE CARRO E MOTO,1,1,,,,,,,,0,Longo da via,Bom,Perfeito estado,Seca,Perfeito estado,Não há placas,,Dupla,Faixa seccionada
2020-03-09 00:00:00,16:11:00,SEM VÍTIMA,PAISSANDU,RUA VIS DO LIVRAMENTO,,SUBURBIO,ABALROAMENTO LONGITUDINAL,COLISAO ENTRE DOIS AUTOS S/V,2,,,,,,,,,0,Longo da via,Bom,Perfeito estado,Seca,Perfeito estado,R-6a,,Única,Não existe
2020-03-09 00:00:00,16:13:00,SEM VÍTIMA,BOA VIAGEM,AV BOA VIAGEM,,CIDADE,ABALROAMENTO LONGITUDINAL,COLISÃO SEM VÍTIMA,2,1,,,,,,,,0,Longo da via,Bom,Perfeito estado,Seca,Perfeito estado,Não há placas,60 km/h,Única,Faixa seccionada
2020-03-09 00:00:00,16:22:00,SEM VÍTIMA,BOA VISTA,RUA PAISSANDU,,,COLISÃO,COLISAO S/ VITIMA ENTRE DOIS VEICULOS,2,,,,,,,,,0,,,,,,,,,
2020-03-09 00:00:00,16:48:00,SEM VÍTIMA,IBURA,RUA NOVA PALMEIRA,,SUBURBIO,COLISÃO TRASEIRA,COLISÃO SEM VÍTIMA,2,,,,,,,,,0,Longo da via,Bom,Não existente,Seca,Perfeito estado,Não há placas,60 km/h,Dupla,Não existe
2020-03-09 00:00:00,16:56:00,SEM VÍTIMA,BONGI,AV ENGENHEIRO ABDIAS DE CARVALHO,,,COLISÃO,COLISAO ENTRE DOIS AUTOS S/V,2,,,,,,,,,0,,,,,,,,,
2020-03-09 00:00:00,17:16:00,SEM VÍTIMA,GRAÇAS,RUA AMARO BEZERRA,71,SUBURBIO,ABALROAMENTO LONGITUDINAL,COLISÃO SEM VÍTIMA,1,,,,,1,,,,0,Cruzamento,Bom,Perfeito estado,Seca,Perfeito estado,R-4b,,Única,Não existe
2020-03-09 00:00:00,17:16:00,SEM VÍTIMA,IPSEP,AV RECIFE,319,,COLISÃO TRASEIRA,COLISAO S/ VITIMA ENTRE DOIS VEICULOS,2,,,,,,,,,0,Longo da via,Bom,Perfeito estado,Seca,Perfeito estado,Outras,60 km/h,Dupla,Faixa contínua
2020-03-09 00:00:00,18:12:00,SEM VÍTIMA,IMBIRIBEIRA,AV MARECHAL MASCARENHAS DE MORAES,,SUBURBIO,COLISÃO TRASEIRA,PRISMA X VOYAGE,2,,,,,,,,,0,Longo da via,Bom,Perfeito estado,Seca,Perfeito estado,Não há placas,40 km/h,Única,Faixa seccionada
2020-03-09 00:00:00,18:28:00,SEM VÍTIMA,CAMPO GRANDE,EST DE BELEM,,CIDADE,ABALROAMENTO LONGITUDINAL,CAMINHAO X GRAND SIENA,1,,,,,,1,,,0,Longo da via,Bom,Perfeito estado,Seca,Perfeito estado,Não há placas,,Dupla,Faixa seccionada
2020-03-09 00:00:00,18:33:00,SEM VÍTIMA,,RUA MADRE DEUS,477,SUBURBIO,ABALROAMENTO LONGITUDINAL,TAXI E CAMINHAO,1,,,,,,1,,,0,Cruzamento,Bom,Perfeito estado,Seca,Perfeito estado,Não há placas,,Única,Faixa contínua
2020-03-09 00:00:00,18:35:00,COM VÍTIMA,IPSEP,RUA JEAN EMILE FAVRE,,CIDADE,ABALROAMENTO LONGITUDINAL,COLISAO COM VITIMAS,1,1,,,,,,,,1,Longo da via,Bom,Perfeito estado,Seca,Perfeito estado,Outras,,Dupla,Faixa contínua
2020-03-09 00:00:00,19:03:00,SEM VÍTIMA,BOA VIAGEM,RUA SA E SOUZA,,,COLISÃO,HB 20 X PALIO,2,,,,,,,,,0,,,,,,,,,
2020-03-09 00:00:00,19:08:00,SEM VÍTIMA,BOA VIAGEM,RUA JOSE HIPOLITO CARDOSO,,,COLISÃO,ONIBUS BORBOREMA X PORSCHE,1,,,,,1,,,,0,,,,,,,,,
2020-03-09 00:00:00,19:14:00,SEM VÍTIMA,BREJO DE BEBERIBE,RUA ALTO DO EUCALIPTO,,,COLISÃO,DOIS AUTOS,2,,,,,,,,,0,,,,,,,,,
2020-03-09 00:00:00,19:17:00,SEM VÍTIMA,PINA,AV ANTONIO DE GOES,,CIDADE,ABALROAMENTO LONGITUDINAL,COLISAO DE DOIS AUTOS,2,,,,,,,,,0,Longo da via,Bom,Perfeito estado,Seca,Perfeito estado,Outras,60 km/h,Dupla,Faixa contínua
2020-03-09 00:00:00,19:43:00,COM VÍTIMA,IPSEP,AV RECIFE,,,COLISÃO,MOTO X HB 20,1,1,,,,,,,,1,,,,,,,,,
2020-03-09 00:00:00,19:57:00,SEM VÍTIMA,PINA,AV ENGENHEIRO DOMINGOS FERREIRA,200,SUBURBIO,ABALROAMENTO LONGITUDINAL,ONIBUS BORBOREMA X AUTO,1,,,,,1,,,,0,Longo da via,Bom,Perfeito estado,Seca,Perfeito estado,,,Única,Canteiro central
2020-03-09 00:00:00,20:01:00,COM VÍTIMA,DOIS UNIDOS,AV HILDEBRANDO DE VASCONCELOS,,SUBURBIO,ABALROAMENTO LONGITUDINAL,COLISAO COM VITIMAS,,2,,,,,,,,3,Longo da via,Bom,Perfeito estado,Seca,,Outras,,Dupla,Não existe
2020-03-09 00:00:00,20:04:00,COM VÍTIMA,TORRE,RUA JOAO TUDE DE MELO,,SUBURBIO,COLISÃO TRASEIRA,MOTO X AUTO   OBS: VT DA CTTU 13 ESTA NO LOCAL,1,1,,,,,,,,1,Viaduto,Bom,Não existente,Seca,Perfeito estado,Não há placas,,Dupla,Canteiro central
2020-03-09 00:00:00,20:19:00,SEM VÍTIMA,GRAÇAS,RUA DEPUTADO PEDRO PIRES FERREIRA,,SUBURBIO,COLISÃO TRASEIRA,HONDA FIT X ECOESPORT,2,,,,,,,,,0,Longo da via,Bom,Perfeito estado,Seca,Perfeito estado,Não há placas,,Dupla,Não existe
2020-03-09 00:00:00,20:47:00,SEM VÍTIMA,MADALENA,RUA DEMOCRITO DE SOUZA FILHO,,,COLISÃO,COLISAO S/ VITIMAS,2,,,,,,,,,0,,,,,,,,,
2020-03-09 00:00:00,21:06:00,SEM VÍTIMA,TORRE,RUA SOUZA BANDEIRA,448,SUBURBIO,ABALROAMENTO TRANSVERSAL,GOL X SANDERO,2,,,,,,,,,0,Cruzamento,Bom,Perfeito estado,Seca,Perfeito estado,,,Dupla,Faixa seccionada
2020-03-09 00:00:00,21:55:00,SEM VÍTIMA,SAN MARTIN,RUA JOSE VELOSO,,,ABALROAMENTO TRANSVERSAL,PRISMA X MARCH,2,,,,,,,,,0,Cruzamento,Bom,Perfeito estado,Seca,Perfeito estado,Não há placas,,Dupla,Não existe
2020-03-10 00:00:00,06:48:00,SEM VÍTIMA,MADALENA,EST DOS REMEDIOS,,,ABALROAMENTO TRANSVERSAL,COLISÃO SEM VITIMAS  GM FABIO QTH,2,,,,,,,,,0,Longo da via,Bom,Perfeito estado,Seca,Perfeito estado,Placas Pare,,Única,Faixa seccionada
2020-03-10 00:00:00,06:49:00,COM VÍTIMA,PINA,AV HERCULANO BANDEIRA,657,SUBURBIO,COLISÃO TRASEIRA,COLISÃO ENTRE AOUTO E MOTO COM 1 VÍTIMA,1,1,,,,,,,,1,Longo da via,Bom,Perfeito estado,Seca,Perfeito estado,Outras,,Única,Faixa contínua
2020-03-10 00:00:00,06:57:00,SEM VÍTIMA,PRADO,AV ENGENHEIRO ABDIAS DE CARVALHO,,CIDADE,COLISÃO TRASEIRA,COLISAO SEM VITMAS ENTRE UMA MOTO E DOIS CARROS- GM FELIPE NO QTH,2,1,,,,,,,,0,Longo da via,Bom,Perfeito estado,Seca,Perfeito estado,Não há placas,,Única,Faixa seccionada
2020-03-10 00:00:00,06:59:00,COM VÍTIMA,CORDEIRO,RUA FRANCISCO CORTEZ,,,ABALROAMENTO TRANSVERSAL,MOTO E AUTO C/V,1,1,,,,,,,,1,Cruzamento,Bom,,Seca,,Não há placas,,Dupla,Não existe
2020-03-10 00:00:00,07:21:00,SEM VÍTIMA,IPUTINGA,EST DO BARBALHO,,CIDADE,ABALROAMENTO TRANSVERSAL,DOIS AUTOS (SEGUNDO SUB. ANTEOGENES E JOSENILDO MELO UMA DAS PARTES PASSOU MAL ANTES DO OCORRIDO E SERÁ SOCORRIDA PELO SAMU- POREM O MESMO INF. QUE A OCORRENCIA SERÁ REGISTRADA COMO S/V).,1,,,,,1,,,,0,Longo da via,Bom,Perfeito estado,Seca,Perfeito estado,Não há placas,40 km/h,Única,Não existe
2020-03-10 00:00:00,07:51:00,SEM VÍTIMA,PINA,PTE AGAMENON MAGALHAES,,CIDADE,COLISÃO FRONTAL,COLISÃO S/VITIMAS ENTRE DOIS AUTOS,2,,,,,,,,,0,Ponte,Bom,Perfeito estado,Seca,Perfeito estado,Não há placas,60 km/h,Única,Faixa seccionada
2020-03-10 00:00:00,07:51:00,COM VÍTIMA,CAMPO GRANDE,EST DE BELEM,94,SUBURBIO,ATROPELAMENTO,COM VITIMAS,1,,,,1,,,,,1,Cruzamento,Bom,Perfeito estado,Seca,Perfeito estado,Outras,,Dupla,Faixa contínua
2020-03-10 00:00:00,08:03:00,SEM VÍTIMA,CIDADE UNIVERSITÁRIA,RUA GENERAL POLIDORO,,SUBURBIO,COLISÃO TRASEIRA,COLISÃO  SEM VITIMAS VT 14  QTH,1,,,,,1,,,,0,Longo da via,Bom,Perfeito estado,Seca,Perfeito estado,,30 km/h,Dupla,Faixa contínua
2020-03-10 00:00:00,08:14:00,SEM VÍTIMA,VÁRZEA,AV CAXANGA,231,CIDADE,COLISÃO TRASEIRA,DOIS AUTOS PONTO FIXO GM´S FONTENELE E ALMEIDA VELOSO,2,,,,,,,,,0,Longo da via,Bom,Ilegível,Seca,Perfeito estado,Não há placas,60 km/h,Dupla,Canteiro central
2020-03-10 00:00:00,08:05:00,SEM VÍTIMA,BOA VIAGEM,AV BOA VIAGEM,121,SUBURBIO,ABALROAMENTO LONGITUDINAL,COLISÃO S/VITIMAS ENTRE DOIS AUTOS,2,,,,,,,,,0,Longo da via,Bom,Perfeito estado,Seca,Perfeito estado,Não há placas,,Única,Faixa seccionada
2020-03-10 00:00:00,08:27:00,SEM VÍTIMA,MADALENA,RUA REAL DA TORRE,,CIDADE,ABALROAMENTO LONGITUDINAL,DOIS AUTOS,2,,,,,,,,,0,Longo da via,Bom,Perfeito estado,Seca,Perfeito estado,Outras,,Única,Faixa seccionada
2020-03-10 00:00:00,08:46:00,SEM VÍTIMA,IMBIRIBEIRA,RUA ENGENHEIRO BRANDAO CAVALCANTE,,CIDADE,ABALROAMENTO LONGITUDINAL,COLISÃO S/VITIMAS ENTRE DOIS AUTOS,2,,,,,,,,,0,Cruzamento,Bom,Perfeito estado,Seca,Perfeito estado,Placas Pare,30 km/h,Dupla,Não existe
2020-03-10 00:00:00,09:16:00,SEM VÍTIMA,CABANGA,AV SATURNINO DE BRITO,,,COLISÃO,COLISÃO S/VITIMAS ENTRE DOIS AUTOS,2,,,,,,,,,0,,,,,,,,,
2020-03-10 00:00:00,09:17:00,SEM VÍTIMA,GRAÇAS,RUA AMELIA,,SUBURBIO,ABALROAMENTO LONGITUDINAL,COLISÃO ENTRE DOIS AUTOS SEM VÍTIMAS,2,,,,,,,,,0,Longo da via,Bom,Perfeito estado,Seca,Perfeito estado,Outras,30 km/h,Única,Não existe
2020-03-10 00:00:00,09:21:00,SEM VÍTIMA,TORREÃO,RUA OTHON PARAISO,,,ABALROAMENTO TRANSVERSAL,DOIS AUTOS,2,,,,,,,,,0,Cruzamento,Bom,Perfeito estado,Seca,,Placas Pare,,Dupla,Canteiro central
2020-03-10 00:00:00,09:40:00,SEM VÍTIMA,IMBIRIBEIRA,RUA BARAO DE SOUZA LEAO,,,ABALROAMENTO LONGITUDINAL,COLISÃO S/VITIMAS ENTRE DOIS AUTOS,2,,,,,,,,,0,Longo da via,Bom,Perfeito estado,Seca,Perfeito estado,Não há placas,,Única,Faixa seccionada
2020-03-10 00:00:00,09:44:00,SEM VÍTIMA,CORDEIRO,RUA PIERRE CURIE,,,COLISÃO,COLISÃO SEM VITIMAS,1,1,,,,,,,,0,,,,,,,,,
2020-03-10 00:00:00,09:59:00,SEM VÍTIMA,AFLITOS,CAIS DO APOLO,,SUBURBIO,ABALROAMENTO LONGITUDINAL,COLISÃO S/VITIMAS ENTRE DOIS AUTOS (GM PERÔNIMO E FREDERICO NO QTH),2,,,,,,,,,0,Longo da via,Bom,Perfeito estado,Seca,Perfeito estado,R-6a,,Dupla,Canteiro central
2020-03-10 00:00:00,10:52:00,SEM VÍTIMA,AFOGADOS,RUA NAPOLEAO TEIXEIRA DE MACEDO,,,COLISÃO,COLISÃO SEM VITIMAS,1,,,,,,1,,,0,,,,,,,,,
2020-03-10 00:00:00,11:31:00,SEM VÍTIMA,BOA VIAGEM,AV DES JOSE NEVES,,CIDADE,COLISÃO TRASEIRA,COLISÃO S/VITIMAS ENTRE DOIS AUTOS,2,,,,,,,,,0,Longo da via,Bom,Perfeito estado,Seca,Perfeito estado,,50 km/h,Dupla,Faixa seccionada