data,hora,natureza,bairro,endereco,num_semaforo,sentido_via,tipo,auto,moto,ciclom,ciclista,pedestre,onibus,caminhao,viatura,outros,vitimas,vitimasfatais,acidente_verificado,tempo_clima,sinalizacao,condicao_via,conservacao_via,situacao_placa,velocidade_max_via,mao_direcao,divisao_via1
2020-03-10 00:00:00,11:38:00,SEM VÍTIMA,TAMARINEIRA,RUA PADRE ROMA,,,ABALROAMENTO TRANSVERSAL,COLISÃO SEM VITIMAS,2,,,,,,,,,0,Longo da via,Bom,Perfeito estado,Seca,Perfeito estado,Placas Pare,30 km/h,Dupla,Faixa seccionada
2020-03-10 00:00:00,12:13:00,SEM VÍTIMA,BAIRRO DO RECIFE,CAIS DO APOLO,,CIDADE,ABALROAMENTO LONGITUDINAL,COLISAO S/ VITIMA ENTRE DOIS VEICULOS.,2,,,,,,,,,0,Longo da via,Bom,Perfeito estado,Seca,Perfeito estado,Outras,,Dupla,Canteiro central
2020-03-10 00:00:00,12:15:00,SEM VÍTIMA,AFOGADOS,RUA SAO MIGUEL,,,COLISÃO,COLISÃO SEM VÍTIMA,1,1,,,,,,,,0,,,,,,,,,
2020-03-10 00:00:00,13:29:00,SEM VÍTIMA,AFOGADOS,RUA IMPERIAL,,SUBURBIO,ABALROAMENTO LONGITUDINAL,COLISAO ENTRE CAMINHAO E AUTO S/V,1,,,,,,1,,,0,Longo da via,Bom,,Seca,,R-6a,,Única,Não existe
2020-03-10 00:00:00,13:58:00,SEM VÍTIMA,CASA AMARELA,,,SUBURBIO,ABALROAMENTO LONGITUDINAL,COLISÃO SEM VÍTIMA,1,,,,,1,,,,0,,Bom,Perfeito estado,Seca,Perfeito estado,Outras,,Dupla,Blocos
2020-03-10 00:00:00,14:20:00,SEM VÍTIMA,ILHA DO LEITE,RUA FRANCISCO ALVES,,,ABALROAMENTO LONGITUDINAL,COLISAO S/VITIMA ENTRE DOIS VEICULOS,2,,,,,,,,,0,Longo da via,Bom,Perfeito estado,Seca,Perfeito estado,Outras,,Dupla,Canteiro central
2020-03-10 00:00:00,14:41:00,SEM VÍTIMA,BONGI,AV ENGENHEIRO ABDIAS DE CARVALHO,422,CIDADE,COLISÃO TRASEIRA,COLISIAO ENTRE TRES AUTOS S/V,3,,,,,,,,,0,Longo da via,Bom,Perfeito estado,Seca,Perfeito estado,Não há placas,60 km/h,Dupla,Canteiro central
2020-03-10 00:00:00,15:05:00,COM VÍTIMA,ESPINHEIRO,RUA DO ESPINHEIRO,,,ATROPELAMENTO,COLISAO COM VITIMA ENTRE MOTO E PEDESTRE. VT 13,,1,,,1,,,,,1,Esquina,Bom,Perfeito estado,Seca,Perfeito estado,,,Única,Faixa seccionada
2020-03-10 00:00:00,15:28:00,COM VÍTIMA,ÁGUA FRIA,RUA ALEGRE,431,SUBURBIO,ABALROAMENTO TRANSVERSAL,COLISAO COM VITIMA ENTRE MOTO E VEICULO,1,1,,,,,,,,1,Cruzamento,Bom,Perfeito estado,Seca,Perfeito estado,Placas Pare,40 km/h,Única,Não existe
2020-03-10 00:00:00,15:31:00,COM VÍTIMA,MADALENA,AV JOSE GONCALVES DE MEDEIROS,,SUBURBIO,ABALROAMENTO LONGITUDINAL,COLISÃO COM VÍTIMA,1,1,,,,,,,,1,Cruzamento,Bom,Perfeito estado,Seca,Perfeito estado,Não há placas,,Dupla,Faixa contínua
2020-03-10 00:00:00,16:06:00,SEM VÍTIMA,MADALENA,AV VISCONDE DE ALBUQUERQUE,,SUBURBIO,ABALROAMENTO TRANSVERSAL,COLISÃO SEM VÍTIMA,2,,,,,,,,,0,Cruzamento,Bom,Perfeito estado,Seca,Perfeito estado,R-24a,,Única,Faixa seccionada
2020-03-10 00:00:00,16:15:00,SEM VÍTIMA,PINA,AV HERCULANO BANDEIRA,660,SUBURBIO,ABALROAMENTO LONGITUDINAL,COLISÃO SEM VÍTIMA,1,1,,,,,,,,0,Longo da via,Bom,Perfeito estado,Seca,Perfeito estado,Outras,60 km/h,Única,Faixa contínua
2020-03-10 00:00:00,16:16:00,COM VÍTIMA,ILHA DO LEITE,AV GOVERNADOR AGAMENON MAGALHAES,69,SUBURBIO,ABALROAMENTO TRANSVERSAL,COLISAO COM VITIMA ENTRE AMBULANCIA E MOTO. GCM: MILE E JACSON ROBERTO. RESERVA 02,,1,,,,,1,,,1,Cruzamento,Bom,Perfeito estado,Seca,Perfeito estado,Outras,,Única,Canteiro central
2020-03-10 00:00:00,17:19:00,SEM VÍTIMA,SANTO AMARO,AV GOVERNADOR AGAMENON MAGALHAES,378,SUBURBIO,COLISÃO TRASEIRA,COLISÃO SEM VÍTIMA,2,,,,,,,,,0,Longo da via,Bom,Perfeito estado,Seca,Perfeito estado,Não há placas,60 km/h,Dupla,Faixa seccionada
2020-03-10 00:00:00,17:32:00,COM VÍTIMA,CAXANGÁ,AV CAXANGA,,SUBURBIO,COLISÃO COM CICLISTA,COLISAO DE MOTO COM CICLISTA,,1,,1,,,,,,1,Longo da via,Bom,Perfeito estado,Seca,Perfeito estado,Outras,,Única,Faixa seccionada
2020-03-10 00:00:00,17:32:00,SEM VÍTIMA,TORRE,RUA DOM MANOEL DA COSTA,,,ABALROAMENTO TRANSVERSAL,COLISÃO SEM VÍTIMA,2,,,,,,,,,0,Cruzamento,Bom,,Seca,,R-6a,,Única,
2020-03-10 00:00:00,18:55:00,COM VÍTIMA,JORDÃO,AV MARIA IRENE,,SUBURBIO,ABALROAMENTO LONGITUDINAL,ENTRE MOTO E AUTO. C/V,1,1,,,,,,,,1,Longo da via,Bom,Ilegível,Seca,Mal iluminada,Não há placas,,Dupla,Faixa contínua
2020-03-10 00:00:00,19:54:00,COM VÍTIMA,MADALENA,AV JOSE GONCALVES DE MEDEIROS,,SUBURBIO,ATROPELAMENTO,MOTO X PEDESTRE,,1,,,1,,,,,2,Longo da via,Bom,,Seca,Perfeito estado,,,Dupla,Faixa contínua
2020-03-10 00:00:00,20:25:00,SEM VÍTIMA,SANTO AMARO,AV CRUZ CABUGA,,SUBURBIO,ABALROAMENTO LONGITUDINAL,ENTRE ÔNIBUS E AUTO PASSEIO. S/V,1,,,,,1,,,,0,Longo da via,Bom,Perfeito estado,Seca,Perfeito estado,Não há placas,60 km/h,Dupla,Faixa contínua
2020-03-10 00:00:00,20:38:00,SEM VÍTIMA,TORRE,RUA REAL DA TORRE,,,COLISÃO,ENTRE 2 AUTOS. S/V,2,,,,,,,,,0,,,,,,,,,
2020-03-10 00:00:00,21:44:00,COM VÍTIMA,IPSEP,RUA ADERBAL DE MELO,,,COLISÃO,ENTRE AUTO E MOTO. C/V,1,1,,,,,,,,1,,,,,,,,,
2020-03-11 00:00:00,07:07:00,SEM VÍTIMA,,AV GOVERNADOR AGAMENON MAGALHAES,,CIDADE,COLISÃO TRASEIRA,4 AUTOS S/V BATEDORES NO LOCAL GM´S VALMIR E WELLINGTON GOMES,4,,,,,,,,,0,Viaduto,Bom,Perfeito estado,Seca,Perfeito estado,,60 km/h,Dupla,Faixa seccionada
2020-03-11 00:00:00,07:52:00,SEM VÍTIMA,ÁGUA FRIA,RUA ALEGRE,431,SUBURBIO,ABALROAMENTO TRANSVERSAL,MOTO E AUTO,1,1,,,,,,,,0,Cruzamento,Bom,Incompleta,Seca,Perfeito estado,Placas Pare,50 km/h,Única,Faixa seccionada
2020-03-11 00:00:00,08:25:00,SEM VÍTIMA,SANTO AMARO,AV CRUZ CABUGA,,CIDADE,ABALROAMENTO LONGITUDINAL,SEM VITIMAS,1,,,,,1,,,,0,Longo da via,Bom,Perfeito estado,Seca,Perfeito estado,,60 km/h,Dupla,Faixa contínua
2020-03-11 00:00:00,08:33:00,SEM VÍTIMA,BOA VIAGEM,AVENIDA CELSO FURTADO (VIA MANGUE),,CIDADE,COLISÃO TRASEIRA,DOIS AUTOS E MOTO BATEDOR NO LOCAL- GM´S ENOQUE E ISRAEL SANTANA (MOTOQUEIRO SOFREU ESCORIAÇÕES- POREM NÃO QUIS ATENDIMENTO DO SAMU),2,1,,,,,,,,0,Longo da via,Bom,Perfeito estado,Seca,Perfeito estado,Outras,,Única,Faixa seccionada
2020-03-11 00:00:00,09:21:00,SEM VÍTIMA,BOA VIAGEM,AV CONSELHEIRO AGUIAR,,CIDADE,ABALROAMENTO LONGITUDINAL,SEM VITIMAS,1,,,,,1,,,,0,Longo da via,Chuvoso,Perfeito estado,Molhada,Perfeito estado,R-6a,60 km/h,Única,Faixa seccionada
2020-03-11 00:00:00,09:39:00,SEM VÍTIMA,BOA VIAGEM,AV CONSELHEIRO AGUIAR,,CIDADE,ABALROAMENTO LONGITUDINAL,COLISAO SEM VITIMAS,2,,,,,,,,,0,Longo da via,Bom,Perfeito estado,Seca,Perfeito estado,Não há placas,40 km/h,Única,Faixa contínua
2020-03-11 00:00:00,09:51:00,SEM VÍTIMA,ARRUDA,EST VELHA DE AGUA FRIA,306,SUBURBIO,COLISÃO TRASEIRA,COLISÃO SEM VITIMAS,2,,,,,,,,,0,Longo da via,Chuvoso,Incompleta,Molhada,Perfeito estado,Não há placas,,Única,Faixa contínua
2020-03-11 00:00:00,09:55:00,SEM VÍTIMA,BOA VISTA,AV JOAO DE BARROS,,CIDADE,ABALROAMENTO LONGITUDINAL,COLISÃO SEM VITIMAS,2,,,,,,,,,0,Cruzamento,Bom,Perfeito estado,Seca,Perfeito estado,Placas Pare,,Única,Faixa seccionada
2020-03-11 00:00:00,10:00:00,COM VÍTIMA,TORRE,RUA CONS THEODORO,,,ABALROAMENTO TRANSVERSAL,AUTO E MOTO C/V,1,1,,,,,,,,1,Esquina,Chuvoso,Incompleta,Molhada,Perfeito estado,Placas Pare,,Dupla,Não existe
2020-03-11 00:00:00,10:33:00,SEM VÍTIMA,BOA VISTA,RUA PADRE INGLES,,,COLISÃO,DOIS AUTOS,2,,,,,,,,,0,,,,,,,,,
2020-03-11 00:00:00,10:39:00,SEM VÍTIMA,SANTO AMARO,RUA ASTRONAUTA COLLINS,,SUBURBIO,CHOQUE,COLISÃO SEM VITIMAS,1,,,,,,,,,0,Longo da via,Chuvoso,Não existente,Molhada,Mal conservada,Não há placas,,Dupla,Não existe
2020-03-11 00:00:00,10:52:00,SEM VÍTIMA,BOA VIAGEM,RUA PINTOR LULA CARDOSO AYRES,,CIDADE,ABALROAMENTO LONGITUDINAL,COLISÃO SEM VITIMAS,2,,,,,,,,,0,Longo da via,Bom,Perfeito estado,Seca,Perfeito estado,Não há placas,30 km/h,Dupla,Não existe
2020-03-11 00:00:00,10:55:00,COM VÍTIMA,BONGI,RUA SANTA EDWIRGES,,CIDADE,ABALROAMENTO TRANSVERSAL,ONIBUS E MOTO C/V,,1,,,,1,,,,1,Cruzamento,Bom,Perfeito estado,Seca,Perfeito estado,Placas Pare,,Única,Não existe
2020-03-11 00:00:00,11:26:00,COM VÍTIMA,CASA AMARELA,EST DO ARRAIAL,,SUBURBIO,ABALROAMENTO TRANSVERSAL,MOTO E CAMINHAO VT 11 NO QTH,,1,,,,,1,,,1,Esquina,Bom,Ilegível,Seca,Perfeito estado,Placas Pare,,Única,Faixa seccionada
2020-03-11 00:00:00,11:35:00,COM VÍTIMA,IMBIRIBEIRA,AV MARECHAL MASCARENHAS DE MORAES,531,SUBURBIO,COLISÃO TRASEIRA,COLISÃO COM VITIMA A ESPERA DO SAMU,1,1,,,,,,,,1,Longo da via,Bom,Perfeito estado,Seca,Perfeito estado,,60 km/h,Dupla,Faixa contínua
2020-03-11 00:00:00,12:05:00,SEM VÍTIMA,BOA VIAGEM,AV ENGENHEIRO DOMINGOS FERREIRA,,SUBURBIO,ABALROAMENTO LONGITUDINAL,COLISAO SEM VITIMAS,2,,,,,,,,,0,Longo da via,Bom,Perfeito estado,Seca,Perfeito estado,Não há placas,60 km/h,Única,Faixa seccionada
2020-03-11 00:00:00,12:07:00,SEM VÍTIMA,BOA VISTA,AV JOAO DE BARROS,198,CIDADE,ABALROAMENTO LONGITUDINAL,COLISÃO SEM VÍTIMA,1,,,,,1,,,,0,Longo da via,Bom,Perfeito estado,Seca,Perfeito estado,Não há placas,,Única,Faixa seccionada
2020-03-11 00:00:00,12:24:00,COM VÍTIMA,TORRÕES,AV ENGENHEIRO ABDIAS DE CARVALHO,,SUBURBIO,ABALROAMENTO LONGITUDINAL,COLISAO ENTRE DUAS MOTO COM UMA VITIMA,,2,,,,,,,,1,Longo da via,Bom,Perfeito estado,Seca,Perfeito estado,Não há placas,60 km/h,Dupla,Canteiro central
2020-03-11 00:00:00,12:51:00,SEM VÍTIMA,BOA VIAGEM,AV ENGENHEIRO DOMINGOS FERREIRA,,SUBURBIO,ABALROAMENTO TRANSVERSAL,COLISAO SEM VITIMAS,2,,,,,,,,,0,,Bom,Perfeito estado,Seca,Perfeito estado,R-6a,,Única,Faixa seccionada
2020-03-11 00:00:00,15:44:00,SEM VÍTIMA,SÃO JOSÉ,RUA IMPERIAL,,CIDADE,COLISÃO TRASEIRA,COLISÃO SEM VÍTIMA,2,,,,,,,,,0,Longo da via,Bom,Não existente,Seca,Perfeito estado,Outras,,Dupla,Faixa contínua
2020-03-11 00:00:00,15:57:00,SEM VÍTIMA,DERBY,RUA BENFICA,629,SUBURBIO,ABALROAMENTO TRANSVERSAL,COLISAO SEM VITIMAS GM RAFAEL CABRAL NO QTH,2,,,,,,,,,0,Cruzamento,Bom,Perfeito estado,Seca,Perfeito estado,Outras,40 km/h,Única,Faixa seccionada
2020-03-11 00:00:00,16:05:00,SEM VÍTIMA,AFOGADOS,RUA NICOLAU PEREIRA,73,SUBURBIO,ABALROAMENTO LONGITUDINAL,COLISAO ENTRE DOIS AUTOS S/V,2,,,,,,,,,0,Longo da via,Bom,Perfeito estado,Seca,Perfeito estado,Não há placas,,Única,Faixa contínua
2020-03-11 00:00:00,17:39:00,SEM VÍTIMA,TEJIPIÓ,AV DR JOSE RUFINO,,,COLISÃO,COLISAO ENTRE AUTO E MOTO S/V,1,1,,,,,,,,0,,,,,,,,,
2020-03-11 00:00:00,17:50:00,SEM VÍTIMA,CIDADE UNIVERSITÁRIA,AV VISCONDE DE SAO LEOPOLDO,,,COLISÃO,COLISÃO SEM VÍTIMA,2,,,,,,,,,0,,,,,,,,,
2020-03-11 00:00:00,18:53:00,SEM VÍTIMA,IMBIRIBEIRA,AV MARECHAL MASCARENHAS DE MORAES,225,SUBURBIO,ABALROAMENTO LONGITUDINAL,DOIS AUTOS X  OBS: BATEDORES DA CCTU 28X03 ESTA NO LOCAL,2,,,,,,,,,0,Longo da via,Bom,Perfeito estado,Seca,Perfeito estado,Outras,60 km/h,Dupla,Canteiro central
2020-03-11 00:00:00,20:50:00,SEM VÍTIMA,BOA VIAGEM,AV CONSELHEIRO AGUIAR,241,CIDADE,ABALROAMENTO TRANSVERSAL,ÕNIBUS X AUTO PASSEIO. S/V,1,,,,,1,,,,0,Longo da via,Chuvoso,Perfeito estado,Molhada,Perfeito estado,Não há placas,,Única,Faixa seccionada
2020-03-11 00:00:00,22:28:00,COM VÍTIMA,CORDEIRO,AV ENGENHEIRO ABDIAS DE CARVALHO,422,CIDADE,COLISÃO COM CICLISTA,ENTRE MOTO DO BPTRAN E CICLISTA. C/V],,1,,1,,,,,,1,Longo da via,Bom,Perfeito estado,Seca,Perfeito estado,Outras,,Dupla,Faixa seccionada
2020-03-11 00:00:00,23:38:00,COM VÍTIMA,JOANA BEZERRA,RUA IMPERIAL,,SUBURBIO,ABALROAMENTO TRANSVERSAL,ENTRE ÔNIBUS E MOTO. C/V,,1,,,,1,,,,1,Cruzamento,Bom,Perfeito estado,Seca,Perfeito estado,Não há placas,,Única,Faixa seccionada
2020-03-12 00:00:00,01:01:00,SEM VÍTIMA,CAXANGÁ,AV JOAQUIM RIBEIRO,281,SUBURBIO,ABALROAMENTO LONGITUDINAL,COLISÃO ENTRE DOIS AUTOS S/V,2,,,,,,,,,0,Cruzamento,Bom,Perfeito estado,Seca,Perfeito estado,Outras,,Dupla,Canteiro central
2020-03-12 00:00:00,06:24:00,SEM VÍTIMA,ROSARINHO,AV PROFESSOR JOSE DOS ANJOS,,CIDADE,COLISÃO TRASEIRA,COLISÃO S/VITIMAS ENTRE DOIS AUTOS,2,,,,,,,,,0,Longo da via,Bom,Incompleta,Seca,Perfeito estado,Não há placas,,Dupla,Canal
2020-03-12 00:00:00,07:14:00,SEM VÍTIMA,ESPINHEIRO,RUA CONS PORTELA,11,CIDADE,ABALROAMENTO LONGITUDINAL,COLISÃO S/VITIMAS ENTRE DOIS AUTOS (GM ARNOSO NO QTH),2,,,,,,,,,0,Cruzamento,Bom,Perfeito estado,Seca,Perfeito estado,Outras,40 km/h,Única,Não existe
2020-03-12 00:00:00,07:24:00,SEM VÍTIMA,TEJIPIÓ,AV DR JOSE RUFINO,,,COLISÃO,CAMINHAO E AUTO PASSEIO,1,,,,,,1,,,0,,,,,,,,,
2020-03-12 00:00:00,07:30:00,COM VÍTIMA,CASA AMARELA,EST DO ARRAIAL,,,COLISÃO,MOTO E AUTO,1,1,,,,,,,,1,,,,,,,,,
2020-03-12 00:00:00,08:47:00,SEM VÍTIMA,ENCRUZILHADA,AV JOAO DE BARROS,,CIDADE,ABALROAMENTO LONGITUDINAL,SEM VITIMAS// GM RIBEIRO E CARLOS NO QTH,1,,,,,,1,,,0,Longo da via,Bom,Perfeito estado,Seca,Perfeito estado,Não há placas,,Única,Faixa seccionada
2020-03-12 00:00:00,08:56:00,SEM VÍTIMA,ESPINHEIRO,AV GOVERNADOR AGAMENON MAGALHAES,,,ABALROAMENTO LONGITUDINAL,ONIBUS E AUTO,1,,,,,1,,,,0,Cruzamento,Bom,Perfeito estado,Seca,Perfeito estado,,,Dupla,Faixa contínua
2020-03-12 00:00:00,09:01:00,SEM VÍTIMA,SANTO AMARO,AV CRUZ CABUGA,523,CIDADE,COLISÃO TRASEIRA,COLISÃO SEM VÍTIMAS ENTRE AUTO E MOTO.,1,1,,,,,,,,0,Longo da via,Bom,Perfeito estado,Seca,Perfeito estado,,,Dupla,Faixa contínua
2020-03-12 00:00:00,09:39:00,SEM VÍTIMA,BARRO,RUA PADRE DIOGO RODRIGUES,,SUBURBIO,ABALROAMENTO LONGITUDINAL,COLISÃO S/VITIMAS ENTRE UM AUTO E CAMINHÃO,1,,,,,,1,,,0,Cruzamento,Bom,Perfeito estado,Seca,Perfeito estado,Outras,,Dupla,Não existe
2020-03-12 00:00:00,10:13:00,SEM VÍTIMA,ESPINHEIRO,RUA DO ESPINHEIRO,,SUBURBIO,ABALROAMENTO TRANSVERSAL,COLISÃO S/VITIMAS ENTRE UM AUTO E UM ONIBUS (V.T 08 NO QTH),1,,,,,1,,,,0,Longo da via,Bom,Perfeito estado,Seca,Perfeito estado,R-6a,,Única,Faixa contínua
2020-03-12 00:00:00,11:01:00,SEM VÍTIMA,ESPINHEIRO,RUA BARAO DE ITAMARACA,,SUBURBIO,ABALROAMENTO LONGITUDINAL,DOIS AUTOS,2,,,,,,,,,0,Longo da via,Bom,Perfeito estado,Seca,Perfeito estado,Outras,,Única,
2020-03-12 00:00:00,11:41:00,COM VÍTIMA,BOA VIAGEM,RUA BALTAZAR PASSOS,,CIDADE,ABALROAMENTO TRANSVERSAL,MOTO E AUTO,1,1,,,,,,,,1,Cruzamento,Chuvoso,Perfeito estado,Molhada,Perfeito estado,Placas Pare,30 km/h,Dupla,Não existe
2020-03-12 00:00:00,12:07:00,SEM VÍTIMA,IPSEP,AV RECIFE,55,,COLISÃO TRASEIRA,COLISAO S/V,2,,,,,,,,,0,Longo da via,Chuvoso,Perfeito estado,Seca,Perfeito estado,R-6a,,Dupla,Faixa seccionada
2020-03-12 00:00:00,12:45:00,COM VÍTIMA,AFOGADOS,RUA COSME VIANA,,SUBURBIO,ATROPELAMENTO,ONIBUS ATROPELOU UM PEDESTRE,,,,,1,1,,,,1,Longo da via,Bom,Perfeito estado,Seca,Perfeito estado,Outras,,Única,
2020-03-12 00:00:00,13:12:00,SEM VÍTIMA,BRASÍLIA TEIMOSA,RUA COMENDADOR MORAES,,,COLISÃO,COLISAO ENTRE DOIS VEICULOS,2,,,,,,,,,0,,,,,,,,,
2020-03-12 00:00:00,13:13:00,SEM VÍTIMA,BOA VIAGEM,RUA COSMORAMA,478,SUBURBIO,COLISÃO TRASEIRA,,1,1,,,,,,,1,0,Cruzamento,Bom,Perfeito estado,Seca,Perfeito estado,Outras,40 km/h,Única,Faixa seccionada
2020-03-12 00:00:00,14:01:00,SEM VÍTIMA,ESPINHEIRO,RUA CONS PORTELA,,,COLISÃO,COLISAO S/ VITIMA ENTRE DOIS VEICULOS,1,,,,,,,,1,0,,,,,,,,,
2020-03-12 00:00:00,14:31:00,SEM VÍTIMA,GRAÇAS,AV RUI BARBOSA,,CIDADE,ABALROAMENTO LONGITUDINAL,COLISAO ENTRE AUTOS E MOTO S/V,1,1,,,,,,,,0,Longo da via,Bom,Perfeito estado,Seca,Perfeito estado,Outras,,Única,Faixa seccionada
2020-03-12 00:00:00,14:35:00,SEM VÍTIMA,DERBY,RUA MANOEL CAETANO,,CIDADE,ABALROAMENTO LONGITUDINAL,COLISAO SEM VITIMAS,2,,,,,,,,,0,,Bom,Perfeito estado,Seca,Perfeito estado,R-6a,,Única,Faixa contínua
2020-03-12 00:00:00,14:47:00,SEM VÍTIMA,SANTO ANTÔNIO,AV MARTINS DE BARROS,,CIDADE,COLISÃO FRONTAL,COLISAO S/ VITIMA ENTRE DOIS VEICULOS E UM ONIBUS BRT. GCM: CAIO CESAR E ELSIANE NO LOCAL,2,,,,,1,,,,0,Longo da via,Bom,Não existente,Seca,Perfeito estado,Não há placas,60 km/h,Única,Faixa seccionada
2020-03-12 00:00:00,14:57:00,SEM VÍTIMA,ESPINHEIRO,RUA QUARENTA E OITO,11,,ABALROAMENTO LONGITUDINAL,COLISAO SEM VITIMAS,2,,,,,,,,,0,Cruzamento,Bom,Perfeito estado,Seca,Perfeito estado,Placas Pare,60 km/h,Única,Faixa seccionada
2020-03-12 00:00:00,15:50:00,SEM VÍTIMA,BOA VIAGEM,RUA PADRE CARAPUCEIRO,,SUBURBIO,ABALROAMENTO TRANSVERSAL,COLISAO S/ VITIMAS,1,,,,,1,,,,0,Cruzamento,Bom,Perfeito estado,Seca,Perfeito estado,R-4a,,Única,Faixa seccionada
2020-03-12 00:00:00,15:52:00,SEM VÍTIMA,IBURA,AV DOIS RIOS,,CIDADE,ABALROAMENTO LONGITUDINAL,COLISAO ENTRE CORRAÇA E VEICULO,1,,,,,,,,1,0,Longo da via,Bom,Perfeito estado,Seca,Perfeito estado,Outras,,Dupla,Faixa contínua
2020-03-12 00:00:00,16:03:00,SEM VÍTIMA,IPUTINGA,EST DO BARBALHO,,,ABALROAMENTO LONGITUDINAL,COLISAO S/ VITIMA ENTRE DOIS VEICULOS. VT: 20,2,,,,,,,,,0,Longo da via,Bom,,Seca,,R-6a,,Única,Não existe
2020-03-12 00:00:00,16:27:00,SEM VÍTIMA,BOA VIAGEM,RUA CARLOS PEREIRA FALCAO,,,COLISÃO FRONTAL,COLISAO S/ VITIMA ENTRE DOIS VEICULOS,2,,,,,,,,,0,Cruzamento,Bom,Perfeito estado,Seca,Perfeito estado,Placas Pare,,Dupla,Faixa seccionada
2020-03-12 00:00:00,17:22:00,COM VÍTIMA,CASA FORTE,AV DEZESSETE DE AGOSTO,,SUBURBIO,CHOQUE VEÍCULO PARADO,UM DOS VEÍCULOS SE EVADIU DO LOCAL,,1,,,,,,,,1,Longo da via,Bom,Perfeito estado,Seca,Perfeito estado,R-6a,,Dupla,Faixa seccionada
2020-03-12 00:00:00,17:25:00,COM VÍTIMA,JAQUEIRA,RUA RICARDO HARDMAN,,SUBURBIO,ABALROAMENTO TRANSVERSAL,COLISAO COM VITIMAS,1,1,,,,,,,,1,Longo da via,Bom,Perfeito estado,Seca,Perfeito estado,Outras,30 km/h,Dupla,Faixa seccionada
2020-03-12 00:00:00,17:35:00,SEM VÍTIMA,CASA AMARELA,RUA ALEXANDRINO,,,CHOQUE VEÍCULO PARADO,COLISAO S/ VITIMA ENTRE ONIBUS E CARRO,1,,,,,1,,,,0,Longo da via,Bom,Perfeito estado,Seca,Perfeito estado,,,Dupla,Faixa seccionada
2020-03-12 00:00:00,19:44:00,COM VÍTIMA,CASA AMARELA,AV NORTE,,CIDADE,ABALROAMENTO TRANSVERSAL,,,2,,,,,,,,2,Longo da via,Bom,Perfeito estado,Seca,Perfeito estado,R-6a,60 km/h,Dupla,Canteiro central
2020-03-12 00:00:00,21:01:00,SEM VÍTIMA,IMBIRIBEIRA,RUA FRANCISCO CORREIA DE MORAES,,SUBURBIO,COLISÃO TRASEIRA,ENTRE 2 AUTOS. S/V,2,,,,,,,,,0,Longo da via,Bom,Perfeito estado,Seca,Perfeito estado,Não há placas,,Única,
2020-03-12 00:00:00,21:39:00,SEM VÍTIMA,BOA VIAGEM,AV MARECHAL JUAREZ TAVORA,,,COLISÃO,FIESTA X NISSAN LIVINA,2,,,,,,,,,0,,,,,,,,,
2020-03-12 00:00:00,21:59:00,COM VÍTIMA,BOA VIAGEM,RUA FRANCISCO DA CUNHA,,SUBURBIO,ABALROAMENTO TRANSVERSAL,ENTRE 2 AUTOS. C/V UM DOS VEÍCULOS CAPOTOU NO LOCAL,2,,,,,,,,,1,Cruzamento,Bom,Incompleta,Seca,Perfeito estado,Placas Pare,,Única,Não existe
2020-03-12 00:00:00,22:32:00,SEM VÍTIMA,CORDEIRO,AV MARIO ALVARES PEREIRA DE LYRA,134,SUBURBIO,ABALROAMENTO LONGITUDINAL,ENTRE 2 AUTOS. S/V,2,,,,,,,,,0,Cruzamento,Bom,Incompleta,Seca,Mal iluminada,Não há placas,,Dupla,Canal
2020-03-12 00:00:00,22:45:00,SEM VÍTIMA,MADALENA,AV ENGENHEIRO ABDIAS DE CARVALHO,,,COLISÃO,ÕNIBUS ESCOLAR X AUTO. S/V,1,,,,,1,,,,0,,,,,,,,,
2020-03-13 00:00:00,07:02:00,COM VÍTIMA,ESPINHEIRO,RUA QUARENTA E OITO,,CIDADE,ABALROAMENTO TRANSVERSAL,COLISÃO COM VITIMA GM RODRIGO DIAS QTH,1,1,,,,,,,,1,Longo da via,Bom,Perfeito estado,Seca,Perfeito estado,Outras,40 km/h,Única,Não existe
2020-03-13 00:00:00,07:34:00,SEM VÍTIMA,SÍTIO DOS PINTOS,EST DOS PINTOS,,CIDADE,ABALROAMENTO LONGITUDINAL,COLISAO SEM VITIMAS,2,,,,,,,,,0,Longo da via,Bom,Não existente,Seca,Perfeito estado,,,Dupla,Não existe
2020-03-13 00:00:00,08:36:00,COM VÍTIMA,JIQUIÁ,RUA SAO MIGUEL,392,,ABALROAMENTO LONGITUDINAL,AUTO E MOTO /  VT 10 NO QTH,1,1,,,,,,,,1,Longo da via,Bom,Perfeito estado,Seca,Perfeito estado,Outras,60 km/h,Dupla,Faixa contínua
2020-03-13 00:00:00,08:46:00,COM VÍTIMA,BONGI,RUA ISAAC MARKMAN,,,ABALROAMENTO TRANSVERSAL,COLISÃO COM VITIMA  SOCORRIDO PELO SAMU,1,1,,,,,,,,1,Cruzamento,Bom,Perfeito estado,Seca,Perfeito estado,R-3,30 km/h,Dupla,
2020-03-13 00:00:00,09:08:00,SEM VÍTIMA,BOA VIAGEM,AV BOA VIAGEM,104,CIDADE,ABALROAMENTO LONGITUDINAL,COLISÃO ENTRE ONIBUS E AUTO,1,,,,,1,,,,0,,,,,,,,,