data,hora,natureza,bairro,endereco,num_semaforo,sentido_via,tipo,auto,moto,ciclom,ciclista,pedestre,onibus,caminhao,viatura,outros,vitimas,vitimasfatais,acidente_verificado,tempo_clima,sinalizacao,condicao_via,conservacao_via,situacao_placa,velocidade_max_via,mao_direcao,divisao_via1
2020-03-13 00:00:00,09:10:00,SEM VÍTIMA,CORDEIRO,AV CAXANGA,273,CIDADE,COLISÃO TRASEIRA,,3,,,,,,,,,0,Longo da via,Bom,Perfeito estado,Seca,Perfeito estado,Outras,60 km/h,Única,Faixa seccionada
2020-03-13 00:00:00,09:21:00,SEM VÍTIMA,PINA,AV HERCULANO BANDEIRA,,SUBURBIO,ABALROAMENTO LONGITUDINAL,COLISOA SEM VITIMAS // GM ISRAEL E ENOQUE QTH,1,,,,,1,,,,0,Longo da via,Bom,Perfeito estado,Seca,Perfeito estado,,,Única,
2020-03-13 00:00:00,09:29:00,SEM VÍTIMA,SANTO AMARO,AV DR JAYME DA FONTE,,,COLISÃO,DOIS AUTOS,2,,,,,,,,,0,,,,,,,,,
2020-03-13 00:00:00,10:11:00,SEM VÍTIMA,IPUTINGA,AV MAURICIO DE NASSAU,109,SUBURBIO,ABALROAMENTO LONGITUDINAL,COLISAO SEM VITIMAS,1,,,,,,,,,0,,Nublado,Incompleta,Seca,Perfeito estado,Não há placas,,Dupla,Faixa contínua
2020-03-13 00:00:00,11:09:00,SEM VÍTIMA,JORDÃO,AV MARIA IRENE,,,ABALROAMENTO LONGITUDINAL,COLISAO SEM VITIMAS,1,,,,,,1,,,0,Longo da via,Bom,Ilegível,Seca,Mal conservada,Não há placas,,Dupla,Não existe
2020-03-13 00:00:00,11:10:00,SEM VÍTIMA,PRADO,AV ENGENHEIRO ABDIAS DE CARVALHO,,,COLISÃO,DOIS AUTOS  GM C SANTANA NO QTH P.O,2,,,,,,,,,0,,,,,,,,,
2020-03-13 00:00:00,11:17:00,SEM VÍTIMA,BARRO,AV CENTRAL,,,ABALROAMENTO LONGITUDINAL,COLISAO SEM VITIMAS,1,,,,,1,,,,0,Longo da via,Bom,Incompleta,Seca,Perfeito estado,Não há placas,,Dupla,Faixa contínua
2020-03-13 00:00:00,12:30:00,SEM VÍTIMA,IMBIRIBEIRA,RUA JOAQUIM BANDEIRA,,,ABALROAMENTO TRANSVERSAL,COLISÃO S/VITIMAS ENTRE DOIS AUTOS,2,,,,,,,,,0,Cruzamento,Bom,Não existente,Seca,Perfeito estado,Não há placas,40 km/h,Única,Faixa seccionada
2020-03-13 00:00:00,12:58:00,SEM VÍTIMA,CORDEIRO,AV CAXANGA,80,,ABALROAMENTO LONGITUDINAL,COLISÃO SEM VÍTIMA/ SENTIDO CIDADE,1,1,,,,,,,,0,Cruzamento,Nublado,Perfeito estado,Seca,,Outras,,Única,Faixa seccionada
2020-03-13 00:00:00,13:24:00,SEM VÍTIMA,POÇO DA PANELA,RUA OLIVEIRA GOES,,SUBURBIO,COLISÃO FRONTAL,COLISÃO S/VITIMAS ENTRE DOIS AUTOS,2,,,,,,,,,0,,Bom,Ilegível,Seca,Perfeito estado,Placas Pare,,Dupla,Não existe
2020-03-13 00:00:00,13:35:00,SEM VÍTIMA,POÇO DA PANELA,RUA GUILHERME SALAZAR,,,COLISÃO,COLISAO ENTRE DOIS AUTOS S/V,2,,,,,,,,,0,,,,,,,,,
2020-03-13 00:00:00,13:59:00,COM VÍTIMA,BARRO,AV DR JOSE RUFINO,,SUBURBIO,ABALROAMENTO LONGITUDINAL,COLISAOENTRE DUAS MOTOS COM UMA VITIMA,,2,,,,,,,,2,Longo da via,Bom,Perfeito estado,Seca,Perfeito estado,Não há placas,60 km/h,Dupla,Faixa contínua
2020-03-13 00:00:00,14:27:00,COM VÍTIMA,BONGI,AV ENGENHEIRO ABDIAS DE CARVALHO,,SUBURBIO,ABALROAMENTO LONGITUDINAL,COLISAO ENTRE AUTO E MOTO COM UMA VITIMA GM WILIAN DE PO NO LOCAL,1,1,,,,,,,,1,Longo da via,Bom,Perfeito estado,Seca,Perfeito estado,,60 km/h,Dupla,Canteiro central
2020-03-13 00:00:00,14:41:00,COM VÍTIMA,DERBY,RUA DOM BOSCO,,SUBURBIO,ATROPELAMENTO,ATROPELAMENTO COM VITIMA ENTRE ONIBUS E MOTO. PONTO FIXO: RUAN,,1,,,1,1,,,,1,,Bom,Perfeito estado,Seca,Perfeito estado,,,Única,Faixa
2020-03-13 00:00:00,14:55:00,SEM VÍTIMA,GRAÇAS,AV GOVERNADOR AGAMENON MAGALHAES,,,COLISÃO,COLISÃO S/VITIMAS ENTRE DOIS AUTOS (GM VALKIRIA E CÉLIO NO QTH),2,,,,,,,,,0,,,,,,,,,
2020-03-13 00:00:00,14:55:00,SEM VÍTIMA,MADALENA,AV VISCONDE DE ALBUQUERQUE,,SUBURBIO,ABALROAMENTO LONGITUDINAL,,2,,,,,,,,,0,,Bom,Perfeito estado,Seca,Perfeito estado,Outras,,Única,Faixa seccionada
2020-03-13 00:00:00,15:03:00,SEM VÍTIMA,SANTO AMARO,RUA DO HOSPICIO,,CIDADE,ABALROAMENTO LONGITUDINAL,COLISAO ENTRE CAMINHAO E AUTOS S/V,1,,,,,,1,,,0,Longo da via,Bom,Perfeito estado,Seca,Perfeito estado,Não há placas,,Dupla,Não existe
2020-03-13 00:00:00,15:07:00,SEM VÍTIMA,AFOGADOS,RUA VINTE E UM DE ABRIL,,,ABALROAMENTO TRANSVERSAL,COLISÃO SEM VÍTIMA,2,,,,,,,,,0,Longo da via,Bom,Não existente,Seca,Perfeito estado,Não há placas,,Dupla,Não existe
2020-03-13 00:00:00,16:36:00,SEM VÍTIMA,SANTO AMARO,AV CRUZ CABUGA,523,CIDADE,COLISÃO TRASEIRA,COLISÃO SEM VÍTIMA,,1,,,,1,,,,0,Longo da via,Bom,Perfeito estado,Seca,Perfeito estado,Não há placas,,Dupla,Faixa seccionada
2020-03-13 00:00:00,16:46:00,COM VÍTIMA,IBURA,RUA RIO XINGU,351,SUBURBIO,ABALROAMENTO LONGITUDINAL,COLISÃO C/VITIMAS ENTRE UMA CARRETA E UMA MOTO,,1,,,,,1,,,1,Cruzamento,Bom,Perfeito estado,Seca,Perfeito estado,Outras,,Dupla,Faixa contínua
2020-03-13 00:00:00,16:59:00,SEM VÍTIMA,BOA VIAGEM,RUA JOSE DOMINGUES DA SILVA,,CIDADE,ABALROAMENTO LONGITUDINAL,COLISAO ENTRE DOIS AUTOS S/V,2,,,,,,,,,0,Cruzamento,Bom,Perfeito estado,Seca,Perfeito estado,Placas Pare,,Dupla,Faixa contínua
2020-03-13 00:00:00,17:38:00,SEM VÍTIMA,BOA VIAGEM,AV ENGENHEIRO DOMINGOS FERREIRA,,SUBURBIO,COLISÃO TRASEIRA,COLISÃO S/VITIMAS ENTRE DOIS AUTOS,2,,,,,,,,,0,Longo da via,Bom,Perfeito estado,Seca,Perfeito estado,Não há placas,60 km/h,Única,Canteiro central
2020-03-13 00:00:00,17:46:00,SEM VÍTIMA,NOVA DESCOBERTA,RUA CORREGO DA AREIA,,,COLISÃO,COLISAO SEM VITIMAS,,1,,,,1,,,,0,,,,,,,,,
2020-03-13 00:00:00,17:55:00,SEM VÍTIMA,BOA VISTA,RUA GERVASIO PIRES,24,SUBURBIO,ABALROAMENTO LONGITUDINAL,COLISAO SEM VITIMAS,2,,,,,,,,,0,Cruzamento,Bom,Perfeito estado,Seca,Perfeito estado,R-6a,,Única,Não existe
2020-03-13 00:00:00,18:53:00,COM VÍTIMA,ESPINHEIRO,RUA QUARENTA E OITO,,,ABALROAMENTO LONGITUDINAL,COLISAO SEM VITIMAS,1,1,,,,,,,,1,Cruzamento,Bom,Perfeito estado,Seca,Perfeito estado,Outras,,Única,Faixa seccionada
2020-03-13 00:00:00,19:00:00,SEM VÍTIMA,IPSEP,AV RECIFE,,SUBURBIO,COLISÃO TRASEIRA,COLISÃO SEM VITIMAS,4,,,,,,,,,0,Longo da via,Bom,Perfeito estado,Seca,Perfeito estado,R-6a,,Dupla,Canteiro central
2020-03-13 00:00:00,19:24:00,SEM VÍTIMA,BOA VIAGEM,AV ENGENHEIRO DOMINGOS FERREIRA,,,COLISÃO,COLISÃO ENTRE ÔNIBUS E AUTO S/V,1,,,,,1,,,,0,,,,,,,,,
2020-03-13 00:00:00,19:40:00,SEM VÍTIMA,VÁRZEA,PTE MARECHAL HUMBERTO CASTELO BRANCO,,CIDADE,COLISÃO TRASEIRA,,2,,,,,,,,,0,Ponte,Bom,Perfeito estado,Seca,Perfeito estado,Não há placas,,Dupla,Faixa contínua
2020-03-13 00:00:00,21:05:00,COM VÍTIMA,BOA VIAGEM,1BE DONA BENVINDA DE FARIAS,,SUBURBIO,ABALROAMENTO TRANSVERSAL,COLISAO COM VITIMAS,2,,,,,,,,,1,Longo da via,Bom,Perfeito estado,Seca,Perfeito estado,Não há placas,,Única,Não existe
2020-03-13 00:00:00,22:04:00,SEM VÍTIMA,ÁGUA FRIA,EST VELHA DE AGUA FRIA,,SUBURBIO,ABALROAMENTO TRANSVERSAL,COLISAO S/ VITIMAS,,1,,,,1,,,,0,,Bom,Perfeito estado,Seca,Perfeito estado,Outras,,Dupla,Faixa seccionada
2020-03-13 00:00:00,22:15:00,SEM VÍTIMA,ESPINHEIRO,RUA DA HORA,,SUBURBIO,CHOQUE OBJETO FIXO,AUTO COLIDIU COM POSTE,1,,,,,,,,,0,Longo da via,Bom,Incompleta,Seca,Perfeito estado,R-6a,,Única,Não existe
2020-03-14 00:00:00,02:35:00,SEM VÍTIMA,SANTO AMARO,AV GOVERNADOR AGAMENON MAGALHAES,49,SUBURBIO,ABALROAMENTO TRANSVERSAL,COLISÃO ENTRE DOIS AUTOS- S/V,2,,,,,,,,,0,Cruzamento,Chuvoso,Perfeito estado,Molhada,Perfeito estado,Outras,,Dupla,Faixa seccionada
2020-03-14 00:00:00,06:42:00,SEM VÍTIMA,TORRE,RUA MARCOS ANDRE,,,CHOQUE OBJETO FIXO,VEICULO SE CHOCOU CONTA O MURO DO PREDIO,1,,,,,,,,,0,,,,,,,,,
2020-03-14 00:00:00,08:35:00,COM VÍTIMA,TAMARINEIRA,EST VELHA DE AGUA FRIA,,SUBURBIO,CHOQUE OBJETO FIXO,CHOQUE COM PRISMAS DE CONCRETO - DELTA I.C.,1,,,,,,,,,1,Longo da via,Bom,Perfeito estado,Seca,Perfeito estado,R-6a,,Dupla,Faixa seccionada
2020-03-14 00:00:00,09:49:00,SEM VÍTIMA,AFOGADOS,RUA NICOLAU PEREIRA,,,ABALROAMENTO TRANSVERSAL,DOIS AUTOS / VT 24 NO QTH,2,,,,,,,,,0,Longo da via,Bom,Perfeito estado,Seca,Perfeito estado,,,Única,
2020-03-14 00:00:00,10:27:00,SEM VÍTIMA,SANTO AMARO,AV GOVERNADOR AGAMENON MAGALHAES,108,CIDADE,ABALROAMENTO LONGITUDINAL,COLISÃO SEM VITIMAS,1,,,,,,1,,,0,Longo da via,Bom,Perfeito estado,Seca,Perfeito estado,R-19,60 km/h,Única,Faixa seccionada
2020-03-14 00:00:00,11:19:00,SEM VÍTIMA,IMBIRIBEIRA,RUA JOAQUIM BANDEIRA,,CIDADE,ABALROAMENTO LONGITUDINAL,COLISÃO SEM VITIMAS,2,,,,,,,,,0,Cruzamento,Bom,Perfeito estado,Seca,Perfeito estado,Placas Pare,,Única,Faixa seccionada
2020-03-14 00:00:00,11:57:00,SEM VÍTIMA,BOA VIAGEM,RUA VISCONDE DE JEQUITINHONHA,129,,ABALROAMENTO LONGITUDINAL,COLISÃO ENTRE DOIS AUTOS,1,,,,,1,,,,0,Cruzamento,Bom,Perfeito estado,Seca,Perfeito estado,R-6a,,Única,Faixa seccionada
2020-03-14 00:00:00,13:26:00,SEM VÍTIMA,AFLITOS,AV SANTOS DUMONT,,SUBURBIO,ABALROAMENTO LONGITUDINAL,COLISAO ENTRE DOIS AUTOS S/V,2,,,,,,,,,0,Longo da via,Bom,Perfeito estado,Seca,Perfeito estado,Não há placas,40 km/h,Única,Faixa seccionada
2020-03-14 00:00:00,14:11:00,SEM VÍTIMA,CORDEIRO,AV CAXANGA,,,COLISÃO TRASEIRA,COLISAO ENTRE DOIS AUTO E MOTO S/V VT 24 NO LOCAL,2,,,,,,,,,0,Longo da via,Bom,Perfeito estado,Seca,Perfeito estado,,,Dupla,Faixa seccionada
2020-03-14 00:00:00,14:38:00,SEM VÍTIMA,IPSEP,RUA SATURNINO MEIRELES,,SUBURBIO,ABALROAMENTO TRANSVERSAL,COLISÃO SEM VÍTIMA,2,,,,,,,,,0,Cruzamento,Bom,Perfeito estado,Seca,Perfeito estado,Placas Pare,,,
2020-03-14 00:00:00,15:54:00,SEM VÍTIMA,AFOGADOS,RUA SAO MIGUEL,,SUBURBIO,ABALROAMENTO TRANSVERSAL,COLISÃO SEM VÍTIMA,2,,,,,,,,,0,,Bom,Não existente,Seca,Perfeito estado,Não há placas,,,
2020-03-14 00:00:00,16:05:00,SEM VÍTIMA,IBURA,RUA TERRA BRANCA,,,COLISÃO,COLISAO ENTRE AUTO E ONIBUS S/V,1,,,,,1,,,,0,,,,,,,,,
2020-03-14 00:00:00,17:52:00,COM VÍTIMA,IPUTINGA,AV CAXANGA,,,COLISÃO,COLISAO COM VITIMAS,1,1,,,,,,,,1,,,,,,,,,
2020-03-14 00:00:00,18:20:00,SEM VÍTIMA,BOA VISTA,AV CONDE DA BOA VISTA,299,SUBURBIO,ABALROAMENTO LONGITUDINAL,GOL X CAMINHAO,1,,,,,,1,,,0,Cruzamento,Bom,Perfeito estado,Seca,Perfeito estado,R-6a,,Única,Não existe
2020-03-14 00:00:00,18:41:00,SEM VÍTIMA,IPSEP,RUA JEAN EMILE FAVRE,,,COLISÃO,COLISAO SEM VITIMAS,1,,,,,1,,,,0,,,,,,,,,
2020-03-14 00:00:00,21:05:00,SEM VÍTIMA,CASA FORTE,AV DEZESSETE DE AGOSTO,,CIDADE,ABALROAMENTO LONGITUDINAL,ONIBUS X POLO,1,,,,,1,,,,0,,Bom,Perfeito estado,Seca,Perfeito estado,Não há placas,,Dupla,Faixa contínua
2020-03-14 00:00:00,21:53:00,SEM VÍTIMA,VASCO DA GAMA,RUA LUIZ CESARIO DE MELO,,SUBURBIO,CHOQUE VEÍCULO PARADO,SPIN X SIENA,2,,,,,,,,,0,Longo da via,Bom,Ilegível,Seca,Mal iluminada,Não há placas,,Dupla,Não existe
2020-03-15 00:00:00,00:24:00,SEM VÍTIMA,IPUTINGA,EST DO BARBALHO,,,COLISÃO,COLISÃO ENTRE AUTO E MOTO S/V,1,1,,,,,,,,0,,,,,,,,,
2020-03-15 00:00:00,11:25:00,SEM VÍTIMA,BOA VIAGEM,AV BOA VIAGEM,,SUBURBIO,CHOQUE VEÍCULO PARADO,TRES AUTOS /  GM DOUGLAS FEZ A SITUAÇAO,3,,,,,,,,,0,,Chuvoso,Perfeito estado,Molhada,Perfeito estado,R-6a,,Única,Faixa seccionada
2020-03-15 00:00:00,11:57:00,SEM VÍTIMA,BOA VIAGEM,RUA DEZ DE JULHO,,SUBURBIO,ABALROAMENTO TRANSVERSAL,COLISAO S/ VITIMA ENTRE DOIS VEICULOS. VT: 28 NO LOCAL,2,,,,,,,,,0,Cruzamento,Chuvoso,Perfeito estado,Seca,Perfeito estado,Placas Pare,,Única,Faixa seccionada
2020-03-15 00:00:00,12:24:00,SEM VÍTIMA,MADALENA,AV VISCONDE DE ALBUQUERQUE,,SUBURBIO,ABALROAMENTO TRANSVERSAL,COLISAO S/ VITIMA ENTRE VEICULOS,2,,,,,,,,,0,Longo da via,Bom,Perfeito estado,Seca,Perfeito estado,Outras,60 km/h,Única,Faixa seccionada
2020-03-15 00:00:00,13:16:00,COM VÍTIMA,IPUTINGA,AV MAURICIO DE NASSAU,,CIDADE,ABALROAMENTO TRANSVERSAL,COLISAO COM VITIMA ENTRE VEICULO E MOTO,1,1,,,,,,,,1,Longo da via,Bom,Perfeito estado,Seca,Perfeito estado,R-19,40 km/h,Dupla,Faixa contínua
2020-03-15 00:00:00,16:38:00,SEM VÍTIMA,,COR DO BARTOLOMEU,79,SUBURBIO,COLISÃO TRASEIRA,COLISAO S/ VITIMA ENTRE DOIS VEICULOS,2,,,,,,,,,0,Cruzamento,Bom,Perfeito estado,Seca,Perfeito estado,R-6a,,Dupla,Não existe
2020-03-15 00:00:00,17:20:00,SEM VÍTIMA,GRAÇAS,RUA AMELIA,177,CIDADE,ABALROAMENTO LONGITUDINAL,COLISAO S/ VITIMA// ENTRE DOIS VEICULOS,2,,,,,,,,,0,Longo da via,Bom,Perfeito estado,Seca,Perfeito estado,,,Única,Faixa seccionada
2020-03-15 00:00:00,19:02:00,SEM VÍTIMA,AREIAS,AV RECIFE,,,COLISÃO TRASEIRA,SIENA X PALIO,2,,,,,,,,,0,Longo da via,Bom,Perfeito estado,Seca,Perfeito estado,,,Dupla,
2020-03-15 00:00:00,19:41:00,SEM VÍTIMA,TORRÕES,AV ENGENHEIRO ABDIAS DE CARVALHO,375,SUBURBIO,COLISÃO TRASEIRA,ONIBUS E AUTO,1,,,,,1,,,,0,Longo da via,Chuvoso,Perfeito estado,Molhada,Perfeito estado,Não há placas,,Dupla,Faixa contínua
2020-03-15 00:00:00,23:31:00,COM VÍTIMA,BOA VIAGEM,RUA ERNESTO DE PAULA SANTOS,271,SUBURBIO,ABALROAMENTO TRANSVERSAL,HB 20 X MOTO,1,1,,,,,,,,2,Longo da via,Chuvoso,Perfeito estado,Molhada,Perfeito estado,Não há placas,,Única,Faixa seccionada
2020-03-15 00:00:00,23:38:00,SEM VÍTIMA,ÁGUA FRIA,RUA DO MACHADO,,,COLISÃO,DOIS ONIX E UMA RESIDENCIA  OBS: SUSPEITA DE EMBRIAGUEZ POLICIAS NO LOCAL,2,,,,,,,,,0,,,,,,,,,
2020-03-16 00:00:00,00:09:00,SEM VÍTIMA,BOA VIAGEM,RUA RIBEIRO DE BRITO,,SUBURBIO,ABALROAMENTO TRANSVERSAL,COLISÃO ENTRE DOIS AUTOS S/V,2,,,,,,,,,0,Cruzamento,Chuvoso,Incompleta,Molhada,Perfeito estado,R-6a,,Única,Faixa seccionada
2020-03-16 00:00:00,02:21:00,SEM VÍTIMA,BOA VIAGEM,RUA BRUNO VELOSO,146,CIDADE,ABALROAMENTO TRANSVERSAL,COLISÃO ENTRE DOIS AUTOS S/V,2,,,,,,,,,0,Longo da via,Chuvoso,Perfeito estado,Molhada,Perfeito estado,Não há placas,,Única,Faixa seccionada
2020-03-16 00:00:00,06:21:00,SEM VÍTIMA,PRADO,AV ENGENHEIRO ABDIAS DE CARVALHO,327,CIDADE,COLISÃO TRASEIRA,COLISÃO S/VITIMAS ENTRE DOIS AUTOS,1,,,,,1,,,,0,Longo da via,Chuvoso,Perfeito estado,Seca,Perfeito estado,R-6a,,Dupla,Canteiro central
2020-03-16 00:00:00,07:08:00,SEM VÍTIMA,SÃO JOSÉ,AV SUL,260,,COLISÃO TRASEIRA,COLISÃO S/VITIMAS ENTRE DOIS AUTOS E UM ONIBUS,2,,,,,1,,,,0,Longo da via,Chuvoso,Perfeito estado,Molhada,Perfeito estado,Outras,,Dupla,Canteiro central
2020-03-16 00:00:00,07:22:00,SEM VÍTIMA,JARDIM SÃO PAULO,AV LIBERDADE,,,COLISÃO,COLISÃO S/VITIMAS ENTRE DOIS AUTOS,2,,,,,,,,,0,,,,,,,,,
2020-03-16 00:00:00,07:28:00,SEM VÍTIMA,ENCRUZILHADA,EST DE BELEM,,,COLISÃO,COLISÃO SEM VITIMAS,1,,,,,1,,,,0,,,,,,,,,
2020-03-16 00:00:00,07:43:00,SEM VÍTIMA,DERBY,RUA JENER DE SOUZA,40,SUBURBIO,COLISÃO FRONTAL,AMBULANCIA E AUTO PONTO FIXO GM´S JEFERSON JOSE E JOSY CARLA COIMBRA,2,,,,,,,,,0,Cruzamento,Chuvoso,Perfeito estado,Molhada,Perfeito estado,,,Dupla,Não existe
2020-03-16 00:00:00,08:01:00,COM VÍTIMA,ROSARINHO,AV SANTOS DUMONT,,,ABALROAMENTO TRANSVERSAL,COLISÃO COM VITIMA VT 13 GM JARBAS OLIVEIRA QTH,1,1,,,,,,,,1,Esquina,Chuvoso,Perfeito estado,Seca,Perfeito estado,Outras,,Única,Faixa seccionada
2020-03-16 00:00:00,08:08:00,COM VÍTIMA,DERBY,AV GOVERNADOR AGAMENON MAGALHAES,,OLINDA,ATROPELAMENTO,,,1,,,1,,,,,1,Longo da via,Chuvoso,Perfeito estado,Molhada,Perfeito estado,Outras,60 km/h,Dupla,Canteiro central
2020-03-16 00:00:00,08:41:00,SEM VÍTIMA,ESPINHEIRO,RUA BARAO DE ITAMARACA,,CIDADE,ABALROAMENTO TRANSVERSAL,DOIS AUTOS,2,,,,,,,,,0,,Bom,Perfeito estado,Seca,Perfeito estado,Outras,,Dupla,Faixa contínua
2020-03-16 00:00:00,08:46:00,SEM VÍTIMA,MADALENA,AV CAXANGA,,CIDADE,COLISÃO TRASEIRA,SEM VITIMAS ENTRE 3 VEICULOS,3,,,,,,,,,0,Longo da via,Chuvoso,Perfeito estado,Molhada,Perfeito estado,,,Dupla,Faixa contínua
2020-03-16 00:00:00,09:00:00,COM VÍTIMA,TAMARINEIRA,EST VELHA DE AGUA FRIA,306,,COLISÃO TRASEIRA,COLISÃO ENTRE UM AUTO E MOTO,1,1,,,,,,,,1,Longo da via,Chuvoso,Perfeito estado,Seca,Perfeito estado,R-6a,,Dupla,Faixa contínua
2020-03-16 00:00:00,11:13:00,SEM VÍTIMA,CASA AMARELA,AV NORTE,95,SUBURBIO,COLISÃO TRASEIRA,COLISÃO S/VITIMAS ENTRE DOIS AUTOS (GM FÁBIO PARAISO E GILSON ALVES NO QTH),2,,,,,,,,,0,Cruzamento,Bom,Perfeito estado,Seca,Perfeito estado,Outras,,Dupla,Canteiro central
2020-03-16 00:00:00,12:07:00,COM VÍTIMA,BOA VIAGEM,TRV DR PEDRO DE MELO CAHU,,,ABALROAMENTO TRANSVERSAL,COLISAO ENTRE AUTO E MOTO S/V,1,1,,,,,,,,1,Cruzamento,Bom,Incompleta,Seca,Perfeito estado,Não há placas,,Dupla,Faixa seccionada
2020-03-16 00:00:00,12:32:00,SEM VÍTIMA,MANGABEIRA,RUA NICEAS ARCOVERDE GUSMAO,,,COLISÃO,COLISÃO SEM VÍTIMA,2,,,,,,,,,0,,,,,,,,,
2020-03-16 00:00:00,12:38:00,COM VÍTIMA,MADALENA,AV CAXANGA,439,CIDADE,COLISÃO COM CICLISTA,COLISAO ENTRE ONIBUS E CICLISTA COM UMA VITIMA,,,,1,,1,,,,1,Longo da via,Chuvoso,Perfeito estado,Molhada,Perfeito estado,Outras,,Dupla,Faixa contínua
2020-03-16 00:00:00,12:51:00,COM VÍTIMA,IMBIRIBEIRA,AV SUL,,CIDADE,ABALROAMENTO TRANSVERSAL,,,1,,,,,,,,1,Cruzamento,Bom,Perfeito estado,Seca,Perfeito estado,Placas Pare,,Única,Faixa contínua
2020-03-16 00:00:00,13:01:00,SEM VÍTIMA,GRAÇAS,RUA CARDEAL ARCOVERDE,,SUBURBIO,ABALROAMENTO LONGITUDINAL,COLISAO ENTRE TRES AUTOS S/V,2,,,,,,,,,0,Longo da via,Bom,Perfeito estado,Seca,Perfeito estado,Não há placas,,Única,Não existe
2020-03-16 00:00:00,13:03:00,COM VÍTIMA,BOA VIAGEM,AV ENGENHEIRO DOMINGOS FERREIRA,303,SUBURBIO,ATROPELAMENTO,ATROPELAMENTO COM VÍTIMA,,1,,,1,,,,,1,Cruzamento,Bom,Perfeito estado,Seca,Perfeito estado,Não há placas,,Única,Faixa contínua
2020-03-16 00:00:00,13:33:00,SEM VÍTIMA,DERBY,RUA AMARO BEZERRA,,CIDADE,ABALROAMENTO LONGITUDINAL,COLISAO ENTRE AUTO E CAMINHAO S/V,1,,,,,1,,,,0,Outros,Bom,Incompleta,Seca,Perfeito estado,Placas Pare,,Única,Não existe
2020-03-16 00:00:00,13:48:00,SEM VÍTIMA,MADALENA,AV ENGENHEIRO ABDIAS DE CARVALHO,52,CIDADE,COLISÃO TRASEIRA,COLISAO ENTRE AUTO E MOTO GM FABIO E WELINGTON NO LOCAL,1,1,,,,,,,,0,Cruzamento,Bom,Perfeito estado,Seca,Perfeito estado,Outras,60 km/h,Dupla,Canteiro central
2020-03-16 00:00:00,14:04:00,COM VÍTIMA,PARNAMIRIM,AV DEZESSETE DE AGOSTO,411,,COLISÃO TRASEIRA,COLISAO ENTRE AUTO E MOTO COM UMA VITIMA,1,1,,,,,,,,1,Longo da via,Bom,Perfeito estado,Seca,Perfeito estado,Outras,,Dupla,Faixa contínua
2020-03-16 00:00:00,14:22:00,SEM VÍTIMA,,,,,COLISÃO TRASEIRA,COLISAO S/ VITIMA ENTRE DOIS VEICULOS,2,,,,,,,,,0,Longo da via,Bom,Não existente,Seca,Perfeito estado,Não há placas,,Dupla,Não existe
2020-03-16 00:00:00,14:29:00,SEM VÍTIMA,TORRE,RUA CONS THEODORO,,,COLISÃO,COLISÃO SEM VÍTIMA,2,,,,,,,,,0,,,,,,,,,
2020-03-16 00:00:00,15:03:00,SEM VÍTIMA,GRAÇAS,AV RUI BARBOSA,,,COLISÃO,COLISAO S/ VITIMA ENTRE ONIBUS E TRICICULO,2,,,,,,,,,0,,,,,,,,,
2020-03-16 00:00:00,15:03:00,SEM VÍTIMA,IMBIRIBEIRA,RUA JULIO VERNE,,SUBURBIO,COLISÃO FRONTAL,COLISAO ENTRE AUTO E MOTO S/V,1,1,,,,,,,,0,Cruzamento,Bom,Incompleta,Seca,Perfeito estado,Outras,40 km/h,,Faixa seccionada
2020-03-16 00:00:00,15:19:00,SEM VÍTIMA,BOA VIAGEM,AV ENGENHEIRO DOMINGOS FERREIRA,,,COLISÃO FRONTAL,COLISÃO SEM VÍTIMA,3,,,,,,,,,0,Longo da via,Bom,Perfeito estado,Seca,Perfeito estado,,,Única,Faixa seccionada
2020-03-16 00:00:00,15:33:00,SEM VÍTIMA,VÁRZEA,RUA GASTAO VIDIGAL,281,CIDADE,ABALROAMENTO TRANSVERSAL,COLISAO ENTRE DOIS AUTOS S/V,2,,,,,,,,,0,Cruzamento,Bom,Perfeito estado,Seca,Perfeito estado,,,Dupla,Faixa contínua
2020-03-16 00:00:00,15:52:00,SEM VÍTIMA,PRADO,RUA CARLOS GOMES,,,ABALROAMENTO TRANSVERSAL,COLISÃO SEM VÍTIMA,1,,,,,,1,,,0,Cruzamento,Bom,,Seca,,Placas Pare,,Única,Faixa seccionada
2020-03-21 00:00:00,11:30:00,COM VÍTIMA,CASA AMARELA,AV NORTE,,CIDADE,ABALROAMENTO LONGITUDINAL,COLISAO COM VITIMA,1,1,,,,,,,,1,Longo da via,Bom,Perfeito estado,Seca,Perfeito estado,R-6a,,Dupla,Canteiro central
2020-03-21 00:00:00,19:55:00,COM VÍTIMA,CORDEIRO,AV GENERAL SAN MARTIN,,CIDADE,ABALROAMENTO TRANSVERSAL,AUTO X MOTO,1,1,,,,,,,,1,Cruzamento,Bom,Perfeito estado,Seca,Perfeito estado,R-6a,60 km/h,Dupla,
2020-03-21 00:00:00,23:49:00,COM VÍTIMA,CAMPO GRANDE,EST DE BELEM,26,CIDADE,ABALROAMENTO TRANSVERSAL,ONIBUS X MOTO   OBS : NAO DA PARA VER A PLACA DA MOTO DEVIDO A MESMA ESTA POR BAIXO DO ONIBUS,,1,,,,1,,,,1,Longo da via,Bom,Perfeito estado,Seca,Perfeito estado,Não há placas,,Dupla,Faixa contínua