data,hora,natureza,bairro,endereco,num_semaforo,sentido_via,tipo,auto,moto,ciclom,ciclista,pedestre,onibus,caminhao,viatura,outros,vitimas,vitimasfatais,acidente_verificado,tempo_clima,sinalizacao,condicao_via,conservacao_via,situacao_placa,velocidade_max_via,mao_direcao,divisao_via1
2020-03-22 00:00:00,10:30:00,COM VÍTIMA,JARDIM SÃO PAULO,AV SAO PAULO,507,SUBURBIO,COLISÃO FRONTAL,COM UMA VITIMA SENDO ATENDIDA PELOS BOMBEIROS,1,1,,,,,,,,1,Longo da via,Bom,Perfeito estado,Seca,Perfeito estado,R-6a,,Dupla,Não existe
2020-03-22 00:00:00,13:18:00,COM VÍTIMA,COHAB,AV SERRA DA MANTIQUEIRA,,,COLISÃO,COLISÃO C/VITMA ENTRE UM ONIBUS E UMA MOTO (MOTOQUEIRO SOCORRIDO POR TERCEIROS),,1,,,,1,,,,1,,,,,,,,,
2020-03-23 00:00:00,08:45:00,SEM VÍTIMA,CASA FORTE,AV DEZESSETE DE AGOSTO,,CIDADE,COLISÃO,COLISÃO SEM VITIMAS  GM RENATO E WELLNGTON  QTH,1,1,,,,,,,,0,Cruzamento,Bom,Perfeito estado,Seca,Perfeito estado,Placas Pare,60 km/h,Dupla,
2020-03-23 00:00:00,14:48:00,COM VÍTIMA,BOA VIAGEM,RUA BALTAZAR PASSOS,,,CHOQUE OBJETO FIXO,COLISÃO COM VÍTIMA / UM DOS VEÍCULOS SE EVADIU DO LOCAL E O VEÍCULO QUE FICOU NO LOCAL SE CHOCOU COM UMA ARVORE,1,,,,,,,,,2,Cruzamento,Bom,Perfeito estado,Seca,Perfeito estado,Não há placas,,Única,Não existe
2020-03-23 00:00:00,17:49:00,COM VÍTIMA,CAMPO GRANDE,EST DE BELEM,,CIDADE,ABALROAMENTO TRANSVERSAL,,1,1,,,,,,,,1,Esquina,Bom,Perfeito estado,Seca,Perfeito estado,R-6a,,Dupla,Faixa contínua
2020-03-23 00:00:00,20:22:00,COM VÍTIMA,BOA VIAGEM,RUA DEZ DE JULHO,,SUBURBIO,ABALROAMENTO TRANSVERSAL,ENTRE ÕNIBUS E MOTO. C/V,,1,,,,1,,,,1,Cruzamento,Bom,Perfeito estado,Seca,Perfeito estado,Placas Pare,,Única,Faixa seccionada
2020-03-24 00:00:00,01:02:00,COM VÍTIMA,SANTO AMARO,AV DR JAYME DA FONTE,49,OLINDA,ABALROAMENTO TRANSVERSAL,COLISAO COM VITIMA AUTO E MOTO,1,1,,,,,,,,1,Cruzamento,Bom,Perfeito estado,Seca,Perfeito estado,R-26,60 km/h,Dupla,Faixa contínua
2020-03-24 00:00:00,13:53:00,SEM VÍTIMA,PINA,RUA BARREIROS,,CIDADE,CHOQUE OBJETO FIXO,FIAÇÃO EXPOSTA NA VIA APÓS CARRETA PASSAR NO LOCAL,,,,,,,,,1,0,Longo da via,Bom,Não existente,Seca,Perfeito estado,Não há placas,,Dupla,Não existe
2020-03-24 00:00:00,17:14:00,COM VÍTIMA,TORRÕES,RUA ONZE DE FEVEREIRO,,SUBURBIO,ABALROAMENTO TRANSVERSAL,C VITIMAS,1,1,,,,,,,,1,Cruzamento,Bom,Ilegível,Seca,Perfeito estado,Placas Pare,,Dupla,Faixa contínua
2020-03-25 00:00:00,08:15:00,SEM VÍTIMA,VÁRZEA,AV AFONSO OLINDENSE,,,CHOQUE OBJETO FIXO,COLISAO SEM VITIMAS,1,,,,,,,,,0,,,,,,,,,
2020-03-25 00:00:00,13:14:00,SEM VÍTIMA,BOA VIAGEM,AV BOA VIAGEM,,,COLISÃO,COLISÃO SEM VÍTIMA,1,,,,,,1,,,0,,,,,,,,,
2020-03-25 00:00:00,13:57:00,COM VÍTIMA,BOA VIAGEM,AV CONSELHEIRO AGUIAR,546,CIDADE,ABALROAMENTO LONGITUDINAL,COLISA ENTRE AUTO E MOTO COM UMA VITIMA,1,1,,,,,,,,1,Cruzamento,Bom,Perfeito estado,Seca,Perfeito estado,R-6a,60 km/h,Única,Faixa seccionada
2020-03-25 00:00:00,23:14:00,SEM VÍTIMA,AFOGADOS,RUA SAO MIGUEL,,SUBURBIO,ABALROAMENTO LONGITUDINAL,COLISÃO ENVOLVENDO ÔNIBUS DA ASA BRANCA E UM FOX PRETO,1,,,,,1,,,,0,Longo da via,Bom,Não existente,Seca,Perfeito estado,Não há placas,,Dupla,Não existe
2020-03-26 00:00:00,07:16:00,COM VÍTIMA,BEBERIBE,AV BEBERIBE,,,ABALROAMENTO TRANSVERSAL,DUAS MOTOS E UM AUTO PASSEIO,1,2,,,,,,,,1,Cruzamento,Bom,Perfeito estado,Seca,Perfeito estado,Outras,60 km/h,Dupla,Faixa contínua
2020-03-26 00:00:00,12:11:00,COM VÍTIMA,IBURA,AV DOIS RIOS,,SUBURBIO,ATROPELAMENTO,AUTO X PEDESTRE,1,,,,1,,,,,1,Longo da via,Bom,Perfeito estado,Seca,Perfeito estado,Não há placas,,Dupla,Faixa contínua
2020-03-26 00:00:00,15:01:00,COM VÍTIMA,DOIS IRMÃOS,RUA MANUEL DE MEDEIROS,,CIDADE,ATROPELAMENTO,ONIBUS X PEDESTRE,,,,,1,1,,,,1,Longo da via,Bom,Incompleta,Seca,Perfeito estado,R-6a,30 km/h,Dupla,Faixa seccionada
2020-03-26 00:00:00,17:33:00,COM VÍTIMA,CAMPO GRANDE,AV PROFESSOR JOSE DOS ANJOS,,,ATROPELAMENTO,ATOPELAMENTO/ C VITIMA,1,,,,1,,,,,1,,,,,,,,,
2020-03-26 00:00:00,20:29:00,COM VÍTIMA,CORDEIRO,AV MAURICIO DE NASSAU,,,COLISÃO TRASEIRA,COLISÃO ENTRE DOIS AUTOS C/V,2,,,,,,,,,1,Longo da via,Bom,Ilegível,Seca,Mal iluminada,Não há placas,,Dupla,Faixa contínua
2020-03-27 00:00:00,07:02:00,COM VÍTIMA,ESPINHEIRO,RUA CONS PORTELA,,,COLISÃO,AUTO E MOTO C/V,1,1,,,,,,,,1,,,,,,,,,
2020-03-27 00:00:00,09:21:00,COM VÍTIMA,TORREÃO,VDO PRESIDENTE MEDICI,,,COLISÃO TRASEIRA,COLISAO COM VITIMAS,1,1,,,,,,,,1,Viaduto,Bom,Perfeito estado,Seca,Perfeito estado,Não há placas,,Dupla,Canteiro central
2020-03-27 00:00:00,15:10:00,COM VÍTIMA,ARRUDA,RUA JOSE DE BARROS BEZERRA,,CIDADE,ABALROAMENTO TRANSVERSAL,COLISÃO COM VÍTIMA,1,1,,,,,,,,1,Longo da via,Bom,Perfeito estado,Seca,Perfeito estado,Placas Pare,,Dupla,Faixa seccionada
2020-03-27 00:00:00,17:01:00,SEM VÍTIMA,CASA AMARELA,EST DO ARRAIAL,,SUBURBIO,CHOQUE OBJETO FIXO,VEICULO CHOCOU COM UM POSTE VT 06 NO LOCAL,1,,,,,,,,,0,Longo da via,Bom,Perfeito estado,Seca,Perfeito estado,,,Única,Faixa seccionada
2020-03-27 00:00:00,20:23:00,COM VÍTIMA,AFLITOS,AV CONS ROSA E SILVA,,SUBURBIO,COLISÃO TRASEIRA,CITROEN X MOTO,,2,,,,,,,,1,Longo da via,Chuvoso,Perfeito estado,Molhada,Perfeito estado,Não há placas,,Única,Faixa seccionada
2020-03-29 00:00:00,06:40:00,SEM VÍTIMA,SANTO AMARO,AV PREFEITO ARTUR LIMA CAVALCANTI,,SUBURBIO,CHOQUE OBJETO FIXO,CAUSANDO DERRAMAMENTO DE ÓLEO NA VIA- PLACA: XXX VW MARCO POLO,,,,,,1,,,,0,Longo da via,Bom,Perfeito estado,,Perfeito estado,R-4a,,Única,Canteiro central
2020-03-29 00:00:00,15:58:00,COM VÍTIMA,TORRE,AV BEIRA RIO,,,COLISÃO TRASEIRA,COLISÃO COM VÍTIMA,1,1,,,,,,,,1,Longo da via,Chuvoso,Perfeito estado,Molhada,Perfeito estado,Não há placas,,Dupla,Faixa seccionada
2020-03-29 00:00:00,19:30:00,COM VÍTIMA,CAMPO GRANDE,AV PROFESSOR JOSE DOS ANJOS,,,CHOQUE OBJETO FIXO,ENTRE MOTO E AUTO PASSEIO. C/V,1,1,,,,,,,,2,Cruzamento,Bom,Perfeito estado,Seca,Perfeito estado,Não há placas,,Dupla,Faixa contínua
2020-03-29 00:00:00,21:27:00,COM VÍTIMA,GRAÇAS,RUA CONFEDERACAO DO EQUADOR,,ROSA E SILVA,COLISÃO COM CICLISTA,ENTRE AUTO E CICLISTA. C/V,1,,,1,,,,,,1,Longo da via,Bom,Perfeito estado,Seca,Perfeito estado,Não há placas,,Única,Não existe
2020-03-30 00:00:00,07:44:00,COM VÍTIMA,SÃO JOSÉ,RUA DA CONCORDIA,,,ABALROAMENTO TRANSVERSAL,DOIS AUTOS,2,,,,,,,,,1,Cruzamento,Chuvoso,Perfeito estado,Seca,Perfeito estado,Outras,,Única,Não existe
2020-03-30 00:00:00,08:29:00,COM VÍTIMA,MANGABEIRA,EST VELHA DE AGUA FRIA,306,SUBURBIO,ABALROAMENTO LONGITUDINAL,COM UMA VITIMA- CTTU NO LOCAL VT 09,,2,,,,,,,,1,Ponte,Chuvoso,Perfeito estado,Seca,Mal conservada,Não há placas,,Dupla,Faixa contínua
2020-03-30 00:00:00,10:22:00,SEM VÍTIMA,SÃO JOSÉ,RUA DA CONCORDIA,,,ABALROAMENTO TRANSVERSAL,COLISÃO SEM VÍTIMA COM VEÍCULO OFICIAL,2,,,,,,,,,0,Cruzamento,Chuvoso,Perfeito estado,Molhada,Perfeito estado,R-6a,,,Faixa seccionada
2020-03-30 00:00:00,12:02:00,SEM VÍTIMA,SÃO JOSÉ,RUA IMPERIAL,207,CIDADE,ABALROAMENTO TRANSVERSAL,SEM VITIMAS ENTRE UM AUTO PASSEIO E UMA VT DA PM,2,,,,,,,,,0,Cruzamento,Bom,Perfeito estado,Seca,Perfeito estado,Não há placas,,Única,Não existe
2020-03-30 00:00:00,13:18:00,COM VÍTIMA,IBURA,AV DOIS RIOS,,SUBURBIO,TOMBAMENTO,ACID. DE PERCURSO C/ VITIMA,,1,,,,,,,,1,Longo da via,Bom,Perfeito estado,Oleosa,Perfeito estado,Não há placas,,Dupla,Faixa contínua
2020-03-30 00:00:00,14:23:00,COM VÍTIMA,JAQUEIRA,RUA DO FUTURO,,,CAPOTAMENTO,CAPOTAMENTO COM VITIMAS,1,,,,,,,,,1,,,,,,,,,
2020-03-30 00:00:00,15:15:00,COM VÍTIMA,PINA,RUA JOSE MARIANO FILHO,,,ABALROAMENTO LONGITUDINAL,COLISÃO C/VITIMA ENTRE UM AUTO E UMA MOTO (MOTOQUEIRO SOB SUSPEITA DE EMBRIAGUEZ),1,1,,,,,,,,1,Longo da via,Bom,Não existente,Seca,Perfeito estado,Não há placas,,Dupla,Não existe
2020-03-31 00:00:00,04:24:00,COM VÍTIMA,BOA VIAGEM,AV BOA VIAGEM,,CIDADE,CHOQUE VEÍCULO PARADO,CONDUTOR PERDEU O CONTROLE DO VEICULO E CHOCOU-SE CONTRA OUTRO VEICULO ESTACIONADO NO BORDO DA VIA - C/VITIMA SOCORRIDA PELO CBPM,2,,,,,,,,,1,Longo da via,Chuvoso,Perfeito estado,Molhada,Perfeito estado,R-6b,60 km/h,Única,Faixa seccionada
2020-03-31 00:00:00,07:52:00,SEM VÍTIMA,TORRÕES,AV ENGENHEIRO ABDIAS DE CARVALHO,375,SUBURBIO,COLISÃO TRASEIRA,COLISAO S/ VITIMAS,3,,,,,,,,,0,Longo da via,Chuvoso,Incompleta,Molhada,Perfeito estado,R-4b,,,Faixa seccionada
2020-03-31 00:00:00,11:17:00,SEM VÍTIMA,BOA VIAGEM,RUA VISCONDE DE JEQUITINHONHA,154,SUBURBIO,ABALROAMENTO LONGITUDINAL,COLISAO S/ VITIMAS,2,,,,,,,,,0,Cruzamento,Chuvoso,Perfeito estado,Molhada,Perfeito estado,Outras,60 km/h,Única,Faixa contínua
2020-03-31 00:00:00,16:00:00,COM VÍTIMA,GRAÇAS,RUA DR BANDEIRA FILHO,,SUBURBIO,ATROPELAMENTO,COM VÍTIMA/ RODA SE SOLTOU DO VEÍCULO E BATEU EM UM PEDESTRE,1,,,,1,,,,,1,Longo da via,Bom,Não existente,Seca,Perfeito estado,Não há placas,,Única,Faixa contínua
2020-03-31 00:00:00,16:36:00,COM VÍTIMA,TORRÕES,EST DO FORTE DO ARRAIAL N. DO B. JESUS,,CIDADE,ABALROAMENTO LONGITUDINAL,COLISÃO COM VÍTIMA,1,1,,,,,,,,1,Esquina,Bom,Perfeito estado,Seca,Perfeito estado,R-34,40 km/h,Dupla,Faixa contínua
2020-03-31 00:00:00,17:41:00,COM VÍTIMA,IMBIRIBEIRA,RUA ALLAN KARDEC,,,ABALROAMENTO LONGITUDINAL,BATEDOR DA MOTO 32 E 11 NO LOCAL,1,1,,,,,,,,1,Cruzamento,Bom,,Seca,Perfeito estado,Outras,,Dupla,Não existe
2020-03-31 00:00:00,21:19:00,COM VÍTIMA,BOA VISTA,AV CONDE DA BOA VISTA,23,CIDADE,CHOQUE OBJETO FIXO,VT DA PM SE CHOCOU CONTRA O CANTEIRO CENTRAL. C/V,,,,,,,,1,,1,Longo da via,Chuvoso,Perfeito estado,Molhada,Perfeito estado,Outras,40 km/h,Dupla,Canteiro central
2020-03-31 00:00:00,22:14:00,SEM VÍTIMA,BOA VISTA,PTE DUARTE COELHO,,,ABALROAMENTO LONGITUDINAL,MOTO X VT DA PM,,1,,,,,,1,,0,Ponte,Bom,Perfeito estado,Seca,Perfeito estado,Não há placas,,Dupla,Faixa contínua
2020-04-01 00:00:00,14:25:00,COM VÍTIMA,PARNAMIRIM,RUA VIRGINIA LORETO,649,CIDADE,ABALROAMENTO TRANSVERSAL,COLISÃO C/VITIMAS ENTRE UM AUTO E UMA MOTO,1,1,,,,,,,,2,Esquina,Bom,Perfeito estado,Seca,Perfeito estado,Não há placas,40 km/h,Única,Faixa seccionada
2020-04-01 00:00:00,19:08:00,COM VÍTIMA,SANTO AMARO,RUA DR CARLOS CHAGAS,649,SUBURBIO,ABALROAMENTO LONGITUDINAL,COLISÃO ENTRE AUTO E MOTO C/V,1,1,,,,,,,,1,Esquina,Bom,Incompleta,Seca,Mal iluminada,Não há placas,,Única,Não existe
2020-04-01 00:00:00,21:51:00,COM VÍTIMA,CABANGA,AV SUL,211,CIDADE,COLISÃO COM CICLISTA,ÔNIBUS ATROPELOU UMA CRIANÇA. INFORMAÇÕES DO BOLETIM FÍSICO MOSTRAM QUE O ATROPELADO CONDUZIA UMA BICICLETA.,,,,1,,1,,,,1,Longo da via,Bom,Não existente,Seca,Perfeito estado,Não há placas,,Dupla,Não existe
2020-04-02 00:00:00,08:34:00,COM VÍTIMA,JORDÃO,AV MARECHAL MASCARENHAS DE MORAES,626,CIDADE,COLISÃO TRASEIRA,COLISÃO COM VITIMAS ENTRE DOIS AUTOS.,2,,,,,,,,,2,Longo da via,Chuvoso,Perfeito estado,Seca,Perfeito estado,Não há placas,60 km/h,Dupla,Canteiro central
2020-04-02 00:00:00,09:33:00,COM VÍTIMA,ILHA JOANA BEZERRA,AV BEIRA RIO,38,SUBURBIO,ABALROAMENTO LONGITUDINAL,AUTO E MOTO.,1,1,,,,,,,,1,Longo da via,Bom,Perfeito estado,Seca,Perfeito estado,Não há placas,,Dupla,Faixa contínua
2020-04-02 00:00:00,12:50:00,COM VÍTIMA,TORRE,RUA SOUZA BANDEIRA,317,CIDADE,ABALROAMENTO TRANSVERSAL,AUTO E MOTO.,1,1,,,,,,,,1,Cruzamento,Chuvoso,Perfeito estado,Molhada,Perfeito estado,R-6a,30 km/h,Dupla,Faixa contínua
2020-04-02 00:00:00,18:52:00,COM VÍTIMA,CASA FORTE,AV DEZESSETE DE AGOSTO,,CIDADE,ABALROAMENTO LONGITUDINAL,ENTRE MOTO E AUTO. C/V,1,1,,,,,,,,1,Longo da via,Bom,Perfeito estado,Seca,Perfeito estado,Não há placas,60 km/h,Dupla,Faixa
2020-04-02 00:00:00,21:20:00,SEM VÍTIMA,PAISSANDU,RUA HENRIQUE DIAS,,,COLISÃO,MOTO X AUTO     OBS: SUSPEITA DE EMBRIAGUEZ,1,1,,,,,,,,0,,,,,,,,,
2020-04-03 00:00:00,02:18:00,COM VÍTIMA,ÁGUA FRIA,RUA DA REGENERACAO,,SUBURBIO,COLISÃO FRONTAL,COLISÃO ENTRE AUTO E CINQUENTINHA . VEÍCULO SE EVADIU E O PROPRIETÁRIO DA MOTOCICLETA FOI SOCORRIDO PELO SAMU.,1,,1,,,,,,,1,Longo da via,Chuvoso,Perfeito estado,Molhada,Perfeito estado,,,Dupla,Não existe
2020-04-03 00:00:00,12:50:00,COM VÍTIMA,JAQUEIRA,RUA DO FUTURO,,SUBURBIO,COLISÃO COM CICLISTA,COLISAO COM VITIMAS,1,,,1,,,,,,1,Longo da via,Bom,Perfeito estado,Seca,,Outras,40 km/h,Única,Não existe
2020-04-03 00:00:00,13:41:00,COM VÍTIMA,MADALENA,AV BEIRA RIO,630,SUBURBIO,ABALROAMENTO TRANSVERSAL,COLISAO COM VITIMAS,1,1,,,,,,,,1,Cruzamento,Bom,Perfeito estado,Seca,Perfeito estado,Outras,,Única,Não existe
2020-04-03 00:00:00,18:36:00,COM VÍTIMA,ÁGUA FRIA,RUA BELO JARDIM,,,COLISÃO,COLISÃO ENTRE DUAS MOTOS C/V,,2,,,,,,,,2,,,,,,,,,
2020-04-04 00:00:00,08:28:00,COM VÍTIMA,BOA VISTA,RUA JOAO LIRA,308,RUA DO HOSPÍCIO,ABALROAMENTO TRANSVERSAL,DUAS MOTO E UM ÔNIBUS.,,2,,,,1,,,,1,Cruzamento,Chuvoso,Perfeito estado,Seca,Perfeito estado,Outras,,Única,Faixa seccionada
2020-04-04 00:00:00,13:03:00,COM VÍTIMA,IMBIRIBEIRA,PTE DO MOTOCOLOMBO,,CIDADE,ABALROAMENTO LONGITUDINAL,COLISAO ENTRE AUTO E MOTO COM UMA VITIMA,1,1,,,,,,,,1,Ponte,Bom,Incompleta,Seca,Perfeito estado,Outras,60 km/h,Dupla,Canteiro central
2020-04-14 00:00:00,19:31:00,COM VÍTIMA,AREIAS,AV CAPITAO GREGORIO DE CALDAS,494,AEROPORTO,COLISÃO TRASEIRA,AUTO E MOTO.,1,1,,,,,,,,1,Longo da via,Bom,Perfeito estado,Seca,Perfeito estado,,,Dupla,Faixa seccionada
2020-04-15 00:00:00,02:42:00,COM VÍTIMA,BOA VIAGEM,AV BOA VIAGEM,,CIDADE,COLISÃO COM CICLISTA,AUTO E BICICLETA.,1,,,1,,,,,,2,Longo da via,Bom,Perfeito estado,Seca,Perfeito estado,,60 km/h,Única,Faixa seccionada
2020-04-15 00:00:00,08:25:00,SEM VÍTIMA,BOA VISTA,RUA DA AURORA,22,,ABALROAMENTO LONGITUDINAL,,2,,,,,,,,,0,Cruzamento,Bom,Perfeito estado,Seca,Perfeito estado,,40 km/h,,
2020-04-15 00:00:00,19:16:00,COM VÍTIMA,PINA,AV ENGENHEIRO DOMINGOS FERREIRA,324,SUBURBIO,ABALROAMENTO LONGITUDINAL,COLISÃO ENTRE DUAS MOTOS C/V,,2,,,,,,,,1,Longo da via,Bom,Perfeito estado,Seca,Perfeito estado,,60 km/h,Única,Canteiro central
2020-04-16 00:00:00,06:52:00,COM VÍTIMA,CASA AMARELA,AV NORTE,312,CIDADE,COLISÃO TRASEIRA,COLISÃO COM VITIMA A ESPERA DO SAMU,1,1,,,,,,,,1,Cruzamento,Chuvoso,Perfeito estado,Molhada,Perfeito estado,Não há placas,,Dupla,Faixa seccionada
2020-04-16 00:00:00,07:45:00,COM VÍTIMA,DERBY,RUA JENER DE SOUZA,,,COLISÃO TRASEIRA,VITIMA A ESPERA DO SAMU  GM IDENILSON QTH,,2,,,,,,,,2,Cruzamento,Chuvoso,Perfeito estado,Molhada,Perfeito estado,R-26,40 km/h,Única,Canteiro central
2020-04-16 00:00:00,08:49:00,COM VÍTIMA,DERBY,AV GOVERNADOR AGAMENON MAGALHAES,,BOA VIAGEM,TOMBAMENTO,,,1,,,,,,,,1,Longo da via,Chuvoso,Perfeito estado,Molhada,Perfeito estado,Outras,60 km/h,Dupla,Canteiro central
2020-04-16 00:00:00,09:39:00,COM VÍTIMA,ROSARINHO,AV NORTE,81,CIDADE,TOMBAMENTO,,,1,,,,,,,,1,Longo da via,Chuvoso,Perfeito estado,Molhada,Perfeito estado,R-6a,,Dupla,Faixa contínua
2020-04-16 00:00:00,09:49:00,COM VÍTIMA,CASA AMARELA,AV NORTE,312,CIDADE,COLISÃO COM CICLISTA,VITIMA SOCORRIDA PELO  SAMU,1,,,1,,,,,,1,Cruzamento,Chuvoso,Perfeito estado,Molhada,Perfeito estado,Não há placas,,Dupla,Faixa seccionada
2020-04-16 00:00:00,10:13:00,SEM VÍTIMA,AFOGADOS,RUA DA PAZ,,,COLISÃO,SEM VÍTIMA,1,,,,,1,,,,0,,,,,,,,,
2020-04-16 00:00:00,16:09:00,COM VÍTIMA,SANTO ANTÔNIO,AV DANTAS BARRETO,,,ATROPELAMENTO,ONIBUS ATROPELOU UM PEDESTRE,,,,,1,1,,,,1,Longo da via,Chuvoso,Ilegível,Molhada,Mal conservada,Outras,,Única,Canteiro central
2020-04-16 00:00:00,18:51:00,COM VÍTIMA,ILHA DO LEITE,RUA GENERAL JOAQUIM INACIO,69,SUBURBIO,COLISÃO TRASEIRA,ENVOLVENDO MOTO DA CTTU E AUTO PASSEIO,1,1,,,,,,,,1,Longo da via,Chuvoso,Perfeito estado,Molhada,Perfeito estado,Não há placas,40 km/h,Única,Faixa contínua
2020-04-17 00:00:00,02:35:00,COM VÍTIMA,SÃO JOSÉ,AV SUL,,SUBURBIO,COLISÃO FRONTAL,,,1,,,,1,,,,1,Longo da via,Bom,Incompleta,Seca,Mal iluminada,Não há placas,60 km/h,Dupla,Não existe
2020-04-17 00:00:00,11:40:00,COM VÍTIMA,TORREÃO,AV NORTE,56,CIDADE,COLISÃO TRASEIRA,AUTO E MOTO C VÍTIMA,1,1,,,,,,,,1,Longo da via,Bom,Perfeito estado,Seca,Perfeito estado,R-26,60 km/h,Dupla,Canteiro central
2020-04-17 00:00:00,12:13:00,COM VÍTIMA,IPUTINGA,AV MAURICIO DE NASSAU,,CIDADE,TOMBAMENTO,MOTO,,1,,,,,,,,1,Longo da via,Bom,Não existente,Seca,Mal conservada,Não há placas,,Dupla,Não existe
2020-04-17 00:00:00,13:19:00,SEM VÍTIMA,ENCRUZILHADA,RUA VINTE E QUATRO DE JUNHO,,SUBURBIO,ABALROAMENTO LONGITUDINAL,SEM VITIMAS,2,,,,,,,,,0,,Bom,Perfeito estado,Seca,Perfeito estado,Placas Pare,,Única,Não existe
2020-04-17 00:00:00,17:37:00,COM VÍTIMA,GRAÇAS,AV GOVERNADOR AGAMENON MAGALHAES,173,,COLISÃO TRASEIRA,COLISAO COM VITIMAS,1,1,,,,,,,,1,Cruzamento,Bom,Perfeito estado,Seca,Perfeito estado,,60 km/h,Dupla,Canal
2020-04-17 00:00:00,18:44:00,SEM VÍTIMA,LINHA DO TIRO,RUA URIEL DE HOLANDA,,,ABALROAMENTO LONGITUDINAL,COLISÃO ENTRE MOTO E VIATURA DA POLÍCIA MILITAR,1,1,,,,,,,,0,Longo da via,Chuvoso,Perfeito estado,Molhada,Mal conservada,Não há placas,40 km/h,Dupla,Faixa contínua
2020-04-17 00:00:00,20:20:00,SEM VÍTIMA,,RUA DEZ DE JULHO,,SUBURBIO,ABALROAMENTO LONGITUDINAL,COLISÃO ENTRE DOIS AUTOSS/V,2,,,,,,,,,0,Cruzamento,Bom,Perfeito estado,Seca,Perfeito estado,Placas Pare,,Dupla,Faixa contínua
2020-04-18 00:00:00,11:04:00,SEM VÍTIMA,BOA VIAGEM,AV ENGENHEIRO DOMINGOS FERREIRA,155,SUBURBIO,ABALROAMENTO TRANSVERSAL,COLISÃO SEM VITIMAS GM LEONARDO QTH,2,,,,,,,,,0,Cruzamento,Bom,Perfeito estado,Seca,Perfeito estado,Outras,,Dupla,Canteiro central
2020-04-18 00:00:00,12:29:00,SEM VÍTIMA,SANTO AMARO,RUA MARQUÊS DO POMBAL,,,COLISÃO FRONTAL,COLISÃO SEM VÍTIMA,2,,,,,,,,,0,Cruzamento,Bom,Perfeito estado,Seca,Perfeito estado,Placas Pare,30 km/h,Dupla,Faixa seccionada
2020-04-18 00:00:00,13:33:00,COM VÍTIMA,VÁRZEA,AV PROFESSOR ARTUR DE SA,,CIDADE,ABALROAMENTO TRANSVERSAL,COLISAO ENTRE MOTO E AUTO COM UMA VITIMA,1,1,,,,,,,,1,Longo da via,Bom,Perfeito estado,Seca,Perfeito estado,Não há placas,,Dupla,Faixa contínua
2020-04-18 00:00:00,18:52:00,COM VÍTIMA,CAMPO GRANDE,RUA ODORICO MENDES,,CIDADE,ABALROAMENTO TRANSVERSAL,ENTRE AUTO E MOTO. C/V,1,1,,,,,,,,1,Cruzamento,Bom,Perfeito estado,Seca,Perfeito estado,Outras,,Dupla,Faixa seccionada
2020-04-19 00:00:00,01:46:00,SEM VÍTIMA,TORRE,RUA JOSE BONIFACIO,576,SUBURBIO,CHOQUE OBJETO FIXO,UM VEICULO CHOCOU-SE COM UM POSTE- VINDO O POSTE CAIR NO MEIO DA VIA OCUPANDO TRÊS FAIXA DA VIA.,1,,,,,,,,,0,Longo da via,Bom,Perfeito estado,Seca,Perfeito estado,Não há placas,,Única,Faixa contínua
2020-04-19 00:00:00,02:39:00,COM VÍTIMA,ILHA DO RETIRO,EST DOS REMEDIOS,390,SUBURBIO,CAPOTAMENTO,CAPOTAMENTO SEGUIDO DE CHOQUE EM VEÍCULO PARADO.,4,,,,,,,,,1,Longo da via,Bom,Perfeito estado,Seca,Perfeito estado,Não há placas,,Única,Faixa seccionada
2020-04-19 00:00:00,06:40:00,COM VÍTIMA,BOA VISTA,AV GOVERNADOR AGAMENON MAGALHAES,78,SUBURBIO,ABALROAMENTO TRANSVERSAL,,1,1,,,,,,,,1,Cruzamento,Chuvoso,Perfeito estado,Molhada,Perfeito estado,Outras,,Única,Canteiro central
2020-04-19 00:00:00,08:08:00,COM VÍTIMA,GRAÇAS,AV RUI BARBOSA,562,CIDADE,COLISÃO TRASEIRA,MOTO E AUTO / VT 18 NO QTH,1,1,,,,,,,,1,Longo da via,Chuvoso,Perfeito estado,Molhada,Perfeito estado,Outras,,Única,
2020-04-19 00:00:00,10:54:00,COM VÍTIMA,BOA VIAGEM,AV ENGENHEIRO DOMINGOS FERREIRA,217,,ABALROAMENTO TRANSVERSAL,DOIS AUTOS //,2,,,,,,,,,1,Cruzamento,Bom,Perfeito estado,Seca,Perfeito estado,Outras,60 km/h,Única,Canteiro central
2020-04-19 00:00:00,15:21:00,COM VÍTIMA,JIQUIÁ,RUA SAO MIGUEL,,SUBURBIO,ABALROAMENTO TRANSVERSAL,COLISAO COM VITIMAS,1,1,,,,,,,,1,Longo da via,Bom,Perfeito estado,Seca,Perfeito estado,Não há placas,,Dupla,Faixa contínua
2020-04-19 00:00:00,15:35:00,COM VÍTIMA,ILHA DO RETIRO,AV BEIRA RIO,,CIDADE,COLISÃO TRASEIRA,COM VITIMAS,1,1,,,,,,,,1,Longo da via,Bom,Perfeito estado,Seca,Perfeito estado,Não há placas,30 km/h,Dupla,Faixa contínua