data,hora,natureza,bairro,endereco,num_semaforo,sentido_via,tipo,auto,moto,ciclom,ciclista,pedestre,onibus,caminhao,viatura,outros,vitimas,vitimasfatais,acidente_verificado,tempo_clima,sinalizacao,condicao_via,conservacao_via,situacao_placa,velocidade_max_via,mao_direcao,divisao_via1
2020-04-19 00:00:00,19:06:00,COM VÍTIMA,VASCO DA GAMA,AV NORTE,66,SUBURBIO,ABALROAMENTO TRANSVERSAL,AUTO X MOTO C/VITIMA,1,1,,,,,,,,1,Cruzamento,Bom,Perfeito estado,Seca,Perfeito estado,Outras,,Dupla,Canteiro central
2020-04-20 00:00:00,06:55:00,COM VÍTIMA,CAMPO GRANDE,RUA FARIAS NEVES,,SUBURBIO,ABALROAMENTO TRANSVERSAL,ONIBUS E AUTO,1,,,,,1,,,,1,Cruzamento,Bom,Ilegível,Seca,Perfeito estado,Não há placas,,Dupla,Não existe
2020-04-20 00:00:00,08:40:00,COM VÍTIMA,SANTO AMARO,RUA DOS PALMARES,,CIDADE,ATROPELAMENTO,VITIMA A ESPERA DO SAMU,1,,,,1,,,,,1,Longo da via,Bom,,Seca,Perfeito estado,,,Dupla,Canteiro central
2020-04-20 00:00:00,11:18:00,SEM VÍTIMA,IMBIRIBEIRA,AV MARECHAL MASCARENHAS DE MORAES,,,COLISÃO,COLISÃO SEM VITIMAS,,,,,,,1,,1,0,,,,,,,,,
2020-04-20 00:00:00,14:20:00,COM VÍTIMA,IBURA,AV DOM HELDER CAMARA,,SUBURBIO,CHOQUE OBJETO FIXO,CHOQUE EM POSTE DE ILUMINAÇÃO PÚBLICA,1,,,,,,,,,1,Longo da via,Bom,Perfeito estado,Seca,Perfeito estado,Outras,,Única,Faixa
2020-04-21 00:00:00,00:42:00,SEM VÍTIMA,BREJO DA GUABIRABA,AV VEREADOR OTACILIO AZEVEDO,,SUBURBIO,ABALROAMENTO LONGITUDINAL,COLISÃO ENTRE DOIS VEÍCULOS.,1,,,,,,1,,,0,Longo da via,Bom,Não existente,Seca,Perfeito estado,Não há placas,,Dupla,Não existe
2020-04-21 00:00:00,02:29:00,SEM VÍTIMA,BOA VIAGEM,RUA VISCONDE DE JEQUITINHONHA,129,SUBURBIO,CHOQUE OBJETO FIXO,PDE 5322 - ONIX - VEÍCULO CHOCOU-SE CONTRA UM POSTE,1,,,,,,,,,0,Cruzamento,Bom,Perfeito estado,Seca,Perfeito estado,Não há placas,,Única,Faixa seccionada
2020-04-21 00:00:00,21:45:00,SEM VÍTIMA,CORDEIRO,RUA QUATA,,,CHOQUE VEÍCULO PARADO,AUTO CHOCOU-SE EM UM AUTO QUE ESTAVA ESTACIONADO- MOTORISTA DO VEÍCULO APRESENTA SINTOMAS DE EMBRIAGUEZ,2,,,,,,,,,0,,,,,,,,,
2020-04-22 00:00:00,14:06:00,SEM VÍTIMA,IPSEP,AV RECIFE,,,COLISÃO FRONTAL,HR: YYYY X Classic: ZZZ - COLISÃO FRONTAL,1,1,,,,,,,,0,Longo da via,Chuvoso,Perfeito estado,Molhada,Perfeito estado,Não há placas,,Dupla,Canteiro central
2020-04-22 00:00:00,14:30:00,COM VÍTIMA,BOA VISTA,AV JOAO DE BARROS,,,COLISÃO,COLISAO ENTRE AUTO E MOTO COM UMA VITIMA,1,1,,,,,,,,1,,,,,,,,,
2020-04-22 00:00:00,16:14:00,SEM VÍTIMA,TORRÕES,RUA ZUMBI DOS PALMARES,,SUBURBIO,ABALROAMENTO TRANSVERSAL,COLISÃO COM VÍTIMA,,2,,,,,,,,0,Longo da via,Bom,Não existente,Seca,Mal conservada,Não há placas,,Dupla,Não existe
2020-04-22 00:00:00,22:34:00,COM VÍTIMA,BOA VIAGEM,AV ENGENHEIRO DOMINGOS FERREIRA,,,COLISÃO,AUTO X MOTO. C/V,1,1,,,,,,,,1,,,,,,,,,
2020-04-22 00:00:00,23:40:00,COM VÍTIMA,ILHA DO RETIRO,AV ENGENHEIRO ABDIAS DE CARVALHO,355,SUBURBIO,COLISÃO FRONTAL,DOIS AUTOS,2,,,,,,,,,1,Cruzamento,Chuvoso,Perfeito estado,Seca,Perfeito estado,,60 km/h,Dupla,Canteiro central
2020-04-23 00:00:00,05:04:00,SEM VÍTIMA,GRAÇAS,AV RUI BARBOSA,,CIDADE,CHOQUE OBJETO FIXO,O USUÁRIO INFORMA QUE AO PASSAR NO LOCAL VISUALIZOU O CHOQUE DO VEÍCULO NO MURO DO MUSEU DO ESTADO. VEÍCULO ESTAVA ABANDONADO. NÃO SABE INFORMAR SE HOUVE VÍTIMA.,1,,,,,,,,,0,Longo da via,Chuvoso,,Seca,Perfeito estado,,60 km/h,Única,
2020-04-23 00:00:00,21:05:00,COM VÍTIMA,IBURA,RUA AFONSO CUNHA,,SUBURBIO,COLISÃO FRONTAL,COLISÃO ENTRE DUAS MOTOS- COM VÍTIMA,,2,,,,,,,,1,Longo da via,Bom,Não existente,Seca,Perfeito estado,Não há placas,30 km/h,Dupla,Não existe
2020-04-23 00:00:00,21:47:00,VÍTIMA FATAL,BOA VIAGEM,RUA ERNESTO DE PAULA SANTOS,,ORLA DE BOA VIAGEM,ABALROAMENTO TRANSVERSAL,COLISÃO ENTRE AUTO E MOTO- COM VÍTIMA FATAL,1,1,,,,,,,,1,Cruzamento,Bom,Não existente,Seca,Mal iluminada,Não há placas,,Única,Não existe
2020-04-24 00:00:00,14:53:00,COM VÍTIMA,AFOGADOS,RUA MOTOCOLOMBO,,SUBURBIO,TOMBAMENTO,CONDUTOR DA MOTO PARA EVITAR ATROPELAMENTO - FEZ DESVIO DE UMA SRa. VINDO A DERRAPAR E CAIU,,1,,,,,,,,1,Longo da via,Chuvoso,Perfeito estado,Molhada,Perfeito estado,Não há placas,,Única,Outros
2020-04-24 00:00:00,19:36:00,COM VÍTIMA,BOA VIAGEM,RUA DEZ DE JULHO,,SUBURBIO,ABALROAMENTO TRANSVERSAL,TAXI X ONIBUS BORBOREMA X MOTO,1,1,,,,1,,,,1,Cruzamento,Chuvoso,Perfeito estado,Molhada,Perfeito estado,Placas Pare,,Única,Faixa seccionada
2020-04-25 00:00:00,07:45:00,COM VÍTIMA,MACAXEIRA,AV NORTE,,SUBURBIO,COLISÃO TRASEIRA,COM UMA VITIMA AGUARDANDO SAMU,,1,,,,1,,,,1,Longo da via,Bom,Perfeito estado,Seca,Perfeito estado,Outras,,Dupla,Blocos
2020-04-25 00:00:00,14:00:00,COM VÍTIMA,ESTÂNCIA,AV RECIFE,,BOA VIAGEM,TOMBAMENTO,MOTOQUERIO CAIU SOZINHO,,1,,,,,,,,1,Longo da via,Bom,Perfeito estado,Seca,Perfeito estado,Não há placas,,Dupla,Faixa contínua
2020-04-26 00:00:00,00:04:00,COM VÍTIMA,AFOGADOS,RUA SAO MIGUEL,,,COLISÃO,COLISÃO C/VITIMA - AUTO X MOTO,1,1,,,,,,,,2,,,,,,,,,
2020-04-26 00:00:00,06:29:00,SEM VÍTIMA,ENCRUZILHADA,AV JOAO DE BARROS,,CIDADE,CAPOTAMENTO,CAPOTAMENTO S/V - CONDUTOR SE EVADIU EM SEGUIDA- ABANDONANDO O VEICULO NA VIA,1,,,,,,,,,0,Longo da via,Chuvoso,Perfeito estado,Molhada,Perfeito estado,Outras,,Única,Faixa contínua
2020-04-27 00:00:00,07:30:00,SEM VÍTIMA,DERBY,AV GOVERNADOR AGAMENON MAGALHAES,75,BOA VIAGEM,COLISÃO,SEM VITIMAS -USUARIO COM SINTOMAS DE EMBRIAGUES/VT GM EVANDRO-GM EVERTON SILVA PONTO FIXO,2,,,,,,,,,0,Longo da via,Chuvoso,Perfeito estado,Molhada,Perfeito estado,Outras,60 km/h,Dupla,Faixa seccionada
2020-04-27 00:00:00,11:35:00,COM VÍTIMA,BOA VIAGEM,RUA DOS NAVEGANTES,,,ABALROAMENTO TRANSVERSAL,DOIS AUTOS,2,,,,,,,,,1,Cruzamento,Chuvoso,Perfeito estado,Seca,Perfeito estado,Placas Pare,,Única,Faixa seccionada
2020-04-27 00:00:00,16:45:00,SEM VÍTIMA,ENCRUZILHADA,,,SUB/CID,ABALROAMENTO LONGITUDINAL,COLISÃO SEM VITIMA,2,,,,,,,,,0,Cruzamento,Bom,Perfeito estado,Seca,Perfeito estado,Placas Pare,,Única,
2020-04-28 00:00:00,08:31:00,COM VÍTIMA,CIDADE UNIVERSITÁRIA,AV PROFESSOR LUIZ FREIRE,,CIDADE,TOMBAMENTO,COLISÃO COM VÍTIMA/ ACIDENTE DE PERCURSO,,1,,,,,,,,1,Longo da via,Bom,Perfeito estado,Seca,Perfeito estado,Outras,40 km/h,Dupla,Faixa seccionada
2020-04-28 00:00:00,08:40:00,COM VÍTIMA,TORRE,RUA CONDE DE IRAJA,630,SUBURBIO,ABALROAMENTO TRANSVERSAL,COLISAO ENDRE AUTO/ MOTO,1,1,,,,,,,,1,Cruzamento,Bom,Perfeito estado,Seca,Perfeito estado,Placas Pare,,Dupla,Faixa contínua
2020-04-28 00:00:00,13:26:00,COM VÍTIMA,MADALENA,AV ENGENHEIRO ABDIAS DE CARVALHO,328,SUBURBIO,ABALROAMENTO LONGITUDINAL,COLISÃO COM VÍTIMA,,1,,,,,,,1,2,Longo da via,Bom,Perfeito estado,Seca,Perfeito estado,Outras,60 km/h,Dupla,Canteiro central
2020-04-28 00:00:00,13:32:00,COM VÍTIMA,TAMARINEIRA,RUA CONEGO BARATA,,CIDADE,COLISÃO TRASEIRA,COLISAO ENTRE AUTO E MOTO COM UMA VITIMA GM ESDRAS DE OLIVEIRA NO LOCAL,1,1,,,,,,,,1,Longo da via,Bom,Perfeito estado,Seca,Perfeito estado,R-6a,,Dupla,Canteiro central
2020-04-29 00:00:00,07:45:00,COM VÍTIMA,BARRO,AV DR JOSE RUFINO,,CIDADE,ABALROAMENTO TRANSVERSAL,COM DUAS VITIMAS AGUARDANDO SAMU,1,1,,,,,,,,2,Longo da via,Bom,Perfeito estado,Seca,Perfeito estado,R-6a,,Dupla,Faixa contínua
2020-04-29 00:00:00,11:14:00,SEM VÍTIMA,BAIRRO DO RECIFE,PTE BUARQUE DE MACEDO,,SUBURBIO,COLISÃO,SEM VITIMAS,1,,,,,,,1,,0,Cruzamento,Bom,Perfeito estado,Seca,Perfeito estado,Outras,,Única,Faixa seccionada
2020-04-29 00:00:00,11:35:00,COM VÍTIMA,DERBY,AV GOVERNADOR AGAMENON MAGALHAES,75,SUBURBIO,ABALROAMENTO LONGITUDINAL,COM UMA VITIMA SOCORRIDA PELO SAMU,,1,,,,,,1,,1,Cruzamento,Bom,Perfeito estado,Seca,Perfeito estado,Outras,60KM,Dupla,Canal
2020-04-29 00:00:00,13:41:00,COM VÍTIMA,IBURA,AV DOIS RIOS,,CIDADE,COLISÃO FRONTAL,COLISÃO C/VITIMA ENTRE UM AUTO E MOTO,1,1,,,,,,,,1,Longo da via,Bom,Ilegível,Seca,Perfeito estado,Outras,,Dupla,Faixa contínua
2020-04-29 00:00:00,14:05:00,COM VÍTIMA,IPUTINGA,RUA BOM PASTOR,8,SUBURBIO,COLISÃO TRASEIRA,COLISÃO C/VITIMA ENTRE TRÊS AUTOS,3,,,,,,,,,1,Longo da via,Bom,Incompleta,Seca,Mal conservada,R-6a,,Única,Não existe
2020-04-29 00:00:00,16:42:00,COM VÍTIMA,CORDEIRO,RUA PROFESSOR JOAQUIM XAVIER DE BRITO,541,SUBURBIO,ABALROAMENTO TRANSVERSAL,COLISÃO C/VITIMAS ENTRE UMA MOTO E UM AUTO,1,1,,,,,,,,2,Cruzamento,Bom,Perfeito estado,Seca,Perfeito estado,R-5a,,Dupla,Faixa contínua
2020-04-30 00:00:00,00:36:00,COM VÍTIMA,CASA AMARELA,AV NORTE,677,SUBURBIO,COLISÃO,COLISÃO AUTO X MOTO C/VITIMA,1,1,,,,,,,,1,,,,,,,,,
2020-04-30 00:00:00,06:02:00,SEM VÍTIMA,BOA VIAGEM,AV BOA VIAGEM,,,COLISÃO,COLISÃO SEM VITIMAS,1,,,,,,,1,,0,Cruzamento,Chuvoso,Perfeito estado,Molhada,Perfeito estado,Não há placas,,Única,Faixa contínua
2020-04-30 00:00:00,11:32:00,COM VÍTIMA,BOA VIAGEM,AVENIDA CELSO FURTADO (VIA MANGUE),,CIDADE,COLISÃO TRASEIRA,AUTO E MOTO C/V,1,1,,,,,,,,1,Longo da via,Chuvoso,Perfeito estado,Seca,Perfeito estado,Não há placas,60 km/h,Única,Faixa contínua
2020-04-30 00:00:00,16:02:00,COM VÍTIMA,ROSARINHO,AV NORTE,81,SUBURBIO,TOMBAMENTO,COM VÍTIMA,,1,,,,,,,,2,Longo da via,Chuvoso,Perfeito estado,Molhada,Perfeito estado,Outras,,Dupla,Canteiro central
2020-04-30 00:00:00,19:18:00,COM VÍTIMA,AFOGADOS,RUA SAO MIGUEL,,SUBURBIO,COLISÃO FRONTAL,MOTO X 2 AUTOS,2,1,,,,,,,,2,Longo da via,Bom,Perfeito estado,Seca,Perfeito estado,Não há placas,50 km/h,Dupla,Faixa contínua
2020-04-30 00:00:00,20:26:00,COM VÍTIMA,ILHA JOANA BEZERRA,RUA MIRANDOPOLIS,,CIDADE,ATROPELAMENTO,ENTRE ÔNIBUS E 2 PEDESTRES. C/V,,,,,2,1,,,,2,Outros,Chuvoso,Perfeito estado,Molhada,Perfeito estado,Não há placas,,Única,Canteiro central
2020-05-01 00:00:00,09:52:00,COM VÍTIMA,SANTO AMARO,RUA FREI CASSIMIRO,,,COLISÃO COM CICLISTA,MOTO E CICLISTA,,1,,1,,,,,,1,,,,,,,,,
2020-05-01 00:00:00,12:18:00,COM VÍTIMA,SANTO AMARO,AV NORTE,,,COLISÃO,Duas motos,,2,,,,,,,,1,,,,,,,,,
2020-05-01 00:00:00,12:58:00,COM VÍTIMA,CABANGA,PTE GOVERNADOR PAULO GUERRA,,SUBURBIO,COLISÃO,COLIÇÃO COM VITIMA ENTRE MOTOCICLETA E CARROÇA DE TRAÇÃO ANIMAL.,,1,,,,,,,1,1,Longo da via,Bom,Perfeito estado,Seca,Perfeito estado,Não há placas,,Única,Faixa seccionada
2020-05-01 00:00:00,18:00:00,SEM VÍTIMA,LINHA DO TIRO,AV CHAGAS FERREIRA,,SUBURBIO,ABALROAMENTO TRANSVERSAL,COLISAO ENTRE AUTO E MOTO- MOTOCICLISTA COM SINAL DE EMBRIAGUES,1,1,,,,,,,,0,,,,,,,,,
2020-05-01 00:00:00,18:59:00,COM VÍTIMA,MADALENA,RUA BENFICA,,CIDADE,ABALROAMENTO TRANSVERSAL,COLISÃO DUAS MOTOS C/VITIMA. UMA DAS PARTES ENVOLVIDAS SE EVADIU DO LOCAL.,,2,,,,,,,,2,Longo da via,Bom,,Seca,Perfeito estado,Não há placas,,Única,Faixa seccionada
2020-05-01 00:00:00,19:52:00,COM VÍTIMA,ÁGUA FRIA,RUA LADEIRA DE PEDRA,,CIDADE,ATROPELAMENTO,MOTO X PEDESTRE,,1,,,1,,,,,2,Longo da via,Bom,Não existente,Seca,Perfeito estado,Não há placas,,,
2020-05-02 00:00:00,10:05:00,SEM VÍTIMA,TEJIPIÓ,AV LIBERDADE,,,COLISÃO,,2,,,,,,,,,0,,,,,,,,,
2020-05-02 00:00:00,11:43:00,COM VÍTIMA,JORDÃO,AV MARIA IRENE,,SUBURBIO,ABALROAMENTO LONGITUDINAL,AUTO E MOTO.,1,1,,,,,,,,2,Longo da via,Bom,Perfeito estado,Seca,Perfeito estado,Não há placas,40 km/h,Dupla,Faixa contínua
2020-05-02 00:00:00,16:28:00,COM VÍTIMA,BOA VIAGEM,RUA ERNESTO DE PAULA SANTOS,127,,ABALROAMENTO TRANSVERSAL,MOTOCICLETA E AUTO PASSEIO,1,1,,,,,,,,1,Cruzamento,Bom,Perfeito estado,Seca,Perfeito estado,Outras,60 km/h,Única,Faixa
2020-05-02 00:00:00,16:49:00,COM VÍTIMA,BOA VIAGEM,AV CONSELHEIRO AGUIAR,,,COLISÃO,MOTOCICLETA E AUTO PASSEIO,1,1,,,,,,,,1,,,,,,,,,
2020-05-02 00:00:00,22:25:00,SEM VÍTIMA,ALTO SANTA TERESINHA,RUA TAMBOARA,,,COLISÃO,ENVOLVIDO COM SINTOMA DE EMBREAGUÊS,1,1,,,,,,,,0,Outros,Bom,Ilegível,Seca,Perfeito estado,Outras,,Dupla,Faixa seccionada
2020-05-03 00:00:00,06:25:00,COM VÍTIMA,TORRE,RUA CONDE DE IRAJA,,SUBURBIO,COLISÃO COM CICLISTA,AUTO E BICICLETA.,1,,,1,,,,,,1,Cruzamento,Chuvoso,,Molhada,Perfeito estado,,,Única,Faixa contínua
2020-05-03 00:00:00,15:57:00,COM VÍTIMA,AREIAS,AV DR JOSE RUFINO,44,SUBURBIO,ABALROAMENTO TRANSVERSAL,COLISÃO AUTO E MOTO,1,1,,,,,,,,1,Cruzamento,Bom,Perfeito estado,Seca,Perfeito estado,Não há placas,,Dupla,Faixa contínua
2020-05-03 00:00:00,20:09:00,SEM VÍTIMA,BOA VISTA,AV CONDE DA BOA VISTA,,CIDADE,CHOQUE OBJETO FIXO,CHOQUE VT PMPE E CANTEIRO CENTRAL,1,,,,,,,,,0,Cruzamento,Bom,Perfeito estado,Seca,Perfeito estado,,,Dupla,
2020-05-04 00:00:00,08:10:00,VÍTIMA FATAL,JARDIM SÃO PAULO,RUA FREI FELIX DE OLIVOLA,,LESTE,CHOQUE VEÍCULO PARADO,COLISÃO RENAULT/SANDERO X PEUGEOT C/VITIMA FATAL,2,,,,,,,,,,Longo da via,Bom,Não existente,Seca,Perfeito estado,Não há placas,30 km/h,Dupla,Não existe
2020-05-04 00:00:00,10:53:00,COM VÍTIMA,BOA VIAGEM,RUA CAPITAO REBELINHO,,SUBURBIO,ABALROAMENTO TRANSVERSAL,AUTO E MOTO.,1,1,,,,,,,,1,Cruzamento,Bom,Ilegível,Seca,Perfeito estado,R-6a,40 km/h,Única,Não existe
2020-05-04 00:00:00,11:43:00,SEM VÍTIMA,IMBIRIBEIRA,RUA BARAO DE AGUA BRANCA,,SUBURBIO,COLISÃO,COLISÃO AUTO E MOTOCICLETA SEM VÍTIMA,1,1,,,,,,,,0,Cruzamento,Bom,Incompleta,Seca,Perfeito estado,Não há placas,,Dupla,Não existe
2020-05-04 00:00:00,16:46:00,COM VÍTIMA,GUABIRABA,EST DOS MACACOS,,CIDADE,ABALROAMENTO LONGITUDINAL,COLISÃO DUAS MOTOCICLETAS,,2,,,,,,,,1,Outros,Bom,Não existente,Seca,Outros,Não há placas,,Dupla,Não existe
2020-05-04 00:00:00,17:11:00,COM VÍTIMA,CAMPO GRANDE,EST DE BELEM,26,CIDADE,ATROPELAMENTO,ATROPELAMENTO ENTRE MOTO E PEDESTRE.,,1,,,1,,,,,1,Longo da via,Bom,Perfeito estado,Seca,Perfeito estado,Outras,,Dupla,Faixa seccionada
2020-05-05 00:00:00,13:28:00,SEM VÍTIMA,SANTO AMARO,AV GOVERNADOR AGAMENON MAGALHAES,,SUBURBIO,COLISÃO,COLISÃO SEM VÍTIMAS ENTRE 2 AUTOS,,,,,,,,,,0,Outros,Bom,Perfeito estado,Seca,Perfeito estado,Outras,60km,Dupla,Canal
2020-05-05 00:00:00,21:31:00,SEM VÍTIMA,CASA AMARELA,AV NORTE,,SUBURBIO,COLISÃO,COLISÃO DOIS AUTOS SEM VITMAS,3,,,,,,,,,0,Cruzamento,Chuvoso,Perfeito estado,Molhada,Perfeito estado,Não há placas,60km,Dupla,Canteiro central
2020-05-06 00:00:00,07:18:00,SEM VÍTIMA,MUSTARDINHA,RUA VINTE E UM DE ABRIL,,SUBURBIO,CHOQUE,CARRETA PEDEU O CONTROLE CHOCOU-SE COM A ESTRURURA DO POSTO DE GASOLINA DESATIVADO,,,,,,,1,,1,0,Cruzamento,Bom,Incompleta,Seca,Mal iluminada,Não há placas,,Dupla,Não existe
2020-05-06 00:00:00,07:28:00,SEM VÍTIMA,VÁRZEA,RUA MARECHAL MANOEL LUIS OSORIO,,SUBURBIO,COLISÃO,ACIDENTE ENVOLVENDO TRÊS VEÍCULOS ÔNIBUS E DOIS AUTOPASSEIOS,2,,,,,1,,,,0,Longo da via,Bom,Perfeito estado,Seca,Perfeito estado,Placas Pare,,Dupla,Não existe
2020-05-06 00:00:00,08:54:00,COM VÍTIMA,SANTO ANTÔNIO,RUA IMPERIAL,510,SUBURBIO,ABALROAMENTO TRANSVERSAL,ACIDENTE ENVOLVENDO MOTO E CARRO,1,1,,,,,,,,1,Cruzamento,Bom,Perfeito estado,Seca,Perfeito estado,Não há placas,,Única,Faixa seccionada
2020-05-06 00:00:00,16:03:00,COM VÍTIMA,PRADO,AV ENGENHEIRO ABDIAS DE CARVALHO,52,SUBURBIO,ABALROAMENTO TRANSVERSAL,AMBULÂNCIA E MOTO.,,1,,,,,,1,,1,Cruzamento,Bom,Perfeito estado,Seca,Perfeito estado,Não há placas,,Dupla,Canteiro central
2020-05-07 00:00:00,10:53:00,SEM VÍTIMA,NOVA DESCOBERTA,AV VEREADOR OTACILIO AZEVEDO,,CIDADE,ABALROAMENTO LONGITUDINAL,CONDUTOR INFORMA QUE UMA CARROÇA VIROU E ATINGIU A VIATURA,,,,,,,,1,,0,Longo da via,Bom,Perfeito estado,Seca,Perfeito estado,Outras,n/i,Dupla,Não existe
2020-05-07 00:00:00,13:26:00,COM VÍTIMA,BOA VIAGEM,RUA PADRE BERNADINO PESSOA,,SUBURBIO,ABALROAMENTO TRANSVERSAL,COLISÃO ENTRE AUTO E MOTO,1,1,,,,,,,,1,Longo da via,Bom,Perfeito estado,Seca,Perfeito estado,Não há placas,,Única,Não existe
2020-05-07 00:00:00,16:08:00,COM VÍTIMA,ILHA DO RETIRO,AV ENGENHEIRO ABDIAS DE CARVALHO,355,SUBURBIO,ABALROAMENTO TRANSVERSAL,COLISÃO ENTRE DUAS MOTOS.,,2,,,,,,,,3,Cruzamento,Bom,Perfeito estado,Seca,Perfeito estado,Não há placas,60 km/h,Dupla,Canteiro central
2020-05-07 00:00:00,17:27:00,COM VÍTIMA,PINA,AV ENGENHEIRO DOMINGOS FERREIRA,,SUBURBIO,ABALROAMENTO LONGITUDINAL,COLISÃO ENTRE AUTO E MOTO,1,1,,,,,,,,1,Longo da via,Bom,Perfeito estado,Seca,Perfeito estado,Não há placas,,Única,Faixa seccionada
2020-05-07 00:00:00,19:04:00,COM VÍTIMA,TEJIPIÓ,AV DR JOSE RUFINO,,SUBURBIO,COLISÃO FRONTAL,COLISÃO AUTO E MOTO,1,1,,,,,,,,1,Longo da via,Bom,Não existente,Seca,Mal iluminada,,,Dupla,Faixa contínua
2020-05-08 00:00:00,13:57:00,COM VÍTIMA,BOA VIAGEM,RUA SA E SOUZA,,CIDADE,ABALROAMENTO TRANSVERSAL,COLISÃO ENTRE DUAS MOTOCICLETAS,,2,,,,,,,,1,Cruzamento,Bom,Perfeito estado,Seca,Perfeito estado,Placas Pare,,Dupla,Faixa seccionada
2020-05-08 00:00:00,14:45:00,COM VÍTIMA,ENGENHO DO MEIO,RUA ANTONIO CURADO,,CIDADE,ABALROAMENTO TRANSVERSAL,COLISÃO COM VITIMA MOTO E CARRO,1,1,,,,,,,,1,Longo da via,Bom,Perfeito estado,Seca,Perfeito estado,Outras,30 km/h,Dupla,Faixa seccionada
2020-05-08 00:00:00,17:10:00,COM VÍTIMA,ZUMBI,AV CAXANGA,,CIDADE,ABALROAMENTO LONGITUDINAL,AUTO E MOTO COM VÍTIMA,1,1,,,,,,,,1,Longo da via,Bom,Incompleta,Seca,Perfeito estado,Outras,,Dupla,Canteiro central
2020-05-08 00:00:00,19:10:00,SEM VÍTIMA,IMBIRIBEIRA,AV MARECHAL MASCARENHAS DE MORAES,,CENTRO,COLISÃO,OYY7545 - FORD FIESTA / PEP2412 FIAT STRADA,2,,,,,,,,,0,,,,,,,,,
2020-05-08 00:00:00,20:46:00,COM VÍTIMA,VÁRZEA,AV JOAQUIM RIBEIRO,368,CIDADE,CHOQUE VEÍCULO PARADO,COLISÃO ENTRE ÔNIBUS E MOTO.,,1,,,,1,,,,1,Longo da via,Bom,Perfeito estado,Seca,Perfeito estado,Não há placas,,Dupla,Canteiro central
2020-05-09 00:00:00,07:23:00,SEM VÍTIMA,IPSEP,AV RECIFE,,,CHOQUE,ÔNIBUS CHOCOU SE COM POSTE QUE FICOU POSTE- QUE CAIO SOBRE OUTRO VEÍCULO.,,,,,,1,,,,0,,,,,,,,,
2020-05-09 00:00:00,07:47:00,SEM VÍTIMA,IPSEP,AV RECIFE,,,ACID. DE PERCURSO,,1,,,,,,,,,0,,,,,,,,,
2020-05-09 00:00:00,09:16:00,COM VÍTIMA,BOA VISTA,RUA DA UNIAO,,CIDADE,ABALROAMENTO LONGITUDINAL,COLISÃO ENTRE TRÊS VEÍCULOS COM DUAS VÍTIMAS,1,2,,,,,,,,2,Cruzamento,Bom,Perfeito estado,Seca,Perfeito estado,Outras,60 km/h,Única,Faixa contínua
2020-05-09 00:00:00,10:30:00,COM VÍTIMA,BOA VIAGEM,RUA ERNESTO DE PAULA SANTOS,,SUBURBIO,ABALROAMENTO TRANSVERSAL,COLISÃO ENTRE AUTO E MOTO.,1,1,,,,,,,,1,Cruzamento,Bom,Incompleta,Seca,Perfeito estado,Outras,,Única,Não existe
2020-05-09 00:00:00,11:09:00,COM VÍTIMA,FUNDÃO,AV BEBERIBE,,SUBURBIO,COLISÃO TRASEIRA,COLISÃO COM VÍTIMA ENVOLVENDO TRES VEÍCULOS,3,,,,,,,,,2,Longo da via,Bom,Perfeito estado,Seca,Perfeito estado,Outras,,Dupla,Canteiro central
2020-05-09 00:00:00,12:00:00,COM VÍTIMA,VÁRZEA,AV CAXANGA,608,CIDADE,TOMBAMENTO,MOTOCICLISTA PERDEU O CONTROLE E CAIU,,1,,,,,,,,1,Longo da via,Bom,Perfeito estado,Seca,Perfeito estado,,,Dupla,Faixa contínua
2020-05-09 00:00:00,12:08:00,COM VÍTIMA,NOVA DESCOBERTA,RUA NOVA DESCOBERTA,,SUBURBIO,ABALROAMENTO LONGITUDINAL,COLISÃO COM VÍTIMA ENTRE AUTO E MOTO.,1,1,,,,,,,,1,Esquina,Bom,Perfeito estado,Seca,Perfeito estado,R-6a,,Dupla,Faixa seccionada
2020-05-09 00:00:00,15:33:00,COM VÍTIMA,MONTEIRO,AV DEZESSETE DE AGOSTO,,CIDADE,ATROPELAMENTO,ATROPELAMENTO ENTRE AUTO E PEDESTRE,1,,,,1,,,,,1,Longo da via,Bom,Perfeito estado,Seca,Perfeito estado,Não há placas,60 km/h,Dupla,Faixa contínua
2020-05-09 00:00:00,21:06:00,COM VÍTIMA,ÁGUA FRIA,AV ANIBAL BENEVOLO,,CIDADE,COLISÃO FRONTAL,COLISÃO ENVOLVENDO 2 AUTOS E UMA MOTO.,2,1,,,,,,,,1,Longo da via,Bom,Perfeito estado,Seca,,R-6a,30 km/h,Dupla,Faixa seccionada
2020-05-09 00:00:00,22:22:00,COM VÍTIMA,MANGABEIRA,RUA DA MANGABEIRA,,SUBURBIO,COLISÃO,DUAS MOTOS,,2,,,,,,,,1,,,,,,,,,
2020-05-09 00:00:00,22:26:00,COM VÍTIMA,CORDEIRO,AV CAXANGA,235,CIDADE,COLISÃO TRASEIRA,COLISÃO AUTO X MOTO,1,1,,,,,,,,1,Longo da via,Bom,Perfeito estado,Seca,Perfeito estado,Outras,,Única,Faixa contínua
2020-05-10 00:00:00,02:41:00,SEM VÍTIMA,BOA VIAGEM,AV CONSELHEIRO AGUIAR,,,COLISÃO,COLISÃO 2 AUTOS S/VITIMA - ALCOOLEMIA - PMPE NO LOCAL,2,,,,,,,,,0,Longo da via,Bom,Perfeito estado,Seca,Perfeito estado,Não há placas,60km,Única,Não existe