data,hora,natureza,bairro,endereco,num_semaforo,sentido_via,tipo,auto,moto,ciclom,ciclista,pedestre,onibus,caminhao,viatura,outros,vitimas,vitimasfatais,acidente_verificado,tempo_clima,sinalizacao,condicao_via,conservacao_via,situacao_placa,velocidade_max_via,mao_direcao,divisao_via1
2020-05-10 00:00:00,11:22:00,COM VÍTIMA,SANTO AMARO,AV CRUZ CABUGA,171,CIDADE,COLISÃO,ACIDENTE ENVOLVENDO MOTO E AUTO,1,1,,,,,,,,1,Cruzamento,Chuvoso,Perfeito estado,Molhada,Perfeito estado,Outras,,Dupla,Faixa contínua
2020-05-10 00:00:00,18:05:00,COM VÍTIMA,IBURA,RUA EXP FRANCISCO VITORIANO,,SUBURBIO,ATROPELAMENTO,ACIDENTE COM VÍTIMA ENVOLVENDO MOTO E PEDESTRE,,1,,,1,,,,,2,Longo da via,Bom,Perfeito estado,Seca,Perfeito estado,Placas Pare,30 km/h,Dupla,Não existe
2020-05-10 00:00:00,22:09:00,COM VÍTIMA,LINHA DO TIRO,RUA URIEL DE HOLANDA,,SUBURBIO,ABALROAMENTO LONGITUDINAL,COLISÃO ENTRE ÔNIBUS E MOTO.,,1,,,,1,,,,2,Longo da via,Bom,Perfeito estado,Seca,Perfeito estado,R-6a,,Dupla,Não existe
2020-05-11 00:00:00,04:44:00,COM VÍTIMA,PRADO,AV ENGENHEIRO ABDIAS DE CARVALHO,,SUBURBIO,CHOQUE OBJETO FIXO,VEÍCULO SE ENCONTRA ABANDONADO NA VIA,1,,,,,,,,,1,Longo da via,Bom,Perfeito estado,Seca,Perfeito estado,,,Dupla,Faixa seccionada
2020-05-11 00:00:00,07:25:00,COM VÍTIMA,ZUMBI,RUA GOMES TABORDA,,CIDADE,ABALROAMENTO LONGITUDINAL,COLISÃO ENTRE AUTO E MOTO.,1,1,,,,,,,,1,Cruzamento,Bom,Perfeito estado,Seca,Perfeito estado,Não há placas,,Dupla,Faixa seccionada
2020-05-11 00:00:00,12:10:00,SEM VÍTIMA,SAN MARTIN,RUA JOSE VELOSO,,,COLISÃO,COLISÃO SEM VÍTIMA,1,1,,,,,,,,0,Cruzamento,Bom,Incompleta,Seca,Perfeito estado,Não há placas,n/i,Dupla,Não existe
2020-05-11 00:00:00,13:14:00,SEM VÍTIMA,TAMARINEIRA,RUA GENERAL ABREU E LIMA,,CIDADE,COLISÃO,ENTRE MOTOCICLETA (VEÍCULO OFICIAL) E AUTO PASSEIO,1,1,,,,,,,,0,Não informado,Bom,Perfeito estado,Seca,Perfeito estado,Outras,n/i,Dupla,Não existe
2020-05-11 00:00:00,15:44:00,COM VÍTIMA,ESTÂNCIA,RUA SAO MIGUEL,,SUBURBIO,COLISÃO TRASEIRA,AUTO E MOTO COM VÍTIMA,1,1,,,,,,,,1,Longo da via,Bom,Perfeito estado,Seca,Perfeito estado,,,Dupla,Faixa contínua
2020-05-12 00:00:00,07:23:00,COM VÍTIMA,BOMBA DO HEMETÉRIO,RUA CHA DE ALEGRIA,,SUBURBIO,COLISÃO COM CICLISTA,AUTO E CICLISTA.,1,,,1,,,,,,1,Cruzamento,Bom,Não existente,Seca,Perfeito estado,Não há placas,,,Não existe
2020-05-12 00:00:00,08:05:00,COM VÍTIMA,BOA VIAGEM,RUA RIBEIRO DE BRITO,,SUBURBIO,ABALROAMENTO TRANSVERSAL,COLISÃO COM VÍTIMA,2,,,,,,,,,1,Longo da via,Bom,Perfeito estado,Seca,Perfeito estado,Não há placas,30 km/h,Única,Faixa
2020-05-12 00:00:00,16:26:00,COM VÍTIMA,AFOGADOS,RUA SAO MIGUEL,,SUBURBIO,ABALROAMENTO LONGITUDINAL,COM VÍTIMA. AUTO E MOTO.,1,1,,,,,,,,1,Longo da via,Bom,Perfeito estado,Seca,Perfeito estado,Não há placas,60 km/h,Dupla,Faixa contínua
2020-05-12 00:00:00,17:49:00,COM VÍTIMA,VÁRZEA,AV AFONSO OLINDENSE,,CIDADE,TOMBAMENTO,COM VÍTIMA,1,1,,,,,,,,1,Longo da via,Bom,Perfeito estado,Seca,Perfeito estado,Placas Pare,40 km/h,Dupla,Faixa contínua
2020-05-13 00:00:00,06:23:00,COM VÍTIMA,BEBERIBE,AV BEBERIBE,,SUBURBIO,COLISÃO,Carro e moto,1,1,,,,,,,,1,,,,,,,,,
2020-05-13 00:00:00,08:38:00,COM VÍTIMA,ESPINHEIRO,RUA DO FUTURO,521,SUBURBIO,ATROPELAMENTO,,1,,,,1,,,,,1,Cruzamento,Bom,Perfeito estado,Seca,Perfeito estado,Outras,,Única,Faixa seccionada
2020-05-14 00:00:00,10:37:00,SEM VÍTIMA,BOA VIAGEM,RUA MARIA CAROLINA,,,COLISÃO,COLISÃO ENVOLVENDO 02 AUTOS,2,,,,,,,,,0,Cruzamento,Bom,Incompleta,Seca,Perfeito estado,Não há placas,40 km/h,Única,Não existe
2020-05-14 00:00:00,16:28:00,SEM VÍTIMA,BOA VIAGEM,AVENIDA CELSO FURTADO (VIA MANGUE),,SUBURBIO,COLISÃO,COLISÃO ENVOLVENDO UMA VIATURA DA PM/PE E DOIS AUTOS,2,,,,,,,,,0,Viaduto,Bom,Perfeito estado,Seca,Perfeito estado,Não há placas,40 km/h,Única,Não existe
2020-05-15 00:00:00,01:34:00,COM VÍTIMA,CASA AMARELA,RUA PAULA BATISTA,136,SUBURBIO,ABALROAMENTO TRANSVERSAL,COLISÃO ENVOLVENDO DUAS MOTOCICLETAS (COM VÍTIMA),,2,,,,,,,,1,Cruzamento,Bom,Perfeito estado,Seca,Perfeito estado,Outras,,Dupla,Faixa seccionada
2020-05-15 00:00:00,02:45:00,SEM VÍTIMA,SANTO ANTÔNIO,AV SUL,,CIDADE,CHOQUE OBJETO FIXO,VEÍCULO SE CHOCOU CONTRA UM POSTE. O POSTE FOI DANIFICADO E SE ENCONTRA PENDURADO PELA FIAÇÃO.,1,,,,,,,,,0,Longo da via,Chuvoso,Perfeito estado,Molhada,Perfeito estado,Não há placas,60 km/h,Única,Canteiro central
2020-05-15 00:00:00,03:14:00,COM VÍTIMA,ILHA DO LEITE,AV GOVERNADOR AGAMENON MAGALHAES,,SUBURBIO,CHOQUE OBJETO FIXO,,,1,,,,,,,,2,Longo da via,Chuvoso,Perfeito estado,Molhada,Perfeito estado,Outras,,Dupla,Faixa seccionada
2020-05-15 00:00:00,10:32:00,COM VÍTIMA,IMBIRIBEIRA,AV MARECHAL MASCARENHAS DE MORAES,7,SUBURBIO,COLISÃO TRASEIRA,COLISÃO COM VITIMA,1,1,,,,,,,,1,Longo da via,Chuvoso,Perfeito estado,Molhada,Perfeito estado,,60 km/h,Única,Faixa
2020-05-15 00:00:00,18:24:00,COM VÍTIMA,BOA VIAGEM,RUA MARIO SOUTO MAIOR,,SUBURBIO,ABALROAMENTO TRANSVERSAL,COLISÃO COM VITIMA,1,1,,,,,,,,1,Cruzamento,Bom,Perfeito estado,Seca,Perfeito estado,Placas Pare,,Dupla,Não existe
2020-05-15 00:00:00,21:23:00,COM VÍTIMA,CORDEIRO,RUA CLAUDIO BROTHERHOOD,,,ABALROAMENTO TRANSVERSAL,COLISÃO CAMINHÃO X MOTO C/VITIMA,,1,,,,,1,,,1,Cruzamento,Chuvoso,Perfeito estado,Molhada,Perfeito estado,Placas Pare,40 km/h,Dupla,Faixa contínua
2020-05-16 00:00:00,05:46:00,COM VÍTIMA,PINA,AV ANTONIO DE GOES,,CIDADE,COLISÃO TRASEIRA,COLISÃO AUTO X MOTO,1,1,,,,,,,,1,Longo da via,Chuvoso,Perfeito estado,Molhada,Perfeito estado,R-6a,40 km/h,Única,
2020-05-16 00:00:00,10:06:00,SEM VÍTIMA,ZUMBI,AV CAXANGA,,CIDADE,CHOQUE OBJETO FIXO,CAMINHONETE CHEVROLET S10- CHOCOU -SE COM GRADIL DO COMPAZ. OCORRÊNCIA SEM VÍTIMA,1,,,,,,,,,0,Longo da via,Chuvoso,Perfeito estado,Molhada,Perfeito estado,,,Dupla,Canteiro central
2020-05-16 00:00:00,15:55:00,COM VÍTIMA,ILHA DO RETIRO,AV BEIRA RIO,,SUBURBIO,CHOQUE OBJETO FIXO,,,1,,,1,,,,,1,Longo da via,Bom,Perfeito estado,Seca,Perfeito estado,Não há placas,,Dupla,Faixa contínua
2020-05-17 00:00:00,07:20:00,COM VÍTIMA,BOMBA DO HEMETÉRIO,RUA CHA DE ALEGRIA,,SUBURBIO,CHOQUE VEÍCULO PARADO,ATROPELAMENTO PEDESTRE\COLISAO COM MOTO,1,1,,,,,,,,1,Longo da via,Chuvoso,Incompleta,Molhada,Perfeito estado,,,Dupla,Não existe
2020-05-17 00:00:00,16:52:00,COM VÍTIMA,TORRE,RUA REAL DA TORRE,106,,ABALROAMENTO TRANSVERSAL,COLISÃO ONIBUS X MOTO,,1,,,,1,,,,1,Cruzamento,Bom,Perfeito estado,Seca,Perfeito estado,R-6a,,Única,Faixa seccionada
2020-05-18 00:00:00,12:08:00,COM VÍTIMA,SÃO JOSÉ,RUA IMPERIAL,207,CIDADE,ABALROAMENTO LONGITUDINAL,SOLICITANTE INFORMA QUE NO LOCAL OCORREU UM ACIDENTE ENVOLVENDO MOTOCICLETA E AUTO COM VÍTIMA,1,1,,,,,,,,1,Cruzamento,Bom,Perfeito estado,Seca,Perfeito estado,Outras,,Única,Não existe
2020-05-18 00:00:00,14:11:00,COM VÍTIMA,VÁRZEA,AV AFONSO OLINDENSE,638,CIDADE,COLISÃO FRONTAL,COLISÃO ONIBUS X MOTO- VÍTIMA SOCORRIDA POR MORADORES DA REGIÃO.,,1,,,,1,,,,1,Longo da via,Bom,Perfeito estado,Seca,Perfeito estado,Outras,40 km/h,Dupla,Faixa contínua
2020-05-19 00:00:00,01:41:00,COM VÍTIMA,ARRUDA,AV PROFESSOR JOSE DOS ANJOS,,SUBURBIO,COLISÃO FRONTAL,ACIDENTE ENTRE MOTO E AUTO,1,1,,,,,,,,1,,Bom,Perfeito estado,Seca,Perfeito estado,Não há placas,,Dupla,Faixa seccionada
2020-05-19 00:00:00,04:49:00,COM VÍTIMA,TORRÕES,AV ENGENHEIRO ABDIAS DE CARVALHO,,SUBURBIO,CHOQUE OBJETO FIXO,VEÍCULO CHOCOU-SE CONTRA ÁRVORE DO CANTERIO CENTRAL,1,,,,,,,,,1,Longo da via,Bom,Perfeito estado,Seca,Perfeito estado,,60 km/h,Dupla,Canteiro central
2020-05-19 00:00:00,07:19:00,COM VÍTIMA,SAN MARTIN,RUA DR FLAVIO FERREIRA DA SILVA MAROJO,,CIDADE,COLISÃO FRONTAL,COLISÃO COM VITIMA 2 MOTOS,,2,,,,,,,,1,Longo da via,Chuvoso,Perfeito estado,Molhada,Perfeito estado,Não há placas,,Única,Não existe
2020-05-19 00:00:00,21:47:00,COM VÍTIMA,JARDIM SÃO PAULO,AV SAO PAULO,,,ABALROAMENTO LONGITUDINAL,COLISÃO AUTO X MOTO C/VITIMA,1,1,,,,,,,,1,Longo da via,Bom,Perfeito estado,Seca,Perfeito estado,Não há placas,40 km/h,Dupla,Faixa contínua
2020-05-20 00:00:00,07:16:00,SEM VÍTIMA,PINA,AVENIDA CELSO FURTADO (VIA MANGUE),,SUBURBIO,COLISÃO,COLISÃO SEM VÍTIMA ENTRE ÔNIBUS E AMBULÂNCIA DO SAMU,,,,,,1,,1,,0,Viaduto,Chuvoso,Perfeito estado,Molhada,Perfeito estado,Outras,30 km/h,Única,Não existe
2020-05-20 00:00:00,07:20:00,COM VÍTIMA,,AV NORTE,,,COLISÃO,COLISÃO COM VÍTIMA ENTRE MOTOCICLETA E CAMINHÃO.,,1,,,,,1,,,1,,,,,,,,,
2020-05-20 00:00:00,09:55:00,SEM VÍTIMA,SANTO AMARO,RUA TUPINAMBAS,,CIDADE,COLISÃO,COLISÃO COM VEÍCULO OFICIAL,1,,,,,,,1,,0,Cruzamento,Chuvoso,Perfeito estado,Molhada,Perfeito estado,Placas Pare,,Dupla,
2020-05-20 00:00:00,10:16:00,COM VÍTIMA,BOA VISTA,RUA DA UNIAO,,SUBURBIO,ABALROAMENTO TRANSVERSAL,ENTRE AUTO E MOTO,1,1,,,,,,,,1,Cruzamento,Chuvoso,Incompleta,Molhada,Perfeito estado,Outras,30 km/h,Única,Faixa seccionada
2020-05-20 00:00:00,12:56:00,COM VÍTIMA,CASA FORTE,AV DEZESSETE DE AGOSTO,,SUBURBIO,ABALROAMENTO TRANSVERSAL,TRÊS MOTOCICLETAS E UM AUTO PASSEIO COM VÍTIMA,1,3,,,,,,,,1,Longo da via,Nublado,Perfeito estado,Seca,Perfeito estado,Não há placas,,Dupla,Faixa contínua
2020-05-20 00:00:00,15:46:00,COM VÍTIMA,TEJIPIÓ,AV DR JOSE RUFINO,,SUBURBIO,ABALROAMENTO TRANSVERSAL,ENTRE AUTO PASSEIO E MOTOCICLETA,1,1,,,,,,,,2,Longo da via,Bom,Perfeito estado,Seca,Perfeito estado,Não há placas,,Dupla,Faixa contínua
2020-05-20 00:00:00,17:23:00,COM VÍTIMA,BOA VISTA,RUA DOM BOSCO,,SUBURBIO,COLISÃO,ENTRE AUTO PASSEIO E MOTOCICLETA,1,1,,,,,,,,1,,,,,,,,,
2020-05-21 00:00:00,06:08:00,COM VÍTIMA,SANTO AMARO,AV CRUZ CABUGA,343,CIDADE,COLISÃO TRASEIRA,COLISAO ENTRE ENTRE ONIBUS E AUTO,1,,,,,1,,,,1,Cruzamento,Chuvoso,Perfeito estado,Molhada,Perfeito estado,Não há placas,,Dupla,
2020-05-21 00:00:00,13:09:00,COM VÍTIMA,CORDEIRO,RUA ANTERO MOTA,,SUBURBIO,ABALROAMENTO LONGITUDINAL,COLISÃO COM VITIMA MOTO X CAMINHÃO,,1,,,,,1,,,1,Longo da via,Bom,Perfeito estado,Seca,Perfeito estado,Não há placas,,Única,
2020-05-21 00:00:00,14:08:00,COM VÍTIMA,PINA,AV HERCULANO BANDEIRA,657,SUBURBIO,COLISÃO TRASEIRA,COLISÃO COM VITIMA DUAS MOTOS,,2,,,,,,,,1,Longo da via,Bom,Perfeito estado,Seca,Perfeito estado,R-4b,,Única,Faixa seccionada
2020-05-22 00:00:00,13:02:00,SEM VÍTIMA,CASA AMARELA,RUA BELA VISTA,,,COLISÃO,AUTO X CAMINHÃO,1,,,,,,1,,,0,,,,,,,,,
2020-05-22 00:00:00,13:06:00,SEM VÍTIMA,CASA AMARELA,AV NORTE,677,SUBURBIO,COLISÃO,COLISÃO ENVOLVENDO DOIS VEÍCULOS,2,,,,,,,,,0,Cruzamento,Bom,Perfeito estado,Seca,Perfeito estado,Outras,,Única,Não existe
2020-05-22 00:00:00,20:56:00,COM VÍTIMA,BOA VIAGEM,RUA BARAO DE SOUZA LEAO,644,CIDADE,COLISÃO FRONTAL,AUTO E MOTO,1,1,,,,,,,,1,Cruzamento,Chuvoso,Perfeito estado,Molhada,Perfeito estado,Não há placas,,Única,Faixa seccionada
2020-05-23 00:00:00,13:47:00,COM VÍTIMA,IBURA,AV DOIS RIOS,,CIDADE,COLISÃO,COLISÃO COM VITIMA,1,1,,,,,,,,2,,,,,,,,,
2020-05-23 00:00:00,18:35:00,COM VÍTIMA,IMBIRIBEIRA,AV MARECHAL MASCARENHAS DE MORAES,534,CIDADE,COLISÃO,COLISÃO COM VITIMA,,2,,,,,,,,1,Cruzamento,Chuvoso,Perfeito estado,Molhada,Perfeito estado,Não há placas,60 km/h,Dupla,Canteiro central
2020-05-24 00:00:00,18:27:00,SEM VÍTIMA,ENGENHO DO MEIO,AV VISCONDE DE SAO LEOPOLDO,,SUBURBIO,COLISÃO,VIATRUA DA PMPE COLIDIU COM UM VEICULO PARTICULAR,1,,,,,,,1,,0,,,,,,,,,
2020-05-24 00:00:00,22:02:00,COM VÍTIMA,BOA VIAGEM,RUA CAPITAO ZUZINHA,,CIDADE,ABALROAMENTO TRANSVERSAL,MOTO E AUTO,1,1,,,,,,,,1,Cruzamento,Bom,Incompleta,Seca,,Não há placas,,,
2020-05-25 00:00:00,10:28:00,COM VÍTIMA,JARDIM SÃO PAULO,RUA LEANDRO BARRETO,,SUBURBIO,ABALROAMENTO TRANSVERSAL,COLISÃO ENTRE CAMINHOTE X MOTOCICLETA,1,1,,,,,,,,1,Cruzamento,Bom,Incompleta,Seca,Mal conservada,Não há placas,,Dupla,Não existe
2020-05-25 00:00:00,15:38:00,COM VÍTIMA,BOA VIAGEM,RUA DOS NAVEGANTES,,,COLISÃO,COLISÃO ENTRE AUTOMÓVEL X MOTOCICLETA,1,1,,,,,,,,1,,,,,,,,,
2020-05-25 00:00:00,16:05:00,COM VÍTIMA,PRADO,RUA GOMES TABORDA,,CORDEIRO,ABALROAMENTO TRANSVERSAL,COLISÃO ENTRE DUAS MOTOCICLETAS - UM DOS CONDUTORES COM SINAL DE EMBRIAGUEZ,,2,,,,,,,,2,Longo da via,Bom,Perfeito estado,Seca,Perfeito estado,Outras,,Dupla,Faixa seccionada
2020-05-26 00:00:00,05:02:00,COM VÍTIMA,ARRUDA,AV PROFESSOR JOSE DOS ANJOS,306,SUBURBIO,ABALROAMENTO TRANSVERSAL,COLISÃO DOIS AUTOS COM VITIMA,2,,,,,,,,,1,Cruzamento,Bom,Perfeito estado,Seca,Perfeito estado,,,Única,Canteiro central
2020-05-26 00:00:00,10:59:00,COM VÍTIMA,SANTO AMARO,AV GOVERNADOR AGAMENON MAGALHAES,49,OLINDA,ABALROAMENTO TRANSVERSAL,COLISÃO CARRO E MOTO,1,1,,,,,,,,1,Cruzamento,Bom,Perfeito estado,Seca,Perfeito estado,Não há placas,,Única,Faixa seccionada
2020-05-26 00:00:00,11:30:00,COM VÍTIMA,PRADO,RUA GOMES TABORDA,,SUBURBIO,ABALROAMENTO TRANSVERSAL,COLISÃO CARRO E MOTO,1,1,,,,,,,,1,Cruzamento,Bom,,Seca,Perfeito estado,Não há placas,,Dupla,Faixa seccionada
2020-05-26 00:00:00,13:43:00,COM VÍTIMA,JARDIM SÃO PAULO,RUA LEANDRO BARRETO,,SUBURBIO,ABALROAMENTO TRANSVERSAL,COLISÃO CARRO E MOTO,1,1,,,,,,,,1,Cruzamento,Bom,Não existente,Seca,Perfeito estado,Não há placas,,Dupla,Faixa contínua
2020-05-26 00:00:00,19:04:00,COM VÍTIMA,ENCRUZILHADA,RUA MARECHAL DEODORO,,SUBURBIO,COLISÃO FRONTAL,COLISÃO ENVOLVENDO DUAS MOTOCICLETAS,,2,,,,,,,,2,Cruzamento,Bom,Perfeito estado,Seca,Perfeito estado,R-6a,,Única,Outros
2020-05-27 00:00:00,09:24:00,SEM VÍTIMA,TORRÕES,AV ENGENHEIRO ABDIAS DE CARVALHO,,,COLISÃO,COLISÃO SEM VÍTIMA,1,,,,,1,,,,0,Longo da via,Bom,Perfeito estado,Seca,Perfeito estado,Não há placas,n/i,Dupla,Canteiro central
2020-05-28 00:00:00,07:39:00,COM VÍTIMA,BOA VISTA,AV MANOEL BORBA,,SUBURBIO,COLISÃO COM CICLISTA,COLISÃO ENTRE MOTO E BICICLETA,,1,,1,,,,,,2,Longo da via,Bom,Perfeito estado,Seca,Perfeito estado,R-6a,40 km/h,Única,Faixa seccionada
2020-05-28 00:00:00,09:16:00,COM VÍTIMA,MADALENA,RUA BENFICA,257,CIDADE,COLISÃO TRASEIRA,AUTO E MOTO.,1,1,,,,,,,,1,Longo da via,Bom,Perfeito estado,Seca,Perfeito estado,Outras,,,Faixa contínua
2020-05-28 00:00:00,18:27:00,COM VÍTIMA,IPSEP,AV RECIFE,,SUBURBIO,ABALROAMENTO LONGITUDINAL,COLISÃO COM VITIMA ENTRE ONIBUS E MOTO,,1,,,,1,,,,1,Longo da via,Bom,Perfeito estado,Seca,Perfeito estado,R-6a,,Dupla,Canteiro central
2020-05-28 00:00:00,20:02:00,SEM VÍTIMA,ROSARINHO,AV SANTOS DUMONT,,SUBURBIO,CHOQUE,CONDUTOR COM SUSPEITA DE EMBREAGUÊS - CHOCOU- SE COM OBJETO SOBRE A PRAÇA FICANDO COM VEICULO PRESO,1,,,,,,,,,0,,,,,,,,,
2020-05-28 00:00:00,21:34:00,SEM VÍTIMA,ESTÂNCIA,AV DR JOSE RUFINO,,CIDADE,COLISÃO,O CONDUTOR COM SUSPEITA DE EMBREAGUÊS DE UM DOS VEICULOS ENVOLVIDO.,2,,,,,,,,,0,Longo da via,Bom,Perfeito estado,Seca,Perfeito estado,Não há placas,40km,Dupla,Faixa contínua
2020-05-29 00:00:00,00:56:00,COM VÍTIMA,PINA,AV HERCULANO BANDEIRA,660,SUBURBIO,ABALROAMENTO LONGITUDINAL,DOIS AUTOS,2,,,,,,,,,1,Cruzamento,Chuvoso,Perfeito estado,Molhada,Perfeito estado,,,Única,Faixa seccionada
2020-05-29 00:00:00,07:14:00,COM VÍTIMA,ENCRUZILHADA,AV NORTE,43,SUBURBIO,ABALROAMENTO TRANSVERSAL,ÔNIBUS E AUTO,1,,,,,1,,,,1,Cruzamento,Chuvoso,Perfeito estado,Molhada,Perfeito estado,,,Dupla,
2020-05-30 00:00:00,07:20:00,COM VÍTIMA,CABANGA,VIADUTO CAPITAO TEMUDO,,CIDADE,CHOQUE OBJETO FIXO,CONDUTOR PERDEU O CONTROLE DA MOTOCICLETA E TOMBOU COM A MESMA.,,1,,,,,,,,1,Longo da via,Chuvoso,Perfeito estado,Molhada,Perfeito estado,Não há placas,60 km/h,Dupla,Faixa contínua
2020-05-30 00:00:00,09:23:00,COM VÍTIMA,IPSEP,RUA JEAN EMILE FAVRE,564,CIDADE,ABALROAMENTO TRANSVERSAL,ACIDENTE ENVOLVENDO CAMINHÃO E MOTOCICLETA,1,1,,,,,,,,1,Longo da via,Bom,Perfeito estado,Seca,Perfeito estado,Placas Pare,,Dupla,Faixa seccionada
2020-05-30 00:00:00,09:30:00,SEM VÍTIMA,LINHA DO TIRO,RUA ANTONIO CARLOS DE ANDRADE,,SUBURBIO,CHOQUE,VIATURA DA PM-PE CHOCOU-SE COM UM PRISMA DE CONCDRETO,,,,,,,,,,0,Longo da via,Bom,Ilegível,Molhada,Mal conservada,Não há placas,n/i,Única,Não existe
2020-05-30 00:00:00,13:20:00,COM VÍTIMA,CAÇOTE,AV CAPITAO GREGORIO DE CALDAS,,CIDADE,ABALROAMENTO TRANSVERSAL,COLISÃO ENVOLVENDO MOTOCICLETA E AUTO,1,1,,,,,,,,1,Longo da via,Bom,,Seca,Perfeito estado,Placas Pare,,Dupla,Não existe
2020-05-30 00:00:00,16:37:00,COM VÍTIMA,DERBY,RUA JENER DE SOUZA,,CIDADE,ABALROAMENTO TRANSVERSAL,ÔNIBUS E MOTO,,1,,,,1,,,,1,Longo da via,Bom,Perfeito estado,Seca,Perfeito estado,Não há placas,,Única,Canteiro central
2020-05-30 00:00:00,19:47:00,COM VÍTIMA,BEBERIBE,,,SUBURBIO,COLISÃO,UM VEÍCULO DO GTO - COLIDIU EM UMA MOTO -NÃO FOI POSSÍVEL COLOCAR O NOME DA AV. ANTÔNIO COSTA AZEVEDO ESSSE ENDEREÇO E OLINDA -CELULA DE ENDREÇO FICOU SEM PREENCHIMENTO.,1,1,,,,,,,,1,Longo da via,Bom,Incompleta,Seca,Mal iluminada,Não há placas,n/i,Dupla,Não existe
2020-05-30 00:00:00,20:58:00,COM VÍTIMA,BOA VIAGEM,RUA DOS NAVEGANTES,,SUBURBIO,COLISÃO,COLISÃO ENTRE MOTO E AUTO,1,1,,,,,,,,1,Longo da via,Chuvoso,Perfeito estado,Molhada,Perfeito estado,Não há placas,n/i,Única,Não existe
2020-05-31 00:00:00,01:16:00,SEM VÍTIMA,BAIRRO DO RECIFE,AV RIO BRANCO,,SUBURBIO,CHOQUE,CHOQUE DA VIATURA DA PM COM O POSTE,1,,,,,,,,,0,Esquina,Chuvoso,Perfeito estado,Molhada,Perfeito estado,Não há placas,n/i,Única,Não existe
2020-05-31 00:00:00,06:25:00,SEM VÍTIMA,BOA VIAGEM,RUA VISCONDE DE JEQUITINHONHA,,SUBURBIO,COLISÃO,UM CONDUTOR ESTÁ COM SINTOMAS DE EMBRIAGUEZ,2,,,,,,,,,0,,,,,,,,,
2020-05-31 00:00:00,14:18:00,COM VÍTIMA,CORDEIRO,AV GENERAL SAN MARTIN,403,SUBURBIO,COLISÃO,COLISÃO COM VITIMA,1,1,,,,,,,,1,Longo da via,Bom,Perfeito estado,Seca,Perfeito estado,R-6a,,Dupla,Faixa contínua
2020-05-31 00:00:00,22:04:00,COM VÍTIMA,NOVA DESCOBERTA,RUA NOVA DESCOBERTA,,,COLISÃO,COLISÃO C/VITIMA CARRO X MOTO (VÍTIMA- APRESENTANDO SINTOMA DE EMBRIAGUEZ- FOI RETIRADO POR TERCEIROS PARA LOCAL IGNORADO),1,1,,,,,,,,1,,,,,,,,,
2020-05-27 00:00:00,08:53:00,SEM VÍTIMA,TORRÕES,AV ENGENHEIRO ABDIAS DE CARVALHO,,CIDADE,ABALROAMENTO LONGITUDINAL,,2,,,,,,,,,0,Longo da via,Bom,Perfeito estado,Seca,Perfeito estado,Outras,60 km/h,Dupla,Canteiro central
2020-05-28 00:00:00,09:01:00,SEM VÍTIMA,PINA,AV ANTONIO DE GOES,103,C,ABALROAMENTO LONGITUDINAL,,2,,,,,,,,,0,Cruzamento,Bom,Perfeito estado,Seca,Perfeito estado,Não há placas,,Única,Faixa seccionada
2020-06-01 00:00:00,11:26:00,VÍTIMA FATAL,SÃO JOSÉ,AV DANTAS BARRETO,181,,CHOQUE VEÍCULO PARADO,COLISÃO ENTRE UM AUTO PASSEIO E UM CAMINHÃO COLETOR DE LIXO DA EMPRESA VITAL- C/VITIMA FATAL. (BOMBEIROS JÁ COMPARECEU AO LOCAL - IC- IML E DP SERÃO ACIONADOS PELA REQUERENTE),1,,,,,,1,,,,Cruzamento,Bom,Perfeito estado,Seca,Perfeito estado,R-6a,,Única,Não existe
2020-06-01 00:00:00,09:33:00,COM VÍTIMA,CABANGA,AV SUL,,CIDADE,COLISÃO COM CICLISTA,ENTRE CICLISTA E MOTOQUEIRO,,1,,1,,,,,,1,Longo da via,Bom,Perfeito estado,Seca,Perfeito estado,Não há placas,,Dupla,Canteiro central
2020-06-01 00:00:00,11:24:00,COM VÍTIMA,CAMPO GRANDE,AV GOVERNADOR AGAMENON MAGALHAES,,SUBURBIO,ABALROAMENTO TRANSVERSAL,DOIS AUTOS,2,,,1,,,,,,1,Cruzamento,Bom,Incompleta,Seca,Perfeito estado,Outras,,Única,Não existe
2020-06-01 00:00:00,13:41:00,SEM VÍTIMA,MADALENA,RUA ARLINDO GOUVEIA,,CIDADE,COLISÃO,ENVOLVENDO VEÍCULO OFICAL DO TRIBUNAL DE JUSTIÇA,1,,,,,,,1,,0,Longo da via,Bom,Perfeito estado,Seca,Perfeito estado,Não há placas,,Única,Não existe
2020-06-01 00:00:00,15:22:00,COM VÍTIMA,PARNAMIRIM,RUA JOAO TUDE DE MELO,649,SUBURBIO,COLISÃO TRASEIRA,DOIS AUTOS COM UMA VÍTIMA,2,,,,,,,,,1,Longo da via,Bom,Perfeito estado,Seca,Perfeito estado,R-4b,,Única,Faixa contínua
2020-06-01 00:00:00,15:55:00,COM VÍTIMA,SANTO AMARO,AV CRUZ CABUGA,171,,ABALROAMENTO LONGITUDINAL,,,2,,,,,,,,3,Cruzamento,Bom,Perfeito estado,Seca,Perfeito estado,,,Dupla,Canteiro central