data,hora,natureza,bairro,endereco,num_semaforo,sentido_via,tipo,auto,moto,ciclom,ciclista,pedestre,onibus,caminhao,viatura,outros,vitimas,vitimasfatais,acidente_verificado,tempo_clima,sinalizacao,condicao_via,conservacao_via,situacao_placa,velocidade_max_via,mao_direcao,divisao_via1
2020-06-01 00:00:00,19:46:00,COM VÍTIMA,BOA VIAGEM,RUA BARAO DE SOUZA LEAO,,CIDADE,ABALROAMENTO TRANSVERSAL,COM AUTO E MOTOCICLETA,1,1,,,,,,,,1,Esquina,Bom,Perfeito estado,Seca,Perfeito estado,Não há placas,,Única,Não existe
2020-06-02 00:00:00,07:55:00,COM VÍTIMA,BONGI,RUA DONA MARIA AUGUSTA NOGUEIRA,,,COLISÃO TRASEIRA,COLISÃO ENTRE MOTOCICLETA X AUTO,1,1,,,,,,,,1,Longo da via,Bom,Não existente,Seca,Perfeito estado,Não há placas,,Dupla,Não existe
2020-06-02 00:00:00,08:22:00,COM VÍTIMA,AFOGADOS,RUA COSME VIANA,430,SUBURBIO,ABALROAMENTO TRANSVERSAL,COLISÃO ENTRE MOTOCICLETA X AUTO,1,1,,,,,,,,1,Cruzamento,Bom,Perfeito estado,Seca,Perfeito estado,Outras,60 km/h,Única,Faixa contínua
2020-06-02 00:00:00,12:21:00,VÍTIMA FATAL,IPSEP,AV RECIFE,,CIDADE,ATROPELAMENTO,ATROPELAMENTO COM VÍTIMA FATAL,1,,,,1,,,,,,Cruzamento,Bom,Incompleta,Seca,Perfeito estado,Não há placas,,Dupla,Canteiro central
2020-06-02 00:00:00,14:08:00,COM VÍTIMA,BOA VIAGEM,RUA FELIX DE BRITO E MELO,,SUBURBIO,COLISÃO TRASEIRA,AUTO X MOTOCICLETA,1,1,,,,,,,,1,Longo da via,Bom,Perfeito estado,Seca,Perfeito estado,Não há placas,,Única,Faixa seccionada
2020-06-02 00:00:00,15:25:00,SEM VÍTIMA,TAMARINEIRA,AV NORTE,62,SUBURBIO,COLISÃO,COLISÃO SEM VÍTIMAS- ENTRE 2 AUTOS.,2,,,,,,,,,0,Cruzamento,Bom,Perfeito estado,Seca,Perfeito estado,Outras,,Dupla,Faixa contínua
2020-06-02 00:00:00,18:31:00,COM VÍTIMA,BOA VIAGEM,AVENIDA CELSO FURTADO (VIA MANGUE),,SUBURBIO,ABALROAMENTO LONGITUDINAL,COLISÃO AUTO E MOTO,1,1,,,,,,,,1,Longo da via,Bom,Perfeito estado,Seca,Perfeito estado,Não há placas,60 km/h,Dupla,Faixa seccionada
2020-06-03 00:00:00,06:15:00,COM VÍTIMA,SANTO AMARO,AV GOVERNADOR AGAMENON MAGALHAES,,SUBURBIO,COLISÃO TRASEIRA,COLISÃO AUTO X MOTO,1,1,,,,,,,,1,Viaduto,Bom,Perfeito estado,Seca,Perfeito estado,Não há placas,,Única,Faixa seccionada
2020-06-03 00:00:00,08:07:00,COM VÍTIMA,BOA VIAGEM,AV CONSELHEIRO AGUIAR,147,CIDADE,COLISÃO COM CICLISTA,COLISÃO AUTOMÓVEL E BICICLETA,1,,,1,,,,,,1,Cruzamento,Bom,Perfeito estado,Seca,Perfeito estado,Outras,,Única,Faixa contínua
2020-06-03 00:00:00,11:24:00,COM VÍTIMA,IMBIRIBEIRA,RUA ITAJAI,,,ABALROAMENTO TRANSVERSAL,ACIDENTE COM MOTO E CARRO,1,1,,,,,,,,1,Cruzamento,Bom,Perfeito estado,Seca,Perfeito estado,Placas Pare,,,
2020-06-03 00:00:00,12:46:00,COM VÍTIMA,JIQUIÁ,RUA SAO MIGUEL,425,SUBURBIO,ABALROAMENTO TRANSVERSAL,ACIDENTE COM MOTO E CARRO,1,1,,,,,,,,1,Esquina,Bom,Perfeito estado,Seca,Perfeito estado,Não há placas,,Dupla,Faixa contínua
2020-06-03 00:00:00,14:52:00,SEM VÍTIMA,ILHA DO LEITE,AV FREI MATIAS TEVES,,SUBURBIO,COLISÃO,COLISÃO SEM VÍTIMA NO CRUZAMENTO,2,,,,,,,,,0,Cruzamento,Bom,Perfeito estado,Seca,Perfeito estado,Outras,30 km/h,Única,Faixa seccionada
2020-06-03 00:00:00,15:06:00,COM VÍTIMA,ENCRUZILHADA,EST DE BELEM,201,SUBURBIO,ABALROAMENTO TRANSVERSAL,COLISÃO ENTRE AUTO E MOTO ACIDENTE COM VITIMA,1,1,,,,,,,,1,Longo da via,Bom,Perfeito estado,Seca,Perfeito estado,Outras,,Dupla,
2020-06-04 00:00:00,07:05:00,COM VÍTIMA,ROSARINHO,AV NORTE,81,SUBURBIO,ABALROAMENTO LONGITUDINAL,COLISÃO COM VITIMA,1,1,,,,,,,,1,Cruzamento,Bom,Perfeito estado,Seca,Perfeito estado,Outras,,Dupla,Canteiro central
2020-06-04 00:00:00,08:21:00,SEM VÍTIMA,TORRÕES,AV ENGENHEIRO ABDIAS DE CARVALHO,,SUBURBIO,COLISÃO,COLISÃO ENVOLVENDO TRÊS VEÍCULOS- SENDO UM DELES UMA VIATURA DA PM-PE,2,,,,,,,1,,0,Longo da via,Bom,Perfeito estado,Seca,Perfeito estado,Não há placas,60km,Dupla,Canteiro central
2020-06-04 00:00:00,16:37:00,COM VÍTIMA,SANTO AMARO,AV GOVERNADOR AGAMENON MAGALHAES,,BOA VIAGEM,COLISÃO TRASEIRA,ACIDENTE COM VÍTIMA ENVOLVENDO UMA MOTOCICLETA E UM AUTO PASSEIO,1,1,,,,,,,,1,Longo da via,Bom,Perfeito estado,Seca,Perfeito estado,Não há placas,60 km/h,Dupla,Canal
2020-06-05 00:00:00,09:44:00,SEM VÍTIMA,CORDEIRO,AV CAXANGA,,CIDADE,ABALROAMENTO LONGITUDINAL,,2,,,,,,,,,0,Longo da via,Bom,Perfeito estado,Seca,Perfeito estado,Não há placas,,Dupla,Canteiro central
2020-06-05 00:00:00,09:49:00,SEM VÍTIMA,ESPINHEIRO,RUA CONS PORTELA,11,CIDADE,ABALROAMENTO LONGITUDINAL,AGENTES NO LOCA- FABIO LEITE E ARTHUR MONTEIRO,1,1,,,,,,,,0,Cruzamento,Bom,Perfeito estado,Seca,Perfeito estado,Outras,,Única,Outros
2020-06-05 00:00:00,12:46:00,COM VÍTIMA,TORRE,AV BEIRA RIO,,SUBURBIO,ABALROAMENTO LONGITUDINAL,AUTO E MOTO,1,1,,,,,,,,1,Longo da via,Bom,Perfeito estado,Seca,Perfeito estado,Não há placas,,Dupla,Faixa seccionada
2020-06-05 00:00:00,14:38:00,COM VÍTIMA,VASCO DA GAMA,AV VEREADOR OTACILIO AZEVEDO,,SUBURBIO,COLISÃO TRASEIRA,AUTO E MOTO COM UMA VÍTIMA,1,1,,,,,,,,1,Esquina,Bom,Não existente,Seca,Perfeito estado,Outras,,Dupla,Faixa seccionada
2020-06-05 00:00:00,22:24:00,COM VÍTIMA,AFOGADOS,RUA SAO MIGUEL,,SUBURBIO,ABALROAMENTO TRANSVERSAL,MOTO E AUTO,1,1,,,,,,,,1,Longo da via,Chuvoso,Perfeito estado,Molhada,Perfeito estado,Não há placas,,Dupla,Faixa seccionada
2020-06-06 00:00:00,00:02:00,COM VÍTIMA,APIPUCOS,RUA DE APIPUCOS,500,SUBURBIO,COLISÃO TRASEIRA,AUTO E MOTO,1,1,,,,,,,,1,Esquina,Chuvoso,Perfeito estado,Molhada,Perfeito estado,Não há placas,,Dupla,Faixa contínua
2020-06-06 00:00:00,04:33:00,COM VÍTIMA,SÃO JOSÉ,AV SUL,,CIDADE,ATROPELAMENTO,AUTO E PEDESTRE.,1,,,,1,,,,,1,Longo da via,Bom,Perfeito estado,Seca,Perfeito estado,Não há placas,60 km/h,Dupla,Canteiro central
2020-06-06 00:00:00,13:42:00,COM VÍTIMA,BOA VIAGEM,RUA VISCONDE DE JEQUITINHONHA,,SUBURBIO,ABALROAMENTO LONGITUDINAL,COLISÃO MOTOCICLETA X AUTO PASSEIO,1,1,,,,,,,,2,Longo da via,Bom,Perfeito estado,Seca,Perfeito estado,Não há placas,60 km/h,Única,Canteiro central
2020-06-06 00:00:00,15:04:00,COM VÍTIMA,PINA,AV HERCULANO BANDEIRA,,,COLISÃO,COLISÃO ENTRE MOTOCICLETA X DOIS AUTO PASSEIOS,2,1,,,,,,,,1,,,,,,,,,
2020-06-06 00:00:00,18:30:00,SEM VÍTIMA,BOA VIAGEM,RUA FELIX DE BRITO E MELO,551,SUBURBIO,COLISÃO TRASEIRA,COLISÃO AUTO E MOTO CONDUTOR COM SINTOMAS DE EMBRIAGUES PMPE NO LOCAL,1,1,,,,,,,,0,Cruzamento,Chuvoso,Perfeito estado,Seca,Perfeito estado,Outras,40 km/h,Única,
2020-06-07 00:00:00,06:31:00,COM VÍTIMA,VASCO DA GAMA,RUA ALTO DO EUCALIPTO,,CIDADE,ABALROAMENTO LONGITUDINAL,COLISÃO AUTO X MOTO,1,1,,,,,,,,1,Longo da via,Chuvoso,Não existente,Molhada,Perfeito estado,Não há placas,,Dupla,Não existe
2020-06-07 00:00:00,07:05:00,SEM VÍTIMA,IMBIRIBEIRA,AV MARECHAL MASCARENHAS DE MORAES,,CIDADE,CHOQUE,VEÍCULO CHOCOU-SE COM O MURO,,,,,,,,,,0,Outros,Chuvoso,Perfeito estado,Molhada,Perfeito estado,Não há placas,N/I,Dupla,Canteiro central
2020-06-07 00:00:00,14:48:00,SEM VÍTIMA,TAMARINEIRA,RUA PADRE ROMA,,,COLISÃO,COLISÃO ENTE DOIS CARROS E UM DOS CONDUTORES ENCONTRA-SE COM SINTOMAS DE EMBRIAGUÊS,2,,,,,,,,,0,Longo da via,Nublado,Perfeito estado,Seca,Perfeito estado,R-6a,N/I,Dupla,Faixa seccionada
2020-06-08 00:00:00,08:19:00,COM VÍTIMA,TORRE,RUA PROFESSOR TRAJANO DE MENDONCA,,CIDADE,ABALROAMENTO TRANSVERSAL,COLISÃO COM VITIMA,1,1,,,,,,,,1,Longo da via,Bom,Perfeito estado,Seca,Perfeito estado,Outras,,Única,Faixa contínua
2020-06-08 00:00:00,08:57:00,SEM VÍTIMA,AFOGADOS,RUA SAO MIGUEL,,SUBURBIO,COLISÃO,COLISÃO SEM VITIMA . VT 14 NO LOCAL,1,1,,,,,,,,0,,,,,,,,,
2020-06-08 00:00:00,12:35:00,SEM VÍTIMA,ÁGUA FRIA,AV BEBERIBE,,CIDADE,COLISÃO,O SOLICITANTE INFORMA QUE O MOTORISTA DO VEICULO DE PLACA PCR 8252 ESTA COM SINTOMAS DE EMBRIAGUEZ,2,,,,,,,,,0,Esquina,Bom,Incompleta,Seca,Perfeito estado,Outras,N/I,Dupla,Não existe
2020-06-08 00:00:00,14:48:00,COM VÍTIMA,IBURA,AV DOIS RIOS,561,SUBURBIO,COLISÃO TRASEIRA,CINCO VEÍCULOS ENVOLVIDOS EM UM ENGAVETAMENTO,5,,,,,,,,,1,Longo da via,Bom,Perfeito estado,Seca,Perfeito estado,R-6a,,Dupla,Faixa contínua
2020-06-08 00:00:00,18:02:00,COM VÍTIMA,SANTO AMARO,AV CRUZ CABUGA,343,SUBURBIO,COLISÃO COM CICLISTA,COLISÃO COM VITIMA,,,,1,,1,,,,1,Cruzamento,Bom,Perfeito estado,Seca,Perfeito estado,Outras,,Dupla,
2020-06-08 00:00:00,18:29:00,COM VÍTIMA,ENCRUZILHADA,AV NORTE,43,CIDADE,COLISÃO TRASEIRA,COLISÃO COM VITIMA,1,1,,,,,,,,1,Longo da via,Bom,Perfeito estado,Seca,Perfeito estado,Não há placas,60 km/h,Dupla,Canteiro central
2020-06-08 00:00:00,18:32:00,COM VÍTIMA,CASA FORTE,PRC DE CASA FORTE,,SUBURBIO,ATROPELAMENTO,MOTO E PEDESTRE.,,1,,,1,,,,,1,Esquina,Bom,Perfeito estado,Seca,Perfeito estado,Outras,,Dupla,Não existe
2020-06-09 00:00:00,10:38:00,COM VÍTIMA,MACAXEIRA,AV NORTE,451,SUBURBIO,ABALROAMENTO TRANSVERSAL,COISÃO ENTRE MOTOCICLETA E CAMINHÃO DA EMLURB,,1,,,,,1,,,1,Cruzamento,Bom,Perfeito estado,Seca,Perfeito estado,R-6a,,Dupla,Canteiro central
2020-06-09 00:00:00,13:23:00,COM VÍTIMA,BOA VISTA,AV CONDE DA BOA VISTA,299,CIDADE,CHOQUE OBJETO FIXO,VEÍCULO SE CHOCOU COM O CANTEIRO CENTRAL E CAPOTOU COM DUAS VÍTIMAS,1,,,,,,,,,2,Cruzamento,Bom,Perfeito estado,Seca,Perfeito estado,R-6c,,Dupla,Canteiro central
2020-06-09 00:00:00,13:04:00,COM VÍTIMA,IMBIRIBEIRA,AV MARECHAL MASCARENHAS DE MORAES,286,SUBURBIO,CHOQUE VEÍCULO PARADO,COLISÃO ENTRE VEICULOS CAUSADA POR UM HOMEM BALEADO,3,,,,,,,,,1,Longo da via,Chuvoso,Perfeito estado,Molhada,Perfeito estado,Outras,,Única,Não existe
2020-06-09 00:00:00,13:21:00,COM VÍTIMA,ESTÂNCIA,RUA MORAIS E SILVA,,SUBURBIO,COLISÃO FRONTAL,ÔNIBUS E MOTO.,,1,,,,1,,,,2,Esquina,Bom,Não existente,Seca,Perfeito estado,Não há placas,,Dupla,Faixa contínua
2020-06-09 00:00:00,14:19:00,COM VÍTIMA,SANTO AMARO,AV NORTE,,CIDADE,ABALROAMENTO LONGITUDINAL,DUAS MOTOS ENVOLVIDAS.,,2,,,,,,,,2,Esquina,Bom,Perfeito estado,Seca,Perfeito estado,,,Dupla,Canteiro central
2020-06-09 00:00:00,14:56:00,SEM VÍTIMA,SAN MARTIN,RUA VINTE E UM DE ABRIL,,SUBURBIO,COLISÃO TRASEIRA,COLISÃO DOIS AUTOS SEM VÍTIMA,2,,,,,,,,,0,Longo da via,Bom,Perfeito estado,Seca,Perfeito estado,Não há placas,,Dupla,Não existe
2020-06-09 00:00:00,15:27:00,COM VÍTIMA,CAMPO GRANDE,EST DE BELEM,26,,ATROPELAMENTO,SI DINIZ NO LOCAL VT 30,1,,,,1,,,,,1,Longo da via,Bom,Perfeito estado,Seca,Perfeito estado,,,Dupla,Faixa contínua
2020-06-09 00:00:00,16:09:00,SEM VÍTIMA,MADALENA,RUA JOSE OSORIO,387,SUBURBIO,COLISÃO,COLISÃO ENTRE VEICULO OFICIAL,1,,,,,,,1,,0,Ponte,Bom,Perfeito estado,Seca,Perfeito estado,Outras,,Dupla,Faixa contínua
2020-06-09 00:00:00,17:56:00,COM VÍTIMA,SÃO JOSÉ,AV DANTAS BARRETO,,,COLISÃO,,1,,,,,1,,,,1,,,,,,,,,
2020-06-10 00:00:00,06:58:00,COM VÍTIMA,IBURA,AV DOM HELDER CAMARA,,CIDADE,ATROPELAMENTO,Usuário informa que vinha de veiculo- quando foi surpreendido por transeunte que atravessou-se à frente de seu veículo. O mesmo informou ainda que acionou equipe de resgate.,1,,,,1,,,,,1,Longo da via,Chuvoso,Incompleta,Molhada,Mal conservada,Não há placas,,Dupla,Canteiro central
2020-06-10 00:00:00,07:45:00,COM VÍTIMA,SANTO AMARO,AV NORTE,243,CIDADE,ACID. DE PERCURSO,MOTOCICLISTA DERRAPOU NA VIA,,1,,,,,,,,1,Longo da via,Chuvoso,Perfeito estado,Molhada,Perfeito estado,R-6a,,Dupla,Canteiro central
2020-06-10 00:00:00,09:55:00,COM VÍTIMA,NOVA DESCOBERTA,RUA NOVA DESCOBERTA,,CIDADE,ABALROAMENTO LONGITUDINAL,Usuário informa que motociclista derrapou e chocou-se frontal com um ônibus. Vímima socorrida pelo SAMU.,,1,,,,1,,,,1,Longo da via,Bom,Perfeito estado,Seca,Perfeito estado,Outras,,Dupla,Faixa seccionada
2020-06-10 00:00:00,12:47:00,COM VÍTIMA,BEBERIBE,AV BEBERIBE,517,,COLISÃO COM CICLISTA,Condutor informa que transportava ferragem por ser serralheiro e o condutor da bicicleta enroscou-se- chegando a cair. O condutor informa que a viatura 32 está no local.,1,,,1,,,,,,1,Longo da via,Bom,Perfeito estado,Seca,Perfeito estado,R-6a,,Dupla,Faixa contínua
2020-06-10 00:00:00,18:22:00,COM VÍTIMA,GRAÇAS,AV RUI BARBOSA,48,CIDADE,ABALROAMENTO TRANSVERSAL,COLISÃO COM VITIMA- GGOF NO LOCAL,1,1,,,,,,,,1,Cruzamento,Bom,Perfeito estado,Seca,Perfeito estado,Outras,,Única,
2020-06-10 00:00:00,19:56:00,SEM VÍTIMA,CORDEIRO,AV CAXANGA,,SUBURBIO,COLISÃO,COLISÃO AUTO DOIS AUTOS CONDUTOR COM SINTOMAS DE EMBRIAGUÊS,2,,,,,,,,,0,Longo da via,Chuvoso,Perfeito estado,Molhada,Perfeito estado,Não há placas,60km,Dupla,Canteiro central
2020-06-10 00:00:00,20:46:00,SEM VÍTIMA,CORDEIRO,AV MAURICIO DE NASSAU,,SUBURBIO,COLISÃO FRONTAL,COLISÃO DOIS AUTOS COM VITIMAS,2,,,,,,,,,0,Longo da via,Chuvoso,Perfeito estado,Molhada,Mal iluminada,Não há placas,,Dupla,Faixa contínua
2020-06-11 00:00:00,06:15:00,SEM VÍTIMA,ESPINHEIRO,RUA CONS PORTELA,11,CIDADE,COLISÃO,COLISÃP SEM VITIMIA AUTO X ONIBUS,1,,,,,1,,,,0,Cruzamento,Bom,Perfeito estado,Seca,Perfeito estado,Outras,,Única,Faixa contínua
2020-06-11 00:00:00,10:10:00,COM VÍTIMA,AREIAS,RUA SAO MIGUEL,394,SUBURBIO,ABALROAMENTO LONGITUDINAL,COLISÃO CARRO E MOTO,1,1,,,,,,,,1,Longo da via,Bom,Perfeito estado,Seca,Perfeito estado,Não há placas,,Dupla,Faixa contínua
2020-06-11 00:00:00,11:15:00,VÍTIMA FATAL,CAXANGÁ,RUA GREGORIO JUNIOR,236,CIDADE,ATROPELAMENTO,ATROPELAMENTO DO PEDESTRE POR UMA MOTO- A POSTERIOR O VEICULO PASSOU POR CIMA DA VÍTIMA. RESULTADO FINAL MOTOCICLISTA VITIMADO E O ATROPELADO EM ÓBITO,1,1,,,1,,,,,2,Longo da via,Nublado,Perfeito estado,Seca,,Outras,,Única,Canteiro central
2020-06-11 00:00:00,11:23:00,COM VÍTIMA,TORRE,RUA CANTORA CLARA NUNES,,CIDADE,ABALROAMENTO TRANSVERSAL,COLISÃO CARRO E MOTO,1,1,,,,,,,,1,Cruzamento,Bom,Não existente,Seca,Perfeito estado,Não há placas,,Dupla,Não existe
2020-06-11 00:00:00,18:57:00,SEM VÍTIMA,CORDEIRO,AV CAXANGA,,SUBURBIO,COLISÃO,VEÍCULO DA SECRETARIA DE SAÚDE,2,,,,,,,,,0,Longo da via,Bom,Perfeito estado,Seca,Perfeito estado,Não há placas,n/i,Única,Faixa seccionada
2020-06-12 00:00:00,00:10:00,COM VÍTIMA,CORDEIRO,AV CAXANGA,,SUBURBIO,COLISÃO FRONTAL,MOTOQUEIRO COLIDIU NO CAMINHÃO,,1,,,,,1,,,1,Longo da via,Chuvoso,Perfeito estado,Molhada,Perfeito estado,Outras,,Dupla,Canteiro central
2020-06-12 00:00:00,10:01:00,COM VÍTIMA,CORDEIRO,AV CAXANGA,,CIDADE,ABALROAMENTO LONGITUDINAL,COLISÃO COM VÍTIMA,1,1,,,,,,,,2,Esquina,Bom,Perfeito estado,Seca,Perfeito estado,,,Dupla,Faixa contínua
2020-06-12 00:00:00,12:44:00,COM VÍTIMA,JIQUIÁ,RUA SAO MIGUEL,,CIDADE,ABALROAMENTO TRANSVERSAL,COLISÃO COM VÍTIMA ENVOLVENDO TRÊS VEÍCULOS,1,2,,,,,,,,1,Longo da via,Bom,Perfeito estado,Seca,Perfeito estado,Não há placas,,Dupla,Faixa contínua
2020-06-12 00:00:00,14:48:00,COM VÍTIMA,APIPUCOS,AV DEZESSETE DE AGOSTO,,SUBURBIO,ABALROAMENTO LONGITUDINAL,AUTO PASSEIO E MOTOCICLETA COM DUAS VÍTIMAS,1,1,,,,,,,,2,Longo da via,Bom,Perfeito estado,Seca,Perfeito estado,R-6a,,Dupla,Faixa seccionada
2020-06-12 00:00:00,19:19:00,COM VÍTIMA,CORDEIRO,RUA N S DA SAUDE,,,COLISÃO,COLISÃO COM VITIMA ENTRE AUTO X MOTO,2,,,,,,,,,1,,,,,,,,,
2020-06-12 00:00:00,20:45:00,COM VÍTIMA,BOA VIAGEM,RUA VISCONDE DE JEQUITINHONHA,154,CIDADE,ABALROAMENTO TRANSVERSAL,COLISSÃO COM VITIMA,1,1,,,,,,,,1,Cruzamento,Bom,Perfeito estado,Seca,Perfeito estado,,,Única,
2020-06-13 00:00:00,23:31:00,COM VÍTIMA,MADALENA,RUA REAL DA TORRE,,SUBURBIO,ABALROAMENTO TRANSVERSAL,CARRO E MOTO,1,1,,,,,,,,1,Esquina,Chuvoso,,Molhada,Perfeito estado,Placas Pare,,,
2020-06-14 00:00:00,08:21:00,COM VÍTIMA,CABANGA,PTE GOVERNADOR PAULO GUERRA,,SUBURBIO,TOMBAMENTO,ACIDENTE DE PERCURSO COM MOTOCICLETA,,1,,,,,,,,1,Longo da via,Chuvoso,Perfeito estado,Molhada,Perfeito estado,Não há placas,,Única,Faixa seccionada
2020-06-14 00:00:00,11:24:00,COM VÍTIMA,TEJIPIÓ,AV DR JOSE RUFINO,,,COLISÃO COM CICLISTA,COLISÃO MOTOCICLETA X CICLISTA,,1,,1,,,,,,3,,,,,,,,,
2020-06-14 00:00:00,19:56:00,COM VÍTIMA,MADALENA,RUA JOSE OSORIO,,SUBURBIO,CHOQUE VEÍCULO PARADO,COLISÃO AUTO E MOTO,1,1,,,,,,,,1,Longo da via,Chuvoso,Perfeito estado,Molhada,Perfeito estado,Não há placas,60 km/h,Única,Não existe
2020-06-15 00:00:00,09:56:00,SEM VÍTIMA,MUSTARDINHA,AV MANOEL GONCALVES DA LUZ,,SUBURBIO,COLISÃO,DOIS AUTOS SEM VÍTIMA,2,,,,,,,,,0,Cruzamento,Bom,Perfeito estado,Seca,Perfeito estado,Outras,N/I,Dupla,Faixa contínua
2020-06-15 00:00:00,10:43:00,SEM VÍTIMA,SÍTIO DOS PINTOS,RUA VEREADOR PETRUS CAMARA,,CIDADE,COLISÃO,ENTRE VEÍCULO OFICIAL E CARROÇA,,,,,,,,1,1,0,Longo da via,Chuvoso,Não existente,Molhada,Outros,Não há placas,N/I,Dupla,Não existe
2020-06-15 00:00:00,15:42:00,SEM VÍTIMA,SÃO JOSÉ,AV N S DO CARMO,,,COLISÃO,COLISÃO ENTRE DOIS AUTOMÓVEIS,2,,,,,,,,,0,Cruzamento,Chuvoso,Perfeito estado,Molhada,Perfeito estado,Não há placas,N/I,Dupla,Faixa contínua
2020-06-15 00:00:00,19:28:00,COM VÍTIMA,CASA AMARELA,AV NORTE,364,SUBURBIO,ABALROAMENTO TRANSVERSAL,,1,1,,,,,,,,1,Cruzamento,Chuvoso,Perfeito estado,Molhada,Perfeito estado,Não há placas,,Dupla,Faixa seccionada
2020-06-15 00:00:00,19:35:00,COM VÍTIMA,IMBIRIBEIRA,AV MARECHAL MASCARENHAS DE MORAES,,SUBURBIO,COLISÃO,MOTO E AUTO,1,1,,,,,,,,1,,,,,,,,,
2020-06-16 00:00:00,08:25:00,COM VÍTIMA,VÁRZEA,AV JOAQUIM RIBEIRO,368,CIDADE,ABALROAMENTO LONGITUDINAL,COLISÃO ENVOLVENDO MOTOCICLISTA E AUTOPASSEIO - EQUIPE DE AGENTES NO LOCAL PROCEDENDO À OCORRÊNCIA,1,1,,,,,,,,1,Longo da via,Chuvoso,Perfeito estado,Molhada,Perfeito estado,Não há placas,60 km/h,Única,Faixa seccionada
2020-06-16 00:00:00,14:42:00,SEM VÍTIMA,IBURA,AV DOIS RIOS,594,CIDADE,COLISÃO,COLISÃO SEM VITIMA.( BATEDORES NO LOCAL MOTO 11 E 24,1,,,,,,1,,,0,Longo da via,Bom,Perfeito estado,Seca,Perfeito estado,Outras,N/I,Dupla,Faixa contínua
2020-06-16 00:00:00,23:02:00,SEM VÍTIMA,BOA VIAGEM,AV CONSELHEIRO AGUIAR,,SUBURBIO,CHOQUE OBJETO FIXO,ONIBUS DA EMPRESA BORBOREMA CHOCOU-SE CONTRA UM POSTE DE ALTA TENSÃO- QUE AMEAÇA CAIR NA VIA - SEM VÍTIMA,,,,,,1,,,,0,Cruzamento,Chuvoso,Perfeito estado,Molhada,Perfeito estado,R-6a,40KM,Única,Outros
2020-06-17 00:00:00,11:29:00,COM VÍTIMA,IBURA,AV PERNAMBUCO,,SUBURBIO,ABALROAMENTO LONGITUDINAL,COLISÃO COM VITIMA ENTRE AUTO E MOTO.,1,1,,,,,,,,1,Cruzamento,Bom,Perfeito estado,Seca,Perfeito estado,Não há placas,,Dupla,Faixa seccionada
2020-06-17 00:00:00,15:20:00,COM VÍTIMA,CASA FORTE,AV DEZESSETE DE AGOSTO,,CIDADE,COLISÃO TRASEIRA,,2,,,,,,,,,1,Longo da via,Bom,Perfeito estado,Seca,Perfeito estado,Não há placas,,Dupla,Faixa contínua
2020-06-17 00:00:00,15:51:00,COM VÍTIMA,MADALENA,RUA MENEZES DRUMOND,,SUBURBIO,ABALROAMENTO TRANSVERSAL,,1,1,,,,,,,,1,Cruzamento,Bom,Perfeito estado,Seca,Perfeito estado,R-4a,,Única,Faixa contínua
2020-06-17 00:00:00,19:06:00,COM VÍTIMA,JIQUIÁ,AV DR JOSE RUFINO,,,ABALROAMENTO TRANSVERSAL,ACIDENTE ENTRE AUTO E MOTO,1,1,,,,,,,,1,Esquina,Bom,Perfeito estado,Seca,Perfeito estado,Outras,,Dupla,Faixa contínua
2020-06-17 00:00:00,19:46:00,COM VÍTIMA,JORDÃO,RUA DR ALVARO FERRAZ,,,COLISÃO,DUAS MOTOS E UM CAMINHÃO,,2,,,,,1,,,1,Longo da via,Chuvoso,Incompleta,Molhada,Mal iluminada,Não há placas,30KM,Única,Não existe
2020-06-18 00:00:00,09:53:00,COM VÍTIMA,IPUTINGA,AV CAXANGA,,SUBURBIO,COLISÃO TRASEIRA,COLISÃO COM VITIMA,1,1,,,,,,,,1,Cruzamento,Bom,Perfeito estado,Seca,Perfeito estado,Não há placas,60 km/h,Dupla,Canteiro central
2020-06-18 00:00:00,11:21:00,COM VÍTIMA,IPSEP,RUA ITACARI,,,ABALROAMENTO TRANSVERSAL,COLISÃO COM VÍTIMA ENTRE 2 AUTOS,2,,,,,,,,,1,Cruzamento,Nublado,Perfeito estado,Seca,Perfeito estado,Placas Pare,30 km/h,Única,Faixa seccionada
2020-06-18 00:00:00,15:11:00,SEM VÍTIMA,MADALENA,RUA DOM MANOEL DA COSTA,,,COLISÃO,COLISÃO ENTRE 2 AUTOS- SEM VÍTIMAS,2,,,,,,,,,0,Cruzamento,Bom,Incompleta,Seca,Mal conservada,R-6a,N/I,Única,Faixa contínua
2020-06-18 00:00:00,15:12:00,SEM VÍTIMA,BOA VIAGEM,RUA ANTONIO FALCAO,,,COLISÃO,COLISÃO ENTRE 2 AUTOS- SEM VÍTIMAS,2,,,,,,,,,0,Cruzamento,Chuvoso,Ilegível,Molhada,Perfeito estado,Placas Pare,N/I,Única,Não existe