data,hora,natureza,bairro,endereco,num_semaforo,sentido_via,tipo,auto,moto,ciclom,ciclista,pedestre,onibus,caminhao,viatura,outros,vitimas,vitimasfatais,acidente_verificado,tempo_clima,sinalizacao,condicao_via,conservacao_via,situacao_placa,velocidade_max_via,mao_direcao,divisao_via1
2020-06-18 00:00:00,15:52:00,SEM VÍTIMA,TAMARINEIRA,RUA CONEGO BARATA,,SUBURBIO,COLISÃO,Condutora informa que seu veículo foi colidido na traseira por veículo da Secretaria de Saúde do Município de Recife,,,,,,,,,,0,Longo da via,Chuvoso,Perfeito estado,Molhada,Perfeito estado,R-6a,N/I,Única,Canteiro central
2020-06-18 00:00:00,16:16:00,COM VÍTIMA,SÃO JOSÉ,AV SUL,509,SUBURBIO,COLISÃO COM CICLISTA,COLISÃO ÔNIBUS X CICLISTA,,,,1,,1,,,,1,Longo da via,Chuvoso,Perfeito estado,Molhada,Perfeito estado,Outras,60 km/h,Dupla,Faixa seccionada
2020-06-19 00:00:00,04:52:00,VÍTIMA FATAL,JOANA BEZERRA,VIADUTO CAPITAO TEMUDO,,CIDADE,COLISÃO COM CICLISTA,MOTO X BICICLETA C/VITIMA FATAL,,1,,1,,,,,,1,Viaduto,Chuvoso,Perfeito estado,Molhada,Perfeito estado,R-19,40 km/h,Única,Faixa contínua
2020-06-19 00:00:00,07:46:00,SEM VÍTIMA,CASA FORTE,AV DEZESSETE DE AGOSTO,,,CHOQUE,VEÍCULO COLIDIU COM UM POSTE ESTÁ ATRAVESSADO NA VIA,1,,,,,,,,,0,Longo da via,Chuvoso,Perfeito estado,Molhada,Perfeito estado,Outras,N/I,Dupla,Faixa contínua
2020-06-19 00:00:00,07:55:00,SEM VÍTIMA,ESPINHEIRO,RUA CONS PORTELA,,,COLISÃO,COLISÃO ENTE DOIS AUTOMÓVEIS. OBS: AGENTE ARTHUR.,2,,,,,,,,,0,Cruzamento,Chuvoso,Perfeito estado,Molhada,Perfeito estado,Outras,N/I,Única,Outros
2020-06-19 00:00:00,08:28:00,COM VÍTIMA,SANTO AMARO,AV GOVERNADOR AGAMENON MAGALHAES,,CIDADE,COLISÃO TRASEIRA,AUTO E MOTOCICLETA COM UMA VÍTIMA,1,1,,,,,,,,1,Longo da via,Chuvoso,Perfeito estado,Molhada,Perfeito estado,Não há placas,60 km/h,Dupla,Canteiro central
2020-06-19 00:00:00,08:57:00,COM VÍTIMA,TORRÕES,AV ENGENHEIRO ABDIAS DE CARVALHO,,CIDADE,ABALROAMENTO LONGITUDINAL,DOIS AUTOS E UMA MOTOCICLETA,2,1,,,,,,,,1,Longo da via,Bom,Perfeito estado,Seca,Perfeito estado,Não há placas,,Dupla,Canteiro central
2020-06-19 00:00:00,10:24:00,COM VÍTIMA,ÁGUA FRIA,AV BEBERIBE,,CIDADE,COLISÃO,DOIS AUTOS,2,,,,,,,,,1,Longo da via,Bom,Perfeito estado,Seca,Perfeito estado,Outras,N/I,Dupla,Faixa contínua
2020-06-19 00:00:00,14:22:00,COM VÍTIMA,TAMARINEIRA,AV NORTE,62,CIDADE,ATROPELAMENTO,ATROPELAMENTO ENTRE CAMINHÃO E PEDESTRE,1,,,,1,,,,,1,Longo da via,Chuvoso,Perfeito estado,Molhada,Perfeito estado,,,Dupla,Canteiro central
2020-06-20 00:00:00,03:38:00,SEM VÍTIMA,BOA VISTA,AV CONDE DA BOA VISTA,,SUBURBIO,CHOQUE,VIATURA DA PM SE CHOCOU CONTRA UM GELO BAIANO,1,,,,,,,,,0,Cruzamento,Bom,Perfeito estado,Seca,Perfeito estado,Outras,N/I,Dupla,Canteiro central
2020-06-20 00:00:00,12:09:00,COM VÍTIMA,SANTO AMARO,AV CRUZ CABUGA,343,CIDADE,ABALROAMENTO TRANSVERSAL,COLISÃO COM VITIMA,,2,,,,,,,,2,Cruzamento,Bom,Perfeito estado,Seca,Perfeito estado,Não há placas,40 km/h,Dupla,Faixa seccionada
2020-06-20 00:00:00,13:26:00,SEM VÍTIMA,CASA FORTE,AV DEZESSETE DE AGOSTO,,CIDADE,COLISÃO,COLISÃO SEM VITIMA,2,1,,,,,,,,0,Longo da via,Bom,Perfeito estado,Seca,Perfeito estado,Outras,N/I,Dupla,Faixa contínua
2020-06-20 00:00:00,14:58:00,SEM VÍTIMA,CASA FORTE,AV DEZESSETE DE AGOSTO,,CIDADE,COLISÃO,COLISÃO SEM VITIMA,2,,,,,,,,,0,Longo da via,Bom,Perfeito estado,Seca,Perfeito estado,Outras,N/I,Dupla,Faixa contínua
2020-06-20 00:00:00,16:29:00,SEM VÍTIMA,BOA VIAGEM,RUA PROFESSOR JOSE BRANDAO,,SUBURBIO,COLISÃO,COLISÃO SEM VITIMA,1,1,,,,,,,,0,,,,,,,,,
2020-06-20 00:00:00,19:51:00,COM VÍTIMA,IMBIRIBEIRA,AV MARECHAL MASCARENHAS DE MORAES,,SUBURBIO,ABALROAMENTO LONGITUDINAL,COLISÃO ENTRE TRÊS AUTOS E UMA MOTO.,3,1,,,,,,,,3,Longo da via,Chuvoso,Perfeito estado,Molhada,Perfeito estado,R-6a,40 km/h,Dupla,Canteiro central
2020-06-21 00:00:00,07:24:00,SEM VÍTIMA,MACAXEIRA,AV NORTE,,,CHOQUE OBJETO FIXO,VEÍCULO: PDR 0343 : CHEVROLET ONIX,1,,,,,,,,,0,,,,,,,,,
2020-06-21 00:00:00,12:22:00,COM VÍTIMA,AREIAS,AV RECIFE,,BOA VIAGEM,ABALROAMENTO TRANSVERSAL,AUTO E MOTO.,1,,1,,,,,,,1,Esquina,Bom,Perfeito estado,Seca,Mal conservada,Placas Pare,60 km/h,Dupla,Canteiro central
2020-06-21 00:00:00,16:39:00,COM VÍTIMA,SÍTIO DOS PINTOS,EST DOS PINTOS,,CIDADE,COLISÃO COM CICLISTA,,1,,,1,2,,,,,5,Longo da via,Bom,Incompleta,Seca,Perfeito estado,Não há placas,,Dupla,Não existe
2020-06-21 00:00:00,20:14:00,SEM VÍTIMA,SANTO AMARO,AV JOAO DE BARROS,,SUBURBIO,COLISÃO,COLISÃO ENTRTE DOIS VEÍCULO,2,,,,,,,,,0,Longo da via,Bom,Perfeito estado,Seca,Perfeito estado,Não há placas,N/I,Única,Faixa seccionada
2020-06-21 00:00:00,22:36:00,COM VÍTIMA,JARDIM SÃO PAULO,AV SAO PAULO,,SUBURBIO,COLISÃO,AUTO E MOTO,1,1,,,,,,,,1,,,,,,,,,
2020-06-22 00:00:00,08:56:00,COM VÍTIMA,SANTO AMARO,AV NORTE,,CIDADE,ATROPELAMENTO,ATROPELAMENTO  EM SEGUIDA CONDUTOR BATEU CONTRA POSTE  COM 2 VITIMAS A ESPERA DO SAMU BT MOTO 20 .37 QTH,,1,,,1,,,,,2,Longo da via,Bom,Perfeito estado,Seca,Perfeito estado,Outras,60 km/h,Dupla,Canteiro central
2020-06-22 00:00:00,09:50:00,COM VÍTIMA,GRAÇAS,RUA AMELIA,,SUBURBIO,COLISÃO TRASEIRA,COLISÃO COM VITIMA A ESPERA DO SAMU  GM JOSIMAR JUNIOR QTH,1,1,,,,,,,,1,Longo da via,Bom,Perfeito estado,Seca,Perfeito estado,Outras,,Única,Faixa contínua
2020-06-22 00:00:00,12:31:00,COM VÍTIMA,MACAXEIRA,AV JOSE AMERICO DE ALMEIDA,,SUBURBIO,ABALROAMENTO LONGITUDINAL,COLISÃO COM VÍTIMA,,1,,,,1,,,,1,Longo da via,Bom,Perfeito estado,Seca,Perfeito estado,R-6a,,Dupla,Canteiro central
2020-06-22 00:00:00,13:20:00,SEM VÍTIMA,IBURA,RUA RIO DA PRATA,,,COLISÃO,COLISAO EM VT DA POLICIA E AUTO S/V,1,,,,,,,1,,0,Longo da via,Bom,Perfeito estado,Seca,Perfeito estado,Não há placas,N/I,Dupla,Faixa contínua
2020-06-22 00:00:00,14:13:00,COM VÍTIMA,CORDEIRO,EST DO FORTE DO ARRAIAL N. DO B. JESUS,,SUBURBIO,ABALROAMENTO LONGITUDINAL,COLISÃO COM VÍTIMA,,2,,,,,,,,1,Longo da via,Bom,Incompleta,Seca,Perfeito estado,Outras,,Dupla,Não existe
2020-06-22 00:00:00,17:07:00,COM VÍTIMA,ESTÂNCIA,AV DR JOSE RUFINO,,SUBURBIO,ACID. DE PERCURSO,MOTOCICLISTA DERRAPOU- DEVIDO GRANDE QUANTIDADE DE ÓLEO NA VIA.,,1,,,,,,,,1,Longo da via,Bom,Incompleta,Oleosa,Mal conservada,Não há placas,,Dupla,Faixa contínua
2020-06-22 00:00:00,17:14:00,SEM VÍTIMA,IBURA,AV DOIS RIOS,,,COLISÃO,COLISAO ENTRE DUAS S/V BATEDOR MARCELO E LUCAS DA MOTO 09 E 36 NO LOCAL,,2,,,,,,,,0,Longo da via,Bom,Perfeito estado,Seca,Perfeito estado,Não há placas,N/I,Dupla,Faixa contínua
2020-06-22 00:00:00,18:16:00,SEM VÍTIMA,ROSARINHO,RUA DR JOSE MARIA,,,COLISÃO,PALIO E SUZUKI    OBS: SUSPEITA DE EMBRIAGUEZ,2,2,,,,,,,,0,Longo da via,Bom,Perfeito estado,Seca,Perfeito estado,Outras,N/I,Dupla,Faixa contínua
2020-06-22 00:00:00,19:54:00,COM VÍTIMA,MADALENA,AV VISCONDE DE ALBUQUERQUE,,SUBURBIO,ABALROAMENTO TRANSVERSAL,COLISÃO COM DUAS VITIMAS,,2,,,,,,,,2,Cruzamento,Bom,Perfeito estado,Seca,Perfeito estado,,40 km/h,Única,
2020-06-22 00:00:00,20:32:00,SEM VÍTIMA,ENCRUZILHADA,RUA CASTRO ALVES,666,,ENGAVETAMENTO,ENTRE 3 AUTOS. O RESPONSÁVEL PELO ENGAVETAMENTO APRESENTA SINAIS FORTES DE EMBRIAGUEZ- INCLUSIVE- TENTOU AGREDIR TERCEIROS NO LOCAL- MAS PERMANECE NA VIA PARA O PROCEDIMENTO DE OCORRÊNCIA DA CTTU. S/V,3,,,,,,,,,0,,,,,,,,,
2020-06-22 00:00:00,21:48:00,COM VÍTIMA,VÁRZEA,RUA DONA MARIA LACERDA,,SUBURBIO,CHOQUE OBJETO FIXO,VT DA PM ACABOU SE CHOCANDO CONTRA O FITEIRO NA LOCALIDADE. SOLICITAM O APOIO DA CTTU NO LOCAL. S/V,,,,,,,,1,1,2,Longo da via,Bom,Perfeito estado,Seca,Perfeito estado,Não há placas,,Dupla,Faixa seccionada
2020-06-23 00:00:00,02:03:00,SEM VÍTIMA,MACAXEIRA,AV NORTE,,SUBURBIO,CHOQUE OBJETO FIXO,CONDUTOR PERDEU O CONTROLE DO VEICULO- SUBIU A CALÇADA- BATEU NUMA MURETA DE PROTEÇÃO E CAIU SOBRE UMA FÁBRICA DE BOLOS DE ROLO.,1,,,,,,,,,0,Outros,Bom,Perfeito estado,Seca,Perfeito estado,Não há placas,N/I,Única,Canteiro central
2020-06-23 00:00:00,08:10:00,COM VÍTIMA,BOA VIAGEM,AVENIDA CELSO FURTADO (VIA MANGUE),,SUBURBIO,TOMBAMENTO,ACIDENTE DE PERCURSO/ CICLISTA CAIU NA VIA,,,,1,,,,,,1,Longo da via,Bom,Perfeito estado,Seca,Perfeito estado,R-19,60 km/h,Dupla,Canteiro central
2020-06-23 00:00:00,10:47:00,SEM VÍTIMA,ÁGUA FRIA,RUA SAO BENEDITO,,,COLISÃO,VT 11 NO QTH  CAMINHAO E AUTO,1,,,,,,1,,,0,Cruzamento,Bom,Perfeito estado,Seca,Perfeito estado,Não há placas,N/I,Única,Não existe
2020-06-23 00:00:00,11:29:00,COM VÍTIMA,SANTO AMARO,AV JOAO DE BARROS,412,CIDADE,ATROPELAMENTO,O VEÍCULO EVADIU-SE DO LOCAL,1,,,,1,,,,,1,Longo da via,Bom,Perfeito estado,Seca,Perfeito estado,,,Dupla,Faixa contínua
2020-06-23 00:00:00,12:57:00,SEM VÍTIMA,AFOGADOS,AV MARECHAL MASCARENHAS DE MORAES,,CIDADE,COLISÃO,COLISÃO S/VITIMAS ENTRE DOIS AUTOS,2,,,,,,,,,0,Longo da via,Bom,Perfeito estado,Seca,Perfeito estado,R-6a,60KM,Dupla,Canteiro central
2020-06-23 00:00:00,14:37:00,SEM VÍTIMA,BOA VIAGEM,AV BOA VIAGEM,,,COLISÃO,COLISÃO S/VITIMAS ENTRE DOIS AUTOS,2,,,,,,,,,0,Longo da via,Bom,Perfeito estado,Seca,Perfeito estado,Outras,N/I,Única,Faixa seccionada
2020-06-23 00:00:00,17:49:00,SEM VÍTIMA,SAN MARTIN,AV ENGENHEIRO ABDIAS DE CARVALHO,,CIDADE,COLISÃO,COLISÃO ENTRE AUTO E MOTO S/V,1,1,,,,,,,,0,Longo da via,Bom,Perfeito estado,Seca,Perfeito estado,Outras,N/I,Dupla,Canteiro central
2020-06-23 00:00:00,22:10:00,COM VÍTIMA,ARRUDA,RUA DO MACHADO,,,COLISÃO COM CICLISTA,COLISAO COM VITIMAS,,,,1,,1,,,,1,Longo da via,Bom,Perfeito estado,Seca,Perfeito estado,R-6a,,Dupla,Faixa seccionada
2020-06-24 00:00:00,11:51:00,SEM VÍTIMA,TORRE,RUA JOAO TUDE DE MELO,,,COLISÃO,AMBULANCIA E AUTO,2,,,,,,,,,0,Longo da via,Bom,Perfeito estado,Seca,Perfeito estado,Outras,N/I,Única,Faixa seccionada
2020-06-24 00:00:00,14:16:00,COM VÍTIMA,ESTÂNCIA,AV RECIFE,,,COLISÃO,COLISÃO COM VÍTIMA,1,1,,,,,,,,1,,,,,,,,,
2020-06-24 00:00:00,20:53:00,COM VÍTIMA,TEJIPIÓ,AV DR JOSE RUFINO,,SUBURBIO,ABALROAMENTO LONGITUDINAL,FIAT PALIO X MOTO,1,1,,,,,,,,1,Longo da via,Bom,Incompleta,Seca,Mal iluminada,Não há placas,,Dupla,Faixa contínua
2020-06-24 00:00:00,21:25:00,COM VÍTIMA,NOVA DESCOBERTA,RUA NOVA DESCOBERTA,,,COLISÃO FRONTAL,ENTRE AUTO E MOTO. C/V,1,1,,,,,,,,1,Longo da via,Bom,Não existente,Seca,Perfeito estado,Não há placas,,Dupla,Não existe
2020-06-25 00:00:00,10:41:00,COM VÍTIMA,ILHA DO RETIRO,RUA SPORT CLUBE DO RECIFE,481,SUBURBIO,ABALROAMENTO LONGITUDINAL,GM MATOS NO QTH - AUTO E MOTO COM VITIMA,1,1,,,,,,,,1,Longo da via,Bom,Perfeito estado,Seca,Perfeito estado,R-6a,60 km/h,Dupla,Canteiro central
2020-06-25 00:00:00,14:02:00,SEM VÍTIMA,BOA VIAGEM,RUA CAPITAO ZUZINHA,433,,COLISÃO,COLISÃO ENTRE DOIS AUTOS S/V,2,,,,,,,,,0,Longo da via,Bom,Perfeito estado,Seca,Perfeito estado,R-6a,,Única,Faixa contínua
2020-06-25 00:00:00,14:59:00,SEM VÍTIMA,BOA VIAGEM,RUA PADRE CARAPUCEIRO,115,CIDADE,COLISÃO,COLISÃO ENTRE DUAS MOTOS S/V,,2,,,,,,,,0,Cruzamento,Bom,Perfeito estado,Seca,Perfeito estado,Outras,60 km/h,Única,Faixa contínua
2020-06-25 00:00:00,17:46:00,SEM VÍTIMA,IMBIRIBEIRA,AV GENERAL MAC ARTHUR,,CIDADE,COLISÃO,,1,1,,,,,,1,,0,Longo da via,Bom,Perfeito estado,Seca,Perfeito estado,R-4a,,Única,Faixa seccionada
2020-06-25 00:00:00,22:29:00,COM VÍTIMA,TORRE,PRC PROFESSOR BARRETO CAMPELLO,,SUBURBIO,COLISÃO COM CICLISTA,COLISAO COM VITIMAS,1,,,1,,,,,,1,Longo da via,Bom,Perfeito estado,Seca,Perfeito estado,R-6a,,Única,Faixa seccionada
2020-06-26 00:00:00,07:10:00,COM VÍTIMA,BOA VIAGEM,RUA ERNESTO DE PAULA SANTOS,,SUBURBIO,ABALROAMENTO TRANSVERSAL,AUTO E MOTO,1,1,,,,,,,,1,Cruzamento,Bom,Incompleta,Seca,Perfeito estado,Não há placas,,Única,Faixa contínua
2020-06-26 00:00:00,08:45:00,COM VÍTIMA,TORREÃO,AV NORTE,,CIDADE,ATROPELAMENTO ANIMAL,GM GILSON ALVES E THIEGO PONTO FIXO MOTO AO DESVIAR CHOCOU-SE NO ACOSTAMENTO DO VIADUTO,,1,,,,,,,,1,Longo da via,Bom,Perfeito estado,Seca,Perfeito estado,Não há placas,60 km/h,,Canteiro central
2020-06-26 00:00:00,12:13:00,COM VÍTIMA,ARRUDA,RUA ZEFERINO AGRA,,,COLISÃO,COLISÃO COM VÍTIMA,1,1,,,,,,,,1,,,,,,,,,
2020-06-26 00:00:00,12:56:00,COM VÍTIMA,IMBIRIBEIRA,AV MARECHAL MASCARENHAS DE MORAES,386,SUBURBIO,ABALROAMENTO LONGITUDINAL,COLISÃO COM VÍTIMA,1,1,,,,,,,,1,Cruzamento,Bom,Perfeito estado,Seca,Perfeito estado,R-6a,,Dupla,Canteiro central
2020-06-26 00:00:00,13:16:00,SEM VÍTIMA,PINA,AV BOA VIAGEM,,CIDADE,COLISÃO,COLISAO ENTRE TRES AUTOS S/V,2,,,,,,,,,0,Longo da via,Bom,Perfeito estado,Seca,Perfeito estado,Não há placas,60 km/h,Única,Faixa seccionada
2020-06-26 00:00:00,14:43:00,SEM VÍTIMA,IPSEP,AV RECIFE,620,,COLISÃO,COLISAO ENTRE AUTO E UM CAMINHAO,1,,,,,,1,,,0,Cruzamento,Chuvoso,Perfeito estado,Outros,Perfeito estado,,,Dupla,Faixa seccionada
2020-06-26 00:00:00,15:52:00,SEM VÍTIMA,SANTO AMARO,AV GOVERNADOR AGAMENON MAGALHAES,,OLINDA,COLISÃO,,3,1,,,,,,,,0,Viaduto,Bom,Não existente,Seca,Perfeito estado,Não há placas,60 km/h,Dupla,Faixa contínua
2020-06-26 00:00:00,17:44:00,COM VÍTIMA,ILHA DO RETIRO,AV ENGENHEIRO ABDIAS DE CARVALHO,52,SUBURBIO,ABALROAMENTO TRANSVERSAL,COLISÃO COM VITIMA,1,1,,,,,,,,1,Cruzamento,Bom,Perfeito estado,Seca,Perfeito estado,R-6a,,Dupla,Canteiro central
2020-06-27 00:00:00,07:52:00,SEM VÍTIMA,SANTO AMARO,RUA DO POMBAL,,CIDADE,COLISÃO,SEM VITIMAS,2,,,,,,,,,0,Longo da via,Chuvoso,Perfeito estado,Molhada,Perfeito estado,Não há placas,40 km/h,Dupla,Faixa contínua
2020-06-27 00:00:00,16:37:00,COM VÍTIMA,IMBIRIBEIRA,AV MARECHAL MASCARENHAS DE MORAES,,SUBURBIO,ABALROAMENTO LONGITUDINAL,COLISAO ENTRE AUTO E MOTO,1,1,,,,,,,,1,Longo da via,Bom,Perfeito estado,Seca,Perfeito estado,R-5a,60 km/h,Dupla,Faixa
2020-06-27 00:00:00,16:55:00,SEM VÍTIMA,AFOGADOS,RUA DR ADELINO,,,COLISÃO,COLISÃO ENTRE DOIS AUTOS SEM VÍTIMAS- UMAS DAS PARTES APRESENTA SINTOMAS DE EMBRIAGUEZ,2,,,,,,,,,0,,,,,,,,,
2020-06-27 00:00:00,17:23:00,SEM VÍTIMA,JARDIM SÃO PAULO,RUA LEANDRO BARRETO,,,COLISÃO,COLISÃO 2 AUTOS,,,,,,,,,,0,,,,,,,,,
2020-06-27 00:00:00,18:31:00,COM VÍTIMA,NOVA DESCOBERTA,RUA NOVA DESCOBERTA,,SUBURBIO,ATROPELAMENTO,COLISAO COM VITIMAS,,1,,,1,,,,,1,Longo da via,Bom,,,,Não há placas,,Dupla,Não existe
2020-06-28 00:00:00,07:35:00,COM VÍTIMA,ILHA DO RETIRO,AV JOSE GONCALVES DE MEDEIROS,,CIDADE,ABALROAMENTO LONGITUDINAL,AUTO E MOTO.,1,1,,,,,,,,2,Longo da via,Bom,Perfeito estado,Seca,Perfeito estado,Não há placas,50 km/h,Dupla,Faixa contínua
2020-06-28 00:00:00,15:09:00,COM VÍTIMA,NOVA DESCOBERTA,RUA NOVA DESCOBERTA,,,COLISÃO FRONTAL,COLISAO ENTRE DUAS MOTOS COM VITIMAS,,2,,,,,,,,1,Longo da via,Chuvoso,Perfeito estado,Molhada,Perfeito estado,Outras,,Dupla,Faixa seccionada
2020-06-28 00:00:00,16:34:00,COM VÍTIMA,TORRÕES,RUA CLARICE LISPECTOR,,SUBURBIO,ATROPELAMENTO,ATROPELAMENTO COM VÍTIMA/ VÍTIMA SOCORRIDA PELO SAMU,1,,,,1,,,,,1,Longo da via,Chuvoso,Não existente,Molhada,Perfeito estado,Não há placas,,Dupla,Não existe
2020-06-29 00:00:00,07:25:00,COM VÍTIMA,ESPINHEIRO,RUA CONS PORTELA,11,CIDADE,ABALROAMENTO LONGITUDINAL,,1,1,,,,,,,,1,Longo da via,Bom,Perfeito estado,Seca,Perfeito estado,Não há placas,,Única,Faixa contínua
2020-06-29 00:00:00,07:39:00,COM VÍTIMA,VÁRZEA,AV CAXANGA,568,CIDADE,ABALROAMENTO LONGITUDINAL,AUTO E MOTO,1,1,,,,,,,,2,Longo da via,Chuvoso,Incompleta,Molhada,Perfeito estado,R-6a,60 km/h,Única,Não existe
2020-06-29 00:00:00,10:37:00,COM VÍTIMA,SAN MARTIN,RUA COMENDADOR FRANCO FERREIRA,,,ABALROAMENTO TRANSVERSAL,COLISÃO COM UMA VITIMA,1,1,,,,,,,,1,Cruzamento,Bom,Ilegível,Seca,Perfeito estado,Placas Pare,,Dupla,Não existe
2020-06-29 00:00:00,11:21:00,COM VÍTIMA,VÁRZEA,AV CAXANGA,,SUBURBIO,COLISÃO TRASEIRA,CONDUTOR DA MOTO BATEU DA NA TRASEIRA DO CARRO,1,1,,,,,,,,1,Ponte,Bom,Perfeito estado,Seca,Perfeito estado,Não há placas,60 km/h,Única,Faixa seccionada
2020-06-29 00:00:00,11:48:00,SEM VÍTIMA,IMBIRIBEIRA,RUA DEZ DE JULHO,572,CIDADE,COLISÃO,,,1,,,,1,,,,0,Cruzamento,Bom,Perfeito estado,Seca,Perfeito estado,Não há placas,60 km/h,Única,
2020-06-29 00:00:00,15:46:00,SEM VÍTIMA,IPSEP,RUA SANTOS COSME E DAMIAO,,,COLISÃO,COLISÃO ENTRE VEÍCULO E UMA CARROÇA,1,,,,1,,,,,0,Longo da via,Bom,Perfeito estado,Seca,Perfeito estado,Outras,40 km/h,Única,Não existe
2020-06-29 00:00:00,18:31:00,COM VÍTIMA,IMBIRIBEIRA,AV SUL,,SUBURBIO,ATROPELAMENTO,ÔNIBUS E PEDESTRE,,,,,1,1,,,,1,Outros,Bom,,Seca,Mal iluminada,Não há placas,20 km/h,Única,Faixa contínua
2020-06-30 00:00:00,12:14:00,COM VÍTIMA,PINA,AV ENGENHEIRO DOMINGOS FERREIRA,200,SUBURBIO,COLISÃO COM CICLISTA,COLISÃO COM VÍTMA ENTRE AUTO E BICICLETA.,1,,,1,,,,,,1,Cruzamento,Bom,Perfeito estado,Seca,Perfeito estado,,60 km/h,Única,Faixa contínua
2020-06-30 00:00:00,13:38:00,COM VÍTIMA,TAMARINEIRA,AV NORTE,62,,COLISÃO COM CICLISTA,APOIO AO ACIDENE COM VÍTIMA NA AV. NORTE,1,,,1,,,,,,1,Cruzamento,Bom,Perfeito estado,Seca,Perfeito estado,Outras,,Dupla,Blocos
2020-06-30 00:00:00,19:50:00,SEM VÍTIMA,ENCRUZILHADA,AV BEBERIBE,,,COLISÃO,COLISÃO MOTO X AUTO S/VITIMA OBS: SUSPEITA DE EMBRIAGUEZ,1,1,,,,,,,,0,Cruzamento,Bom,Perfeito estado,Seca,Perfeito estado,R-6a,40KM,Dupla,Faixa contínua
2020-06-30 00:00:00,20:44:00,COM VÍTIMA,IMBIRIBEIRA,AV MARECHAL MASCARENHAS DE MORAES,501,CIDADE,COLISÃO TRASEIRA,CONDUTOR APARENTEMENTE EMBRIAGADO- ACABOU SE CHOCANDO CONTRA DOIS VEÍCULOS. ENGAVETAMENTO HOUVE 2 VÍTIMAS AO TODO. CAB FRANKLIN SOLICITA A PRESENÇA DA CTTU NO LOCAL- PARA FAZER O PROCEDIMENTO DA OCORRÊNCIA.,3,,,,,,,,,2,Longo da via,Bom,Perfeito estado,Seca,Perfeito estado,R-32,60 km/h,Dupla,Canteiro central
2020-07-01 00:00:00,01:58:00,COM VÍTIMA,CAXANGÁ,AV CAXANGA,,SUBURBIO,COLISÃO TRASEIRA,AUTO E MOTO,1,1,,,,,,,,1,Longo da via,Bom,Perfeito estado,Seca,Perfeito estado,Não há placas,40 km/h,Dupla,Canteiro central
2020-07-01 00:00:00,08:30:00,SEM VÍTIMA,CORDEIRO,RUA GREGORIO JUNIOR,,CIDADE,COLISÃO,DOIS AUTOS GM LEONARDO SUB BARRETO NO QTH,2,,,,,,,,,0,Longo da via,Bom,Perfeito estado,Seca,Perfeito estado,Não há placas,,Única,Faixa seccionada
2020-07-01 00:00:00,11:22:00,COM VÍTIMA,SAN MARTIN,AV JOAO CABRAL DE MELO NETO,259,CIDADE,ABALROAMENTO LONGITUDINAL,COLISÃO ENTRE AUTO E MOTO COM UMA VITIMA-AGUARDANDO SAMU,1,1,,,,,,,,1,Longo da via,Bom,Perfeito estado,Seca,Perfeito estado,Outras,,Única,Faixa
2020-07-01 00:00:00,11:42:00,COM VÍTIMA,VASCO DA GAMA,AV NORTE,256,,ABALROAMENTO LONGITUDINAL,AUTO E MOTO COM UMA VITIMA/VT 07 DA CTTU NO LOCAL /INSP TOMÁS EDSON,1,1,,,,,,,,1,Longo da via,Bom,Perfeito estado,Seca,Perfeito estado,Outras,,Dupla,Faixa seccionada
2020-07-01 00:00:00,11:46:00,SEM VÍTIMA,AFLITOS,AV CONS ROSA E SILVA,,,COLISÃO,AUTO E CAMINHAO,1,,,,,,1,,,0,,,,,,,,,
2020-07-01 00:00:00,11:50:00,COM VÍTIMA,IMBIRIBEIRA,AV MARECHAL MASCARENHAS DE MORAES,,CIDADE,ABALROAMENTO TRANSVERSAL,AUTO E MOTO.,1,1,,,,,,,,1,Longo da via,Bom,Perfeito estado,Seca,Perfeito estado,Não há placas,,Dupla,Canteiro central
2020-07-01 00:00:00,12:42:00,SEM VÍTIMA,ALTO JOSÉ DO PINHO,RUA VALERIANO LOBO,79,SUBURBIO,COLISÃO,COLISÃO ENTRE DOIS AUTOS S/V,2,,,,,,,,,0,Longo da via,Bom,Perfeito estado,Seca,Perfeito estado,R-6a,,Única,Não existe
2020-07-01 00:00:00,16:51:00,COM VÍTIMA,AREIAS,RUA JOSE NATARIO,44,,ABALROAMENTO TRANSVERSAL,COLISÃO C/VITIMAS ENTRE DOIS AUTOS,2,,,,,,,,,1,Cruzamento,Bom,Perfeito estado,Seca,Perfeito estado,Outras,30 km/h,Dupla,Faixa contínua
2020-07-01 00:00:00,17:43:00,SEM VÍTIMA,ÁGUA FRIA,AV BEBERIBE,,SUBURBIO,COLISÃO,COLISAO S/VITIMAS,1,,,,,1,,,,0,Longo da via,Bom,Perfeito estado,Seca,Perfeito estado,Não há placas,,Dupla,Faixa contínua
2020-07-01 00:00:00,17:48:00,SEM VÍTIMA,CASA AMARELA,AV NORTE,,,COLISÃO,COLISAO S/VITIMAS,1,1,,,,,,,,0,,,,,,,,,