data,hora,natureza,bairro,endereco,num_semaforo,sentido_via,tipo,auto,moto,ciclom,ciclista,pedestre,onibus,caminhao,viatura,outros,vitimas,vitimasfatais,acidente_verificado,tempo_clima,sinalizacao,condicao_via,conservacao_via,situacao_placa,velocidade_max_via,mao_direcao,divisao_via1
2020-07-02 00:00:00,08:57:00,COM VÍTIMA,IPSEP,AV RECIFE,247,CIDADE,ABALROAMENTO TRANSVERSAL,COLISÃO ENTRE AUTO E MOTO COM VÍTIMA,1,1,,,,,,,,2,Esquina,Bom,Perfeito estado,Seca,Perfeito estado,Outras,60 km/h,Única,Faixa seccionada
2020-07-02 00:00:00,09:48:00,COM VÍTIMA,ESTÂNCIA,AV DR JOSE RUFINO,,SUBURBIO,COLISÃO FRONTAL,COLISÃO ENTRE AUTO E MOTOCICLETA COM 1 VÍTIMA,1,1,,,,,,,,1,Longo da via,Bom,Perfeito estado,Seca,Perfeito estado,,,Dupla,Faixa contínua
2020-07-02 00:00:00,10:09:00,SEM VÍTIMA,CABANGA,AV CAXANGA,,,COLISÃO,COLISÃO SEM VITIMAS GM GIULIERMES  QTH,1,,,,,1,,,,0,Ponte,Bom,Perfeito estado,Seca,Perfeito estado,R-6a,60KM,Única,Faixa seccionada
2020-07-02 00:00:00,11:27:00,COM VÍTIMA,MADALENA,RUA BENFICA,629,CIDADE,COLISÃO COM CICLISTA,AUTO E CICLISTA PONTO FIXO GM´S VALDILENE E BANDEIRA,1,,,1,,,,,,1,Longo da via,Bom,Perfeito estado,Seca,Perfeito estado,,30 km/h,Única,
2020-07-02 00:00:00,13:39:00,COM VÍTIMA,ENCRUZILHADA,AV BEBERIBE,,CIDADE,ABALROAMENTO LONGITUDINAL,COLISAO ENTRE DOIS AUTOS,2,,,,,,,,,1,Longo da via,Bom,Perfeito estado,Seca,Perfeito estado,Não há placas,,Dupla,Faixa contínua
2020-07-02 00:00:00,14:52:00,COM VÍTIMA,TEJIPIÓ,AV LIBERDADE,,CIDADE,ABALROAMENTO TRANSVERSAL,COLISAO ENTRE DUAS MOTO COM UMA VITIMA A OUTRA PARTE SE EVADIU DO LOCAL,,2,,,,,,,,1,Longo da via,Bom,Perfeito estado,Seca,Perfeito estado,Não há placas,,Dupla,Faixa contínua
2020-07-02 00:00:00,16:17:00,SEM VÍTIMA,BOA VISTA,RUA DOM BOSCO,,,COLISÃO,COLISAO ENTRE ONIBUS E AUTO S/V,1,,,,,1,,,,0,,,,,,,,,
2020-07-02 00:00:00,21:11:00,COM VÍTIMA,CORDEIRO,RUA DR MIGUEL VIEIRA FERREIRA,,,COLISÃO,MOTO X WRV,1,1,,,,,,,,2,,,,,,,,,
2020-07-03 00:00:00,07:43:00,SEM VÍTIMA,BONGI,AV ENGENHEIRO ABDIAS DE CARVALHO,58,SUBURBIO,ABALROAMENTO LONGITUDINAL,SEM VITIMAS /CTTU NO LOCAL-GM ELVAS/GM BARROS,1,,,,,,1,,,0,Longo da via,Chuvoso,Perfeito estado,Molhada,Perfeito estado,R-6a,60 km/h,Única,Faixa seccionada
2020-07-03 00:00:00,08:20:00,SEM VÍTIMA,IMBIRIBEIRA,AV MARECHAL MASCARENHAS DE MORAES,,,CHOQUE OBJETO FIXO,,1,,,,,,,,,0,,Chuvoso,Perfeito estado,Molhada,Perfeito estado,Não há placas,60 km/h,Única,Faixa seccionada
2020-07-03 00:00:00,08:42:00,COM VÍTIMA,SÃO JOSÉ,C SANTA RITA,,SUBURBIO,TOMBAMENTO,,,1,,,,,,,,1,Longo da via,Chuvoso,Perfeito estado,Molhada,Perfeito estado,Outras,60 km/h,Dupla,Canteiro central
2020-07-03 00:00:00,08:44:00,COM VÍTIMA,ARRUDA,AV BEBERIBE,,CIDADE,ABALROAMENTO TRANSVERSAL,AUTO E MOTO,1,1,,,,,,,,1,Longo da via,Bom,Perfeito estado,Seca,Perfeito estado,R-6a,60 km/h,Dupla,Faixa seccionada
2020-07-03 00:00:00,09:12:00,COM VÍTIMA,SÃO JOSÉ,PRC SERGIO LORETO,311,CIDADE,COLISÃO TRASEIRA,MOTO E AUTO,1,1,,,,,,,,1,Longo da via,Bom,Perfeito estado,Seca,Perfeito estado,,60 km/h,Única,Faixa contínua
2020-07-03 00:00:00,14:03:00,SEM VÍTIMA,PAISSANDU,AV GOVERNADOR AGAMENON MAGALHAES,,SUBURBIO,COLISÃO TRASEIRA,COLISÃO S/VITIMAS ENTRE UMA AUTO E UMA MOTO (V.T. 29 NO QTH),1,1,,,,,,,,0,Longo da via,Bom,Perfeito estado,Seca,Perfeito estado,Não há placas,60 km/h,Única,Faixa seccionada
2020-07-03 00:00:00,17:43:00,COM VÍTIMA,SANTO AMARO,AV GOVERNADOR AGAMENON MAGALHAES,,CIDADE,ABALROAMENTO TRANSVERSAL,COLISÃO E CAPOTAMENTO COM UMA VÍTIMA,2,,,,,,,,,1,Longo da via,Bom,Perfeito estado,Seca,Perfeito estado,Não há placas,,Única,Outros
2020-07-03 00:00:00,18:51:00,COM VÍTIMA,TORREÃO,AV NORTE,376,CIDADE,ABALROAMENTO LONGITUDINAL,C/VITIMAS GM LUIZ HENRIQUE E ALLYSON NO QTH,1,1,,,,,,,,1,Longo da via,Bom,Perfeito estado,Seca,Perfeito estado,Não há placas,60 km/h,Dupla,Canteiro central
2020-07-03 00:00:00,21:43:00,COM VÍTIMA,GRAÇAS,RUA ALBERTO PAIVA,360,,ABALROAMENTO TRANSVERSAL,AUTO E MOTO,1,1,,,,,,,,1,Cruzamento,Bom,Perfeito estado,Seca,Perfeito estado,Não há placas,,Única,
2020-07-04 00:00:00,13:27:00,COM VÍTIMA,BOA VIAGEM,AV ENGENHEIRO DOMINGOS FERREIRA,551,SUBURBIO,ABALROAMENTO TRANSVERSAL,COLISAO ENTRE AUTO E MOTO COM UMA VITIMA,1,1,,,,,,,,1,Cruzamento,Bom,Perfeito estado,Seca,Perfeito estado,Outras,,Única,Faixa seccionada
2020-07-04 00:00:00,18:14:00,SEM VÍTIMA,SANTO AMARO,RUA DO POMBAL,,SUBURBIO,CHOQUE OBJETO FIXO,CAMINHÃO CHOCOU-SE CONTRA A ÁRVORE NA LOCALIDADE- CAUSANDO A QUEDA DA MESMA NA VIA. S/V,,,,,,,1,,,0,Longo da via,Bom,Perfeito estado,Seca,Perfeito estado,Não há placas,,Dupla,Faixa seccionada
2020-07-04 00:00:00,19:18:00,COM VÍTIMA,SANTO AMARO,AV GOVERNADOR AGAMENON MAGALHAES,,OLINDA,COLISÃO TRASEIRA,CLIO X MOTO,1,1,,,,,,,,1,Longo da via,Bom,Perfeito estado,Seca,Perfeito estado,Não há placas,60 km/h,Dupla,Canteiro central
2020-07-04 00:00:00,19:25:00,SEM VÍTIMA,ARRUDA,RUA ALEGRE,,,COLISÃO,COLISÃO ENTRE 2 AUTOS. UM DOS CONDUTORES APRESENTA SINAIS DE EMBRIAGUEZ. S/V,2,,,,,,,,,0,,,,,,,,,
2020-07-05 00:00:00,05:36:00,SEM VÍTIMA,IMBIRIBEIRA,RUA ARQUITETO LUIZ NUNES,,SUBURBIO,CHOQUE VEÍCULO PARADO,COLISÃO ENTRE 2 AUTOS. UM DOS CONDUTORES APRESENTA SINAIS DE EMBRIAGUEZ. S/V,2,,,,,,,,,0,Longo da via,Bom,Perfeito estado,Seca,Perfeito estado,,40 km/h,Dupla,Faixa contínua
2020-07-05 00:00:00,06:45:00,SEM VÍTIMA,SÃO JOSÉ,C SANTA RITA,,SUBURBIO,CHOQUE OBJETO FIXO,VEICULO CHOCOU-SE CONTRA UM POSTE DE ILUMINAÇÃO,1,,,,,,,,,0,Longo da via,Chuvoso,Perfeito estado,Molhada,Perfeito estado,Não há placas,,Dupla,Canteiro central
2020-07-05 00:00:00,07:17:00,COM VÍTIMA,CASA AMARELA,AV NORTE,256,SUBURBIO,COLISÃO TRASEIRA,MOTO E ÔNIBUS.,,1,,,,1,,,,1,Longo da via,Chuvoso,Perfeito estado,Molhada,Perfeito estado,R-6a,,Dupla,Canteiro central
2020-07-05 00:00:00,23:04:00,COM VÍTIMA,MADALENA,RUA DOM MANOEL DA COSTA,,CIDADE,ABALROAMENTO TRANSVERSAL,AUTO E MOTO,1,1,,,,,,,,2,Cruzamento,Chuvoso,Incompleta,Molhada,Perfeito estado,Não há placas,,Única,Faixa seccionada
2020-07-05 00:00:00,23:05:00,SEM VÍTIMA,LINHA DO TIRO,RUA URIEL DE HOLANDA,,SUBURBIO,CHOQUE VEÍCULO PARADO,S/VITIMAS CONDUTOR EMBRIAGADO,2,,,,,,,,,0,Longo da via,Bom,Perfeito estado,Seca,Perfeito estado,Não há placas,,Dupla,Faixa seccionada
2020-07-06 00:00:00,07:18:00,COM VÍTIMA,BOA VISTA,RUA PRINCESA IZABEL,167,CIDADE,COLISÃO TRASEIRA,AUTO E MOTO,1,1,,,,,,,,1,Longo da via,Chuvoso,Perfeito estado,Molhada,Perfeito estado,Não há placas,40 km/h,Única,Faixa contínua
2020-07-06 00:00:00,09:28:00,SEM VÍTIMA,IMBIRIBEIRA,AV GENERAL MAC ARTHUR,,,COLISÃO,AUTO E VT-PM,1,,,,,,,1,,0,Longo da via,Bom,Perfeito estado,Seca,Perfeito estado,R-6a,40KM,Única,Faixa seccionada
2020-07-06 00:00:00,11:04:00,COM VÍTIMA,IBURA,AV DOIS RIOS,351,SUBURBIO,ABALROAMENTO TRANSVERSAL,COLISÃO COM VÍTIMA AUTO E MOTO,1,1,,,,,,,,1,Cruzamento,Bom,Perfeito estado,Seca,Perfeito estado,Não há placas,,Dupla,Faixa contínua
2020-07-06 00:00:00,15:39:00,COM VÍTIMA,IPUTINGA,AV CAXANGA,,SUBURBIO,ABALROAMENTO TRANSVERSAL,COLISAO ENTRE DUAS MOTOS COM UMA VITIMA VT 29 NO LOCAL,,2,,,,,,,,2,Longo da via,Bom,Perfeito estado,Seca,Perfeito estado,,,Única,
2020-07-06 00:00:00,15:56:00,COM VÍTIMA,JARDIM SÃO PAULO,RUA GUARULHOS,,BR 101,ABALROAMENTO TRANSVERSAL,COLISAO ENTRE DOIS AUTO COM UMA VITIMA,2,,,,,,,,,1,Cruzamento,Bom,Não existente,Seca,Perfeito estado,Não há placas,,Dupla,Não existe
2020-07-06 00:00:00,16:19:00,COM VÍTIMA,PORTO DA MADEIRA,AV CIDADE DE MONTEIRO,,,COLISÃO,COLISAO ENTRE MOTO E AUTO COM UMA VITIMA,1,1,,,,,,,,1,,,,,,,,,
2020-07-06 00:00:00,17:10:00,COM VÍTIMA,MANGABEIRA,AV PROFESSOR JOSE DOS ANJOS,,SUBURBIO,CHOQUE VEÍCULO PARADO,COM VÍTIMA,,1,,,,,1,,,1,Longo da via,Bom,Perfeito estado,Seca,Perfeito estado,R-6a,40 km/h,Dupla,Canteiro central
2020-07-06 00:00:00,17:27:00,COM VÍTIMA,BOA VIAGEM,RUA VISCONDE DE JEQUITINHONHA,433,SUBURBIO,ABALROAMENTO LONGITUDINAL,COLISAO ENTRE AUTO E MOTO COM UMA VITIMA,1,1,,,,,,,,1,Cruzamento,Bom,Perfeito estado,Seca,Perfeito estado,R-4a,60 km/h,Única,Canteiro central
2020-07-06 00:00:00,19:09:00,COM VÍTIMA,BOA VIAGEM,RUA PADRE CARAPUCEIRO,,,COLISÃO,DUAS MOSTOS ( 2 FAN 150),,2,,,,,,,,1,,,,,,,,,
2020-07-06 00:00:00,21:15:00,COM VÍTIMA,BEBERIBE,AV BEBERIBE,187,CIDADE,COLISÃO FRONTAL,MOTO X VT DA POLICA MILITAR,,1,,,,,,1,,1,Longo da via,Chuvoso,Perfeito estado,Molhada,Perfeito estado,Outras,,Dupla,Faixa contínua
2020-07-07 00:00:00,07:11:00,COM VÍTIMA,DOIS UNIDOS,RUA VARZEA DO GILO,,SUBURBIO,TOMBAMENTO,CONDUTOR DA BICICLETA TOMBOU E CAIU,,,,1,,,,,,1,,,,,,,,,
2020-07-07 00:00:00,07:43:00,COM VÍTIMA,SANTO AMARO,AV GOVERNADOR AGAMENON MAGALHAES,,CIDADE,ABALROAMENTO LONGITUDINAL,AUTOMOVEL NA TROCA DE FAIXA O CONDUTOR DA MOTO BATEU NO RETROVISOR DO CARRO TOMBOU CAIU,1,1,,,,,,,,1,Longo da via,Bom,Perfeito estado,Seca,Perfeito estado,Não há placas,60 km/h,Dupla,Canteiro central
2020-07-07 00:00:00,09:11:00,SEM VÍTIMA,BONGI,AV ENGENHEIRO ABDIAS DE CARVALHO,,SUBURBIO,ENGAVETAMENTO,AUTOMOVEL DO USUARIO PARADO ESPERANDO SEMAFORO- VEIO CARRO ATRAS E COLIDIU COM A TRASEIRA EMPURRANDO O CARRO E COLIDINDO COM O DA FRENTE (USUARIA INFORMA QUE TEM AGENTE NO LOCAL CARLOS REGO BARROS),3,,,,,,,,,0,,,,,,,,,
2020-07-07 00:00:00,09:23:00,SEM VÍTIMA,BONGI,AV ENGENHEIRO ABDIAS DE CARVALHO,58,,COLISÃO TRASEIRA,AUTOMOVEL DO USUARIO PARADO ESPERANDO SEMAFORO- VEIO CARRO ATRAS E COLIDIU COM A TRASEIRA EMPURRANDO O CARRO E COLIDINDO COM O DA FRENTE (USUARIA INFORMA QUE TEM AGENTE NO LOCAL CARLOS REGO BARROS),3,,,,,,,,,0,Longo da via,Bom,Perfeito estado,Seca,Perfeito estado,R-6a,60 km/h,Única,Faixa seccionada
2020-07-07 00:00:00,10:15:00,COM VÍTIMA,ÁGUA FRIA,RUA LADEIRA DE PEDRA,,CIDADE,COLISÃO FRONTAL,COM 05 VÍTIMAS.,1,1,,,,,1,,,5,Longo da via,Bom,Incompleta,Seca,Perfeito estado,Não há placas,,Dupla,Não existe
2020-07-07 00:00:00,11:11:00,SEM VÍTIMA,PARNAMIRIM,AV RUI BARBOSA,460,CIDADE,ABALROAMENTO TRANSVERSAL,COLISÃO CARRO X CARRO AGENTE NO LOCAL SUB.CETOR LUCIANO VT013,2,,,,,,,,,0,Cruzamento,Bom,Perfeito estado,Seca,Perfeito estado,R-6a,,Única,Faixa contínua
2020-07-07 00:00:00,13:11:00,COM VÍTIMA,AFOGADOS,EST DOS REMEDIOS,,CIDADE,ABALROAMENTO TRANSVERSAL,COLISÃO ENTRE AUTO E MOTO COM VITIMAS,1,1,,,,,,,,1,Esquina,Bom,Incompleta,Seca,Perfeito estado,Não há placas,,Única,Faixa seccionada
2020-07-07 00:00:00,13:55:00,SEM VÍTIMA,BARRO,RUA CAPITAO PONCIANO,,CIDADE,COLISÃO,COLISÃO ENTRE DOIS AUTO SEM VITIMAS- UMA DAS PARTES APRESENTA SINTOMAS DE EMBRIAGUEZ,2,,,,,,,,,0,Longo da via,Bom,Perfeito estado,Seca,,R-6a,,Dupla,Faixa contínua
2020-07-07 00:00:00,15:24:00,COM VÍTIMA,CIDADE UNIVERSITÁRIA,AV PROFESSOR MORAES REGO,,,COLISÃO,COLISÃO C/VITIMA ENTRE UM AUTO E UMA MOTO,1,1,,,,,,,,1,,,,,,,,,
2020-07-07 00:00:00,15:27:00,SEM VÍTIMA,SANTO AMARO,AV NORTE,463,CIDADE,COLISÃO FRONTAL,COLISÃO ENTRE DOIS AUTOS SEM VÍTIMAS- VT 31 NO LOCAL,1,,,,,,,1,,0,Cruzamento,Bom,Perfeito estado,Seca,Perfeito estado,Não há placas,,Única,Faixa seccionada
2020-07-07 00:00:00,16:28:00,SEM VÍTIMA,SANTO AMARO,PTE DO LIMOEIRO,243,CIDADE,CHOQUE OBJETO FIXO,CAMINHÃO CHOCOU-SE COM O SEMÁFORO,,,,,,,1,,,0,Ponte,Bom,Perfeito estado,Seca,Perfeito estado,Não há placas,,Dupla,Faixa contínua
2020-07-07 00:00:00,16:34:00,SEM VÍTIMA,ENCRUZILHADA,RUA DR JOSE MARIA,,CIDADE,ABALROAMENTO LONGITUDINAL,COLISÃO ENTRE DOIS AUTOS SEM VÍTIMAS- VT 29 NO LOCAL,2,,,,,,,,,0,Longo da via,Bom,Incompleta,Seca,Perfeito estado,,,Única,Não existe
2020-07-07 00:00:00,18:32:00,SEM VÍTIMA,SANTO AMARO,AV VISCONDE DE SUASSUNA,32,SUBURBIO,COLISÃO TRASEIRA,COLISÃO SEM VÍTIMA,1,1,,,,,,,,0,Cruzamento,Bom,Perfeito estado,Seca,Perfeito estado,Não há placas,40 km/h,Única,Faixa seccionada
2020-07-07 00:00:00,18:58:00,COM VÍTIMA,CASA FORTE,RUA AFONSO DE ALBUQUERQUE MELO,,CIDADE,COLISÃO COM CICLISTA,AUTO E BICICLETA.,1,,,1,,,,,,1,Longo da via,Bom,,,,,,Única,
2020-07-07 00:00:00,20:13:00,COM VÍTIMA,GRAÇAS,RUA ESMERALDINO BANDEIRA,,SUBURBIO,CAPOTAMENTO,COLISÃO ENTRE AUTO E MOTO C/V,1,1,,,,,,,,1,Longo da via,Bom,Não existente,Seca,Perfeito estado,Não há placas,,Única,Não existe
2020-07-07 00:00:00,22:14:00,COM VÍTIMA,TORRÕES,AV ENGENHEIRO ABDIAS DE CARVALHO,,,COLISÃO,COLISÃO ENTRE AUTO E MOTO C/V,1,1,,,,,,,,1,,,,,,,,,
2020-07-07 00:00:00,22:22:00,COM VÍTIMA,BOA VIAGEM,RUA CAMBOIM,,,COLISÃO,COLISÃO ENTRE AUTO E MOTO C/V,1,1,,,,,,,,1,,,,,,,,,
2020-07-07 00:00:00,22:22:00,COM VÍTIMA,SAN MARTIN,RUA VINTE E UM DE ABRIL,,,COLISÃO,COMLISÃO ENTRE AUTO E MOTO C/V,1,1,,,,,,,,1,,,,,,,,,
2020-07-07 00:00:00,22:25:00,COM VÍTIMA,SAN MARTIN,RUA DUARTE FILHO,,,COLISÃO,COLISÃO ENTRE AUTO E MOTO C/V,1,1,,,,,,,,1,,,,,,,,,
2020-07-07 00:00:00,22:25:00,SEM VÍTIMA,DERBY,RUA BENFICA,590,,COLISÃO,COLISÃO ENTRE AMBULÂNCIA DA UPA E AUTO,1,,,,,,,1,,0,Outros,Chuvoso,Incompleta,Molhada,Outros,Não há placas,N/I,Única,Faixa seccionada
2020-07-08 00:00:00,10:48:00,SEM VÍTIMA,IMBIRIBEIRA,AV MARECHAL MASCARENHAS DE MORAES,,,COLISÃO,VEICULO OFICIAL E AUTO,1,,,,,,1,,,0,,,,,,,,,
2020-07-08 00:00:00,11:39:00,COM VÍTIMA,SANTO AMARO,RUA DO HOSPICIO,31,CIDADE,ABALROAMENTO LONGITUDINAL,AUTO E MOTO.,1,1,,,,,,,,1,Longo da via,Bom,Perfeito estado,Seca,Perfeito estado,Outras,,Dupla,Não existe
2020-07-08 00:00:00,15:25:00,SEM VÍTIMA,TAMARINEIRA,EST VELHA DE AGUA FRIA,,,COLISÃO,COLISÃO SEM VÍTIMA ENTRE DOIS AUTOS,,,,,,,,,,0,Cruzamento,Bom,Não existente,Seca,Perfeito estado,Não há placas,N/I,,Faixa contínua
2020-07-08 00:00:00,20:18:00,SEM VÍTIMA,JOANA BEZERRA,PTE JOSE DE BARROS LIMA,,,COLISÃO,2 FORD KA OBS: O MOTORISTA ESTA COM PEITO DOLORIDO DEVIDO A COLISAO O MEMSO SE NEGOU A SOLICITAÇAO DO SAMU,2,,,,,,,,,0,Ponte,Bom,Perfeito estado,Seca,Perfeito estado,Não há placas,60KM,Dupla,Faixa seccionada
2020-07-09 00:00:00,08:20:00,COM VÍTIMA,BOA VIAGEM,RUA RIBEIRO DE BRITO,,SUBURBIO,ABALROAMENTO LONGITUDINAL,COM UMA VITIMA AGUARDANDO SAMU-VT 29 GM CARLOS FERNANDES /GM LEYDSON/GM ISLA DA CTTU NO LOCAL,2,1,,,,,,,,2,Cruzamento,Chuvoso,Perfeito estado,Molhada,Perfeito estado,R-6a,,Única,Faixa seccionada
2020-07-09 00:00:00,09:41:00,COM VÍTIMA,TORRÕES,AV ENGENHEIRO ABDIAS DE CARVALHO,,,COLISÃO,COM VÍTIMA,1,1,,,,,,,,1,,,,,,,,,
2020-07-09 00:00:00,11:48:00,COM VÍTIMA,IPSEP,AV RECIFE,393,CEASA,COLISÃO COM CICLISTA,ÔNIBUS E BICICLETA.,,,,1,,1,,,,1,Longo da via,Bom,Perfeito estado,Seca,Perfeito estado,R-32,60 km/h,Dupla,Canteiro central
2020-07-09 00:00:00,11:58:00,SEM VÍTIMA,PINA,AV REPUBLICA DO LIBANO,,SUBURBIO,COLISÃO,KWID X HB20 S,2,,,,,,,,,0,Longo da via,Bom,Não existente,Seca,Perfeito estado,Não há placas,,Dupla,Não existe
2020-07-09 00:00:00,16:24:00,COM VÍTIMA,BAIRRO DO RECIFE,PTE BUARQUE DE MACEDO,19,,ABALROAMENTO LONGITUDINAL,DUAS MOTOS.,2,,,,,,,,,1,Ponte,Bom,Perfeito estado,Seca,Perfeito estado,Outras,,,Faixa contínua
2020-07-09 00:00:00,17:31:00,COM VÍTIMA,BOA VIAGEM,RUA SA E SOUZA,,SUBURBIO,ABALROAMENTO LONGITUDINAL,COLISÃO C/VITIMAS ENTRE UM AUTO E UM CAMINHÃO,1,,,,,,1,,,1,Cruzamento,Chuvoso,Perfeito estado,Molhada,Perfeito estado,Placas Pare,,Única,Faixa seccionada
2020-07-09 00:00:00,17:44:00,COM VÍTIMA,CASA AMARELA,EST DO ARRAIAL,,,ABALROAMENTO LONGITUDINAL,COLISAO ENTRE DUAS MOTOS,,2,,,,,,,,1,Esquina,Bom,Perfeito estado,Seca,Perfeito estado,Outras,,Única,Faixa seccionada
2020-07-10 00:00:00,08:46:00,SEM VÍTIMA,NOVA DESCOBERTA,RUA NOVA DESCOBERTA,,,ENGAVETAMENTO,TRES AUTOS // VT-06 NO LOCAL GM´S ABNER E DAYWISON,3,,,,,,,,,0,,,,,,,,,
2020-07-10 00:00:00,13:39:00,COM VÍTIMA,SANTO AMARO,AV CRUZ CABUGA,,SUBURBIO,ABALROAMENTO LONGITUDINAL,COLISÃO ENTRE AUTO E MOTOCICLETA COM VÍTIMA,1,1,,,,,,,,1,Longo da via,Bom,Perfeito estado,Seca,Perfeito estado,Outras,,Dupla,Faixa contínua
2020-07-11 00:00:00,09:16:00,SEM VÍTIMA,BOA VIAGEM,RUA DOM JOSE LOPES,,JABOATÃO,CHOQUE OBJETO FIXO,CAMINHÃO SE CHOCOU AO POSTE E SE EVADIU DO LOCAL - POSTE NA IMINÊNCIA DE QUEDA E CELPE ACIONADA,,,,,,,1,,,0,Cruzamento,Bom,Perfeito estado,Seca,Perfeito estado,R-6a,,Dupla,Canal
2020-07-11 00:00:00,10:55:00,COM VÍTIMA,IMBIRIBEIRA,AV MARECHAL MASCARENHAS DE MORAES,,CIDADE,COLISÃO TRASEIRA,COLISÃO COM UMA VITIMA/VT 29 DA CTTU NO LOCAL,1,1,,,,,,,,1,Longo da via,Bom,Perfeito estado,Seca,Perfeito estado,Outras,60 km/h,Dupla,Canteiro central
2020-07-11 00:00:00,11:56:00,COM VÍTIMA,TORRE,AV BEIRA RIO,,,CHOQUE,CONFORME O MOTORISTA HOUVE UMA COLISÃO SEGUINDA DE CHOQUE. UMAS DAS PARTES SE EVADIU DO LOCAL,2,,,,,,,,,1,Cruzamento,Chuvoso,Perfeito estado,Seca,Perfeito estado,R-6a,,Dupla,Faixa seccionada
2020-07-11 00:00:00,13:31:00,COM VÍTIMA,NOVA DESCOBERTA,AV JOSE AMERICO DE ALMEIDA,,CIDADE,ABALROAMENTO TRANSVERSAL,COLISÃO C/VITIMA ENTRE UM AUTO E MOTO,1,1,,,,,,,,1,Longo da via,Chuvoso,Não existente,Molhada,Perfeito estado,Não há placas,,Dupla,Canteiro central
2020-07-11 00:00:00,14:20:00,COM VÍTIMA,IPSEP,RUA PINTOR ANTONIO ALBUQUERQUE,,CIDADE,COLISÃO FRONTAL,AUTO E MOTO,1,1,,,,,,,,1,Longo da via,Chuvoso,Perfeito estado,Molhada,Perfeito estado,,,Dupla,Não existe
2020-07-11 00:00:00,14:20:00,SEM VÍTIMA,,AV DANTAS BARRETO,,,CHOQUE OBJETO FIXO,ÔNIBUS DERRUBOU UM FITEIRO,,,,,,,,,,0,,,,,,,,,
2020-07-11 00:00:00,15:19:00,COM VÍTIMA,SANTO ANTÔNIO,AV GUARARAPES,15,SUBURBIO,ATROPELAMENTO,ATROPELAMENTO ONIBUS/PEDESTRE,,,,,1,1,,,,1,Cruzamento,Chuvoso,Perfeito estado,Molhada,Perfeito estado,Outras,,,Faixa seccionada
2020-07-11 00:00:00,17:38:00,COM VÍTIMA,MONTEIRO,AV DEZESSETE DE AGOSTO,251,CIDADE,COLISÃO FRONTAL,AUTO E MOTO,1,1,,,,,,,,1,Cruzamento,Chuvoso,Perfeito estado,Molhada,Perfeito estado,Outras,,Dupla,Faixa contínua
2020-07-11 00:00:00,21:32:00,COM VÍTIMA,BOA VIAGEM,AV ENGENHEIRO DOMINGOS FERREIRA,,SUBURBIO,COLISÃO TRASEIRA,COLISAO DE AUTO E MOTO,1,1,,,,,,,,1,Longo da via,Chuvoso,Perfeito estado,Molhada,Perfeito estado,Não há placas,,Única,Faixa seccionada
2020-07-12 00:00:00,00:18:00,COM VÍTIMA,TORRÕES,RUA PROFESSOR JOAQUIM XAVIER DE BRITO,,SUBURBIO,ABALROAMENTO TRANSVERSAL,AUTO E MOTO,1,1,,,,,,,,1,Cruzamento,Chuvoso,Ilegível,Molhada,Perfeito estado,Placas Pare,,Dupla,Não existe
2020-07-12 00:00:00,05:04:00,SEM VÍTIMA,JARDIM SÃO PAULO,RUA QUELUZ,,,CHOQUE,VEÍCULO SE CHOCOU COM O MURO DA RESIDÊNCIA VINDO A DERRUBAR POSTE DE ENERGIA ELÉTRICA,1,,,,,,,,,0,,,,,,,,,
2020-07-12 00:00:00,09:38:00,COM VÍTIMA,CASA FORTE,EST DO ENCANAMENTO,593,CIDADE,ABALROAMENTO LONGITUDINAL,COLISÃO COM VITIMA SOCORRIDA PELO SAMU  GM CLOVIS E EDMILSON QTH,2,,,,,,,,,1,Cruzamento,Bom,Perfeito estado,Seca,Perfeito estado,,40 km/h,Única,Faixa
2020-07-12 00:00:00,13:34:00,COM VÍTIMA,BOA VIAGEM,RUA RIBEIRO DE BRITO,,CIDADE,COLISÃO,VEICULO CRUZOU A RUA AMALIA BERNADINHO DE SOUZA E O CONDUTOR DA MOTOCICLETA COLIDIU COM A LATERAL DO VEICULO,1,1,,,,,,,,1,,,,,,,,,
2020-07-12 00:00:00,16:40:00,SEM VÍTIMA,BOA VIAGEM,RUA JOAO CARDOSO AIRES,,,COLISÃO,COLISAO ENTRE DOIS AUTOS UM DOS VEICULOS CAIU NO CANAL E O OUTRO CHOCOU COM UMA POSTE,2,,,,,,,,,0,,,,,,,,,
2020-07-12 00:00:00,18:31:00,COM VÍTIMA,SANCHO,AV LIBERDADE,,SUBURBIO,COLISÃO FRONTAL,MOTO X AUTO     OBS : SUSPEITA DE EMBRIAGUEZ,1,1,,,,,,,,1,Longo da via,Bom,Não existente,Seca,Perfeito estado,Não há placas,40 km/h,Dupla,Faixa contínua
2020-07-12 00:00:00,19:18:00,COM VÍTIMA,SANTANA,RUA ASTERIO RUFINO ALVES,,SUBURBIO,ABALROAMENTO LONGITUDINAL,ENTRE 2 MOTOS. C/V,,2,,,,,,,,1,Esquina,Bom,Não existente,Seca,Perfeito estado,Não há placas,,Dupla,Não existe
2020-07-12 00:00:00,19:59:00,SEM VÍTIMA,PINA,VDO PAPA JOAO PAULO II,,,ENGAVETAMENTO,UNO X HB 20 E TRACKER OBS : SUSPEITA DE EMBRIAGUEZ,3,,,,,,,,,0,,,,,,,,,
2020-07-12 00:00:00,20:30:00,COM VÍTIMA,ÁGUA FRIA,RUA JOAQUIM GONCALVES TORREIRO,,SUBURBIO,CHOQUE VEÍCULO PARADO,ENTRE AUTO E MOTO. C/V,1,1,,,,,,,,1,Longo da via,Bom,Não existente,Seca,Mal iluminada,Não há placas,,Dupla,Não existe