data,hora,natureza,bairro,endereco,num_semaforo,sentido_via,tipo,auto,moto,ciclom,ciclista,pedestre,onibus,caminhao,viatura,outros,vitimas,vitimasfatais,acidente_verificado,tempo_clima,sinalizacao,condicao_via,conservacao_via,situacao_placa,velocidade_max_via,mao_direcao,divisao_via1
2020-07-13 00:00:00,07:27:00,COM VÍTIMA,MADALENA,AV BEIRA RIO,,SUBURBIO,COLISÃO COM CICLISTA,AUTO E CICLISTA,1,,,1,,,,,,1,Cruzamento,Bom,Ilegível,Seca,Perfeito estado,R-6a,,Dupla,Faixa
2020-07-13 00:00:00,08:01:00,SEM VÍTIMA,SÃO JOSÉ,VDO PAPA JOAO PAULO II,,,COLISÃO TRASEIRA,,3,,,,,,,,,0,Viaduto,Bom,Perfeito estado,Seca,Perfeito estado,Não há placas,60 km/h,Dupla,Faixa contínua
2020-07-13 00:00:00,08:05:00,SEM VÍTIMA,BOA VIAGEM,RUA JOAO CARDOSO AIRES,478,SUBURBIO,ABALROAMENTO TRANSVERSAL,,2,,,,,,,,,0,Cruzamento,Bom,Perfeito estado,Seca,Perfeito estado,Não há placas,,Única,
2020-07-13 00:00:00,08:07:00,SEM VÍTIMA,NOVA DESCOBERTA,RUA NOVA DESCOBERTA,,CIDADE,COLISÃO TRASEIRA,,3,,,,,,,,,0,Longo da via,Bom,Perfeito estado,Seca,Perfeito estado,Não há placas,40 km/h,Dupla,Faixa seccionada
2020-07-13 00:00:00,08:44:00,SEM VÍTIMA,BOA VIAGEM,RUA ERNESTO DE PAULA SANTOS,,,ENGAVETAMENTO,ENGAVETAMENTO ENTRE QUATRO VEÍCULOS -SEM VITIMAS/CTTU NO LOCAL-SUB ADELSON-GCM WEMERSON,4,,,,,,,,,0,Longo da via,Bom,Perfeito estado,Seca,Perfeito estado,Não há placas,,Única,Faixa contínua
2020-07-13 00:00:00,08:54:00,COM VÍTIMA,AREIAS,AV RECIFE,620,AEROPORTO,ABALROAMENTO LONGITUDINAL,C/VITIMAS- ENTRE MOTO E AUTO.AUTO EVADIU,,1,,,,,,,,1,Longo da via,Bom,Incompleta,Seca,Perfeito estado,Outras,60 km/h,Dupla,Canteiro central
2020-07-13 00:00:00,09:37:00,COM VÍTIMA,JAQUEIRA,AV RUI BARBOSA,,SUBURBIO,ABALROAMENTO TRANSVERSAL,ENTRE AUTO E MOTO COM DUAS VITIMAS-SAMU NO LOCAL/CTTU VT07 INSP SILVAN/ INSP THOMÁS JEFERSOM,1,1,,,,,,,,1,Longo da via,Bom,Perfeito estado,Seca,Perfeito estado,Outras,,Única,Faixa contínua
2020-07-13 00:00:00,10:21:00,COM VÍTIMA,CORDEIRO,AV INACIO MONTEIRO,,CIDADE,ABALROAMENTO TRANSVERSAL,C/ VITIMAS MOTO E AUTO,1,1,,,,,,,,1,Cruzamento,Bom,Ilegível,Seca,Perfeito estado,Placas Pare,,Dupla,Faixa contínua
2020-07-13 00:00:00,10:24:00,SEM VÍTIMA,MADALENA,RUA NOBRE DE LACERDA,,SUBURBIO,COLISÃO,SEM VITIMAS,2,,,,,,,,,0,Cruzamento,Bom,Perfeito estado,Seca,Perfeito estado,R-4a,,Única,Não existe
2020-07-13 00:00:00,10:54:00,SEM VÍTIMA,IPSEP,AV PRESIDENTE DUTRA,,SUBURBIO,COLISÃO,SEM VITIMAS/AUTO PASSEIO E VIATURA DA PM,1,,,,,,,1,,0,Longo da via,Bom,Perfeito estado,Seca,Perfeito estado,Não há placas,,Dupla,Canteiro central
2020-07-13 00:00:00,11:04:00,SEM VÍTIMA,BOA VIAGEM,AV CONSELHEIRO AGUIAR,115,CIDADE,COLISÃO,COLISÃO,1,,,,,1,,,,0,Longo da via,Bom,Perfeito estado,Seca,Perfeito estado,R-6a,,Única,Faixa contínua
2020-07-13 00:00:00,12:39:00,SEM VÍTIMA,IMBIRIBEIRA,AV MARECHAL MASCARENHAS DE MORAES,286,CIDADE,COLISÃO,COLISAO ENTRE CARRO/MOTO  BATEDOR LINDENBERG NO LOCAL,1,1,,,,,,,,0,Cruzamento,Bom,Perfeito estado,Seca,Perfeito estado,Não há placas,,Dupla,Canteiro central
2020-07-13 00:00:00,13:16:00,COM VÍTIMA,ILHA JOANA BEZERRA,RUA IMPERIAL,,SUBURBIO,ABALROAMENTO LONGITUDINAL,COLISAO ENTRE CARRO/MOTO,1,1,,,,,,,,2,Esquina,Bom,Perfeito estado,Seca,Perfeito estado,R-6a,,Única,Faixa seccionada
2020-07-13 00:00:00,13:39:00,COM VÍTIMA,AFOGADOS,RUA SAO MIGUEL,,SUBURBIO,ABALROAMENTO TRANSVERSAL,AUTO E DUAS MOTOS,1,2,,,,,,,,1,Longo da via,Bom,Incompleta,Seca,Perfeito estado,Não há placas,,Dupla,Faixa seccionada
2020-07-13 00:00:00,14:52:00,COM VÍTIMA,CAMPO GRANDE,AV CORREIA DE BRITO,,,COLISÃO,COLISÃO C/VITIMA ENTRE UM AUTO E UMA MOTO,1,1,,,,,,,,1,,,,,,,,,
2020-07-13 00:00:00,15:55:00,COM VÍTIMA,IMBIRIBEIRA,AV MARECHAL MASCARENHAS DE MORAES,,CIDADE,ABALROAMENTO TRANSVERSAL,COLISÃO C/VITIMA ENTRE UM AUTO E UMA MOTO (GM BRENO ALVES NO QTH),1,1,,,,,,,,1,Longo da via,Bom,Perfeito estado,Seca,Perfeito estado,R-6a,60 km/h,Dupla,Canteiro central
2020-07-13 00:00:00,16:06:00,COM VÍTIMA,ARRUDA,RUA ZEFERINO AGRA,,SUBURBIO,ABALROAMENTO LONGITUDINAL,COLISAO ENTRE AUTO/MOTO,1,1,,,,,,,,1,Cruzamento,Bom,Não existente,Seca,Perfeito estado,Não há placas,,Dupla,Faixa seccionada
2020-07-13 00:00:00,16:56:00,COM VÍTIMA,MACAXEIRA,AV NORTE,296,CIDADE,ATROPELAMENTO,ATROPELAMENTO ENTRE AUTO/PEDESTRE,1,,,,1,,,,,1,Longo da via,Bom,Perfeito estado,Seca,Perfeito estado,Não há placas,60 km/h,Dupla,Canteiro central
2020-07-13 00:00:00,17:02:00,SEM VÍTIMA,AFOGADOS,RUA RUBIACEA,,,COLISÃO,COLISAO ENTRE AUTO/AMBULANCIA,2,,,,,,,,,0,Longo da via,Bom,Não existente,Seca,Perfeito estado,Não há placas,30 km/h,Dupla,Não existe
2020-07-13 00:00:00,17:30:00,SEM VÍTIMA,IMBIRIBEIRA,RUA ARQUITETO LUIZ NUNES,,SUBURBIO,COLISÃO,COLISAO ENTRE 2 AUTOS AGENTE GUILHERME MOTA NO LOCAL,2,,,,,,,,,0,Longo da via,Chuvoso,Perfeito estado,Molhada,Perfeito estado,R-6a,40 km/h,Única,Faixa seccionada
2020-07-13 00:00:00,18:21:00,COM VÍTIMA,CORDEIRO,AV CAXANGA,266,CIDADE,ATROPELAMENTO,MOTO E PEDESTRE.,,1,,,1,,,,,1,Longo da via,Bom,Perfeito estado,Seca,Perfeito estado,Outras,,Dupla,Canteiro central
2020-07-13 00:00:00,19:07:00,COM VÍTIMA,MADALENA,AV BEIRA RIO,,,ABALROAMENTO TRANSVERSAL,COLISÃO ENTRE AUTO E MOTO- C/V,1,1,,,,,,,,1,Esquina,Chuvoso,Perfeito estado,Molhada,Perfeito estado,R-6a,,Dupla,Faixa seccionada
2020-07-13 00:00:00,21:40:00,SEM VÍTIMA,JARDIM SÃO PAULO,RUA LEANDRO BARRETO,,SUBURBIO,ABALROAMENTO TRANSVERSAL,COLISAO SEM VITIMAS,1,1,,,,,,,,0,Cruzamento,Chuvoso,,Seca,Mal conservada,Não há placas,,Dupla,Não existe
2020-07-14 00:00:00,02:11:00,COM VÍTIMA,BOA VIAGEM,AV DES JOSE NEVES,,SUBURBIO,ABALROAMENTO LONGITUDINAL,COLISÃO ENTRE ÔNIBUS E MOTO- C/V,1,1,,,,,,,,1,Longo da via,Bom,Perfeito estado,Seca,Perfeito estado,Não há placas,,Dupla,Canal
2020-07-14 00:00:00,06:25:00,COM VÍTIMA,DERBY,AV GOVERNADOR AGAMENON MAGALHAES,68,CIDADE,ABALROAMENTO TRANSVERSAL,AMBULANCIA E 2 MOTOS C/V,1,2,,,,,,,,2,Cruzamento,Bom,Perfeito estado,Seca,Perfeito estado,R-6a,60 km/h,Única,Faixa
2020-07-14 00:00:00,11:42:00,SEM VÍTIMA,AFOGADOS,RUA NICOLAU PEREIRA,,CIDADE,COLISÃO TRASEIRA,COLISÃO SEM VÍTIMAS- ENTRE 2 AUTOS.,2,,,,,,,,,0,Longo da via,Bom,Perfeito estado,Seca,Perfeito estado,Não há placas,60 km/h,Única,Faixa seccionada
2020-07-14 00:00:00,17:48:00,COM VÍTIMA,MADALENA,RUA PADRE LANDIM,252,CIDADE,COLISÃO COM CICLISTA,COLISAO ENTRE AUTO E CICLISTA VT 14 NO LOCAL,1,,,1,,,,,,1,Cruzamento,Bom,Perfeito estado,Seca,Perfeito estado,Outras,,Única,Faixa seccionada
2020-07-14 00:00:00,18:36:00,COM VÍTIMA,DERBY,AV GOVERNADOR AGAMENON MAGALHAES,,SUBURBIO,ABALROAMENTO LONGITUDINAL,MOTO X AUTO OBS: BATEDORES 03 X 40 NO LOCAL. UMA DAS PARTES SE EVADIU DO LOCAL.,1,1,,,,,,,,1,Longo da via,Bom,Perfeito estado,Seca,Perfeito estado,Não há placas,,Única,Faixa seccionada
2020-07-14 00:00:00,20:20:00,COM VÍTIMA,BOA VIAGEM,RUA JOAO CARDOSO AIRES,,SUBURBIO,COLISÃO FRONTAL,ENTRE MOTO E AUTO. C/V,1,1,,,,,,,,1,Cruzamento,Bom,Incompleta,Seca,Mal iluminada,Placas Pare,,Única,
2020-07-14 00:00:00,22:46:00,COM VÍTIMA,MANGUEIRA,RUA SAO MIGUEL,,CIDADE,ABALROAMENTO TRANSVERSAL,AUTO E MOTO,1,1,,,,,,,,2,Longo da via,Bom,Perfeito estado,Seca,Perfeito estado,Não há placas,,Dupla,Faixa contínua
2020-07-15 00:00:00,07:30:00,SEM VÍTIMA,BOA VIAGEM,AV BOA VIAGEM,,,COLISÃO,03 AUTOS PASSSEIO,3,,,,,,,,,0,Longo da via,Bom,Perfeito estado,Seca,Perfeito estado,Não há placas,60KM,Única,Faixa seccionada
2020-07-15 00:00:00,09:21:00,SEM VÍTIMA,DOIS IRMÃOS,RUA DOIS IRMAOS,,,COLISÃO,MB L 1620 X FIAT ARGO,1,,,,,,1,,,0,Cruzamento,Bom,Perfeito estado,Seca,Perfeito estado,Não há placas,N/I,Dupla,Faixa contínua
2020-07-15 00:00:00,10:58:00,SEM VÍTIMA,IMBIRIBEIRA,AV MARECHAL MASCARENHAS DE MORAES,,AEROPORTO,COLISÃO,SEM VITIMAS -CTTU NO LOCAL VT29 -SUB INSP LUCIANO /MARCOS/GCM JORDÃO /CLAUDIA,2,,,,,,,,,0,Longo da via,Bom,Perfeito estado,Seca,Perfeito estado,R-6a,60KM,Dupla,Canteiro central
2020-07-15 00:00:00,14:23:00,COM VÍTIMA,PAISSANDU,AV GOVERNADOR AGAMENON MAGALHAES,,CIDADE,COLISÃO TRASEIRA,COLISÃO COM VÍTIMA,1,1,,,,,,,,1,Longo da via,Bom,Perfeito estado,Seca,Perfeito estado,Não há placas,60 km/h,Única,Faixa seccionada
2020-07-15 00:00:00,16:03:00,SEM VÍTIMA,PAISSANDU,PTE PAISSANDU,,,COLISÃO,COLISÃO S/VITIMAS ENTRE UM AUTO E UMA MOTO (VEÍCULO OFICIAL),1,1,,,,,,,,0,,,,,,,,,
2020-07-15 00:00:00,20:14:00,COM VÍTIMA,BONGI,RUA ISAAC MARKMAN,,,COLISÃO,COLISAO ENTRE UM AUTO E MOTO,1,,1,,,,,,,1,,,,,,,,,
2020-07-16 00:00:00,05:31:00,SEM VÍTIMA,IMBIRIBEIRA,AV MARECHAL MASCARENHAS DE MORAES,,,COLISÃO,,1,,,,,1,,,,0,Longo da via,Chuvoso,Perfeito estado,Molhada,Perfeito estado,Não há placas,60KM,Dupla,Canteiro central
2020-07-16 00:00:00,08:04:00,COM VÍTIMA,VÁRZEA,RUA MARIO CAMPELO,,,TOMBAMENTO,QUEDA DE MOTOCICLISTA,,1,,,,,,,,1,Longo da via,Chuvoso,Não existente,Molhada,Perfeito estado,Não há placas,,Dupla,Não existe
2020-07-16 00:00:00,13:15:00,COM VÍTIMA,SANTO AMARO,AV GOVERNADOR AGAMENON MAGALHAES,,OLINDA,COLISÃO,COM VÍTIMA. O GCM CARLOS LIMA SE DEPAROU COM A COLISÃO,1,1,,,,,,,,1,,,,,,,,,
2020-07-16 00:00:00,19:34:00,COM VÍTIMA,PINA,AV ENGENHEIRO DOMINGOS FERREIRA,,SUBURBIO,CAPOTAMENTO,VEICULO VW/GOL CAPOTOU E EM SEGUIDA CHOCOU-SE CONTRA UMA GM/SPIN,2,,,,,,,,,3,Longo da via,Bom,Perfeito estado,Seca,Perfeito estado,Não há placas,50 km/h,Única,Canteiro central
2020-07-17 00:00:00,04:59:00,SEM VÍTIMA,BOA VIAGEM,AV BOA VIAGEM,,CIDADE,CHOQUE OBJETO FIXO,CHOQUE NO POSTE ILUMUNIAÇÃO,1,,,,,,,,,0,Longo da via,Chuvoso,Perfeito estado,Molhada,Perfeito estado,Outras,60KM,Única,Faixa contínua
2020-07-17 00:00:00,06:05:00,COM VÍTIMA,IMBIRIBEIRA,AV MARECHAL MASCARENHAS DE MORAES,534,CIDADE,COLISÃO COM CICLISTA,COM UMA VITIMA-SAMU JÁ ACIONADO-CTTU NO LOCAL VT 07-SUB INSP MARCILIO,,,,1,,1,,,,1,Cruzamento,Bom,Perfeito estado,Seca,Perfeito estado,,,Dupla,Canteiro central
2020-07-17 00:00:00,09:11:00,COM VÍTIMA,JOANA BEZERRA,VDO PAPA JOAO PAULO II,,SUBURBIO,ABALROAMENTO LONGITUDINAL,COM UMA VITIMA AGUARDANDO SAMU/AUTO PASSEIO SE EVADIU,1,1,,,,,,,,1,Viaduto,Chuvoso,Perfeito estado,Molhada,Perfeito estado,Não há placas,,Única,Faixa seccionada
2020-07-17 00:00:00,13:21:00,SEM VÍTIMA,IMBIRIBEIRA,AV MARECHAL MASCARENHAS DE MORAES,396,CIDADE,COLISÃO TRASEIRA,COLISÃO S/VITIMAS ENTRE UM AUTO (VEICULO OFICIAL) E UM CAMINHÃO,2,,,,,,1,,,0,Longo da via,Chuvoso,Perfeito estado,Molhada,Perfeito estado,R-6a,,Dupla,Canteiro central
2020-07-17 00:00:00,15:43:00,SEM VÍTIMA,ARRUDA,RUA VELHA,,,COLISÃO,COLISÃO S/VITIMAS ENTRE UM AUTO E UMA MOTO (V.T 23 NO QTH),1,1,,,,,,,,0,,,,,,,,,
2020-07-18 00:00:00,01:41:00,COM VÍTIMA,MADALENA,AV VISCONDE DE ALBUQUERQUE,50,SUBURBIO,COLISÃO FRONTAL,ACIDENTE ENTRE DOIS AUTOS UM DOS VEÍCULOS SEM CONDIÇÕES DE SAIR DO LOCAL OBSTRUIDO A VIA.,2,,,,,,,,,1,Cruzamento,Chuvoso,Perfeito estado,Molhada,Perfeito estado,Não há placas,,Única,Faixa seccionada
2020-07-18 00:00:00,08:14:00,COM VÍTIMA,VÁRZEA,AV CAXANGA,,CIDADE,COLISÃO COM CICLISTA,MOTO E CICLISTA,,1,,1,,,,,,1,Longo da via,Chuvoso,Não existente,Molhada,Perfeito estado,Não há placas,,Única,Canteiro central
2020-07-18 00:00:00,10:58:00,COM VÍTIMA,ARRUDA,AV BEBERIBE,,,ABALROAMENTO LONGITUDINAL,COLISÃO COM 1 VITIMA,1,1,,,,,,,,1,Esquina,Bom,Perfeito estado,Seca,Perfeito estado,Outras,,Dupla,Faixa contínua
2020-07-18 00:00:00,11:14:00,COM VÍTIMA,CASA AMARELA,RUA DA HARMONIA,,SUBURBIO,ABALROAMENTO TRANSVERSAL,AUTO E MOTO C/V,1,1,,,,,,,,1,Longo da via,Bom,Perfeito estado,Seca,Perfeito estado,Placas Pare,,Dupla,Faixa
2020-07-18 00:00:00,12:21:00,COM VÍTIMA,MADALENA,AV CAXANGA,,,ATROPELAMENTO,MOTO ATROPELOU DOIS PEDESTRE,,1,,,2,,,,,1,,,,,,,,,
2020-07-18 00:00:00,13:24:00,SEM VÍTIMA,AREIAS,AV CAPITAO GREGORIO DE CALDAS,,SUBURBIO,ABALROAMENTO LONGITUDINAL,COLISÃO SEM VÍTIMAS- ENTRE 2 AUTOS.,2,,,,,,,,,0,,Bom,Não existente,Seca,Perfeito estado,Não há placas,,Dupla,Não existe
2020-07-18 00:00:00,15:13:00,COM VÍTIMA,CASA AMARELA,AV NORTE,,CIDADE,COLISÃO COM CICLISTA,VEÍCULO QUE COLIDIU COM CICLISTA EVADIU-SE.,1,,,1,,,,,,1,Longo da via,Bom,Perfeito estado,Seca,Perfeito estado,Outras,,Dupla,Canteiro central
2020-07-18 00:00:00,15:27:00,COM VÍTIMA,IMBIRIBEIRA,AV MARECHAL MASCARENHAS DE MORAES,386,CIDADE,ABALROAMENTO LONGITUDINAL,COLISAO ENTRE AUTO E MOTO COM UMA VITIMA,1,1,,,,,,,,1,Longo da via,Bom,Perfeito estado,Seca,Perfeito estado,Não há placas,60 km/h,Única,Faixa seccionada
2020-07-18 00:00:00,20:11:00,SEM VÍTIMA,ESPINHEIRO,RUA DO ESPINHEIRO,,,ABALROAMENTO TRANSVERSAL,MOTO X PALIO OBS: VT DA CTTU 07 ESTA NO LOCAL,1,1,,,,,,,,0,Cruzamento,Bom,Perfeito estado,Seca,Mal iluminada,R-6a,30 km/h,Única,
2020-07-18 00:00:00,20:21:00,COM VÍTIMA,ALTO JOSÉ BONIFÁCIO,RUA ALTO JOSE BONIFACIO,,SUBURBIO,ABALROAMENTO LONGITUDINAL,ONIX X MOTO,1,1,,,,,,,,1,Longo da via,Bom,Ilegível,Seca,Mal iluminada,Não há placas,,Dupla,Faixa seccionada
2020-07-18 00:00:00,21:40:00,COM VÍTIMA,TORRE,RUA JOSE BONIFACIO,191,,COLISÃO TRASEIRA,2 AUTOS E UMA MOTO,2,1,,,,,,,,1,Cruzamento,Bom,Perfeito estado,Seca,Perfeito estado,R-6a,40 km/h,Única,
2020-07-18 00:00:00,23:17:00,COM VÍTIMA,IMBIRIBEIRA,RUA ARQUITETO LUIZ NUNES,,SUBURBIO,ABALROAMENTO LONGITUDINAL,FIAT UNO X MOTO OBS : VEICULO CAPOTADO NO MEIO DA VIA SUSPEITA DE EMBRIAGUEZ,1,1,,,,,,,,2,Longo da via,Bom,Incompleta,Seca,Mal iluminada,Outras,,Dupla,Faixa contínua
2020-07-19 00:00:00,11:08:00,COM VÍTIMA,MANGUEIRA,RUA VINTE E UM DE ABRIL,,SUBURBIO,ABALROAMENTO TRANSVERSAL,COLISAO ENTRE AUTO E MOTO,1,1,,,,,,,,1,Cruzamento,Bom,Incompleta,Seca,Perfeito estado,Não há placas,,Dupla,Não existe
2020-07-19 00:00:00,11:50:00,COM VÍTIMA,ÁGUA FRIA,RUA DR EUDES COSTA,,,COLISÃO COM CICLISTA,COLISAO ENTRE AUTO E BICICLETA,1,,,1,,,,,,1,,,,,,,,,
2020-07-19 00:00:00,12:52:00,COM VÍTIMA,CASA AMARELA,AV NORTE,676,CIDADE,ABALROAMENTO TRANSVERSAL,COLISÃO C/VITIMAS ENTRE UM AMBULANCIA E UMA MOTO,1,1,,,,,,,,2,Longo da via,Bom,Perfeito estado,Seca,Perfeito estado,Outras,,Única,Faixa contínua
2020-07-19 00:00:00,21:26:00,SEM VÍTIMA,GUABIRABA,AV VEREADOR OTACILIO AZEVEDO,,,COLISÃO,COLISAO SEM VITIMAS,2,,,,,,,,,0,,,,,,,,,
2020-07-20 00:00:00,09:06:00,COM VÍTIMA,IMBIRIBEIRA,AV MARECHAL MASCARENHAS DE MORAES,534,SUBURBIO,ABALROAMENTO LONGITUDINAL,COLISÃO COM VITIMA GM RANBALD  E MARCOS QTH,1,1,,,,,,,,1,Cruzamento,Chuvoso,Perfeito estado,Seca,Perfeito estado,Não há placas,60 km/h,Dupla,Canteiro central
2020-07-20 00:00:00,14:29:00,COM VÍTIMA,CASA AMARELA,AV NORTE,,CIDADE,ABALROAMENTO LONGITUDINAL,COLISAO ENTRE AUTO E MOTO COM UMA VITIMA,1,1,,,,,,,,1,Longo da via,Bom,Perfeito estado,Seca,Perfeito estado,Outras,60 km/h,Dupla,Canteiro central
2020-07-20 00:00:00,20:31:00,SEM VÍTIMA,PINA,AV ANTONIO DE GOES,,,COLISÃO,DOIS VEIULOS DA LEI SECA,,,,,,,,2,,0,Longo da via,Bom,Perfeito estado,Seca,Perfeito estado,Outras,N/I,Única,Faixa seccionada
2020-07-21 00:00:00,05:00:00,SEM VÍTIMA,CASA AMARELA,EST DO ARRAIAL,,SUBURBIO,CHOQUE OBJETO FIXO,VEICULO SE CHOCOU E DESTRUIU UM POSTE DE ILUMINAÇÃO PÚBLICA. EM SEGUIDA- UM CAMINHÃO- DE IDENTIFICAÇÃO IGNORADA- ARRASTOU A FIAÇÃO DO POSTE ATINGIDO. CONDUTOR E PASSAGEIRO SE EVADIRAM DO LOCAL- ANTES DA CHEGADA DOS AGENTES.,1,,,,,,,,,0,Longo da via,Bom,Perfeito estado,Seca,Perfeito estado,,40 km/h,Única,
2020-07-21 00:00:00,08:04:00,COM VÍTIMA,VÁRZEA,RUA GENERAL POLIDORO,,CIDADE,COLISÃO COM CICLISTA,COM UMA VITIMA -SAMU NO LOCAL,,,,1,,1,,,,1,Esquina,Bom,Não existente,Seca,Perfeito estado,Placas Pare,,Dupla,Faixa contínua
2020-07-21 00:00:00,09:13:00,COM VÍTIMA,AREIAS,AV RECIFE,,,COLISÃO,,,,,,,,,,,3,,,,,,,,,
2020-07-21 00:00:00,11:25:00,COM VÍTIMA,BONGI,AV GENERAL SAN MARTIN,,SUBURBIO,ABALROAMENTO LONGITUDINAL,COLISÃO C/VITIMA ENTRE UM AUTO E UMA MOTO,1,1,,,,,,,,1,Longo da via,Bom,Perfeito estado,Seca,Perfeito estado,R-6a,60 km/h,Dupla,Faixa contínua
2020-07-21 00:00:00,11:48:00,SEM VÍTIMA,BOA VISTA,RUA GERVASIO PIRES,,,COLISÃO,COLISAO SEM VITIMA ENTRE AUTO E UM CAMINHAO - UM DELES SENDO VIATURA DA PM,1,,,,,,1,,,0,Longo da via,Bom,,Seca,Perfeito estado,,,Única,Faixa seccionada
2020-07-21 00:00:00,15:42:00,SEM VÍTIMA,ÁGUA FRIA,AV BEBERIBE,405,,COLISÃO,COLISAO ENTRE 3 AUTOS S/V,3,,,,,,,,,0,,,,,,,,,
2020-07-21 00:00:00,16:51:00,COM VÍTIMA,FUNDÃO,AV BEBERIBE,,SUBURBIO,ATROPELAMENTO,MOTO E PEDESTRE,,1,,,1,,,,,2,Longo da via,Bom,Perfeito estado,Seca,Perfeito estado,Não há placas,,Dupla,Faixa contínua
2020-07-21 00:00:00,17:04:00,COM VÍTIMA,CAXANGÁ,AV CAXANGA,,,ATROPELAMENTO,ATROPELAMENTO ONIBUS/PEDESTRE,,,,,1,1,,,,1,,,,,,,,,
2020-07-21 00:00:00,17:51:00,COM VÍTIMA,BOA VIAGEM,RUA COSMORAMA,,CIDADE,COLISÃO FRONTAL,MOTO E AUTO,1,1,,,,,,,,1,Longo da via,Bom,Perfeito estado,Seca,Perfeito estado,Outras,,Dupla,Faixa seccionada
2020-07-21 00:00:00,21:23:00,COM VÍTIMA,IMBIRIBEIRA,VIADUTO TANCREDO NEVES,,CIDADE,COLISÃO TRASEIRA,COLISÃO ENTRE DOIS AUTOS C/V,2,,,,,,,,,1,Viaduto,Bom,Perfeito estado,Seca,Mal iluminada,Não há placas,,Única,
2020-07-22 00:00:00,08:46:00,COM VÍTIMA,LINHA DO TIRO,RUA URIEL DE HOLANDA,,SUBURBIO,COLISÃO COM CICLISTA,ONIBUS E CICLISTA VT-31 NO LOCAL SUB. DINIZ- BRUNO E KENNEDY,,,,1,,1,,,,1,Cruzamento,Bom,Não existente,Seca,Mal iluminada,Não há placas,,Dupla,Não existe
2020-07-22 00:00:00,09:13:00,COM VÍTIMA,IMBIRIBEIRA,AV MARECHAL MASCARENHAS DE MORAES,,CIDADE,ABALROAMENTO LONGITUDINAL,COLISÃO COM VITIMAS  SOCORRIDAS PELO SAMU,1,2,,,,,,,,2,Longo da via,Bom,Perfeito estado,Seca,Perfeito estado,R-6a,60 km/h,Dupla,Faixa seccionada
2020-07-22 00:00:00,14:57:00,COM VÍTIMA,BOA VIAGEM,RUA DOS NAVEGANTES,,SUBURBIO,ABALROAMENTO TRANSVERSAL,VEICULO COLIDIU COM A MOTO NO CRUZAMENTO,1,1,,,,,,,,2,Cruzamento,Bom,Perfeito estado,Seca,Perfeito estado,Placas Pare,,Única,Faixa seccionada
2020-07-23 00:00:00,07:57:00,COM VÍTIMA,SÃO JOSÉ,RUA FLORIANO PEIXOTO,,SUBURBIO,ABALROAMENTO TRANSVERSAL,COLISÃO C/VITIMA ENTRE UM AUTO UMA MOTO (INS. ROMERO NO QTH),1,1,,,,,,,,1,Cruzamento,Bom,Perfeito estado,Seca,Perfeito estado,Outras,,Única,Faixa seccionada
2020-07-23 00:00:00,08:15:00,SEM VÍTIMA,DERBY,RUA JENER DE SOUZA,,CIDADE,ABALROAMENTO TRANSVERSAL,COLISAO S/VITIMAS,2,,,,,,,,,0,Longo da via,Bom,Perfeito estado,Seca,Perfeito estado,Placas Pare,,Única,Canteiro central
2020-07-23 00:00:00,08:27:00,COM VÍTIMA,BOA VISTA,AV GOVERNADOR CARLOS DE LIMA CAVALCANTI,,SUBURBIO,ABALROAMENTO TRANSVERSAL,COLISÃO C/ VITIMA ENTRE UM ONIBUS E UM AUTO ( BATEDOR URLEY E INS. LINDENBERG NO QTH),1,,,,,1,,,,1,Longo da via,Bom,Perfeito estado,Seca,Perfeito estado,Não há placas,,Dupla,Canteiro central
2020-07-23 00:00:00,14:17:00,COM VÍTIMA,TORRÕES,RUA ZUMBI DOS PALMARES,,SUBURBIO,COLISÃO COM CICLISTA,MOTO E BICICLETA,,1,,1,,,,,,1,Longo da via,Bom,Não existente,Seca,Perfeito estado,R-6c,30 km/h,Dupla,Não existe
2020-07-23 00:00:00,14:35:00,SEM VÍTIMA,BOA VIAGEM,RUA VISCONDE DE JEQUITINHONHA,,,ACID. DE PERCURSO,MOTO CAIU DENTRO DE UM BURACO,,1,,,,,,,,0,,,,,,,,,
2020-07-24 00:00:00,07:06:00,COM VÍTIMA,COELHOS,RUA FRANCISCO ALVES,,,ABALROAMENTO LONGITUDINAL,AUTO E MOTO,1,1,,,,,,,,1,Cruzamento,Bom,Perfeito estado,Seca,Perfeito estado,Outras,,Dupla,Faixa contínua
2020-07-24 00:00:00,08:02:00,COM VÍTIMA,SANTO AMARO,AV CRUZ CABUGA,34,CIDADE,ATROPELAMENTO,MOTO E PEDESTRE,,1,,,1,,,,,1,Longo da via,Bom,Perfeito estado,Seca,Perfeito estado,Não há placas,60 km/h,Dupla,Faixa contínua
2020-07-24 00:00:00,10:20:00,SEM VÍTIMA,DERBY,AV GOVERNADOR AGAMENON MAGALHAES,75,,COLISÃO TRASEIRA,VT- DA POLICIA CIVIL OFICIAL E AUTO,1,,,,,,1,,,0,Longo da via,Bom,Perfeito estado,Seca,Perfeito estado,Outras,60 km/h,Dupla,Canteiro central