data,hora,natureza,bairro,endereco,num_semaforo,sentido_via,tipo,auto,moto,ciclom,ciclista,pedestre,onibus,caminhao,viatura,outros,vitimas,vitimasfatais,acidente_verificado,tempo_clima,sinalizacao,condicao_via,conservacao_via,situacao_placa,velocidade_max_via,mao_direcao,divisao_via1
2020-07-24 00:00:00,10:33:00,SEM VÍTIMA,IMBIRIBEIRA,RUA DR TAVARES CORREIA,,SUBURBIO,CHOQUE OBJETO FIXO,CARRETA CHOCOU-SE CONTRA POSTE,,,,,,,1,,1,0,Cruzamento,Bom,Perfeito estado,Seca,Perfeito estado,Placas Pare,30 km/h,Única,Faixa contínua
2020-07-24 00:00:00,11:12:00,SEM VÍTIMA,TORRÕES,RUA ONZE DE FEVEREIRO,,SUBURBIO,CHOQUE VEÍCULO PARADO,COLISÃO SEM VITIMAS,1,,,,,,1,,,0,Cruzamento,Bom,Não existente,Seca,Mal conservada,Não há placas,,Dupla,Não existe
2020-07-24 00:00:00,14:23:00,COM VÍTIMA,SANCHO,AV LIBERDADE,,,COLISÃO TRASEIRA,COLISAO ENTRE AUTO E MOTO COM UMA VITIMA,1,1,,,,,,,,1,Cruzamento,Bom,Perfeito estado,Seca,Perfeito estado,R-6c,,Dupla,Faixa contínua
2020-07-24 00:00:00,19:30:00,SEM VÍTIMA,AREIAS,AV DR JOSE RUFINO,,,COLISÃO,SANDERO X FIESTA OBS: SUSPEITA DE EMBRIAGUEZ,2,,,,,,,,,0,,,,,,,,,
2020-07-24 00:00:00,21:14:00,COM VÍTIMA,BOA VIAGEM,RUA DEZ DE JULHO,,SUBURBIO,ABALROAMENTO TRANSVERSAL,ENTRE AUTO E MOTO. C/V,1,1,,,,,,,,1,Cruzamento,Bom,Incompleta,Seca,Perfeito estado,Placas Pare,30 km/h,Única,
2020-07-25 00:00:00,10:53:00,COM VÍTIMA,AFLITOS,RUA SAMUEL CAMPELO,,SUBURBIO,ABALROAMENTO LONGITUDINAL,COLISÃO C/VITIMA ENTRE UMA MOTO E DOIS AUTO,2,1,,,,,,,,1,Cruzamento,Bom,Perfeito estado,Seca,Perfeito estado,R-6a,,Única,Faixa seccionada
2020-07-25 00:00:00,11:37:00,COM VÍTIMA,BARRO,AV DR JOSE RUFINO,,SUBURBIO,ABALROAMENTO LONGITUDINAL,COLISÃO C/VITIMA ENTRE UMA MOTO E AUTO,1,1,,,,,,,,1,Longo da via,Bom,Perfeito estado,Seca,Perfeito estado,Não há placas,,Dupla,Faixa contínua
2020-07-25 00:00:00,12:26:00,COM VÍTIMA,PRADO,RUA GOMES TABORDA,,,COLISÃO COM CICLISTA,AUTO- CAMINHÃO E BICICLETA.,1,,,1,,,1,,,1,Longo da via,Bom,Incompleta,Seca,Perfeito estado,R-6a,,Dupla,Faixa seccionada
2020-07-25 00:00:00,17:57:00,COM VÍTIMA,CAJUEIRO,RUA CORONEL URBANO RIBEIRO DE SENA,,SUBURBIO,ABALROAMENTO TRANSVERSAL,COLISAO ENTRE CARRO E MOTO (SEM PLACA),1,1,,,,,,,,1,Cruzamento,Bom,Perfeito estado,Seca,Perfeito estado,R-6a,20 km/h,Dupla,Faixa contínua
2020-07-25 00:00:00,22:03:00,COM VÍTIMA,BOA VIAGEM,AV ENGENHEIRO DOMINGOS FERREIRA,484,ORLA DE BOA VIAGEM,ABALROAMENTO TRANSVERSAL,COLISÃO ENTRE AUTO E MOTO- C/V,1,1,,,,,,,,1,Cruzamento,Bom,Perfeito estado,Seca,Perfeito estado,Outras,,Única,
2020-07-26 00:00:00,04:16:00,SEM VÍTIMA,VÁRZEA,RUA TENENTE ROLAND RITTMISTER,,,CAPOTAMENTO,CONDUTOR EVADIU-SE DO LOCAL,2,,,,,,,,,0,Longo da via,Chuvoso,Não existente,Molhada,Perfeito estado,Não há placas,,Dupla,Não existe
2020-07-26 00:00:00,12:58:00,COM VÍTIMA,CÓRREGO DO JENIPAPO,AV NORTE,,SUBURBIO,COLISÃO COM CICLISTA,COLISAO ENTRE MOTO E CICLISTA COM UMA VITIMA,,1,,1,,,,,,1,Longo da via,Chuvoso,Perfeito estado,Molhada,Perfeito estado,Não há placas,60 km/h,Única,Faixa seccionada
2020-07-26 00:00:00,16:24:00,COM VÍTIMA,BOA VIAGEM,AV BOA VIAGEM,,CIDADE,ABALROAMENTO LONGITUDINAL,CONDUTOR DA MOTO AVANÇOU O SINAL VERMELHO E COM O PARALAMA DO LADO DIREITO DO VEICULO,1,1,,,,,,,,1,Longo da via,Bom,Perfeito estado,Seca,Perfeito estado,Não há placas,,Única,Não existe
2020-07-26 00:00:00,21:33:00,SEM VÍTIMA,JORDÃO,AV CENTENARIO ALBERTO SANTOS DUMONT,,,CHOQUE OBJETO FIXO,CONDUTOR APARENTEMENTE EMBRIAGADO- PERDEU O CONTROLE DE SEU VEÍCULO E ACABOU SE CHOCANDO CONTRA AS PROTEÇÕES DA AERONAUTICA- QUASE BATENDO NO MURO DA MESMA. S/V,,,,,,,1,,,0,,,,,,,,,
2020-07-27 00:00:00,07:21:00,COM VÍTIMA,BOA VIAGEM,AV DES JOSE NEVES,567,SUBURBIO,ABALROAMENTO TRANSVERSAL,UM SEGUNDO VEÍCULO EVADIU-SE DO LOCAL- SEGUNDO A VÍTIMA.,,1,,,,,,,,1,Cruzamento,Chuvoso,Perfeito estado,Molhada,Perfeito estado,,,Dupla,Canal
2020-07-27 00:00:00,07:58:00,COM VÍTIMA,TAMARINEIRA,EST VELHA DE AGUA FRIA,,CIDADE,CHOQUE VEÍCULO PARADO,AUTO E MOTO,1,1,,,,,,,,2,Longo da via,Bom,Perfeito estado,Seca,Perfeito estado,Outras,,Dupla,Faixa contínua
2020-07-27 00:00:00,10:05:00,SEM VÍTIMA,GRAÇAS,AV GOVERNADOR AGAMENON MAGALHAES,173,SUBURBIO,COLISÃO,MOTO E VEICULO OFICIAL /  PONTO FIXO NO LOCAL CESAR,,1,,,,,,1,,0,Cruzamento,Chuvoso,Perfeito estado,Seca,Perfeito estado,,60 km/h,Dupla,Canteiro central
2020-07-27 00:00:00,12:35:00,SEM VÍTIMA,IMBIRIBEIRA,AV PRESIDENTE DUTRA,393,SUBURBIO,COLISÃO,COLISAO ENTRE 2 AUTOS/ MOTORISTA EMBRIAGADO,2,,,,,,,,,0,,,,,,,,,
2020-07-28 00:00:00,10:02:00,COM VÍTIMA,BOA VISTA,AV GOVERNADOR AGAMENON MAGALHAES,173,SUBURBIO,COLISÃO COM CICLISTA,CICLISTA E AUTO BATEDORES NO LOCAL GM PETERSON,1,,,1,,,,,,1,Cruzamento,Bom,Perfeito estado,Seca,Perfeito estado,Outras,60 km/h,,Faixa seccionada
2020-07-28 00:00:00,11:49:00,COM VÍTIMA,ILHA DO RETIRO,EST DOS REMEDIOS,,SUBURBIO,ABALROAMENTO TRANSVERSAL,COLISÃO COM VITIMA A ESPERA DO SAMU,1,,,,,1,,,,1,Longo da via,Bom,Perfeito estado,Seca,Perfeito estado,Placas Pare,40 km/h,,Faixa contínua
2020-07-28 00:00:00,14:07:00,COM VÍTIMA,SÃO JOSÉ,RUA IMPERIAL,207,SUBURBIO,ABALROAMENTO TRANSVERSAL,COLISÃO ENVOLVENDO ÔNIBUS E AUTOS.,4,,,,,1,,,,1,Cruzamento,Bom,Perfeito estado,Seca,Perfeito estado,Outras,40 km/h,Única,Faixa seccionada
2020-07-28 00:00:00,14:31:00,COM VÍTIMA,CAMPO GRANDE,RUA ODORICO MENDES,,SUBURBIO,ABALROAMENTO TRANSVERSAL,COLISAO ENTRE DUAS MOTOS COM VITIMAS,,2,,,,,,,,1,Cruzamento,Bom,Perfeito estado,Seca,Perfeito estado,Placas Pare,40 km/h,Dupla,Faixa seccionada
2020-07-28 00:00:00,14:45:00,COM VÍTIMA,DOIS UNIDOS,AV HILDEBRANDO DE VASCONCELOS,,SUBURBIO,COLISÃO TRASEIRA,CAMINHONETE E MICRO-ÔNIBUS.,1,,,,,1,,,,1,Longo da via,Bom,Perfeito estado,Seca,Perfeito estado,Não há placas,,Dupla,Não existe
2020-07-28 00:00:00,16:13:00,SEM VÍTIMA,BOA VIAGEM,AV BOA VIAGEM,,CIDADE,ABALROAMENTO LONGITUDINAL,VEICULO DA GUARDA MUNICIPAL ESTAVA ESTACIONDO E O CARRO UMA PUXAVA A MOTO TUQUI-TUQUI- E A MOTO COLIDIU COM O VEICULO DA GUARDA MUNICIPAL,2,,,,,,,,1,0,Longo da via,Bom,Perfeito estado,Seca,Perfeito estado,Não há placas,,Única,Faixa contínua
2020-07-28 00:00:00,16:13:00,COM VÍTIMA,CAMPINA DO BARRETO,RUA DAS MOCAS,,,COLISÃO,COLISAO ENTRE MOTO E AUTO COM UMA VITIMA,1,1,,,,,,,,1,,,,,,,,,
2020-07-28 00:00:00,17:23:00,SEM VÍTIMA,GRAÇAS,RUA JOAQUIM NABUCO,,SUBURBIO,COLISÃO TRASEIRA,COLISAO ENTRE DOIS AUTOS,2,,,,,,,,,0,Longo da via,Bom,Perfeito estado,Seca,Perfeito estado,,,Única,Faixa seccionada
2020-07-28 00:00:00,19:17:00,COM VÍTIMA,BOA VIAGEM,RUA SA E SOUZA,,,COLISÃO,ENTRE 2 MOTOS. C/V,,2,,,,,,,,2,,,,,,,,,
2020-07-28 00:00:00,19:39:00,SEM VÍTIMA,AFOGADOS,RUA SAO MIGUEL,,,COLISÃO,ONIBUS METROPOLITANA X NISSAN OBS : VEICULO ESTA SEM CONDIÇOES DE SAIR DA VIA DEVIDO A PROPORÇAO DA COLISAO,1,,,,,1,,,,0,,,,,,,,,
2020-07-28 00:00:00,19:41:00,COM VÍTIMA,ÁGUA FRIA,RUA SAO SEBASTIAO,,,ABALROAMENTO LONGITUDINAL,ENTRE 2 MOTOS. C/V,,2,,,,,,,,1,Longo da via,Bom,,Seca,Perfeito estado,Não há placas,,Dupla,Faixa contínua
2020-07-29 00:00:00,06:33:00,SEM VÍTIMA,JOANA BEZERRA,VDO PAPA JOAO PAULO II,,,COLISÃO,SEM VITIMAS -UMA DAS PARTES EMBRIAGADA ESTA ABANDONANDO O VEÍCULO,2,,,,,,,,,0,Viaduto,Bom,Perfeito estado,Seca,Perfeito estado,Não há placas,,Dupla,Faixa seccionada
2020-07-29 00:00:00,07:50:00,COM VÍTIMA,ENCRUZILHADA,RUA FERNANDO CESAR,,CIDADE,ABALROAMENTO LONGITUDINAL,COLISÃO C/VITIMA ENTRE MOTO E CICLOMOTOR (V.T 12 NO QTH),,1,1,,,,,,,2,Cruzamento,Chuvoso,Perfeito estado,Seca,Perfeito estado,Placas Pare,30 km/h,Única,Faixa contínua
2020-07-29 00:00:00,07:55:00,COM VÍTIMA,SANTO AMARO,AV CRUZ CABUGA,344,CIDADE,ABALROAMENTO LONGITUDINAL,COM UMA VITIMA AGUARDANDO SAMU/BATEDOR MOTO 10/26 CTTU NO LOCAL,1,1,,,,,,,,1,Longo da via,Bom,Perfeito estado,Seca,Perfeito estado,Outras,,Dupla,Faixa contínua
2020-07-29 00:00:00,08:21:00,SEM VÍTIMA,SANTO AMARO,RUA TREZE DE MAIO,172,,COLISÃO,COLISÃO S/VITIMAS ENTRE UM AUTO E UMA MOTO (VEÍCULO OFICIAL),1,1,,,,,,,,0,Longo da via,Chuvoso,Perfeito estado,Molhada,Perfeito estado,Outras,,Única,Não existe
2020-07-29 00:00:00,08:46:00,COM VÍTIMA,BOA VISTA,RUA JOSE DE ALENCAR,,CDE BOA VISTA,ABALROAMENTO LONGITUDINAL,AUTO E MOTO- COLISÃO COM UMA VITIMA -JÁ SOCORRIDA PELO SAMU,1,1,,,,,,,,1,Cruzamento,Chuvoso,Perfeito estado,Molhada,Outros,Placas Pare,,Única,Não existe
2020-07-29 00:00:00,09:28:00,COM VÍTIMA,IPSEP,AV RECIFE,,AEROPORTO,ABALROAMENTO LONGITUDINAL,COM UMA VITIMA AGUARDANDO SAMU/CTTU NO LOCAL BATEDORES NO LOCAL 03-28,,2,,,,,,,,1,Longo da via,Chuvoso,Perfeito estado,Molhada,Perfeito estado,Não há placas,60 km/h,Dupla,Faixa contínua
2020-07-29 00:00:00,09:58:00,COM VÍTIMA,SAN MARTIN,AV GENERAL SAN MARTIN,,SUBURBIO,ABALROAMENTO TRANSVERSAL,AUTO E MOTO COM UMA VITIMA.,1,1,,,,,,,,1,Longo da via,Nublado,Incompleta,Seca,Perfeito estado,R-6a,40 km/h,Dupla,Faixa contínua
2020-07-29 00:00:00,11:18:00,COM VÍTIMA,CAMPINA DO BARRETO,RUA EXP JAMIL DAGLI,,SUBURBIO,ATROPELAMENTO,ATROPELAMENTO / ENVOLVIDO SOCORRIDO PELO SAMU PARA O HR,1,,,,1,,,,,1,Longo da via,Chuvoso,Não existente,Seca,Perfeito estado,Não há placas,,Dupla,Canal
2020-07-29 00:00:00,11:21:00,SEM VÍTIMA,SANTO AMARO,AV GOVERNADOR AGAMENON MAGALHAES,,OLINDA,COLISÃO,SEM VITIMAS /VIATURA DA POLICIA CIVIL,1,,,,,,,1,,0,Cruzamento,Chuvoso,Perfeito estado,Molhada,Perfeito estado,Outras,60KM,Dupla,Faixa contínua
2020-07-29 00:00:00,12:39:00,COM VÍTIMA,CASA AMARELA,RUA TAQUARITINGA,,CIDADE,ATROPELAMENTO,ONIBUS E PEDESTRE,,,,,1,1,,,,1,Esquina,Bom,Perfeito estado,Seca,Perfeito estado,Não há placas,,Única,Faixa seccionada
2020-07-29 00:00:00,13:04:00,COM VÍTIMA,BOA VISTA,RUA BARAO DE SAO BORJA,,CIDADE,ABALROAMENTO TRANSVERSAL,MOTO E AUTO,1,1,,,,,,,,1,Cruzamento,Bom,Perfeito estado,Seca,Perfeito estado,Placas Pare,,Única,Não existe
2020-07-29 00:00:00,13:43:00,SEM VÍTIMA,VASCO DA GAMA,RUA DOIS DE FEVEREIRO,,,COLISÃO,COLISAO SEM VITIMAS ENTRE CAMINHAO- AUTO E MOTO,1,1,,,,1,,,,0,Longo da via,Chuvoso,Não existente,Molhada,Mal conservada,Não há placas,,Dupla,Não existe
2020-07-29 00:00:00,13:57:00,COM VÍTIMA,CASA AMARELA,RUA PADRE LEMOS,,CIDADE,ATROPELAMENTO,MOTO E PEDESTRE (IDOSO),,1,,,1,,,,,1,Longo da via,Bom,Perfeito estado,Seca,Perfeito estado,Outras,,Dupla,Faixa seccionada
2020-07-29 00:00:00,16:25:00,SEM VÍTIMA,BOA VIAGEM,AV ENGENHEIRO DOMINGOS FERREIRA,,,COLISÃO,COLISAO SEM VITIMAS/ GM MARCOS MARCELINO NO QTH,2,,,,,,,,,0,Longo da via,Bom,Perfeito estado,Seca,Perfeito estado,Outras,60km,Única,Faixa contínua
2020-07-29 00:00:00,18:43:00,VÍTIMA FATAL,CASA AMARELA,AV NORTE,79,CIDADE,ABALROAMENTO LONGITUDINAL,COLISAO DE ONIBUS E MOTO,,1,,,,1,,,,,Cruzamento,Bom,Perfeito estado,Molhada,Perfeito estado,,60 km/h,,Canteiro central
2020-07-29 00:00:00,20:53:00,COM VÍTIMA,BOA VIAGEM,RUA BALTAZAR PASSOS,,ORLA DE BOA VIAGEM,ABALROAMENTO TRANSVERSAL,COLISAO DE AUTO E MOTONETA,1,1,,,,,,,,1,Cruzamento,Bom,Perfeito estado,Seca,Perfeito estado,Placas Pare,,Única,Não existe
2020-07-30 00:00:00,12:31:00,COM VÍTIMA,CAMPO GRANDE,AV PROFESSOR JOSE DOS ANJOS,,SUBURBIO,ABALROAMENTO TRANSVERSAL,COLISAO ENTRE AUTO E MOTO COM UMA VITIMA,1,1,,,,,,,,2,Longo da via,Bom,Incompleta,Seca,Perfeito estado,Não há placas,,Dupla,Não existe
2020-07-30 00:00:00,14:33:00,COM VÍTIMA,TORREÃO,AV NORTE,,CIDADE,COLISÃO TRASEIRA,COLISAO ENTRE AUTO E MOTO COM UMA VITIMA,1,1,,,,,,,,1,Viaduto,Bom,Perfeito estado,Seca,Perfeito estado,Outras,,Dupla,Faixa seccionada
2020-07-30 00:00:00,15:53:00,COM VÍTIMA,SAN MARTIN,AV GENERAL SAN MARTIN,,CIDADE,COLISÃO COM CICLISTA,COLISÃO MOTO E CICLISTA,,1,,1,,,,,,2,Longo da via,Bom,Perfeito estado,Seca,Perfeito estado,,,Dupla,Faixa contínua
2020-07-30 00:00:00,19:00:00,COM VÍTIMA,CASA AMARELA,AV NORTE,,CIDADE,ATROPELAMENTO,MOTO X PEDESTRE OBS: BATEDORES DA CTTU 37 X 04 NO LOCAL,,1,,,1,,,,,2,Longo da via,Bom,Perfeito estado,Seca,Perfeito estado,Não há placas,60 km/h,Dupla,Canteiro central
2020-07-30 00:00:00,21:48:00,VÍTIMA FATAL,IBURA,AV DOM HELDER CAMARA,,SUBURBIO,CHOQUE OBJETO FIXO,MOTO PERDE CONTROLE E CHOCA-SE COM POSTE,,1,,,,,,,,,Longo da via,Chuvoso,Não existente,Molhada,Mal iluminada,Não há placas,50 km/h,Dupla,Canteiro central
2020-07-31 00:00:00,00:32:00,COM VÍTIMA,VÁRZEA,RUA VALE DO SIRIJI,,CIDADE,ATROPELAMENTO ANIMAL,VEICULO ATROPELOU E MATOU UM CAVALO- QUE SE ENCONTRA NA VIA. UMA PASSAGEIRA DO VEICULO SOFREU ESCORIAÇÕES E FOI CONDUZIDA À UPA DA CAXANGÁ- POR MEIOS PRÓPRIOS.,1,,,,,,,,1,1,Longo da via,Chuvoso,Não existente,Molhada,Perfeito estado,Não há placas,,Dupla,Faixa seccionada
2020-07-31 00:00:00,08:48:00,COM VÍTIMA,IPSEP,RUA JEAN EMILE FAVRE,,CIDADE,ABALROAMENTO LONGITUDINAL,ENTRE DUAS MOTOS -COM UMA VITIMA -SAMU NO LOCAL/CTTU NO LOCAL -BATEDOR FONTENELE,,2,,,,,,,,1,Cruzamento,Chuvoso,Ilegível,Molhada,Perfeito estado,Placas Pare,60 km/h,,Não existe
2020-07-31 00:00:00,14:03:00,COM VÍTIMA,SANTO ANTÔNIO,RUA DO SOL,14,,ABALROAMENTO LONGITUDINAL,ONIBUS E CAMINHONETE,1,,,,,1,,,,1,Cruzamento,Bom,Perfeito estado,Seca,Perfeito estado,Outras,,Dupla,Faixa contínua
2020-07-31 00:00:00,15:16:00,COM VÍTIMA,BOA VIAGEM,RUA PADRE CARAPUCEIRO,,,CHOQUE OBJETO FIXO,O MOTORISTA BATEU EM UMA ARVORE E O CARRO CAPOTOU,1,,,,,,,,,1,Longo da via,Bom,Perfeito estado,Seca,Perfeito estado,R-5b,20 km/h,Dupla,Canteiro central
2020-07-31 00:00:00,18:02:00,COM VÍTIMA,CASA AMARELA,EST DO ARRAIAL,283,SUBURBIO,ABALROAMENTO LONGITUDINAL,COLISAO ENTRE AUTO E MOTO.,1,1,,,,,,,,2,Longo da via,Bom,Perfeito estado,Seca,Perfeito estado,R-3,,Única,Faixa contínua
2020-07-31 00:00:00,18:14:00,COM VÍTIMA,BOA VISTA,AV CONDE DA BOA VISTA,27,SUBURBIO,ABALROAMENTO LONGITUDINAL,COLISAO ENTRE DUAS MOTOS,,2,,,,,,,,1,Cruzamento,Bom,Perfeito estado,Seca,Perfeito estado,Não há placas,,Dupla,Canteiro central
2020-08-01 00:00:00,13:59:00,COM VÍTIMA,SANTO AMARO,AV DR JAYME DA FONTE,,,COLISÃO,COLISÃO COM VÍTIMA ENTRE AUTO E MOTO,1,1,,,,,,,,1,,,,,,,,,
2020-08-01 00:00:00,18:34:00,COM VÍTIMA,CASA AMARELA,AV NORTE,,CIDADE,COLISÃO TRASEIRA,ENTRE 2 MOTOS. C/V,,2,,,,,,,,1,Longo da via,Chuvoso,Perfeito estado,Molhada,Perfeito estado,Não há placas,60 km/h,Única,Faixa seccionada
2020-08-02 00:00:00,00:30:00,SEM VÍTIMA,BOA VIAGEM,RUA GENERAL AMERICANO FREIRE,,SUBURBIO,CHOQUE VEÍCULO PARADO,COLISÃO SEM VITIMA,3,,,,,,,,,0,Longo da via,Bom,,Seca,Perfeito estado,,,Única,Não existe
2020-08-02 00:00:00,00:40:00,COM VÍTIMA,CAMPO GRANDE,RUA JERONIMO VILELA,26,SUBURBIO,ABALROAMENTO TRANSVERSAL,COLISÃO AUTO X MOTO,1,1,,,,,,,,1,Cruzamento,Bom,Ilegível,Molhada,Mal iluminada,Não há placas,,Dupla,Faixa seccionada
2020-08-02 00:00:00,06:58:00,SEM VÍTIMA,COHAB,RUA EXP FRANCISCO VITORIANO,,,CHOQUE OBJETO FIXO,CHOQUE SEM VITIMAS /CONDUTOR SE EVADIU/VEÍCULO CAPOTADO NO MEIO DA VIA,1,,,,,,,,,0,,,,,,,,,
2020-08-02 00:00:00,07:14:00,COM VÍTIMA,MONTEIRO,AV DEZESSETE DE AGOSTO,,SUBURBIO,ABALROAMENTO TRANSVERSAL,CAMINHONETE E AUTO PASSEIO.,2,,,,,,,,,1,Longo da via,Bom,Perfeito estado,Seca,Perfeito estado,Outras,,Dupla,
2020-08-02 00:00:00,09:16:00,COM VÍTIMA,ÁGUA FRIA,RUA ALEGRE,,SUBURBIO,COLISÃO TRASEIRA,COLISÃO COM VÍTIMA E O VEÍCULO SE EVADIU,1,1,,,,,,,,1,Longo da via,Bom,Perfeito estado,Seca,Perfeito estado,,,Única,Faixa seccionada
2020-08-02 00:00:00,14:34:00,COM VÍTIMA,BOA VIAGEM,RUA SA E SOUZA,,,ABALROAMENTO LONGITUDINAL,AUTO E MOTO,1,1,,,,,,,,1,Esquina,Bom,Perfeito estado,Seca,Perfeito estado,R-6a,30 km/h,Dupla,Faixa contínua
2020-08-02 00:00:00,14:38:00,COM VÍTIMA,AFOGADOS,RUA SAO MIGUEL,425,SUBURBIO,CHOQUE OBJETO FIXO,VEÍCULO CHOCOU-SE COM O POSTE DO SEMÁFORO DE NÚMERO 425..,1,,,,,,,,,1,Longo da via,Chuvoso,Incompleta,Seca,Perfeito estado,Outras,,Dupla,Faixa contínua
2020-08-03 00:00:00,07:50:00,COM VÍTIMA,GRAÇAS,AV GOVERNADOR AGAMENON MAGALHAES,37,BOA VIAGEM,ABALROAMENTO TRANSVERSAL,COLISÃO COM VITIMA GM  EVANDRO RAMOS QTH,1,1,,,,,,,,1,Cruzamento,Bom,Perfeito estado,Seca,Perfeito estado,Outras,60 km/h,Dupla,Canteiro central
2020-08-03 00:00:00,13:27:00,SEM VÍTIMA,IPSEP,1PT DA BOMBA DO HEMETERIO,,SUBURBIO,COLISÃO,VEICULO COLIDIU COM CARRO DA CELPE,2,,,,,,,,,0,,,,,,,,,
2020-08-03 00:00:00,16:02:00,COM VÍTIMA,SÃO JOSÉ,AV SUL,76,CIDADE,COLISÃO TRASEIRA,ENCAVETAMENTO DE 3 ONIBUS,,,,,,3,,,,4,Longo da via,Bom,Perfeito estado,Seca,Perfeito estado,Outras,,Dupla,
2020-08-03 00:00:00,19:19:00,SEM VÍTIMA,AFOGADOS,AV SUL,,,CAPOTAMENTO,(PROPRIETARIO: JOAQUIM DE ALMEIDA PINTO),,,,,,,,,,0,,,,,,,,,
2020-08-03 00:00:00,22:07:00,COM VÍTIMA,TAMARINEIRA,EST DO ARRAIAL,,SUBURBIO,ABALROAMENTO TRANSVERSAL,MOTO X AUTO,1,1,,,,,,,,1,Longo da via,Bom,Perfeito estado,Seca,Perfeito estado,Não há placas,,Única,Faixa seccionada
2020-08-04 00:00:00,06:45:00,COM VÍTIMA,PASSARINHO,RUA CORONEL PILAR,,,COLISÃO FRONTAL,COLISAO SEM VITIMAS ENVOLVENDO VIATURA DA POLICIA MILITAR,1,,,,,,1,,,1,Longo da via,Bom,Não existente,Seca,,Não há placas,,Dupla,Não existe
2020-08-04 00:00:00,08:17:00,COM VÍTIMA,ESTÂNCIA,AV RECIFE,,,COLISÃO TRASEIRA,COLISAO C VITIMA- ENVOLVENDO AUTO E MOTO,1,1,,,,,,,,1,Longo da via,Bom,Não existente,Seca,Perfeito estado,Não há placas,60 km/h,Única,Canteiro central
2020-08-04 00:00:00,20:21:00,COM VÍTIMA,IBURA,RUA RIO XINGU,,CIDADE,COLISÃO FRONTAL,COLISAO COM VITIMAS,1,1,,,,,,,,1,Longo da via,Bom,Não existente,Seca,Perfeito estado,R-19,30 km/h,Dupla,Faixa seccionada
2020-08-05 00:00:00,05:14:00,SEM VÍTIMA,BOA VISTA,RUA AURORA,579,,COLISÃO,VEÍCULO OFICIAL,1,,,,,1,,,,0,,,,,,,,,
2020-08-05 00:00:00,08:13:00,COM VÍTIMA,ARRUDA,RUA DAS MOCAS,,CIDADE,COLISÃO,COLISÃO COM VITIMA SOCORRIDA PELO SAMU,1,1,,,,,,,,2,Longo da via,Bom,Não existente,Seca,Perfeito estado,Não há placas,,Dupla,Faixa seccionada
2020-08-05 00:00:00,10:33:00,COM VÍTIMA,CASA AMARELA,RUA DO MARQUES,462,CIDADE,COLISÃO FRONTAL,AUTO E MOTO C/V VT-11 NO LOCAL GM EDER,1,1,,,,,,,,2,Cruzamento,Bom,Perfeito estado,Seca,Perfeito estado,,60 km/h,,
2020-08-05 00:00:00,11:45:00,COM VÍTIMA,MADALENA,RUA BENFICA,590,CIDADE,TOMBAMENTO,ACID. PERCURSO MOTO C/V,,1,,,,,,,,1,Cruzamento,Bom,Perfeito estado,Seca,Perfeito estado,,60 km/h,Única,
2020-08-05 00:00:00,13:51:00,COM VÍTIMA,ARRUDA,AV PROFESSOR JOSE DOS ANJOS,,SUBURBIO,COLISÃO TRASEIRA,COLISÃO MOTO E CARRO,1,1,,,,,,,,1,Longo da via,Bom,Perfeito estado,Seca,Perfeito estado,Outras,40 km/h,Única,Faixa seccionada
2020-08-05 00:00:00,17:48:00,COM VÍTIMA,DOIS UNIDOS,RUA SAO JOSE,,,COLISÃO,MOTO COLIDIU COM O CARRO,1,1,,,,,,,,1,,,,,,,,,
2020-08-05 00:00:00,18:17:00,COM VÍTIMA,CORDEIRO,AV CAXANGA,,CIDADE,COLISÃO COM CICLISTA,MOTO E BICICLETA.,,1,,1,,,,,,1,Longo da via,Bom,Perfeito estado,Seca,Perfeito estado,,,Dupla,Faixa contínua
2020-08-05 00:00:00,18:45:00,COM VÍTIMA,CASA FORTE,AV FLOR DE SANTANA,,PARNAMIRIM,ABALROAMENTO TRANSVERSAL,ECOSPORT X MOTO,1,1,,,,,,,,1,Longo da via,Bom,Ilegível,Seca,Perfeito estado,Outras,,Dupla,
2020-08-05 00:00:00,19:13:00,COM VÍTIMA,ROSARINHO,RUA COUTO MAGALHAES,,,COLISÃO,ENTRE AUTO E MOTO. C/V,1,1,,,,,,,,1,,,,,,,,,
2020-08-05 00:00:00,19:35:00,COM VÍTIMA,TORRE,RUA JOSE BONIFACIO,,SUBURBIO,COLISÃO TRASEIRA,ENTRE 2 AUTOS E UMA MOTO. C/V,2,1,,,,,,,,1,Longo da via,Bom,Não existente,Seca,Perfeito estado,Não há placas,,Dupla,Canteiro central
2020-08-06 00:00:00,13:05:00,COM VÍTIMA,IMBIRIBEIRA,AV MARECHAL MASCARENHAS DE MORAES,,SUBURBIO,ATROPELAMENTO,,1,,,,1,,,,,1,,,,,,,,,
2020-08-06 00:00:00,07:34:00,COM VÍTIMA,CASA AMARELA,RUA DES GOIS CAVALCANTE,,SUBURBIO,ABALROAMENTO LONGITUDINAL,MOTO E AUTO,1,1,,,,,,,,1,Longo da via,Bom,Perfeito estado,Seca,Perfeito estado,Outras,,Única,Faixa seccionada