data,hora,natureza,bairro,endereco,num_semaforo,sentido_via,tipo,auto,moto,ciclom,ciclista,pedestre,onibus,caminhao,viatura,outros,vitimas,vitimasfatais,acidente_verificado,tempo_clima,sinalizacao,condicao_via,conservacao_via,situacao_placa,velocidade_max_via,mao_direcao,divisao_via1
2020-08-06 00:00:00,09:56:00,COM VÍTIMA,GRAÇAS,RUA JOAO RAMOS,,SUBURBIO,ABALROAMENTO TRANSVERSAL,COLISÃO C/VITIMA ENTRE UM AUTO E UMA MOTO,1,1,,,,,,,,2,Cruzamento,Bom,Perfeito estado,Seca,Perfeito estado,Placas Pare,,Única,Não existe
2020-08-06 00:00:00,12:29:00,VÍTIMA FATAL,CAMPO GRANDE,AV CORREIA DE BRITO,563,CIDADE,COLISÃO COM CICLISTA,VÍTIMA XX CRIANÇA COM Y ANOS( FALECEU NO LOCAL)- A AVÓ CONDUZIA A BICICLETA,,,,1,,,1,,,,Ponte,Bom,Perfeito estado,Seca,Perfeito estado,Não há placas,,Dupla,Faixa contínua
2020-08-06 00:00:00,17:51:00,COM VÍTIMA,JORDÃO,AV MARIA IRENE,,SUBURBIO,ABALROAMENTO LONGITUDINAL,COM UMA VITIMA AGUARDADNDO SAMU,1,1,,,,,,,,1,Longo da via,Bom,Perfeito estado,Seca,Perfeito estado,Não há placas,,Dupla,Faixa contínua
2020-08-06 00:00:00,21:50:00,SEM VÍTIMA,BARRO,RUA DOROTHEA VIEIRA,,,CHOQUE,VEÍCULO CHOCOU-SE CONTRA O MURO DO EDIFÍCIO,1,,,,,,,,,0,,,,,,,,,
2020-08-06 00:00:00,23:43:00,SEM VÍTIMA,BOA VIAGEM,AV CONSELHEIRO AGUIAR,146,CIDADE,COLISÃO TRASEIRA,UM DOS CONDUTORES COM SINTOMA DE EMBRIAGUES,2,,,,,,,,,0,Longo da via,Bom,Perfeito estado,Seca,Perfeito estado,R-6a,60 km/h,Única,Não existe
2020-08-07 00:00:00,06:23:00,COM VÍTIMA,BOA VIAGEM,AV MARECHAL JUAREZ TAVORA,478,,ABALROAMENTO TRANSVERSAL,COLISÃO ENTRE ÔNIBUS E VEÍCULO (VT DO PATRIMÔNIO),,,,,,1,,1,,1,Longo da via,Bom,Perfeito estado,Seca,Perfeito estado,Não há placas,30 km/h,Única,Não existe
2020-08-07 00:00:00,08:33:00,COM VÍTIMA,PINA,AV ANTONIO DE GOES,103,CIDADE,COLISÃO FRONTAL,COLISÃO DOIS AUTOS E UMA MOTO,2,1,,,,,,,,1,Cruzamento,Bom,Perfeito estado,Seca,Perfeito estado,Não há placas,60 km/h,Única,Faixa seccionada
2020-08-07 00:00:00,13:07:00,COM VÍTIMA,SANCHO,AV LIBERDADE,,SUBURBIO,ATROPELAMENTO,CONDUTOR DO VEICULO INFORMA QUE A PESSOA ESTAVA ATAVESSANDO A RUA E NO MEU DO CAMINHO VOLTOU E NÃO DEU TEMPO DE FREIAR,1,,,,1,,,,,1,Longo da via,Bom,Perfeito estado,Seca,Perfeito estado,Não há placas,,Dupla,Faixa contínua
2020-08-07 00:00:00,14:53:00,COM VÍTIMA,BOA VISTA,AV VISCONDE DE SUASSUNA,,CIDADE,ABALROAMENTO TRANSVERSAL,COLISÃO ENVOLVENDO A VT (MOTO) DO INSPETOR NOBRE.,1,,,,,,,1,,1,Longo da via,Bom,Perfeito estado,Seca,Perfeito estado,Não há placas,,Única,Faixa seccionada
2020-08-07 00:00:00,18:00:00,COM VÍTIMA,ILHA DO RETIRO,RUA JOAO ELISIO RAMOS,,CIDADE,COLISÃO COM CICLISTA,COLISÃO COM VITIMA- REPASSADO PELO INSP ALMIR,1,,,1,,,,,,1,Esquina,Bom,Perfeito estado,Seca,Perfeito estado,Placas Pare,30 km/h,Dupla,Não existe
2020-08-07 00:00:00,18:07:00,SEM VÍTIMA,IPSEP,RUA BLUMENAU,111,,COLISÃO,MOTO DA POLICIA X GOL,1,1,,,,,,,,0,,,,,,,,,
2020-08-07 00:00:00,19:55:00,COM VÍTIMA,SANTO AMARO,AV GOVERNADOR AGAMENON MAGALHAES,465,SUBURBIO,ABALROAMENTO LONGITUDINAL,HB 20 X MOTO,1,1,,,,,,,,2,Longo da via,Chuvoso,Incompleta,Molhada,Mal conservada,R-19,60 km/h,Dupla,Canal
2020-08-07 00:00:00,21:58:00,COM VÍTIMA,AREIAS,RUA DR GIL RODRIGUES DOS SANTOS,,SUBURBIO,ABALROAMENTO LONGITUDINAL,MOTO X FIAT ESTRADA   OBS : VT DA POLICIA MILITAR NO LOCAL,1,1,,,,,,,,1,Longo da via,Chuvoso,Perfeito estado,Molhada,Perfeito estado,Não há placas,,Dupla,Não existe
2020-08-08 00:00:00,06:21:00,SEM VÍTIMA,ARRUDA,AV BEBERIBE,,CIDADE,CHOQUE OBJETO FIXO,AUTOMOVEL COLIDIU COM POSTE E ESTA ABANDONADO NO LOCAL,1,,,,,,,,,0,Cruzamento,Chuvoso,Perfeito estado,Molhada,Perfeito estado,,60 km/h,Dupla,Faixa contínua
2020-08-08 00:00:00,07:35:00,SEM VÍTIMA,CAMPO GRANDE,EST DE BELEM,201,,ABALROAMENTO LONGITUDINAL,,1,,,,,,1,,,0,,Bom,Perfeito estado,Seca,Perfeito estado,R-6a,,Dupla,Faixa contínua
2020-08-08 00:00:00,13:25:00,COM VÍTIMA,MADALENA,AV CAXANGA,,SUBURBIO,ABALROAMENTO LONGITUDINAL,AUTO E MOTO C VITIMAS,1,1,,,,,,,,2,Longo da via,Bom,Perfeito estado,Seca,Perfeito estado,R-6a,,Dupla,Canteiro central
2020-08-08 00:00:00,16:38:00,SEM VÍTIMA,BOA VIAGEM,RUA BALTAZAR PASSOS,,,ABALROAMENTO TRANSVERSAL,COLISAO ENTRE DOIS AUTO SEGUIDA DE CAPOTAMENTO/ SEM VITIMAS,2,,,,,,,,,0,Cruzamento,Bom,Incompleta,Seca,Perfeito estado,R-6a,30 km/h,Única,Não existe
2020-08-08 00:00:00,19:33:00,COM VÍTIMA,ÁGUA FRIA,RUA DO MACHADO,,SUBURBIO,COLISÃO COM CICLISTA,COLISÃO ENTRE MOTO E BICICLETA C/V,,1,,1,,,,,,2,Longo da via,Bom,Perfeito estado,Seca,Perfeito estado,Não há placas,,Dupla,Faixa seccionada
2020-08-08 00:00:00,19:52:00,COM VÍTIMA,BOA VIAGEM,RUA ANTONIO FALCAO,227,CIDADE,ABALROAMENTO TRANSVERSAL,COLISÃO ENTRE AUTO E MOTO C/V,1,1,,,,,,,,1,Cruzamento,Bom,Perfeito estado,Seca,Perfeito estado,Não há placas,,Única,Não existe
2020-08-08 00:00:00,21:59:00,COM VÍTIMA,BOA VIAGEM,AV ENGENHEIRO DOMINGOS FERREIRA,338,,ABALROAMENTO TRANSVERSAL,COLISÃO ENTRE AUTO E MOTO C/V,1,1,,,,,,,,1,Cruzamento,Chuvoso,Perfeito estado,Molhada,Perfeito estado,R-6a,,Única,Canteiro central
2020-08-08 00:00:00,22:41:00,COM VÍTIMA,BARRO,AV DR JOSE RUFINO,44,CIDADE,ABALROAMENTO TRANSVERSAL,COLISÃO ENTRE AUTO E MOTO C/V,1,1,,,,,,,,2,Cruzamento,Chuvoso,Incompleta,Seca,Mal conservada,,,Dupla,
2020-08-09 00:00:00,11:16:00,SEM VÍTIMA,ÁGUA FRIA,EST VELHA DE AGUA FRIA,,,COLISÃO,COLISÃO SEM VITIMAS UM DOS CONDUTORES ENCONTRA SE COM SINTOMAS DE EMBRIAGUEZ,,,,,,,,,,0,,,,,,,,,
2020-08-09 00:00:00,15:29:00,COM VÍTIMA,IBURA,AV DOIS RIOS,,CIDADE,ABALROAMENTO LONGITUDINAL,COLISÃO COM VÍTIMA,1,1,,,,,,,,1,Longo da via,Bom,Incompleta,Seca,Perfeito estado,Placas Pare,,Dupla,Faixa contínua
2020-08-09 00:00:00,18:46:00,COM VÍTIMA,SANTO AMARO,AV MARIO MELO,90,SUBURBIO,CHOQUE OBJETO FIXO,MOTO X ILHA (DIVISOR DE PISTA ),,1,,,,,,,,1,Longo da via,Bom,Perfeito estado,Seca,Perfeito estado,,,Única,Faixa contínua
2020-08-09 00:00:00,21:26:00,SEM VÍTIMA,IMBIRIBEIRA,AV MARECHAL MASCARENHAS DE MORAES,289,CIDADE,COLISÃO,S 10 X UPE  OBS: SUSPEITA DE EMBRIAGUEZ,2,,,,,,,,,0,Longo da via,Chuvoso,Perfeito estado,Molhada,Perfeito estado,Outras,,Dupla,Faixa contínua
2020-08-10 00:00:00,15:51:00,SEM VÍTIMA,IPSEP,RUA MACHADO DE ASSIS,,CIDADE,COLISÃO,VEICULO ESTAVA DANDO RÉ E BATEU NA VIATURA DA PM,1,,,,,,,1,,0,Longo da via,Bom,Ilegível,Seca,Mal conservada,Não há placas,,Dupla,Não existe
2020-08-11 00:00:00,08:58:00,COM VÍTIMA,SÃO JOSÉ,AV SUL,205,CIDADE,COLISÃO TRASEIRA,DOIS AUTOS E MOTO,2,1,,,,,,,,2,Longo da via,Bom,Perfeito estado,Seca,Perfeito estado,Não há placas,,Dupla,Canteiro central
2020-08-11 00:00:00,15:58:00,COM VÍTIMA,AFOGADOS,RUA JOAO IVO DA SILVA,,SUBURBIO,COLISÃO TRASEIRA,COLISÃO COM VÍTIMA,1,1,,,,,,,,1,Longo da via,Bom,Perfeito estado,Seca,Perfeito estado,Não há placas,40 km/h,Única,Faixa contínua
2020-08-12 00:00:00,18:28:00,COM VÍTIMA,PARNAMIRIM,AV DEZESSETE DE AGOSTO,,SUBURBIO,ATROPELAMENTO,MOTO E PEDESTRE,,1,,,1,,,,,2,Longo da via,Bom,Perfeito estado,Seca,Perfeito estado,Outras,,Dupla,Faixa contínua
2020-08-13 00:00:00,10:38:00,COM VÍTIMA,TORREÃO,AV NORTE,,CIDADE,TOMBAMENTO,,,1,,,,,,,,1,Longo da via,Bom,Perfeito estado,,Perfeito estado,Outras,,Dupla,Canteiro central
2020-08-13 00:00:00,11:09:00,SEM VÍTIMA,CORDEIRO,AV ENGENHEIRO ABDIAS DE CARVALHO,375,,COLISÃO,COLISÃO ENVOLVENDO DOIS AUTOS SEM VÍTIMA VT PM QYC5840 VW GOL.PER8753 VW POLO,,,,,,,,,,0,Longo da via,Chuvoso,Perfeito estado,Molhada,Perfeito estado,Não há placas,,Dupla,Canteiro central
2020-08-13 00:00:00,11:54:00,COM VÍTIMA,AFOGADOS,RUA DA PAZ,,,COLISÃO,COLIOSÃO ENTRE AUTO E MOTOCICLETA COM 1 VÍTIMA,1,1,,,,,,,,1,,,,,,,,,
2020-08-13 00:00:00,11:59:00,COM VÍTIMA,MADALENA,AV CAXANGA,,CIDADE,COLISÃO TRASEIRA,COLISÃO COM VITIMA,,2,,,,,,,,1,Longo da via,Chuvoso,Perfeito estado,Molhada,Perfeito estado,Outras,,Dupla,Faixa contínua
2020-08-13 00:00:00,12:42:00,COM VÍTIMA,IBURA,AV DOIS RIOS,,CIDADE,ABALROAMENTO LONGITUDINAL,AUTO X MOTO COM VÍTIMA,1,1,,,,,,,,1,Longo da via,Bom,Perfeito estado,Seca,Perfeito estado,Não há placas,60 km/h,Dupla,Faixa contínua
2020-08-13 00:00:00,16:08:00,COM VÍTIMA,SANTO AMARO,AV GOVERNADOR AGAMENON MAGALHAES,,SUBURBIO,TOMBAMENTO,COM VÍTIMA,,1,,,,,,,,1,Ponte,Bom,Perfeito estado,Molhada,Perfeito estado,Não há placas,60 km/h,Dupla,Canal
2020-08-13 00:00:00,22:58:00,SEM VÍTIMA,TAMARINEIRA,RUA PADRE ROMA,,,COLISÃO,COLISÃO SEM VITIMAS (CONDUTOR VEICULO CO SUSPEITA DE EMBRIAGUEZ),1,1,,,,,,,,0,,,,,,,,,
2020-08-13 00:00:00,23:39:00,COM VÍTIMA,CASA FORTE,AV DEZESSETE DE AGOSTO,,,COLISÃO FRONTAL,COLISÃO COM VITMAS ENVOLVENDO DOIS AUTO (CONDUTOR COM SINTOMAS DE EMBRIAGUES),2,,,,,,,,,1,Cruzamento,Bom,Perfeito estado,Seca,Perfeito estado,,,Dupla,Faixa contínua
2020-08-14 00:00:00,09:11:00,COM VÍTIMA,CAJUEIRO,AV CIDADE DE MONTEIRO,,SUBURBIO,COLISÃO FRONTAL,MOTO E AUTO,1,1,,,,,,,,1,Longo da via,Bom,Perfeito estado,Seca,Perfeito estado,R-6a,40 km/h,Única,Faixa contínua
2020-08-14 00:00:00,14:30:00,COM VÍTIMA,MADALENA,AV VISCONDE DE ALBUQUERQUE,,SUBURBIO,COLISÃO TRASEIRA,COLISÃO MOTO E CARRO,1,1,,,,,,,,1,Longo da via,Bom,Perfeito estado,Seca,Perfeito estado,Não há placas,,Única,Faixa
2020-08-14 00:00:00,17:58:00,COM VÍTIMA,MANGUEIRA,RUA SAO MIGUEL,392,CIDADE,ABALROAMENTO TRANSVERSAL,COLISAO COM VITIMAS,1,1,,,,,,,,1,Longo da via,Bom,Perfeito estado,Seca,Perfeito estado,Placas Dê a preferência,,Dupla,Faixa contínua
2020-08-14 00:00:00,18:12:00,COM VÍTIMA,IMBIRIBEIRA,AV PRESIDENTE DUTRA,,BOA VIAGEM,CHOQUE OBJETO FIXO,COM VÍTIMA,,1,,,,,,,,1,Longo da via,Bom,Perfeito estado,Seca,Perfeito estado,Não há placas,,Única,Não existe
2020-08-14 00:00:00,22:51:00,SEM VÍTIMA,NOVA DESCOBERTA,RUA ALTO DA TELHA,,,COLISÃO,COLISÃO ENTRE AUTO E MOTO (CONDUTOR DA MOTO APRESENTA SINAIS CLAROS DE EMBRIAGUEZ),1,1,,,,,,,,0,,,,,,,,,
2020-08-15 00:00:00,08:18:00,COM VÍTIMA,CAÇOTE,RUA CAMBUCA,,,COLISÃO,COLISÃO COM VITIMA A ESPERA DO SAMU,1,1,,,,,,,,1,,,,,,,,,
2020-08-15 00:00:00,11:34:00,COM VÍTIMA,BAIRRO DO RECIFE,AV MARTINS DE BARROS,,,COLISÃO,COLISÃO COM VITIMA A ESPERA DO SAMU,1,1,,,,,,,,1,,,,,,,,,
2020-08-15 00:00:00,11:53:00,SEM VÍTIMA,ARRUDA,RUA ZEFERINO AGRA,,,COLISÃO,COLISÃO SEM VÍTIMA ENTRE VEÍCULO OFICIAL DA COMPESA E AUTO,,,,,,,,,,0,,,,,,,,,
2020-08-15 00:00:00,15:37:00,COM VÍTIMA,BOA VIAGEM,AV ENGENHEIRO DOMINGOS FERREIRA,128,SUBURBIO,TOMBAMENTO,COM VÍTIMA,,1,,,,,,,,1,Cruzamento,Bom,Perfeito estado,Seca,Perfeito estado,R-6a,,Única,Não existe
2020-08-15 00:00:00,21:07:00,COM VÍTIMA,CAMPO GRANDE,AV GOVERNADOR AGAMENON MAGALHAES,49,SUBURBIO,ABALROAMENTO TRANSVERSAL,ENTRE AUTO E MOTO. C/V,1,1,,,,,,,,1,Cruzamento,Bom,Perfeito estado,Seca,Perfeito estado,,60 km/h,Única,Faixa contínua
2020-08-15 00:00:00,23:00:00,SEM VÍTIMA,TEJIPIÓ,AV DR JOSE RUFINO,,,COLISÃO,VOYAGE X FIESTA OBS: SUSPEITA DE EMBRIAGUES,2,,,,,,,,,0,,,,,,,,,
2020-08-16 00:00:00,01:30:00,SEM VÍTIMA,BOA VIAGEM,AV BOA VIAGEM,,,CHOQUE OBJETO FIXO,VEICULO FOI ABANDONADO NA VIA APÓS SE CHOCAR CONTRA UM PAPA-METRALHA.,1,,,,,,,,,0,,,,,,,,,
2020-08-16 00:00:00,10:47:00,SEM VÍTIMA,BOA VIAGEM,RUA CORONEL ANIZIO RODRIGUES COELHO,,SUBURBIO,CHOQUE VEÍCULO PARADO,DOIS AUTOS / CONDUTOR COM SINTOMAS DE EMBRIAGUEZ,4,,,,,,,,,0,Longo da via,Bom,Perfeito estado,Seca,Perfeito estado,Placas Pare,,Única,Não existe
2020-08-16 00:00:00,11:36:00,COM VÍTIMA,CASA FORTE,AV DEZESSETE DE AGOSTO,,,ABALROAMENTO TRANSVERSAL,COLISÃO C/VITIMA ENTRE UMA MOTO E UM AUTO,1,1,,,,,,,,1,Longo da via,Bom,Perfeito estado,Seca,Perfeito estado,R-6a,,Dupla,Faixa contínua
2020-08-16 00:00:00,14:56:00,COM VÍTIMA,MACAXEIRA,AV JOSE AMERICO DE ALMEIDA,,SUBURBIO,CHOQUE VEÍCULO PARADO,MOTO CHOCOU-SE COM AUTO QUE ESTAVA ESTACIONADO C/V,1,1,,,,,,,,1,Longo da via,Bom,Perfeito estado,Seca,Perfeito estado,R-19,30 km/h,Única,Não existe
2020-08-16 00:00:00,16:09:00,COM VÍTIMA,VÁRZEA,AV AFONSO OLINDENSE,,,ABALROAMENTO TRANSVERSAL,COLISÃO MOTO E CARRO,1,1,,,,,,,,1,Longo da via,Bom,Perfeito estado,Seca,Perfeito estado,Outras,30 km/h,Dupla,Faixa contínua
2020-08-16 00:00:00,22:07:00,SEM VÍTIMA,TEJIPIÓ,AV DR JOSE RUFINO,,CIDADE,ABALROAMENTO TRANSVERSAL,COLISÃO ENTRE VIATURA DA GMR E MOTO- S/V,1,1,,,,,,,,0,,Bom,Ilegível,Seca,Mal iluminada,Não há placas,,Dupla,Não existe
2020-08-17 00:00:00,08:20:00,SEM VÍTIMA,AFOGADOS,AV SUL,,,COLISÃO,COLISÃO SEM VITIMAS GM PETERSON E R. AGUIAR QTH,2,,,,,,,,,0,,,,,,,,,
2020-08-17 00:00:00,12:27:00,COM VÍTIMA,MADALENA,RUA BENFICA,590,,COLISÃO,COLISÃO COM VÍTIMA,1,1,,,,,,,,2,Cruzamento,Bom,Perfeito estado,Seca,Perfeito estado,,60 km/h,,
2020-08-17 00:00:00,15:36:00,COM VÍTIMA,ÁGUA FRIA,AV BEBERIBE,,SUBURBIO,ABALROAMENTO TRANSVERSAL,COLISÃO COM VÍTIMA,1,1,,,,,,,,1,Longo da via,Bom,Perfeito estado,Seca,Perfeito estado,Não há placas,40 km/h,Dupla,Faixa contínua
2020-08-17 00:00:00,21:20:00,COM VÍTIMA,SANTO AMARO,AV CRUZ CABUGA,,SUBURBIO,ABALROAMENTO TRANSVERSAL,ONIBUS DA GLOBO X PEUGEOT,1,,,,,1,,,,1,Cruzamento,Bom,Perfeito estado,Seca,Perfeito estado,,,Dupla,Canteiro central
2020-08-17 00:00:00,21:26:00,COM VÍTIMA,BOA VIAGEM,AV CONSELHEIRO AGUIAR,147,CIDADE,ABALROAMENTO TRANSVERSAL,ENTRE AUTO E MOTO. C/V,1,1,,,,,,,,1,Cruzamento,Chuvoso,Perfeito estado,Molhada,Perfeito estado,R-6a,,Única,Faixa contínua
2020-08-18 00:00:00,10:19:00,COM VÍTIMA,SANTO ANTÔNIO,RUA FLORIANO PEIXOTO,,SUBURBIO,ABALROAMENTO LONGITUDINAL,MOTO E ONIBUS,,1,,,,1,,,,1,Cruzamento,Bom,Perfeito estado,Seca,Perfeito estado,Outras,,Única,Faixa seccionada
2020-08-18 00:00:00,11:36:00,SEM VÍTIMA,BOA VIAGEM,AV ENGENHEIRO DOMINGOS FERREIRA,545,SUBURBIO,ABALROAMENTO TRANSVERSAL,SEM VITIMAS-AMBULANCIA DO SAMU E AUTO PASSEIO VT29 DA CTTU NO LOCAL /GM PAULO RICARDO E LEONARDO,1,,,,,,1,,,0,Cruzamento,Bom,Perfeito estado,Seca,Perfeito estado,R-6a,,Única,Faixa seccionada
2020-08-18 00:00:00,14:52:00,COM VÍTIMA,BOA VISTA,RUA JOAO FERNANDES VIEIRA,,SUBURBIO,ABALROAMENTO LONGITUDINAL,COLISAO ENTRE DOIS AUTO E MOTO COM VITIMA,2,1,,,,,,,,1,Longo da via,Bom,Ilegível,Seca,Perfeito estado,Não há placas,60 km/h,Única,Não existe
2020-08-18 00:00:00,17:45:00,COM VÍTIMA,MADALENA,AV BEIRA RIO,,CIDADE,ABALROAMENTO LONGITUDINAL,COLISAO ENTRE AUTO E MOTO,1,1,,,,,,,,2,Longo da via,Bom,Perfeito estado,Seca,Perfeito estado,Não há placas,40 km/h,,Faixa seccionada
2020-08-18 00:00:00,21:57:00,COM VÍTIMA,BOA VIAGEM,RUA ANTONIO LUMACK DO MONTE,,SENT. RUA PADRE CARAPUCEIRO,CHOQUE VEÍCULO PARADO,AUTO E MOTO.,1,1,,,,,,,,1,Longo da via,Bom,Perfeito estado,Seca,Perfeito estado,Outras,,Única,Não existe
2020-08-19 00:00:00,07:23:00,COM VÍTIMA,IPUTINGA,AV CAXANGA,270,SUBURBIO,ATROPELAMENTO,APOIO NO MONITORAMENTO. SITUAÇÃO DE ATROPELAMENTO.,,,,,1,,,,,1,Longo da via,Bom,Perfeito estado,Seca,Perfeito estado,Não há placas,60 km/h,Dupla,Canteiro central
2020-08-19 00:00:00,10:39:00,SEM VÍTIMA,MANGUEIRA,RUA MANDARI,,,COLISÃO,VT PM / DOIS AUTOS,2,,,,,,,1,,0,,,,,,,,,
2020-08-19 00:00:00,13:23:00,SEM VÍTIMA,IPUTINGA,AV CAXANGA,533,CIDADE,COLISÃO,COLISÃO SEM VÍTIMA / VEÍCULO OFICIAL,1,1,,,,,,,,0,,,,,,,,,
2020-08-24 00:00:00,07:28:00,SEM VÍTIMA,IBURA,AV CHAPADA DO ARARIPE,,,COLISÃO FRONTAL,VEÍCULO ESTACIONADO EM FILA DUPLA,2,,,,,,,,,0,Longo da via,Bom,Não existente,Seca,Perfeito estado,Não há placas,,Dupla,Não existe
2020-08-19 00:00:00,14:45:00,SEM VÍTIMA,ESPINHEIRO,AV CONSELHEIRO AGUIAR,,SUBURBIO,CHOQUE OBJETO FIXO,PEDALADA CICLISTICA - SOLICITANDO CICLO FAIXA,1,,,,,,,,,0,Longo da via,Bom,Perfeito estado,Seca,Perfeito estado,,,Única,Faixa contínua
2020-08-19 00:00:00,14:45:00,SEM VÍTIMA,BOA VISTA,AV CONDE DA BOA VISTA,,,ABALROAMENTO TRANSVERSAL,PEDALADA CICLISTICA - SOLICITANDO CICLO FAIXA,2,,,,,,,,,0,Longo da via,Chuvoso,Perfeito estado,Molhada,Perfeito estado,Não há placas,,Dupla,Canteiro central
2020-08-19 00:00:00,14:30:00,COM VÍTIMA,BOA VISTA,AV GOVERNADOR AGAMENON MAGALHAES,,,ABALROAMENTO LONGITUDINAL,ÔNIBUS E MOTO,,1,,,,1,,,,1,,,,,,,,,
2020-08-19 00:00:00,17:07:00,COM VÍTIMA,MANGABEIRA,AV NORTE,96,SUBURBIO,CHOQUE OBJETO FIXO,CHOQUE SEGUIDO DE UMA COLISÃO TRASEIRA.,1,1,,,,,,,,2,Longo da via,Bom,Perfeito estado,Seca,Perfeito estado,Não há placas,,Única,Canteiro central
2020-08-19 00:00:00,18:38:00,COM VÍTIMA,BEBERIBE,AV BEBERIBE,,CIDADE,COLISÃO FRONTAL,AUTO E MOTO,1,1,,,,,,,,1,Longo da via,Bom,Não existente,Seca,Perfeito estado,Não há placas,,Dupla,Não existe
2020-08-19 00:00:00,18:53:00,COM VÍTIMA,ALTO JOSÉ DO PINHO,AV NORTE,,CIDADE,ATROPELAMENTO,MOTO X AUTO E PEDESTRE,1,1,,,1,,,,,1,Longo da via,Bom,Perfeito estado,Seca,Perfeito estado,Não há placas,40 km/h,Dupla,Canteiro central
2020-08-19 00:00:00,19:32:00,COM VÍTIMA,VÁRZEA,RUA PROFESSOR ANTONIO COELHO,,,ABALROAMENTO TRANSVERSAL,ENTRE ÕNIBUS E MOTO. C/V,,1,,,,1,,,,1,Cruzamento,Bom,Perfeito estado,Seca,Perfeito estado,Placas Pare,30 km/h,Dupla,Faixa seccionada
2020-08-20 00:00:00,07:24:00,COM VÍTIMA,CASA AMARELA,RUA DA ESTRELA,,SUBURBIO,ABALROAMENTO TRANSVERSAL,AUTO E MOTO.,1,1,,,,,,,,1,Longo da via,Bom,Incompleta,Seca,Perfeito estado,Não há placas,,Dupla,Não existe
2020-08-20 00:00:00,08:08:00,COM VÍTIMA,BOA VISTA,RUA PRINCESA IZABEL,22,SUBURBIO,ABALROAMENTO LONGITUDINAL,COLISÃO ENTRE DOIS AUTOS E UMA MOTO.,2,1,,,,,,,,1,Cruzamento,Bom,Perfeito estado,Seca,Perfeito estado,Não há placas,,Única,Não existe
2020-08-20 00:00:00,11:15:00,COM VÍTIMA,ALTO JOSÉ DO PINHO,COR DO BARTOLOMEU,,CIDADE,ATROPELAMENTO,ATROPELAMENTO / VITIMA SOCORRIDA PELO SAMU,,1,,,1,,,,,1,Longo da via,Bom,Incompleta,Seca,Mal conservada,Não há placas,,Dupla,Faixa seccionada
2020-08-20 00:00:00,11:57:00,COM VÍTIMA,IBURA,RUA PINTOR AGENOR DE ALBUQUERQUE CESAR,,,COLISÃO,MOTO E AUTO,1,1,,,,,,,,1,,,,,,,,,
2020-08-20 00:00:00,12:33:00,COM VÍTIMA,BOA VIAGEM,AV ENGENHEIRO DOMINGOS FERREIRA,380,SUBURBIO,ABALROAMENTO TRANSVERSAL,COLISÃO CARRO E MOTO,1,1,,,,,,,,1,Cruzamento,Bom,Perfeito estado,Seca,Perfeito estado,,60 km/h,Única,Canteiro central
2020-08-20 00:00:00,15:20:00,COM VÍTIMA,CAXANGÁ,RUA RIBEIRO PESSOA,,,ABALROAMENTO LONGITUDINAL,COLISÃO 3 VEICULOS / VT15 NO LOCAL ANANIAS E RAMALHO,2,,,,,,1,,,1,Longo da via,Bom,Incompleta,Seca,Mal conservada,Outras,,Dupla,Faixa seccionada
2020-08-20 00:00:00,17:01:00,SEM VÍTIMA,VASCO DA GAMA,RUA VASCO DA GAMA,,SUBURBIO,COLISÃO,VT 08 NO LOCAL / COLISÃO CARRO X CARRO,2,,,,,,,,,0,Longo da via,Bom,Não existente,Seca,Perfeito estado,R-6a,30 km/h,Dupla,Não existe
2020-08-21 00:00:00,01:03:00,COM VÍTIMA,BOA VIAGEM,AV CONSELHEIRO AGUIAR,,CIDADE,COLISÃO,COLISÃO COM VÍTIMA,,,,,,,,,,1,,,,,,,,,
2020-08-21 00:00:00,07:08:00,COM VÍTIMA,BOA VIAGEM,RUA PROFESSOR JOAO MEDEIROS,332,CIDADE,ABALROAMENTO TRANSVERSAL,AUTO E MOTO BATEDORES NO LOCAL GM´S ANDRE E DECIO,1,1,,,,,,,,1,Cruzamento,Chuvoso,Perfeito estado,Molhada,Perfeito estado,Outras,,Única,Faixa
2020-08-21 00:00:00,09:10:00,COM VÍTIMA,BONGI,AV ENGENHEIRO ABDIAS DE CARVALHO,,CIDADE,COLISÃO TRASEIRA,COLISÃO COM VITIMA ENTRE DOIS AUTOS.,2,,,,,,,,,1,Longo da via,Bom,Perfeito estado,Seca,Perfeito estado,R-6a,60 km/h,Dupla,Faixa seccionada
2020-08-21 00:00:00,13:22:00,COM VÍTIMA,TAMARINEIRA,RUA JUNDIA,,,ABALROAMENTO TRANSVERSAL,COLISÃO COM VITIMA,1,1,,,,,,,,1,Cruzamento,Bom,Perfeito estado,Seca,Perfeito estado,Placas Pare,,Dupla,Não existe
2020-08-21 00:00:00,19:44:00,COM VÍTIMA,TORRE,RUA LEONARDO BEZERRA CAVALCANTE,,CIDADE,ABALROAMENTO TRANSVERSAL,AUTO E MOTO OBS: VT 25 DA CTTU ESTA NO LOCAL,1,1,,,,,,,,1,Longo da via,Bom,Perfeito estado,Seca,Perfeito estado,Não há placas,,Dupla,Faixa contínua
2020-08-22 00:00:00,04:25:00,COM VÍTIMA,BOA VIAGEM,AVENIDA CELSO FURTADO (VIA MANGUE),,,ACID. DE PERCURSO,MOTOCICLISTA PERDEU O CONTROLE DA MOTOCICLETA E CAIU NA VIA. A MOTOCICLETA ESTÁ ABANDONADA NA VIA GERANDO RISCO DE NOVO ACIDENTE,,,,,,,,,,1,,,,,,,,,