data,hora,natureza,bairro,endereco,num_semaforo,sentido_via,tipo,auto,moto,ciclom,ciclista,pedestre,onibus,caminhao,viatura,outros,vitimas,vitimasfatais,acidente_verificado,tempo_clima,sinalizacao,condicao_via,conservacao_via,situacao_placa,velocidade_max_via,mao_direcao,divisao_via1
2020-08-22 00:00:00,08:19:00,COM VÍTIMA,IMBIRIBEIRA,RUA ARQUITETO LUIZ NUNES,,CIDADE,ABALROAMENTO TRANSVERSAL,AUTO E MOTO,1,1,,,,,,,,1,Longo da via,Bom,Perfeito estado,Seca,Perfeito estado,Outras,,Dupla,Faixa contínua
2020-08-22 00:00:00,11:21:00,COM VÍTIMA,BEBERIBE,AV BEBERIBE,,SUBURBIO,ABALROAMENTO TRANSVERSAL,MOTO E AUTO,1,1,,,,,,,,1,Longo da via,Bom,Perfeito estado,Seca,Perfeito estado,R-6a,,Dupla,Faixa contínua
2020-08-22 00:00:00,13:28:00,COM VÍTIMA,PRADO,AV ENGENHEIRO ABDIAS DE CARVALHO,354,CIDADE,ABALROAMENTO LONGITUDINAL,COLISÃO MOTO E CARRO / VT 08 LOCAL,1,1,,,,,,,,1,Cruzamento,Bom,Perfeito estado,Seca,Perfeito estado,Outras,,Dupla,Canteiro central
2020-08-22 00:00:00,13:30:00,COM VÍTIMA,BOA VIAGEM,VIADUTO TANCREDO NEVES,,SUBURBIO,CHOQUE OBJETO FIXO,COLISÃO MOTO E CARRO / O CONDUTOR DO CARRO EVADIU-SE DO LOCAL.,1,1,,,,,,,,1,Longo da via,Bom,Incompleta,Seca,Perfeito estado,Não há placas,,Única,Canteiro central
2020-08-22 00:00:00,17:25:00,COM VÍTIMA,IBURA,RUA EXP FRANCISCO VITORIANO,,SUBURBIO,ATROPELAMENTO,USUARIO INFORMA QUE VEICULO VEIO DESCENDO A LADEIRA E PERDEU O CONTROLE E BATEU NA PORTA DO SALÃO DUAS IRMÃ E ATROPELOU A PESSOA,1,,,,5,,,,,5,Cruzamento,Chuvoso,Incompleta,Molhada,Mal conservada,Não há placas,30 km/h,Dupla,Não existe
2020-08-22 00:00:00,17:50:00,SEM VÍTIMA,BOA VISTA,AV CONDE DA BOA VISTA,,,ABALROAMENTO TRANSVERSAL,COLISÃO NA VT 24 - PYA 2256,2,,,,,,,,,0,Longo da via,Chuvoso,Perfeito estado,Molhada,Perfeito estado,Não há placas,,Dupla,Canteiro central
2020-08-23 00:00:00,03:20:00,COM VÍTIMA,BOA VIAGEM,AV CONSELHEIRO AGUIAR,125,CIDADE,ABALROAMENTO TRANSVERSAL,AUTO E MOTO.,1,1,,,,,,,,1,Cruzamento,Bom,Perfeito estado,Seca,Perfeito estado,Outras,,Única,Faixa seccionada
2020-08-23 00:00:00,08:00:00,SEM VÍTIMA,ESPINHEIRO,RUA MARQUES DO PARANA,,,COLISÃO,COLISÃO SEM VITIMAS,1,1,,,,,,,,0,,,,,,,,,
2020-08-23 00:00:00,10:39:00,SEM VÍTIMA,IBURA,AV CHAPADA DO ARARIPE,,,COLISÃO FRONTAL,COLISÃO COM VEICULO OFICIAL- VIATURA PM,2,,,,,,,,,0,Longo da via,Bom,Não existente,Seca,Perfeito estado,Não há placas,,Dupla,Não existe
2020-08-23 00:00:00,13:41:00,COM VÍTIMA,IMBIRIBEIRA,AV PRESIDENTE DUTRA,,CEASA,ABALROAMENTO LONGITUDINAL,COLISAO ENTRE AUTO E MOTO COM UMA VITIMA VT 02 NO LOCAL. AUTO EVADIU-SE DO LOCAL.,,1,,,,,,,,1,Longo da via,Bom,Ilegível,Seca,Perfeito estado,Não há placas,,Dupla,Blocos
2020-08-23 00:00:00,14:57:00,COM VÍTIMA,BOA VIAGEM,RUA CAMBOIM,,CIDADE,ABALROAMENTO TRANSVERSAL,COLISÃO COM VÍTIMA,2,,,,,,,,,1,Cruzamento,Bom,Perfeito estado,Seca,Perfeito estado,Placas Pare,,Única,Faixa seccionada
2020-08-23 00:00:00,18:38:00,SEM VÍTIMA,TORRÕES,RUA CARLOS GOMES,,,COLISÃO,DOIS AUTO OBS: SUSPEITA DE EMBRIAGUEZ,2,,,,,,,,,0,,,,,,,,,
2020-08-23 00:00:00,19:39:00,SEM VÍTIMA,ESPINHEIRO,AV CONS ROSA E SILVA,,SUBURBIO,CHOQUE OBJETO FIXO,AUTO X POSTE . S/V,1,,,,,,,,,0,Longo da via,Bom,Perfeito estado,Seca,Perfeito estado,,,Única,Faixa contínua
2020-08-24 00:00:00,06:45:00,COM VÍTIMA,IMBIRIBEIRA,AV MARECHAL MASCARENHAS DE MORAES,,CIDADE,ABALROAMENTO LONGITUDINAL,COLISÃO COM UMA VITIMA AGUARDANDO SAMU,,1,,,,1,1,,,2,Longo da via,Bom,Perfeito estado,Seca,Perfeito estado,R-6a,,Dupla,Faixa seccionada
2020-08-24 00:00:00,07:53:00,COM VÍTIMA,DOIS IRMÃOS,RUA MANUEL DE MEDEIROS,,SUBURBIO,ABALROAMENTO LONGITUDINAL,DUAS MOTOS,,2,,,,,,,,1,Esquina,Bom,Perfeito estado,Seca,Perfeito estado,R-6a,,Dupla,Faixa seccionada
2020-08-24 00:00:00,10:41:00,SEM VÍTIMA,TORRE,RUA REAL DA TORRE,,,COLISÃO,SEM VITIMAS /VEICULO OFICIAL CREA/ VT 03 CTTU NO LOCAL,1,,,,,,,1,,0,Cruzamento,Bom,Incompleta,Seca,Perfeito estado,Outras,n/i,Única,Não existe
2020-08-24 00:00:00,12:21:00,COM VÍTIMA,TEJIPIÓ,RUA DO SANCHO,,,ABALROAMENTO LONGITUDINAL,COLISÃO ENTRE 2 CARROS E 1 MOTO,2,1,,,,,,,,1,Esquina,Bom,Não existente,Seca,Mal conservada,Não há placas,,Dupla,Não existe
2020-08-24 00:00:00,15:10:00,COM VÍTIMA,ESPINHEIRO,RUA BUENOS AYRES,,,COLISÃO,COLISÃO CARRO E MOTOCICLETA- VEICULO DA PLACA xxx EVADIU-SE DO LOCAL,1,,1,,,,,,,1,,,,,,,,,
2020-08-24 00:00:00,18:33:00,COM VÍTIMA,PASSARINHO,EST DE PASSARINHO,,,COLISÃO COM CICLISTA,COLISÃO ENTRE CICLISTA E CAMINHÃO C/V,,,,1,,,1,,,1,,,,,,,,,
2020-08-24 00:00:00,22:40:00,COM VÍTIMA,CAJUEIRO,AV CIDADE DE MONTEIRO,,OLINDA,ABALROAMENTO LONGITUDINAL,COLISÃO ENTRE AUTO E MOTO C/V,1,1,,,,,,,,2,Longo da via,Bom,Perfeito estado,Seca,Mal iluminada,Não há placas,60 km/h,Dupla,Faixa contínua
2020-08-25 00:00:00,06:45:00,COM VÍTIMA,IPSEP,AV RECIFE,,,ATROPELAMENTO,VEÍCULO PERDEU O CONTROLE E ATROPELOU PEDESTRE NA PARADA DE ÔNIBUS,1,,,,2,,,,,2,Longo da via,Bom,Perfeito estado,Seca,Perfeito estado,Não há placas,,Dupla,Canteiro central
2020-08-25 00:00:00,07:34:00,COM VÍTIMA,TORRÕES,AV ENGENHEIRO ABDIAS DE CARVALHO,272,CIDADE,COLISÃO TRASEIRA,COLISÃO COM VITIMA A ESPERA DO SAMU,1,1,,,,,,,,1,Longo da via,Bom,Perfeito estado,Seca,Perfeito estado,Outras,,Dupla,Faixa contínua
2020-08-25 00:00:00,08:05:00,COM VÍTIMA,BOA VIAGEM,RUA DEZ DE JULHO,573,CIDADE,COLISÃO TRASEIRA,COLISÃO ENTRE ÔNIBUS E MOTO COM VITIMA.,,1,,,,1,,,,1,Longo da via,Bom,Incompleta,Seca,Perfeito estado,Não há placas,,Única,Faixa seccionada
2020-08-25 00:00:00,09:01:00,COM VÍTIMA,VÁRZEA,AV AFONSO OLINDENSE,,SUBURBIO,ABALROAMENTO LONGITUDINAL,AUTO E MOTO  VT-20 NO LOCAL GM´S RODRIGO LACERDA E ANDRE PNHEIRO,1,1,,,,,,,,1,Longo da via,Bom,Perfeito estado,Seca,Perfeito estado,Outras,30 km/h,Dupla,Faixa contínua
2020-08-25 00:00:00,09:59:00,COM VÍTIMA,MADALENA,AV VISCONDE DE ALBUQUERQUE,413,SUBURBIO,CHOQUE VEÍCULO PARADO,AUTO E MOTO.,1,1,,,,,,,,1,Longo da via,Bom,Perfeito estado,Seca,Perfeito estado,R-6a,,Única,Faixa contínua
2020-08-25 00:00:00,11:20:00,SEM VÍTIMA,MADALENA,EST DOS REMEDIOS,,,COLISÃO,VEICULO OFICIAL TRE E AUTO,1,,,,,,1,,,0,,,,,,,,,
2020-08-25 00:00:00,13:07:00,COM VÍTIMA,SANTO AMARO,RUA DO PROGRESSO,,CIDADE,CHOQUE OBJETO FIXO,COLISÃO COM VÍTIMA,1,1,,,,,,,,1,Longo da via,Bom,Perfeito estado,Seca,Perfeito estado,Não há placas,,Única,Não existe
2020-08-25 00:00:00,13:22:00,COM VÍTIMA,AREIAS,RUA AURORA CACOTE,,SUBURBIO,COLISÃO FRONTAL,COLISÃO ENTRE DUAS MOTOS,,2,,,,,,,,1,Longo da via,Bom,Incompleta,Seca,Mal conservada,R-6a,,Dupla,Não existe
2020-08-25 00:00:00,15:40:00,COM VÍTIMA,PINA,AV ANTONIO DE GOES,,CIDADE,COLISÃO TRASEIRA,COLISÃO COM VÍTIMA. AUTO E MOTO.,1,1,,,,,,,,1,Longo da via,Bom,Perfeito estado,Seca,Perfeito estado,Outras,40 km/h,Única,Faixa seccionada
2020-08-25 00:00:00,15:54:00,SEM VÍTIMA,PINA,AV ANTONIO DE GOES,,CIDADE,ABALROAMENTO LONGITUDINAL,COLISAO ENTRE AUTO E MOTOLANCIA DO SAMU TRATA-SE DE VEICULO OFICIAL,1,1,,,,,,,,0,Longo da via,Bom,Perfeito estado,Seca,Perfeito estado,Outras,60 km/h,Única,Canteiro central
2020-08-25 00:00:00,18:26:00,COM VÍTIMA,MADALENA,AV CAXANGA,,CIDADE,TOMBAMENTO,ENTRE AUTO E MOTO. AUTO SE EVADIU DO LOCAL. CONDUTOR DA MOTONETA INFORMOU TER SIDO TRANCADO POR ESTE SEGUNDO VEÍCULO- VINDO A TOMBAR NA VIA.,,1,,,,,,,,1,Longo da via,Bom,Perfeito estado,Seca,Perfeito estado,Outras,60 km/h,Dupla,Faixa contínua
2020-08-26 00:00:00,06:10:00,COM VÍTIMA,CABANGA,AV SUL,260,CIDADE,ABALROAMENTO TRANSVERSAL,COLISÃO ÔNIBUS DA EMPRESA VERA CRUZ X MOTOCICLETA BRAVAX - C/VITIMA FATAL,,,1,,,1,,,,1,Cruzamento,Chuvoso,Ilegível,Molhada,Perfeito estado,Não há placas,,Dupla,Canteiro central
2020-08-26 00:00:00,08:36:00,COM VÍTIMA,ROSARINHO,AV NORTE,,CIDADE,ABALROAMENTO LONGITUDINAL,MOTO.,,2,,,,,,,,2,Longo da via,Bom,Perfeito estado,Seca,Perfeito estado,R-6a,,Dupla,Canteiro central
2020-08-26 00:00:00,10:09:00,COM VÍTIMA,IPUTINGA,EST DO BARBALHO,,SUBURBIO,ABALROAMENTO LONGITUDINAL,COLISÃO C/VITIMA ENTRE UM AUTO E UMA MOTO,1,1,,,,,,,,1,Longo da via,Bom,Perfeito estado,Seca,Perfeito estado,R-6c,,Dupla,Faixa contínua
2020-08-26 00:00:00,23:34:00,COM VÍTIMA,PARNAMIRIM,RUA JOAO TUDE DE MELO,,SUBURBIO,CHOQUE OBJETO FIXO,MOTO CHOCOU-SE NA MURETA DA PONTE C/V,,1,,,,,,,,2,Ponte,Bom,Perfeito estado,Seca,Perfeito estado,Não há placas,40 km/h,Única,Faixa seccionada
2020-08-27 00:00:00,07:45:00,COM VÍTIMA,CASA AMARELA,AV NORTE,,,COLISÃO,COLISÃO COM VITIMA,2,1,,,,,,,,1,,,,,,,,,
2020-08-27 00:00:00,08:17:00,COM VÍTIMA,ILHA JOANA BEZERRA,VIADUTO CAPITAO TEMUDO,,SUBURBIO,COLISÃO TRASEIRA,COLISÃO COM VITIMA A ESPERA DO SAMU,,1,,,,1,,,,2,Ponte,Bom,Perfeito estado,Seca,Perfeito estado,Não há placas,,Dupla,Canteiro central
2020-08-27 00:00:00,12:15:00,COM VÍTIMA,BOA VIAGEM,AV DOM JOAO VI,580,CIDADE,COLISÃO TRASEIRA,COLISAO ENTRE AUTO E MOTO BATEDOR DA MOTO 27 E 11 NO LOCAL,1,1,,,,,,,,1,Longo da via,Bom,Perfeito estado,Seca,Perfeito estado,Outras,50 km/h,Dupla,Não existe
2020-08-27 00:00:00,13:27:00,COM VÍTIMA,CAMPO GRANDE,RUA PROFESSOR FRANCISCO DA TRINDADE,,SUBURBIO,ABALROAMENTO TRANSVERSAL,COLISAO ENTRE AUTO E MOTO COM UMA VITIMA,1,1,,,,,,,,1,Cruzamento,Bom,Incompleta,Seca,Perfeito estado,Placas Pare,30 km/h,Dupla,Faixa seccionada
2020-08-27 00:00:00,14:08:00,COM VÍTIMA,BOA VISTA,AV GOVERNADOR AGAMENON MAGALHAES,37,OLINDA,ABALROAMENTO LONGITUDINAL,COLISÃO COM VÍTIMA,1,1,,,,,,,,1,Cruzamento,Bom,Perfeito estado,Seca,Perfeito estado,Outras,60 km/h,Única,
2020-08-27 00:00:00,14:38:00,COM VÍTIMA,MADALENA,AV CAXANGA,,CIDADE,COLISÃO TRASEIRA,COLISÃO COM VITIMA,1,1,,,,,,,,1,Longo da via,Bom,Perfeito estado,Seca,Perfeito estado,Não há placas,,Única,Faixa seccionada
2020-08-27 00:00:00,16:41:00,COM VÍTIMA,ESPINHEIRO,RUA BARAO DE ITAMARACA,,CIDADE,ATROPELAMENTO,MOTO E PEDESTRE,,1,,,1,,,,,1,Longo da via,Bom,Perfeito estado,Seca,Perfeito estado,Outras,30 km/h,Dupla,Faixa contínua
2020-08-27 00:00:00,17:34:00,SEM VÍTIMA,SÃO JOSÉ,RUA IMPERIAL,,,COLISÃO,COLISAO ENTRE VT OFICIAL E AUTO S/V,1,,,,,,,1,,0,Longo da via,Bom,Não existente,Seca,Perfeito estado,Não há placas,N/I,Única,Não existe
2020-08-27 00:00:00,18:56:00,COM VÍTIMA,ESTÂNCIA,AV RECIFE,261,CIDADE,COLISÃO TRASEIRA,VW/GOL X HONDA/BROSS,1,1,,,,,,,,1,Longo da via,Bom,Perfeito estado,Seca,Perfeito estado,,60 km/h,Única,Faixa contínua
2020-08-27 00:00:00,23:18:00,SEM VÍTIMA,BOA VIAGEM,RUA DEZ DE JULHO,,,COLISÃO,HB 20 X FIAT MOBI,2,,,,,,,,,0,,,,,,,,,
2020-08-28 00:00:00,12:22:00,SEM VÍTIMA,BOA VIAGEM,RUA BARAO DE SOUZA LEAO,,,ABALROAMENTO LONGITUDINAL,COLISÃO COM VEICULO DA FORÇA AEREA / VEICULO DE PLACA PEM9090 SE EVADIU DO LOCAL,1,,,,,,,,,0,Longo da via,Bom,Perfeito estado,Seca,Perfeito estado,R-6a,,Única,Faixa seccionada
2020-08-28 00:00:00,12:24:00,COM VÍTIMA,BOA VIAGEM,AV ENGENHEIRO DOMINGOS FERREIRA,,CIDADE /SUB,COLISÃO,CARRO COM MOTO,1,1,,,,,,,,1,,,,,,,,,
2020-08-28 00:00:00,12:35:00,COM VÍTIMA,MADALENA,AV VISCONDE DE ALBUQUERQUE,,SUBURBIO,COLISÃO TRASEIRA,MOTOCICLETA DE PLACA: QYI0G28 E FIAT SIENA: PEG 9711,1,1,,,,,,,,1,Longo da via,Bom,Perfeito estado,Seca,Perfeito estado,Outras,,Única,Faixa seccionada
2020-08-28 00:00:00,14:36:00,COM VÍTIMA,BOA VIAGEM,RUA BALTAZAR PASSOS,154,,ABALROAMENTO LONGITUDINAL,VEICULO COLIDIU COM A MOTO E CAPOTOU,1,1,,,,,,,,1,Cruzamento,Bom,Perfeito estado,Seca,Perfeito estado,,40 km/h,,Faixa seccionada
2020-08-28 00:00:00,17:39:00,COM VÍTIMA,MACAXEIRA,RUA CARLOS MARIGHELLA,,,ATROPELAMENTO,UM ONIBUS ATROPELOU UM PEDRESTRE,,,,,1,1,,,,1,Longo da via,Bom,Não existente,Seca,Perfeito estado,Não há placas,,Dupla,Não existe
2020-08-29 00:00:00,15:21:00,COM VÍTIMA,DOIS UNIDOS,AV HILDEBRANDO DE VASCONCELOS,,BR 101,ATROPELAMENTO,AUTO E PEDESTRE,1,,,,1,,,,,1,Longo da via,Bom,Incompleta,Seca,Perfeito estado,R-6a,40 km/h,Dupla,Faixa seccionada
2020-08-29 00:00:00,15:58:00,COM VÍTIMA,FUNDÃO,AV BEBERIBE,307,SUBURBIO,ABALROAMENTO TRANSVERSAL,COLISÃO COM VÍTIMA/ VÍTIMA SOCORRIDA PELO SAMU,1,1,,,,,,,,1,Cruzamento,Bom,Perfeito estado,Seca,Perfeito estado,Outras,,Dupla,
2020-08-29 00:00:00,19:12:00,SEM VÍTIMA,IBURA,RUA RIO CLARO,,,COLISÃO,LOGAN X GOL X DUSTER   OBS: SUSPEITA DE EMBRIAGUEZ,3,,,,,,,,,0,,,,,,,,,
2020-08-29 00:00:00,19:29:00,COM VÍTIMA,SAN MARTIN,AV GENERAL SAN MARTIN,,SUBURBIO,COLISÃO TRASEIRA,MOTO XRE X LOGAN,1,1,,,,,,,,1,Longo da via,Bom,Ilegível,Seca,Mal conservada,Não há placas,40 km/h,Dupla,Faixa contínua
2020-08-29 00:00:00,20:27:00,COM VÍTIMA,CORDEIRO,AV CAXANGA,,SUBURBIO,COLISÃO,ENTRE AUTO E MOTO. C/V,1,1,,,,,,,,2,,,,,,,,,
2020-08-30 00:00:00,13:16:00,SEM VÍTIMA,CAMPINA DO BARRETO,RUA DOS PEIXINHOS,,,CHOQUE OBJETO FIXO,CARRO COLIDIU COM MURO,1,,,,,,,,,0,Longo da via,Bom,Perfeito estado,Seca,Perfeito estado,Não há placas,,Dupla,Não existe
2020-08-31 00:00:00,03:46:00,COM VÍTIMA,IPSEP,AV RECIFE,319,IPSEP,ABALROAMENTO TRANSVERSAL,AUTO EMOTO.,1,1,,,,,,,,1,Longo da via,Chuvoso,,Molhada,Perfeito estado,Outras,,Dupla,Canteiro central
2020-08-31 00:00:00,12:20:00,COM VÍTIMA,PINA,AV CONSELHEIRO AGUIAR,2,CIDADE,ABALROAMENTO LONGITUDINAL,COLISÃO COM VÍTIMA,1,1,,,,,,,,1,Cruzamento,Bom,Perfeito estado,Seca,Perfeito estado,R-6a,,Única,Faixa contínua
2020-08-31 00:00:00,16:51:00,SEM VÍTIMA,GRAÇAS,RUA GUILHERME PINTO,,,COLISÃO,COLISAO ENTRE AUTO E VEICULO OFICIAL DO BOMBEIRO,2,,,,,,,,,0,Esquina,Bom,Perfeito estado,Seca,Perfeito estado,R-6a,20km,Única,Faixa contínua
2020-08-31 00:00:00,17:22:00,COM VÍTIMA,CASA AMARELA,AV NORTE,677,CIDADE,ABALROAMENTO TRANSVERSAL,COLISAO ENTRE AUTO E MOTO COM UMA VITIMA,1,1,,,,,,,,1,Cruzamento,Bom,Perfeito estado,Seca,Perfeito estado,Outras,,Dupla,Blocos
2020-08-31 00:00:00,17:25:00,COM VÍTIMA,IPSEP,RUA JEAN EMILE FAVRE,,,COLISÃO,COLISÃO COM VÍTIMA,1,1,,,,,,,,1,,,,,,,,,
2020-08-31 00:00:00,17:26:00,COM VÍTIMA,BARRO,AV DR JOSE RUFINO,,,COLISÃO,COLISAO ENTRE AUTO E MOTO COM UMA VITIMA,1,1,,,,,,,,1,,,,,,,,,
2020-08-31 00:00:00,21:53:00,COM VÍTIMA,CAMPO GRANDE,AV GOVERNADOR AGAMENON MAGALHAES,379,SUBURBIO,ATROPELAMENTO,PEDESTRE E AUTO,1,,,,1,,,,,1,Longo da via,Bom,Perfeito estado,Seca,Perfeito estado,,,,
2020-08-31 00:00:00,23:16:00,VÍTIMA FATAL,IPSEP,RUA SAO NICOLAU,315,SUBURBIO,ABALROAMENTO TRANSVERSAL,ONIBUS DA EMPRESA X MOTO C/VÍTIMA FATAL,,1,,,,1,,,,,Cruzamento,Bom,Perfeito estado,Seca,Perfeito estado,Não há placas,,Única,Não existe
2020-08-31 00:00:00,23:43:00,COM VÍTIMA,PINA,PTE AGAMENON MAGALHAES,,CIDADE,ABALROAMENTO LONGITUDINAL,CONDUTOR- APÓS SE EVADIR DA BLITZEM DA LEI SECA (NA AV ANTONIO DE GÓES)- COLIDIU COM UMA MOTOCICLETA NA PTE AGAMENON MAGALHÃES E- CONTINUOU SE EVADINDO- TENDO SIDO VIZUALIZADO PELA EQUIPE DA VT-18- NA PONTE JOSÉ DE BAROS LIMA- E POSTERIORMENTE- PELO INSPETOR IZAIAS NO POSTO BR DA AV NORTE- APÓS O CRUZAMENTO COM A AV JOÃO DE BARROS- SENTIDO SUBURBIO.,1,1,,,,,,,,2,Ponte,Bom,Perfeito estado,Seca,Perfeito estado,Outras,60 km/h,Única,Faixa contínua
2020-09-01 00:00:00,02:15:00,COM VÍTIMA,MADALENA,AV ENGENHEIRO ABDIAS DE CARVALHO,132,SUBURBIO,ABALROAMENTO TRANSVERSAL,COLISÃO MOTO X AUTO COM VITIMA,1,1,,,,,,,,1,Cruzamento,Bom,Perfeito estado,Seca,Perfeito estado,Outras,60 km/h,Dupla,Faixa contínua
2020-09-01 00:00:00,09:03:00,COM VÍTIMA,ESTÂNCIA,AV DR JOSE RUFINO,,,COLISÃO,,1,1,,,,,,,,1,,,,,,,,,
2020-09-01 00:00:00,08:19:00,COM VÍTIMA,ÁGUA FRIA,AV BEBERIBE,153,,ABALROAMENTO LONGITUDINAL,COM VÍTIMA,1,1,,,,,,,,1,Longo da via,Bom,Perfeito estado,Seca,Perfeito estado,Não há placas,,Dupla,
2020-09-01 00:00:00,10:53:00,COM VÍTIMA,TORRE,RUA CONDE DE IRAJA,,SUBURBIO,ABALROAMENTO LONGITUDINAL,COLISÃO C/VITIMA ENTRE UM AUTO E MOTO,1,1,,,,,,,,1,Longo da via,Bom,Perfeito estado,Seca,Perfeito estado,Outras,,Única,Faixa seccionada
2020-09-01 00:00:00,11:51:00,SEM VÍTIMA,BOA VIAGEM,RUA GENERAL EDSON AMANCIO RAMALHO,,CIDADE,CHOQUE OBJETO FIXO,CHOQUE VIATURA COM MURETA,1,,,,,,,,,0,Longo da via,Bom,Perfeito estado,Seca,Perfeito estado,Não há placas,60 km/h,Única,Faixa contínua
2020-09-01 00:00:00,18:24:00,SEM VÍTIMA,TORRE,RUA LAGOA DO RANCHO,,,COLISÃO,COLISÃO ENTRE DOIS AUTOS S/V- UMA DAS PARTES APRESENTA SINTOMAS DE EMBRIAGUEZ,2,,,,,,,,,0,,,,,,,,,
2020-09-02 00:00:00,07:46:00,COM VÍTIMA,VÁRZEA,AV CAXANGA,281,CIDADE,COLISÃO TRASEIRA,COLISÃO COM VÍTIMA. UM SEGUNDO VEÍCULO EVADIU-SE DO LOCAL APÓS O ACIDENTE.,1,1,,,,,,,,1,Longo da via,Bom,Perfeito estado,Seca,Perfeito estado,Não há placas,60 km/h,Única,Canteiro central
2020-09-02 00:00:00,13:56:00,COM VÍTIMA,SÃO JOSÉ,AV SUL,205,CIDADE,COLISÃO TRASEIRA,COLISÃO COM VÍTIMA,1,1,,,,,,,,1,Longo da via,Bom,Perfeito estado,Seca,Perfeito estado,,,Dupla,Canteiro central
2020-09-02 00:00:00,18:17:00,COM VÍTIMA,BOA VIAGEM,AVENIDA CELSO FURTADO (VIA MANGUE),,SUBURBIO,ABALROAMENTO LONGITUDINAL,COM VÍTIMA,1,1,,,,,,,,2,Longo da via,Bom,Ilegível,Seca,Mal iluminada,Outras,60 km/h,Dupla,Blocos
2020-09-02 00:00:00,18:48:00,COM VÍTIMA,PINA,AV ANTONIO DE GOES,,CIDADE,COLISÃO TRASEIRA,ENTRE AUTO E MOTO. C/V /// VT 28 E 02 NO LOCAL.,1,1,,,,,,,,1,Longo da via,Bom,Perfeito estado,Seca,Perfeito estado,Outras,,Única,Faixa seccionada
2020-09-02 00:00:00,20:20:00,SEM VÍTIMA,BOA VIAGEM,RUA RIBEIRO DE BRITO,,,COLISÃO,ENTRE 2 AUTOS ( CONDUTOR EMBRIAGADO ) S/V,2,,,,,,,,,0,,,,,,,,,
2020-09-03 00:00:00,13:01:00,COM VÍTIMA,BONGI,AV ENGENHEIRO ABDIAS DE CARVALHO,52,CIDADE,ABALROAMENTO LONGITUDINAL,COLISÃO AUTO E MOTONETA / AGENTE DIEGO ELVAS NO LOCAL,1,1,,,,,,,,1,Cruzamento,Bom,Perfeito estado,Seca,Perfeito estado,Outras,,Dupla,Canteiro central
2020-09-03 00:00:00,17:43:00,COM VÍTIMA,CASA AMARELA,RUA CONS PERETTI,,,COLISÃO COM CICLISTA,VEICULO E BICICLETA,1,,,1,,,,,,1,Cruzamento,Bom,Perfeito estado,Seca,Perfeito estado,Placas Pare,,,Não existe
2020-09-03 00:00:00,19:14:00,COM VÍTIMA,BOA VISTA,RUA DO RIACHUELO,175,SUBURBIO,ABALROAMENTO TRANSVERSAL,AUTO E MOTO,1,1,,,,,,,,1,Cruzamento,Bom,Perfeito estado,Seca,Perfeito estado,Não há placas,,Única,Faixa contínua
2020-09-03 00:00:00,20:07:00,COM VÍTIMA,IMBIRIBEIRA,AV SUL,,SUBURBIO,COLISÃO TRASEIRA,COLISÃO ENTRE DOIS AUTOS C/V,2,,,,,,,,,1,Longo da via,Bom,Perfeito estado,Seca,Perfeito estado,Não há placas,,Dupla,Blocos
2020-09-03 00:00:00,21:46:00,COM VÍTIMA,BOA VIAGEM,AV DOM JOAO VI,,SUBURBIO,COLISÃO TRASEIRA,COLISÃO ENTRE DOIS AUTOS C/V,2,,,,,,,,,2,Viaduto,Chuvoso,Perfeito estado,Molhada,Perfeito estado,Não há placas,,Única,Não existe
2020-09-04 00:00:00,00:49:00,SEM VÍTIMA,BOA VIAGEM,AV ENGENHEIRO DOMINGOS FERREIRA,338,SUBURBIO,COLISÃO,VEÍCULO COLIDIU NA TRASEIRA DE OUTRO,2,,,,,,,,,0,Longo da via,Bom,,,,Não há placas,,Única,Canteiro central
2020-09-04 00:00:00,07:26:00,COM VÍTIMA,SANTO AMARO,AV GOVERNADOR AGAMENON MAGALHAES,,CIDADE,ATROPELAMENTO,VITIMA SOCORRIDA PELOS BOMBEIROS,1,,,,1,,,,,1,Longo da via,Bom,Não existente,Seca,Perfeito estado,Não há placas,,Dupla,Canteiro central
2020-09-04 00:00:00,07:54:00,COM VÍTIMA,CAJUEIRO,AV CIDADE DE MONTEIRO,,CIDADE,ABALROAMENTO LONGITUDINAL,COLISÃO COM VITIMAS A ESPERA DO SAMU,1,1,,,,,,,,2,Longo da via,Bom,Perfeito estado,Seca,Perfeito estado,Outras,40 km/h,Dupla,Faixa contínua
2020-09-04 00:00:00,10:20:00,COM VÍTIMA,CAMPO GRANDE,RUA SAO CAETANO,,SUBURBIO,ABALROAMENTO TRANSVERSAL,MOTO E AUTO,1,1,,,,,,,,1,Cruzamento,Bom,Não existente,Seca,Perfeito estado,Não há placas,,Dupla,Não existe
2020-09-04 00:00:00,12:51:00,COM VÍTIMA,BOA VIAGEM,AV VINTE DE JANEIRO,,SUBURBIO,CHOQUE VEÍCULO PARADO,COLISAO ENTRE AUTO- MOTO E CAMINHÃO.,1,1,,,,,1,,,1,Longo da via,Bom,Não existente,Seca,Perfeito estado,Não há placas,,Dupla,Não existe