data,hora,natureza,bairro,endereco,num_semaforo,sentido_via,tipo,auto,moto,ciclom,ciclista,pedestre,onibus,caminhao,viatura,outros,vitimas,vitimasfatais,acidente_verificado,tempo_clima,sinalizacao,condicao_via,conservacao_via,situacao_placa,velocidade_max_via,mao_direcao,divisao_via1
2020-09-04 00:00:00,15:30:00,SEM VÍTIMA,BARRO,AV DR JOSE RUFINO,539,SUBURBIO,COLISÃO,COLISÃO SEM VÍTIMA/ VEÍCULO OFICIAL,1,,,,,,,1,,0,Longo da via,Bom,Perfeito estado,Seca,Perfeito estado,Não há placas,40 km/h,Dupla,Não existe
2020-09-04 00:00:00,15:56:00,COM VÍTIMA,ESTÂNCIA,RUA SAO MIGUEL,,CIDADE,COLISÃO TRASEIRA,COLISÃO COM VÍTIMA,2,,,,,,,,,1,Longo da via,Bom,Incompleta,Seca,Mal conservada,R-6a,,Dupla,Faixa contínua
2020-09-04 00:00:00,16:14:00,SEM VÍTIMA,ENCRUZILHADA,AV NORTE,376,SUBURBIO,COLISÃO,COLISÃO SEM VÍTIMA/ VEÍCULO OFICIAL,1,,,,,,,,1,0,Cruzamento,Bom,Perfeito estado,Seca,Perfeito estado,,,,Canteiro central
2020-09-04 00:00:00,16:21:00,COM VÍTIMA,CAMPO GRANDE,EST DE BELEM,504,CIDADE,ATROPELAMENTO,VEICULO ATROPELOU UM PEDESTRE VT 26 NO LOCAL,,,,,1,,,1,,1,Longo da via,Bom,Perfeito estado,Seca,Perfeito estado,Outras,50 km/h,Dupla,Faixa contínua
2020-09-04 00:00:00,17:12:00,COM VÍTIMA,MANGUEIRA,RUA VINTE E UM DE ABRIL,,,COLISÃO COM CICLISTA,COLISAO ENTRE MOTO E BICICLETA.,,1,,1,,,,,,2,Longo da via,Chuvoso,Não existente,Molhada,Perfeito estado,Não há placas,40 km/h,Dupla,Não existe
2020-09-05 00:00:00,07:53:00,SEM VÍTIMA,BOA VISTA,RUA CAPITAO RUY LUCENA,,,CHOQUE OBJETO FIXO,SEM VITIMA,,,,,,,,1,,0,Longo da via,Bom,Perfeito estado,Seca,Perfeito estado,Outras,,Dupla,Faixa seccionada
2020-09-05 00:00:00,10:18:00,COM VÍTIMA,CIDADE UNIVERSITÁRIA,RUA MAURICEIA,,SUBURBIO,CHOQUE VEÍCULO PARADO,COM UMA VITIMA SAMU NO LOCAL,2,,,,,,,,,2,Longo da via,Bom,Ilegível,Seca,Perfeito estado,Não há placas,30 km/h,Dupla,Faixa seccionada
2020-09-05 00:00:00,16:37:00,VÍTIMA FATAL,PINA,AVENIDA CELSO FURTADO (VIA MANGUE),,CIDADE,CHOQUE OBJETO FIXO,,,1,,,,,,,,,Longo da via,Bom,Perfeito estado,Seca,Perfeito estado,,60 km/h,Dupla,Faixa seccionada
2020-09-07 00:00:00,19:29:00,COM VÍTIMA,JARDIM SÃO PAULO,AV SAO PAULO,,CIDADE,ABALROAMENTO TRANSVERSAL,COLISÃO ENTRE AUTO E MOTO C/V,1,1,,,,,,,,1,Esquina,Bom,Perfeito estado,Seca,Perfeito estado,Outras,30 km/h,Dupla,Faixa seccionada
2020-09-06 00:00:00,11:08:00,COM VÍTIMA,CASA FORTE,AV DEZESSETE DE AGOSTO,,SUBURBIO,ABALROAMENTO LONGITUDINAL,COLISÃO COM VITIMAS A ESPERA DO SAMU,1,1,,,,,,,,2,Longo da via,Bom,Perfeito estado,Seca,Perfeito estado,Outras,50 km/h,Dupla,Faixa contínua
2020-09-06 00:00:00,14:58:00,COM VÍTIMA,PASSARINHO,RUA SANTA TEREZA,,SUBURBIO,ABALROAMENTO TRANSVERSAL,COLISÃO COM VÍTIMA,1,1,,,,,,,,1,Longo da via,Bom,Não existente,Seca,Perfeito estado,Não há placas,30 km/h,Dupla,Não existe
2020-09-06 00:00:00,17:33:00,COM VÍTIMA,BOA VIAGEM,RUA BALTAZAR PASSOS,154,SUBURBIO,ABALROAMENTO LONGITUDINAL,COLISÃO 2 MOTOS C/VITIMA,,2,,,,,,,,1,Cruzamento,Bom,Perfeito estado,Seca,Perfeito estado,,,Dupla,Faixa contínua
2020-09-06 00:00:00,19:08:00,COM VÍTIMA,BOA VIAGEM,RUA BALTAZAR PASSOS,,,COLISÃO,ENTRE AUTO E MOTO. C/V,1,1,,,,,,,,1,,,,,,,,,
2020-09-06 00:00:00,20:06:00,COM VÍTIMA,BOA VIAGEM,RUA VISCONDE DE JEQUITINHONHA,,SUBURBIO,ABALROAMENTO LONGITUDINAL,ENTRE AUTO E MOTO. C/V,1,1,,,,,,,,1,Longo da via,Bom,Perfeito estado,Seca,Perfeito estado,Outras,,Única,Faixa seccionada
2020-09-07 00:00:00,03:27:00,COM VÍTIMA,JOANA BEZERRA,PTE JOSE DE BARROS LIMA,,CIDADE,COLISÃO,COLISÃO C/VITIMA - VEICULO CAUSADOR DO ACIDENTE SE EVADIU- SEM DEIXAR VESTIGIOS DE IDENTIFICAÇÃO - VÍTIMA PRESA NAS FERRAGENS- POSTERIORMENTE SOCORRIDA PELA UNIDADE PÚBLICA DE SAÚDE,2,,,,,,,,,1,,,,,,,,,
2020-09-07 00:00:00,15:43:00,COM VÍTIMA,VÁRZEA,RUA GASTAO VIDIGAL,,,ABALROAMENTO TRANSVERSAL,COLISÃO ENTRE AUTO E MOTO C/V,1,1,,,,,,,,1,Longo da via,Bom,,Seca,Perfeito estado,,,Dupla,Faixa seccionada
2020-09-07 00:00:00,19:59:00,COM VÍTIMA,TORREÃO,AV GOVERNADOR AGAMENON MAGALHAES,379,CIDADE,ABALROAMENTO TRANSVERSAL,COLISÃO ENTRE AUTO E MOTO C/V,1,1,,,,,,,,1,Longo da via,Bom,Perfeito estado,Seca,Perfeito estado,Não há placas,,Única,Faixa seccionada
2020-09-07 00:00:00,20:27:00,COM VÍTIMA,BOA VIAGEM,AV ENGENHEIRO DOMINGOS FERREIRA,550,SUBURBIO,ABALROAMENTO TRANSVERSAL,COLISÃO ENTRE DOIS AUTOS C/V,2,,,,,,,,,2,Cruzamento,Bom,Perfeito estado,Seca,Perfeito estado,Outras,,Única,Canteiro central
2020-09-08 00:00:00,02:24:00,COM VÍTIMA,CAMPO GRANDE,EST DE BELEM,,SUBURBIO,COLISÃO TRASEIRA,COLISÃO ENTRE DUAS MOTOCICLETA,,2,,,,,,,,2,Longo da via,Bom,Perfeito estado,Seca,Mal conservada,,,Dupla,Faixa contínua
2020-09-08 00:00:00,03:15:00,COM VÍTIMA,PINA,AVENIDA CELSO FURTADO (VIA MANGUE),,SUBURBIO,ABALROAMENTO LONGITUDINAL,OCORRÊNCIA ENVOLVENDO AUTO E MOTO. SEGUNDO CONFERÊNCIA COM O BOLETIM FÍSICO- O AUTO EVADIU-SE DO LOCAL DO ACIDENTE.,1,1,,,,,,,,1,Longo da via,Bom,Perfeito estado,Seca,Perfeito estado,Não há placas,,Única,Faixa seccionada
2020-09-08 00:00:00,07:27:00,COM VÍTIMA,MADALENA,AV ENGENHEIRO ABDIAS DE CARVALHO,327,CIDADE,COLISÃO TRASEIRA,COLISÃO COM VITIMA- COLISÃO TRASEIRA,1,1,,,,,,,,1,Longo da via,Bom,Perfeito estado,Seca,Perfeito estado,Não há placas,,Única,Canteiro central
2020-09-08 00:00:00,09:01:00,COM VÍTIMA,BOA VISTA,AV GOVERNADOR AGAMENON MAGALHAES,174,OLINDA,ABALROAMENTO LONGITUDINAL,COLISÃO COM VITIMA,1,1,,,,,,,,1,Cruzamento,Bom,Perfeito estado,Seca,Perfeito estado,R-4a,60 km/h,Dupla,Canteiro central
2020-09-08 00:00:00,10:56:00,COM VÍTIMA,BAIRRO DO RECIFE,CAIS DO APOLO,,SUBURBIO,ABALROAMENTO LONGITUDINAL,COLISÃO COM VITIMA,,1,,,,,,1,,1,Longo da via,Bom,Perfeito estado,Seca,Perfeito estado,Outras,40 km/h,Dupla,Canteiro central
2020-09-08 00:00:00,12:52:00,COM VÍTIMA,TORRE,RUA ALBERTO PAIVA,,,COLISÃO,COLISAO ENTRE AUTO E MOTO COM UMA VITIMA,1,1,,,,,,,,1,,,,,,,,,
2020-09-08 00:00:00,13:19:00,COM VÍTIMA,SANTO AMARO,RUA DO HOSPICIO,32,SUBURBIO,COLISÃO TRASEIRA,COLISAO ENTRE ÔNIBUS E MOTO COM UMA VITIMA,,1,,,,1,,,,2,Longo da via,Bom,Perfeito estado,Seca,Perfeito estado,,,,
2020-09-08 00:00:00,14:10:00,COM VÍTIMA,IBURA,AV DOIS RIOS,561,SUBURBIO,ABALROAMENTO TRANSVERSAL,COLISÃO COM VÍTIMA,1,,,,,,,,1,1,Longo da via,Bom,Perfeito estado,Seca,Perfeito estado,Não há placas,,Dupla,Faixa contínua
2020-09-08 00:00:00,14:19:00,COM VÍTIMA,PINA,AV ANTONIO DE GOES,,CIDADE,COLISÃO TRASEIRA,COLISÃO COM VÍTIMA,1,1,,,,,,,,1,Longo da via,Bom,Perfeito estado,Seca,Perfeito estado,Outras,,Única,Faixa seccionada
2020-09-08 00:00:00,18:30:00,COM VÍTIMA,AFOGADOS,RUA VINTE E UM DE ABRIL,,SUBURBIO,ABALROAMENTO LONGITUDINAL,AUTO E MOTO.,1,1,,,,,,,,1,Longo da via,Bom,Ilegível,Seca,Mal iluminada,,,Dupla,Não existe
2020-09-09 00:00:00,07:00:00,COM VÍTIMA,CASA FORTE,AV DEZESSETE DE AGOSTO,107,CIDADE,COLISÃO COM CICLISTA,COLISÃO ENTRE UM ONIBUS E UM CICLISTA,,,,1,,1,,,,1,Cruzamento,Chuvoso,Perfeito estado,Molhada,Perfeito estado,R-6c,60 km/h,Dupla,Faixa contínua
2020-09-09 00:00:00,09:26:00,COM VÍTIMA,CASA AMARELA,AV NORTE,256,SUBURBIO,COLISÃO TRASEIRA,COLISÃO COM VITIMA SOCORRIDA PELO SAMU,,2,,,,,,,,1,Longo da via,Chuvoso,Perfeito estado,Seca,Perfeito estado,R-6a,,Dupla,Faixa contínua
2020-09-09 00:00:00,09:53:00,SEM VÍTIMA,BOA VIAGEM,AV BOA VIAGEM,,CIDADE,COLISÃO TRASEIRA,MOTOCICLETA DA CTTU X RAV 4,1,1,,,,,,,,0,Longo da via,Bom,Perfeito estado,Seca,Perfeito estado,Não há placas,60 km/h,Única,Faixa seccionada
2020-09-09 00:00:00,15:34:00,COM VÍTIMA,GRAÇAS,RUA BRUNO MAIA,,SUBURBIO,COLISÃO,COM UMA VITIMA SOCORRIDA PELO SAMU,1,,,,,,1,,,1,Cruzamento,Bom,Perfeito estado,Seca,Perfeito estado,Placas Pare,,Única,Não existe
2020-09-09 00:00:00,18:42:00,COM VÍTIMA,JAQUEIRA,AV RUI BARBOSA,460,CIDADE,ABALROAMENTO LONGITUDINAL,COLISÃO ENTRE AUTO E MOTO- C/V,1,1,,,,,,,,1,Cruzamento,Bom,Perfeito estado,Seca,Perfeito estado,Outras,,Dupla,Faixa contínua
2020-09-10 00:00:00,10:37:00,VÍTIMA FATAL,CAMPO GRANDE,AV CORREIA DE BRITO,,,COLISÃO,COLISÃO EM SEGUIDA DE CHOQUE,,1,,,,1,,,,,,,,,,,,,
2020-09-11 00:00:00,08:35:00,SEM VÍTIMA,PINA,AV ANTONIO DE GOES,,CIDADE,COLISÃO TRASEIRA,COLISÃO S/VITIMAS ENTRE DOIS AUTOS (VEICULO OFICIAL),2,,,,,,,,,0,Cruzamento,Bom,Perfeito estado,Seca,Perfeito estado,Placas Pare,,Única,Canteiro central
2020-09-11 00:00:00,08:37:00,SEM VÍTIMA,ROSARINHO,AV CONS ROSA E SILVA,459,,CHOQUE OBJETO FIXO,CHOQUE DE UM AUTO COM SEMÁFORO,,,,,,,,,,0,,,,,,,,,
2020-09-11 00:00:00,08:52:00,COM VÍTIMA,AFLITOS,AV CONS ROSA E SILVA,459,,CHOQUE OBJETO FIXO,VEICULO CHOCOU-SE COM POSTE / VITIMA JA SOCORRIDA,1,,,,,,,,,1,Cruzamento,Bom,Perfeito estado,Seca,Perfeito estado,R-6a,,Única,Não existe
2020-09-11 00:00:00,11:32:00,COM VÍTIMA,BOA VISTA,RUA DO HOSPICIO,,SUBURBIO,ABALROAMENTO LONGITUDINAL,COLISÃO C/VITIMA ENTRE UM ONIBUS E UMA MOTO (BATEDORES 13 E 17 NO QTH),,1,,,,1,,,,1,Longo da via,Bom,Perfeito estado,Seca,Perfeito estado,Não há placas,,Dupla,Faixa contínua
2020-09-11 00:00:00,12:47:00,COM VÍTIMA,BOA VIAGEM,RUA BARAO DE SOUZA LEAO,,,ABALROAMENTO LONGITUDINAL,COLISÃO C/VITIMA ENTRE UM AUTO E UMA MOTO,1,1,,,,,,,,1,Longo da via,Bom,Perfeito estado,Seca,Perfeito estado,,,,
2020-09-11 00:00:00,13:51:00,COM VÍTIMA,ROSARINHO,RUA DR JOSE MARIA,,CIDADE,ABALROAMENTO TRANSVERSAL,COLISÃO C/VITIMA ENTRE UM AUTO E MOTO,1,1,,,,,,,,1,Cruzamento,Bom,Perfeito estado,Seca,Perfeito estado,Placas Pare,,Dupla,Faixa seccionada
2020-09-11 00:00:00,14:39:00,COM VÍTIMA,LINHA DO TIRO,RUA URIEL DE HOLANDA,,SUBURBIO,ABALROAMENTO TRANSVERSAL,COLISÃO COM VÍTIMA ENTRE AUTO E MOTO.,1,1,,,,,,,,1,Cruzamento,Bom,Perfeito estado,Seca,Perfeito estado,Outras,,Dupla,Não existe
2020-09-11 00:00:00,14:54:00,COM VÍTIMA,ENCRUZILHADA,RUA AMARO COUTINHO,,CIDADE,ABALROAMENTO TRANSVERSAL,COLISAO ENTRE AUTO E MOTO COM VITIMA,1,1,,,,,,,,1,Cruzamento,Bom,Perfeito estado,Seca,Perfeito estado,Placas Pare,,Dupla,Não existe
2020-09-11 00:00:00,18:17:00,COM VÍTIMA,BOA VIAGEM,AV BOA VIAGEM,,CIDADE,ABALROAMENTO LONGITUDINAL,COLISÃO ENTRE AUTO E MOTO- C/V,1,1,,,,,,,,1,Cruzamento,Bom,,Seca,Mal iluminada,Outras,60 km/h,Única,Faixa contínua
2020-09-11 00:00:00,19:22:00,COM VÍTIMA,CORDEIRO,AV MAURICIO DE NASSAU,,SUBURBIO,COLISÃO COM CICLISTA,COLISAO ENTRE MOTO E BICICLETA,,1,,1,,,,,,2,Longo da via,Bom,Perfeito estado,Seca,Perfeito estado,Não há placas,,Dupla,Faixa contínua
2020-09-11 00:00:00,19:50:00,COM VÍTIMA,IPUTINGA,RUA MAURICEIA,,SUBURBIO,ABALROAMENTO TRANSVERSAL,COLISÃO ENTRE AUTO E MOTO- C/V,1,1,,,,,,,,1,Cruzamento,Bom,Perfeito estado,Seca,Perfeito estado,Placas Pare,30 km/h,Dupla,Não existe
2020-09-11 00:00:00,20:00:00,COM VÍTIMA,IPUTINGA,RUA BOM PASTOR,,SUBURBIO,ABALROAMENTO TRANSVERSAL,COLISÃO ENTRE AUTO E MOTO- C/V,1,1,,,,,,,,1,Longo da via,Bom,Perfeito estado,Seca,Perfeito estado,Outras,,Dupla,Faixa seccionada
2020-09-11 00:00:00,22:34:00,SEM VÍTIMA,CORDEIRO,AV CAXANGA,,,COLISÃO,COLISAO SEM VITIMAS COM SUSPEITA DE EMBRIAGUEZ,2,1,,,,,,,,0,,,,,,,,,
2020-09-12 00:00:00,08:04:00,COM VÍTIMA,CASA AMARELA,AV NORTE,79,CIDADE,COLISÃO TRASEIRA,COLISÃO ENTRE AUTO E ÔNIBUS COM UMA VÍTIMA,1,,,,,1,,,,1,Longo da via,Bom,Perfeito estado,Seca,Perfeito estado,Outras,,Dupla,Faixa contínua
2020-09-12 00:00:00,11:29:00,SEM VÍTIMA,AFOGADOS,EST DOS REMEDIOS,,,ABALROAMENTO LONGITUDINAL,AUTO E VT-PM S/V,1,,,,,,,1,,0,Longo da via,Bom,Perfeito estado,Seca,Perfeito estado,,,Dupla,Faixa contínua
2020-09-12 00:00:00,12:13:00,COM VÍTIMA,BOA VIAGEM,AVENIDA CELSO FURTADO (VIA MANGUE),,CIDADE,COLISÃO TRASEIRA,COLISAO ENRE AUTO E MOTO COM UMA VITIMA,1,1,,,,,,,,1,Longo da via,Bom,Perfeito estado,Seca,Perfeito estado,Não há placas,,Dupla,Canteiro central
2020-09-12 00:00:00,12:31:00,COM VÍTIMA,ESPINHEIRO,RUA DO ESPINHEIRO,166,CIDADE,ABALROAMENTO TRANSVERSAL,COLISAO ENTRE ONIBUS E MOTO COM UMA VITIMA,,1,,,,1,,,,1,Cruzamento,Bom,Perfeito estado,Seca,Perfeito estado,R-6a,,Única,Não existe
2020-09-12 00:00:00,18:41:00,COM VÍTIMA,PRADO,AV ENGENHEIRO ABDIAS DE CARVALHO,,SUBURBIO,ABALROAMENTO LONGITUDINAL,ENTRE AUTO E MOTO. C/V,1,1,,,,,,,,1,Longo da via,Bom,Incompleta,Seca,Mal iluminada,Não há placas,60 km/h,Dupla,Canteiro central
2020-09-12 00:00:00,20:52:00,COM VÍTIMA,LINHA DO TIRO,RUA URIEL DE HOLANDA,,,COLISÃO,AUTO X MOTO. C/V,1,1,,,,,,,,1,,,,,,,,,
2020-09-12 00:00:00,21:57:00,COM VÍTIMA,CAMPO GRANDE,RUA FRANKLIN TAVORA,,SUBURBIO,ABALROAMENTO TRANSVERSAL,TITAN 150 X CITROEN,1,1,,,,,,,,1,Cruzamento,Bom,Incompleta,Seca,Mal conservada,Não há placas,,Dupla,Não existe
2020-09-13 00:00:00,02:15:00,COM VÍTIMA,CORDEIRO,AV CAXANGA,,CIDADE,COLISÃO,COLISÃO AUTO E MOTO (POSSIVELMENTE CONDUTOR ALCOOLIZADO),1,1,,,,,,,,1,,,,,,,,,
2020-09-13 00:00:00,02:46:00,COM VÍTIMA,CASA AMARELA,RUA PADRE LEMOS,,,COLISÃO,ACIDENTE COM VITIMA,,1,,,,,,,,1,,,,,,,,,
2020-09-13 00:00:00,05:01:00,COM VÍTIMA,TAMARINEIRA,AV CONS ROSA E SILVA,61,,COLISÃO,COLISÃO DOIS AUTOS,2,,,,,,,,,1,,,,,,,,,
2020-09-13 00:00:00,07:24:00,COM VÍTIMA,BOA VIAGEM,RUA ERNESTO DE PAULA SANTOS,329,CIDADE,ABALROAMENTO LONGITUDINAL,MOTO E AUTO BATEDORES NO QTH 15 / 30,1,1,,,,,,,,1,Cruzamento,Bom,Perfeito estado,Seca,Perfeito estado,R-6a,,Única,Não existe
2020-09-13 00:00:00,16:45:00,COM VÍTIMA,SAN MARTIN,AV GENERAL SAN MARTIN,67,,COLISÃO COM CICLISTA,COM UMA VITIMA -SAMU NO LOCAL/VT21 GCM LAIS ARAÚJO NO LOCAL,,1,,1,,,,,,1,Cruzamento,Bom,Perfeito estado,Seca,Perfeito estado,Outras,40 km/h,Dupla,Faixa contínua
2020-09-13 00:00:00,19:07:00,COM VÍTIMA,SANTO AMARO,AV CRUZ CABUGA,171,SUBURBIO,ABALROAMENTO TRANSVERSAL,COLISÃO ENTRE AUTO E MOTO- C/V,1,1,,,,,,,,1,Cruzamento,Bom,Perfeito estado,Seca,Perfeito estado,R-6a,,Dupla,Faixa seccionada
2020-09-14 00:00:00,10:11:00,COM VÍTIMA,VÁRZEA,AV PROFESSOR ARTUR DE SA,,VÁRZEA,ABALROAMENTO LONGITUDINAL,COLISÃO COM VITIMA,1,1,,,,,,,,1,Longo da via,Bom,Perfeito estado,Seca,Perfeito estado,Não há placas,,Dupla,Faixa contínua
2020-09-14 00:00:00,12:43:00,COM VÍTIMA,AFOGADOS,RUA DA PAZ,,SUBURBIO,ABALROAMENTO LONGITUDINAL,COLISÃO ENTRE DOIS CAMINHÕES E UMA MOTO.,,1,,,,,2,,,1,Longo da via,Bom,Perfeito estado,Seca,Perfeito estado,Não há placas,,Única,Não existe
2020-09-14 00:00:00,13:09:00,COM VÍTIMA,BOA VIAGEM,AV ENGENHEIRO DOMINGOS FERREIRA,,SUBURBIO,ABALROAMENTO TRANSVERSAL,COLISÃO COM VÍTIMA,1,1,,,,,,,,1,Longo da via,Bom,Perfeito estado,Seca,Perfeito estado,Não há placas,,Única,Canteiro central
2020-09-14 00:00:00,14:43:00,COM VÍTIMA,ROSARINHO,RUA TELES JUNIOR,,,CHOQUE VEÍCULO PARADO,COLISÃO COM VÍTIMA,1,1,,,,,,,,1,Longo da via,Bom,Perfeito estado,Seca,Perfeito estado,Não há placas,,Dupla,Faixa contínua
2020-09-14 00:00:00,15:10:00,COM VÍTIMA,IPUTINGA,AV CAXANGA,,CIDADE,ATROPELAMENTO,COLISAO ENTRE MOTO E PEDESTRE,,1,,,1,,,,,1,Longo da via,Bom,Perfeito estado,Seca,Perfeito estado,Não há placas,,Única,Canteiro central
2020-09-14 00:00:00,21:48:00,COM VÍTIMA,CAMPO GRANDE,RUA ODORICO MENDES,,CIDADE,COLISÃO TRASEIRA,HONDA FIT X CG 150 MOTO,1,1,,,,,,,,1,Longo da via,Bom,Perfeito estado,Seca,Perfeito estado,Outras,,Dupla,Faixa seccionada
2020-09-15 00:00:00,06:07:00,COM VÍTIMA,SANTO AMARO,AV GOVERNADOR AGAMENON MAGALHAES,49,SUBURBIO,ABALROAMENTO LONGITUDINAL,COLISÃO ENTRE UM ONIBUS E UMA MOTO,,1,,,,1,,,,2,Longo da via,Bom,Perfeito estado,Seca,Perfeito estado,Outras,60 km/h,Dupla,Canal
2020-09-15 00:00:00,07:39:00,COM VÍTIMA,BEBERIBE,AV BEBERIBE,388,SUBURBIO,COLISÃO COM CICLISTA,COLISÃO ENTRE MOTO E BICICLEITA (V.T 32 NO QTH),,1,,1,,,,,,2,Longo da via,Bom,Perfeito estado,Seca,Perfeito estado,Outras,,Dupla,Faixa contínua
2020-09-15 00:00:00,10:21:00,COM VÍTIMA,JOANA BEZERRA,AV CENTRAL,,,ABALROAMENTO TRANSVERSAL,MOTO E AUTO,1,1,,,,,,,,1,Cruzamento,Bom,Não existente,Seca,Perfeito estado,Não há placas,,Dupla,Não existe
2020-09-15 00:00:00,12:20:00,COM VÍTIMA,BOA VISTA,RUA DO HOSPICIO,31,CIDADE,ABALROAMENTO LONGITUDINAL,COLISÃO ENTRE AUTO E MOTO C/V,1,1,,,,,,,,1,Cruzamento,Bom,Perfeito estado,Seca,Perfeito estado,Outras,60 km/h,Única,Outros
2020-09-15 00:00:00,14:31:00,COM VÍTIMA,AFOGADOS,RUA VINTE E UM DE ABRIL,,SUBURBIO,COLISÃO FRONTAL,COLISÃO MOTO X MOTO,,2,,,,,,,,2,Esquina,Bom,Não existente,Seca,Perfeito estado,Não há placas,,Dupla,Não existe
2020-09-15 00:00:00,19:40:00,COM VÍTIMA,IBURA,AV DOIS RIOS,,SUBURBIO,ABALROAMENTO TRANSVERSAL,DUAS MOTOS,,2,,,,,,,,2,Longo da via,Bom,Perfeito estado,Seca,Perfeito estado,Outras,,Dupla,Faixa contínua
2020-09-15 00:00:00,20:12:00,COM VÍTIMA,JORDÃO,AV DONA CARENTINA,,,ABALROAMENTO LONGITUDINAL,COLISÃO ENTRE AUTO E MOTO- C/V. (CONDUTOR DO VEÍCULO APRESENTA FORTES SINAIS DE EMBRIAGUEZ),1,1,,,,,,,,1,Longo da via,Bom,Não existente,Seca,Perfeito estado,Não há placas,,Dupla,Não existe
2020-09-15 00:00:00,22:55:00,SEM VÍTIMA,MACAXEIRA,RUA MARIA AMALIA,,,CHOQUE,CONDUTOR PERDEU O CONTROLE DO VEÍCULO E CHOCOU-SE CONTRA O MURO DE UMA RESIDÊNCIA (POLICIAL MILITAR INFORMA QUE O CONDUTOR APRESENTA SINAIS DE EMBRIAGUEZ),1,,,,,,,,,0,,,,,,,,,
2020-09-16 00:00:00,09:38:00,COM VÍTIMA,CORDEIRO,AV GENERAL SAN MARTIN,,NORTE/SUL,ABALROAMENTO LONGITUDINAL,CAMINHÃO E MOTO.,,1,,,,,1,,,1,Longo da via,Bom,Perfeito estado,Seca,Perfeito estado,Não há placas,,Dupla,Faixa contínua
2020-09-16 00:00:00,10:46:00,COM VÍTIMA,PINA,AV HERCULANO BANDEIRA,137,SUBURBIO,COLISÃO TRASEIRA,AUTO E MOTO C/V,1,1,,,,,,,,1,Longo da via,Bom,Perfeito estado,Seca,Perfeito estado,Outras,60 km/h,Única,Faixa contínua
2020-09-16 00:00:00,11:16:00,SEM VÍTIMA,BOA VISTA,AV CRUZ CABUGA,,,COLISÃO,COLISÃO SEM VÍTIMA ENTRE VIATURA DO TRANSPORTE E UMA MOTOCICLETA.,,1,,,,,,1,,0,,,,,,,,,
2020-09-16 00:00:00,12:31:00,COM VÍTIMA,TEJIPIÓ,AV DR JOSE RUFINO,,CIDADE,ABALROAMENTO TRANSVERSAL,COLISÃO COM VÍTIMA / VÍTIMA SOCORRIDA PELO SAMU,1,1,,,,,,,,1,Cruzamento,Bom,Ilegível,Seca,Perfeito estado,R-6a,,Dupla,Faixa contínua
2020-09-16 00:00:00,13:16:00,COM VÍTIMA,BOA VIAGEM,AV ENGENHEIRO DOMINGOS FERREIRA,,SUBURBIO,COLISÃO FRONTAL,COLISÃO COM VÍTIMA ENTRE AUTO E MOTO.,1,1,,,,,,,,1,Longo da via,Bom,Perfeito estado,Seca,Perfeito estado,Não há placas,60 km/h,Única,Faixa seccionada
2020-09-16 00:00:00,17:10:00,COM VÍTIMA,ESPINHEIRO,AV JOAO DE BARROS,,SUBURBIO,COLISÃO TRASEIRA,COLISAO ENTRE AUTO E MOTO COM DUAS VITIMAS,1,1,,,,,,,,2,Longo da via,Bom,Perfeito estado,Seca,Perfeito estado,,40 km/h,Única,
2020-09-16 00:00:00,22:53:00,COM VÍTIMA,SANCHO,2TR TRES DE AGOSTO,,,COLISÃO,ENTRE AUTO E MOTO. C/V,1,1,,,,,,,,1,,,,,,,,,
2020-09-17 00:00:00,11:49:00,COM VÍTIMA,BOA VISTA,RUA JOAO FERNANDES VIEIRA,,CIDADE,COLISÃO TRASEIRA,COLISAO COM VITIMA MOTO E AUTO,1,1,,,,,,,,1,Longo da via,Bom,Perfeito estado,Seca,Perfeito estado,,,Única,Faixa contínua
2020-09-17 00:00:00,15:27:00,COM VÍTIMA,IPSEP,RUA PINTOR ANTONIO ALBUQUERQUE,,,ABALROAMENTO LONGITUDINAL,COLISÃO COM VÍTIMA E VT 17 SE DEPAROU COM A SITUAÇÃO,2,1,,,,,,,,2,Longo da via,Bom,,Seca,Perfeito estado,,,Única,
2020-09-17 00:00:00,15:48:00,COM VÍTIMA,BOA VIAGEM,AVENIDA CELSO FURTADO (VIA MANGUE),,CIDADE,COLISÃO TRASEIRA,COM VÍTIMA- GCM KELVYN .,1,1,,,,,,,,1,Longo da via,Bom,Perfeito estado,Seca,Perfeito estado,Outras,,Dupla,Canteiro central
2020-09-17 00:00:00,17:35:00,COM VÍTIMA,CORDEIRO,RUA GOMES TABORDA,67,SUBURBIO,ABALROAMENTO TRANSVERSAL,COLISÃO CARRO X MOTO / VT 024 NO LOCAL,1,1,,,,,,,,1,Cruzamento,Bom,Incompleta,Seca,Perfeito estado,R-6a,,Dupla,Faixa seccionada
2020-09-17 00:00:00,22:56:00,COM VÍTIMA,IBURA,AV RIO LARGO,512,SUBURBIO,ABALROAMENTO LONGITUDINAL,COLISÃO ENTRE ÔNIBUS E MOTO C/V,,1,,,,1,,,,1,Cruzamento,Bom,Perfeito estado,Seca,Perfeito estado,Outras,,Dupla,Não existe