data,hora,natureza,bairro,endereco,num_semaforo,sentido_via,tipo,auto,moto,ciclom,ciclista,pedestre,onibus,caminhao,viatura,outros,vitimas,vitimasfatais,acidente_verificado,tempo_clima,sinalizacao,condicao_via,conservacao_via,situacao_placa,velocidade_max_via,mao_direcao,divisao_via1
2020-10-15 00:00:00,13:01:00,COM VÍTIMA,BOA VIAGEM,RUA RIO AZUL,476,,ATROPELAMENTO,AUTO E PEDESTRE,1,,,,1,,,,,1,Longo da via,Bom,Incompleta,Seca,Perfeito estado,Não há placas,,Única,Faixa seccionada
2020-10-15 00:00:00,13:58:00,COM VÍTIMA,BOA VISTA,RUA DO HOSPICIO,23,,ATROPELAMENTO,MOTO ATROPELOU PEDESTRE,,1,,,1,,,,,1,Cruzamento,Bom,Perfeito estado,Seca,Perfeito estado,Outras,,Única,Não existe
2020-10-15 00:00:00,15:15:00,COM VÍTIMA,IMBIRIBEIRA,AV MARECHAL MASCARENHAS DE MORAES,,SUBURBIO,CHOQUE OBJETO FIXO,PRISMA- SOLICITADO PÓ DE SERRA E ALAVANCA PARA ALINHAR OS PRISMAS. VEÍCULO PERDEU O CONTROLE- CHOCANDO-SE COM OS PRISMAS DE CONCRETO.,1,,,,,,,,,1,Longo da via,Bom,Perfeito estado,Seca,Perfeito estado,Não há placas,60 km/h,Única,Faixa seccionada
2020-10-15 00:00:00,16:15:00,COM VÍTIMA,ÁGUA FRIA,RUA CORREGO DO DEODATO,,SUBURBIO,ABALROAMENTO LONGITUDINAL,COLISÃO MOTO X CARRO,1,1,,,,,,,,1,Longo da via,Bom,Não existente,Seca,Mal conservada,Não há placas,,Dupla,Não existe
2020-10-15 00:00:00,18:25:00,COM VÍTIMA,SANTO ANTÔNIO,RUA IMPERADOR PEDRO SEGUNDO,,,ATROPELAMENTO,AUTO E PEDESTRE C/V,1,,,,1,,,,,1,Esquina,Bom,Perfeito estado,Seca,Perfeito estado,Não há placas,,Única,Faixa contínua
2020-10-15 00:00:00,18:28:00,COM VÍTIMA,IPSEP,AV RECIFE,,SUBURBIO,ABALROAMENTO LONGITUDINAL,COLISÃO ENTRE AUTO E MOTO C/V,1,1,,,,,,,,2,Longo da via,Bom,Perfeito estado,Seca,Perfeito estado,R-6a,,Dupla,Canteiro central
2020-10-15 00:00:00,18:58:00,COM VÍTIMA,BEBERIBE,AV BEBERIBE,,SUBURBIO,COLISÃO TRASEIRA,COLISÃO ENTRE AUTO E MOTO C/V,1,1,,,,,,,,1,Longo da via,Bom,Perfeito estado,Seca,Perfeito estado,Não há placas,30 km/h,Dupla,Faixa contínua
2020-10-15 00:00:00,19:39:00,SEM VÍTIMA,BOA VIAGEM,RUA VISCONDE DE JEQUITINHONHA,,SUBURBIO,COLISÃO TRASEIRA,COLISÃO ENTRE AUTO E VIATURA DA POLÍCIA MILITAR- S/V,2,,,,,,,,,0,Longo da via,Bom,Perfeito estado,Seca,Perfeito estado,Não há placas,60 km/h,Única,Faixa seccionada
2020-10-15 00:00:00,20:06:00,COM VÍTIMA,ARRUDA,AV BEBERIBE,,SUBURBIO,COLISÃO TRASEIRA,COLISÃO ENTRE DOIS AUTOS E UMA MOTO C/V,2,1,,,,,,,,2,Longo da via,Bom,Perfeito estado,Seca,Perfeito estado,Não há placas,,Dupla,
2020-10-16 00:00:00,01:09:00,COM VÍTIMA,CAXANGÁ,AV CAXANGA,232,SUBURBIO,ABALROAMENTO LONGITUDINAL,ACIDENTE ENTRE MOTO E AUTO,1,1,,,,,,,,1,Cruzamento,Bom,Perfeito estado,Seca,Perfeito estado,Outras,,Dupla,Canteiro central
2020-10-16 00:00:00,07:31:00,VÍTIMA FATAL,PRADO,RUA CARLOS GOMES,,SUBURBIO,ABALROAMENTO TRANSVERSAL,COLISÃO COM 1 VITIMA FATAL E OUTRA SOCORRIDA PELA SAMU,1,1,,,,,,,,1,Cruzamento,Bom,Incompleta,Seca,Perfeito estado,Outras,40 km/h,Única,Faixa seccionada
2020-10-16 00:00:00,11:39:00,COM VÍTIMA,CASA AMARELA,AV NORTE,,CIDADE,ABALROAMENTO LONGITUDINAL,COLISÃO COM VITIMA,,2,,,,,,,,1,Esquina,Bom,Perfeito estado,Seca,Perfeito estado,Outras,,Dupla,Canteiro central
2020-10-16 00:00:00,11:54:00,COM VÍTIMA,CASA FORTE,AV DEZESSETE DE AGOSTO,,SUBURBIO,COLISÃO TRASEIRA,COLISÃO COM VITIMA,1,1,,,,,,,,1,Longo da via,Bom,Perfeito estado,Seca,Perfeito estado,Outras,,Dupla,Faixa contínua
2020-10-16 00:00:00,12:24:00,COM VÍTIMA,VÁRZEA,AV CAXANGA,,CIDADE,ABALROAMENTO TRANSVERSAL,COLISÃO COM VÍTIMA,1,1,,,,,,,,1,Cruzamento,Bom,Incompleta,Seca,Perfeito estado,Não há placas,60 km/h,Única,Faixa contínua
2020-10-16 00:00:00,13:00:00,COM VÍTIMA,PINA,RUA JEMIL ASFORA,,,ABALROAMENTO LONGITUDINAL,COLISAO ENTRE CAMINHAO E MOTO,,1,,,,,1,,,1,Longo da via,Bom,Ilegível,Seca,Perfeito estado,Outras,,Única,Não existe
2020-10-16 00:00:00,13:06:00,COM VÍTIMA,PINA,AV HERCULANO BANDEIRA,137,SUBURBIO,ABALROAMENTO LONGITUDINAL,ACIDENTE ENTRE MOTO E AUTO,1,1,,,,,,,,1,Longo da via,Bom,Perfeito estado,Seca,Perfeito estado,Não há placas,,Única,Faixa seccionada
2020-10-16 00:00:00,15:59:00,COM VÍTIMA,JOANA BEZERRA,AV GOVERNADOR AGAMENON MAGALHAES,,SUBURBIO,ABALROAMENTO LONGITUDINAL,COLISÃO COM VÍTIMA ENTRE AUTO E MOTO.,1,1,,,,,,,,1,Longo da via,Bom,Perfeito estado,Seca,Perfeito estado,R-6a,60 km/h,Dupla,Canteiro central
2020-10-16 00:00:00,17:25:00,COM VÍTIMA,CÓRREGO DO JENIPAPO,AV DA RECUPERACAO,,,COLISÃO,COLISÃO COM VÍTIMA,1,1,,,,,,,,1,,,,,,,,,
2020-10-16 00:00:00,19:36:00,COM VÍTIMA,GUABIRABA,AV DA RECUPERACAO,,SUBURBIO,ABALROAMENTO LONGITUDINAL,COLISÃO COM VÍTIMA,2,1,,,,,,,,1,Longo da via,Bom,Incompleta,Seca,Mal iluminada,,,Dupla,Faixa seccionada
2020-10-16 00:00:00,20:09:00,COM VÍTIMA,MACAXEIRA,AV NORTE,,,COLISÃO,ENTRE AUTO E MOTO. C/V,1,1,,,,,,,,1,,,,,,,,,
2020-10-16 00:00:00,20:28:00,SEM VÍTIMA,CASA FORTE,AV DEZESSETE DE AGOSTO,,,COLISÃO,ENTE 2 AUTOS ( CONDUTOR DO HYUNDAI- SEGUNDO AS INFO DO USUÁRIO- APRESENTA SINAIS FORTES DE EMBRIAGUEZ) S/V,2,,,,,,,,,0,,,,,,,,,
2020-10-16 00:00:00,20:45:00,COM VÍTIMA,PARNAMIRIM,EST DO ARRAIAL,446,SUBURBIO,CHOQUE OBJETO FIXO,VEÍCULO CHOCOU-SE CONTRA O MURO LOCAL. C/V,1,,,,,,,,,1,Longo da via,Bom,Perfeito estado,Seca,Perfeito estado,Outras,,Única,Faixa seccionada
2020-10-16 00:00:00,23:55:00,COM VÍTIMA,CASA FORTE,AV DEZESSETE DE AGOSTO,,,COLISÃO,COLISÃO MOTO X AUTO,1,1,,,,,,,,1,,,,,,,,,
2020-10-17 00:00:00,09:02:00,COM VÍTIMA,JARDIM SÃO PAULO,AV RECIFE,,SUBURBIO,COLISÃO TRASEIRA,COM VÍTIMA,,1,,,,,1,,,1,Longo da via,Bom,Perfeito estado,Seca,Perfeito estado,Não há placas,,Única,Faixa seccionada
2020-10-17 00:00:00,12:59:00,COM VÍTIMA,ESPINHEIRO,AV CONS ROSA E SILVA,,SUBURBIO,ABALROAMENTO LONGITUDINAL,COLISÃO COM VÍTIMA,1,1,,,,,,,,1,Cruzamento,Bom,Perfeito estado,Seca,Perfeito estado,R-6a,60 km/h,Única,Faixa seccionada
2020-10-17 00:00:00,15:23:00,COM VÍTIMA,IBURA,AV DOIS RIOS,323,SUBURBIO,ABALROAMENTO TRANSVERSAL,MOTO X CARRO,1,1,,,,,,,,2,Longo da via,Bom,Perfeito estado,Seca,Perfeito estado,Não há placas,60 km/h,Dupla,Faixa contínua
2020-10-17 00:00:00,15:57:00,COM VÍTIMA,TEJIPIÓ,AV DR JOSE RUFINO,,,CHOQUE OBJETO FIXO,CHOQUE EM POSTE DE ENERGIA ELÉTRICA. UMA VÍTIMA.,1,,,,,,,,,1,Longo da via,Bom,Incompleta,Seca,Perfeito estado,Não há placas,,Dupla,Faixa contínua
2020-10-17 00:00:00,21:55:00,SEM VÍTIMA,BOA VIAGEM,AV BOA VIAGEM,,,CHOQUE VEÍCULO PARADO,VEÍCULO CHOCOU-SE CONTRA DOIS VEÍCULOS ESTACIONADOS (CONDUTOR ABANDONOU O VEÍCULO NO LOCAL),3,,,,,,,,,0,,,,,,,,,
2020-10-18 00:00:00,08:28:00,COM VÍTIMA,SAN MARTIN,AV GENERAL SAN MARTIN,,CIDADE,ABALROAMENTO LONGITUDINAL,COLISÃO COM VITIMA  ANDRE PINHEIRO VT 10 QTH,1,1,,,,,,,,1,Cruzamento,Bom,Perfeito estado,Seca,Perfeito estado,Outras,40 km/h,Dupla,Faixa contínua
2020-10-18 00:00:00,10:05:00,SEM VÍTIMA,PRADO,AV ENGENHEIRO ABDIAS DE CARVALHO,,,COLISÃO,COLISÃO SEM VITIMAS,1,,,,,,,1,,0,,,,,,,,,
2020-10-18 00:00:00,12:54:00,SEM VÍTIMA,AFOGADOS,RUA COSME VIANA,503,SUBURBIO,ABALROAMENTO LONGITUDINAL,DOIS AUTOS COM DUAS VITIMAS. (NO BOLETIM FÍSICO INFORMA QUE NÃO HOUVE VÍTIMAS FERIDAS NESTE ACIDENTE).,2,,,,,,,,,0,Cruzamento,Bom,Perfeito estado,Seca,,,,Única,Faixa seccionada
2020-10-18 00:00:00,13:03:00,COM VÍTIMA,BAIRRO DO RECIFE,CAIS DO APOLO,,CIDADE,ABALROAMENTO LONGITUDINAL,COLISÃO COM VÍTIMA- ENVOLVENDO AUTO E MOTO,1,1,,,,,,,,1,Longo da via,Bom,Perfeito estado,Seca,Perfeito estado,Outras,60 km/h,Dupla,Faixa seccionada
2020-10-18 00:00:00,22:19:00,SEM VÍTIMA,DOIS UNIDOS,AV HILDEBRANDO DE VASCONCELOS,,,COLISÃO,VT DA POLICIA MILITAR X MOTO,,1,,,,,,1,,0,,,,,,,,,
2020-10-19 00:00:00,08:30:00,COM VÍTIMA,AFOGADOS,RUA DA PAZ,,SUBURBIO,ATROPELAMENTO,ATROPELAMENTO AUTO E PEDESTRE,1,,,,1,,,,,1,Longo da via,Bom,Incompleta,Seca,Perfeito estado,R-6a,,Única,Faixa seccionada
2020-10-19 00:00:00,09:34:00,COM VÍTIMA,SAN MARTIN,AV GENERAL SAN MARTIN,58,NORTE/SUL,COLISÃO FRONTAL,COM UMA VITIMA SOCORRIDA /CTTU NO LOCAL-GM GILSON MELO,1,1,,,,,,,,1,Longo da via,Bom,Perfeito estado,Seca,Perfeito estado,Outras,,Dupla,Faixa contínua
2020-10-19 00:00:00,14:28:00,COM VÍTIMA,CAMPO GRANDE,AV GOVERNADOR AGAMENON MAGALHAES,,RECIFE,CAPOTAMENTO,AUTO CAPOTOU,1,,,,,,,,,1,,,,,,,,,
2020-10-19 00:00:00,15:14:00,COM VÍTIMA,BOA VIAGEM,AV CONSELHEIRO AGUIAR,,CIDADE,ABALROAMENTO LONGITUDINAL,COLISAO ENTRE AUTO E MOTO COM VITIMAS,1,1,,,,,,,,2,Longo da via,Bom,Perfeito estado,Seca,,Outras,,Única,Faixa contínua
2020-10-19 00:00:00,18:08:00,COM VÍTIMA,JORDÃO,AV MARIA IRENE,,,COLISÃO,COLISÃO ENTRE AUTO E MOTO C/V,1,1,,,,,,,,1,,,,,,,,,
2020-10-20 00:00:00,09:49:00,COM VÍTIMA,BOA VIAGEM,RUA PROFESSOR JOAO MEDEIROS,,CIDADE,COLISÃO TRASEIRA,COLISÃO COM VITIMA A ESPERA DO SAMU- ENTRE AUTO E MOTO.,1,1,,,,,,,,1,Longo da via,Bom,Perfeito estado,Seca,Perfeito estado,Outras,,Única,Faixa seccionada
2020-10-20 00:00:00,10:10:00,COM VÍTIMA,ESPINHEIRO,RUA SANTO ELIAS,,CIDADE,ABALROAMENTO TRANSVERSAL,COLISÃO COM VITIMA VT 13 QTH,1,1,,,,,,,,1,Cruzamento,Bom,Incompleta,Seca,Perfeito estado,R-6a,,Única,Não existe
2020-10-20 00:00:00,10:10:00,COM VÍTIMA,IMBIRIBEIRA,RUA ITACARI,,CIDADE,ABALROAMENTO LONGITUDINAL,COM VITIMA- SAMU JA ESTA NO LOCAL,1,1,,,,,,,,1,Cruzamento,Bom,Perfeito estado,Seca,Perfeito estado,Placas Pare,40 km/h,Dupla,Faixa seccionada
2020-10-20 00:00:00,13:47:00,COM VÍTIMA,JOANA BEZERRA,AV CENTRAL,,,COLISÃO FRONTAL,COLISAO ENTRE ONIBUS -MOTO E CARROÇA,,1,,,,1,,,1,1,Longo da via,Bom,Não existente,Seca,Perfeito estado,Não há placas,,Única,Não existe
2020-10-20 00:00:00,14:14:00,SEM VÍTIMA,IMBIRIBEIRA,RUA ANTONIO FALCAO,,,COLISÃO,COLISAO ENTRE DOIS AUTOS S/V UM DOS CONDUTORES ESTA COM SINTOMAS DE EMBRIAGUEZ,2,,,,,,,,,0,,,,,,,,,
2020-10-20 00:00:00,17:35:00,COM VÍTIMA,BOA VIAGEM,AV CONSELHEIRO AGUIAR,,,COLISÃO TRASEIRA,COLISAO ENTRE AUTO E MOTO COM UMA VITIMA,1,1,,,,,,,,1,Longo da via,Bom,Perfeito estado,Seca,Perfeito estado,Outras,60 km/h,Única,Faixa contínua
2020-10-20 00:00:00,18:27:00,COM VÍTIMA,BEBERIBE,AV BEBERIBE,,CIDADE,ABALROAMENTO LONGITUDINAL,COLISAO SEGUIDA DE COLISÃO COM CICLISTA ENTRE CAMINHAO SANDEIRO E CICLISTA OBS : BOMBEIRO E SAMU NO LOCAL.,1,,,1,,,1,,,1,Longo da via,Bom,Incompleta,Seca,Perfeito estado,R-19,50 km/h,Única,Faixa seccionada
2020-10-20 00:00:00,18:48:00,COM VÍTIMA,CAXANGÁ,RUA RIBEIRO PESSOA,,,COLISÃO,FIAT UNO X MOTO,1,1,,,,,,,,1,,,,,,,,,
2020-10-20 00:00:00,21:49:00,COM VÍTIMA,IMBIRIBEIRA,RUA ITACARI,,CIDADE,ABALROAMENTO TRANSVERSAL,GOL BRANCO X MOTO  OBS: VITIMA RESGATADA PELO SAMU,1,1,,,,,,,,2,Cruzamento,Bom,Perfeito estado,Seca,Perfeito estado,Placas Pare,40 km/h,Única,Faixa contínua
2020-10-21 00:00:00,07:27:00,COM VÍTIMA,IMBIRIBEIRA,AV MARECHAL MASCARENHAS DE MORAES,290,SUBURBIO,ABALROAMENTO TRANSVERSAL,AUTO E MOTO,1,1,,,,,,,,1,Cruzamento,Bom,Perfeito estado,Seca,Perfeito estado,Não há placas,,Dupla,Canteiro central
2020-10-21 00:00:00,13:03:00,COM VÍTIMA,IMBIRIBEIRA,AV MARECHAL MASCARENHAS DE MORAES,310,SUBURBIO,ABALROAMENTO TRANSVERSAL,COLISÃO CARRO X MOTO,1,1,,,,,,,,1,Cruzamento,Bom,Perfeito estado,Seca,Perfeito estado,,60 km/h,Dupla,
2020-10-21 00:00:00,13:56:00,COM VÍTIMA,BOA VIAGEM,AV CONSELHEIRO AGUIAR,,,COLISÃO,COLISAO DE AUTO E MOTO COM VITIMAS,1,1,,,,,,,,1,,,,,,,,,
2020-10-21 00:00:00,15:10:00,COM VÍTIMA,IPSEP,AV RECIFE,212,BR 101,COLISÃO TRASEIRA,COLISAO ENTRE AUTO E MOTO COM VITIMA,1,1,,,,,,,,1,Esquina,Bom,Perfeito estado,Seca,Perfeito estado,Outras,60 km/h,Dupla,Canteiro central
2020-10-21 00:00:00,17:22:00,COM VÍTIMA,MADALENA,RUA REAL DA TORRE,179,SUBURBIO,ATROPELAMENTO,CICLISTA COM SUSPEITA DE EMBRIAGUEZ ATROPELOU UM PEDESTRE. A EQUIPE ESTÁ NO APOIO DO SOCORRO.,,,,1,2,,,,,3,Cruzamento,Bom,Perfeito estado,,,,,,
2020-10-21 00:00:00,21:30:00,COM VÍTIMA,VÁRZEA,RUA EMILIANO BRAGA,,SUBURBIO,ABALROAMENTO LONGITUDINAL,COLISÃO ENTRE ÔNIBUS E MOTO- C/V,,1,,,,1,,,,1,Esquina,Bom,Perfeito estado,Seca,Perfeito estado,Não há placas,,Única,Não existe
2020-10-22 00:00:00,07:01:00,COM VÍTIMA,GRAÇAS,AV RUI BARBOSA,,CIDADE,ABALROAMENTO LONGITUDINAL,COLISÃO COM VITIMA,,1,,,,1,,,,1,Longo da via,Chuvoso,Perfeito estado,Seca,Perfeito estado,R-6a,,Única,Faixa seccionada
2020-10-22 00:00:00,07:35:00,SEM VÍTIMA,SANTO AMARO,AV CRUZ CABUGA,,,COLISÃO,,1,,,,,,1,,,0,Longo da via,Bom,Perfeito estado,Seca,Perfeito estado,,,Dupla,Faixa contínua
2020-10-22 00:00:00,07:38:00,SEM VÍTIMA,SANTO ANTÔNIO,RUA DA CONCORDIA,,,COLISÃO,COLISÃO SEM VITIMAS,1,,,,,,1,,,0,Longo da via,Bom,Perfeito estado,Seca,Perfeito estado,Não há placas,40km/h,Única,Outros
2020-10-22 00:00:00,08:21:00,COM VÍTIMA,AREIAS,AV DR JOSE RUFINO,,CIDADE,COLISÃO,COM VITIMAS/ SAMU NO LOCAL,1,1,,,,,,,,1,,,,,,,,,
2020-10-22 00:00:00,13:59:00,COM VÍTIMA,AFOGADOS,RUA SAO MIGUEL,,SUBURBIO,ABALROAMENTO TRANSVERSAL,COLISAO ENTRE AUTO E MOTO COM UMA VITIMA,1,1,,,,,,,,1,Cruzamento,Bom,Perfeito estado,Seca,Perfeito estado,Não há placas,60 km/h,Dupla,Faixa contínua
2020-10-22 00:00:00,18:48:00,COM VÍTIMA,DOIS IRMÃOS,RUA DOIS IRMAOS,416,CIDADE,CHOQUE OBJETO FIXO,VIATURA DA POLICIA MILITAR CHOCOU-SE CONTRA UM POSTE - C/VITIMA,,,,,,,,1,,2,Longo da via,Bom,Perfeito estado,Seca,Perfeito estado,R-6a,,Dupla,Faixa contínua
2020-10-23 00:00:00,08:44:00,COM VÍTIMA,ALTO JOSÉ DO PINHO,AV NORTE,,SUBURBIO,COLISÃO TRASEIRA,3 AUTOS E UMA MOTO.,3,1,,,,,,,,1,Longo da via,Bom,Perfeito estado,Seca,Perfeito estado,R-6a,60 km/h,Única,Faixa contínua
2020-10-23 00:00:00,09:01:00,COM VÍTIMA,VÁRZEA,RUA GENERAL POLIDORO,577,,ATROPELAMENTO,ÔNIBUS E PEDESTRE.,,,,,1,1,,,,1,Cruzamento,Bom,Perfeito estado,Seca,Perfeito estado,Outras,,Dupla,Faixa contínua
2020-10-23 00:00:00,10:02:00,COM VÍTIMA,MADALENA,RUA REAL DA TORRE,106,SUBURBIO,COLISÃO TRASEIRA,AUTO E MOTO.,1,1,,,,,,,,1,Longo da via,Bom,Perfeito estado,Seca,Perfeito estado,R-6a,,Única,Faixa seccionada
2020-10-23 00:00:00,10:39:00,COM VÍTIMA,ARRUDA,AV BEBERIBE,131,SUBURBIO,CHOQUE VEÍCULO PARADO,COLISÃO ENTRE AUTO E MOTOCICLETA,1,1,,,,,,,,1,Longo da via,Bom,Perfeito estado,Seca,Perfeito estado,R-6a,,Dupla,Faixa seccionada
2020-10-23 00:00:00,12:31:00,COM VÍTIMA,CAMPO GRANDE,RUA PRUDENTE DE MORAES,,CIDADE,ABALROAMENTO TRANSVERSAL,DOIS AUTOS,2,,,,,,,,,3,Cruzamento,Bom,Perfeito estado,Seca,Perfeito estado,Placas Pare,30 km/h,Dupla,Faixa seccionada
2020-10-23 00:00:00,13:36:00,COM VÍTIMA,BOA VIAGEM,AV DOM JOAO VI,543,CIDADE,ABALROAMENTO LONGITUDINAL,COLISAO ENVOLVENDO AUTO E MOTO COM VITIMA,1,1,,,,,,,,1,Cruzamento,Bom,Perfeito estado,Seca,Perfeito estado,Não há placas,60 km/h,Dupla,Faixa seccionada
2020-10-23 00:00:00,16:29:00,COM VÍTIMA,TAMARINEIRA,AV CONS ROSA E SILVA,,SUBURBIO,CHOQUE OBJETO FIXO,CICLISTA PERDEU O CONTROLE DA BICICLETA E COLIDIU NO POSTE.,,,,1,,,,,,1,Longo da via,Bom,Perfeito estado,Seca,Perfeito estado,Não há placas,,Única,Faixa seccionada
2020-10-23 00:00:00,20:24:00,COM VÍTIMA,AFOGADOS,RUA VINTE E UM DE ABRIL,,,ATROPELAMENTO,,,,,,1,,,,,1,,,,,,,,,
2020-10-23 00:00:00,23:37:00,COM VÍTIMA,SANTO AMARO,VDO ENG ROBERTO PEREIRA DE CARVALHO,,SUBURBIO,COLISÃO TRASEIRA,VEICULOS SOBRE VIADUTO,2,,,,,,,,,1,Viaduto,Bom,Perfeito estado,Seca,Perfeito estado,Não há placas,,Única,Faixa seccionada
2020-10-24 00:00:00,01:35:00,SEM VÍTIMA,PINA,AV REPUBLICA ARABE UNIDA,,CIDADE,ABALROAMENTO LONGITUDINAL,,1,1,,,,,,,,0,,Bom,Perfeito estado,Seca,Perfeito estado,,,Única,Faixa seccionada
2020-10-24 00:00:00,01:39:00,COM VÍTIMA,SAN MARTIN,RUA DUARTE FILHO,,,COLISÃO,,1,1,,,,,,,,1,,,,,,,,,
2020-10-24 00:00:00,11:07:00,COM VÍTIMA,MADALENA,RUA CARLOS GOMES,348,CIDADE,ABALROAMENTO LONGITUDINAL,COLISÃO COM VITIMA A ESPERA DO SAMU,1,1,,,,,,,,1,Longo da via,Bom,Perfeito estado,Seca,Perfeito estado,R-6a,,Dupla,Faixa seccionada
2020-10-24 00:00:00,12:09:00,COM VÍTIMA,BOA VIAGEM,AV ENGENHEIRO DOMINGOS FERREIRA,,,COLISÃO,COLISAO ENTRE ONIBUS E AUTO COM UMA VITIMA,1,1,,,,,,,,1,,,,,,,,,
2020-10-24 00:00:00,12:13:00,COM VÍTIMA,CAMPINA DO BARRETO,AV POETA VINICIUS DE MORAIS,,SUBURBIO,ATROPELAMENTO,COM VÍTIMA,,1,,,1,,,,,2,Longo da via,Bom,Perfeito estado,Seca,Perfeito estado,Não há placas,,Dupla,Faixa seccionada
2020-10-24 00:00:00,13:06:00,COM VÍTIMA,SANTO AMARO,AV NORTE,,CIDADE,COLISÃO TRASEIRA,VT 13 NO LOCAL,,1,,,,1,,,,1,Viaduto,Bom,Perfeito estado,Seca,Perfeito estado,Não há placas,,Dupla,Faixa seccionada
2020-10-24 00:00:00,14:49:00,COM VÍTIMA,PRADO,AV ENGENHEIRO ABDIAS DE CARVALHO,132,,ABALROAMENTO LONGITUDINAL,INFORMAÇÕES COLHIDAS NO LOCAL PELOS AGENTES - QUE O OUTRO VEÍCULO EVADIU-SE.,,1,,,,,,,,1,Longo da via,Bom,Perfeito estado,Seca,Perfeito estado,Outras,,Dupla,Faixa contínua
2020-10-24 00:00:00,16:29:00,COM VÍTIMA,ESPINHEIRO,AV GOVERNADOR AGAMENON MAGALHAES,78,,COLISÃO TRASEIRA,COLISÃO COM VÍTIMA,3,,,,,,,,,2,Longo da via,Bom,Perfeito estado,Seca,Perfeito estado,,,Dupla,Outros
2020-10-24 00:00:00,17:17:00,COM VÍTIMA,ENGENHO DO MEIO,RUA ANTONIO CURADO,,,ABALROAMENTO LONGITUDINAL,COLISÃO COM VÍTIMA,1,1,,,,,,,,2,Cruzamento,Bom,Ilegível,Seca,Perfeito estado,Não há placas,40 km/h,Dupla,Faixa seccionada
2020-10-24 00:00:00,19:39:00,COM VÍTIMA,IPUTINGA,AV MAURICIO DE NASSAU,,SUBURBIO,ATROPELAMENTO,PEDESTRE X MOTO,,1,,,2,,,,,3,Longo da via,Bom,Ilegível,Seca,Mal conservada,,,Dupla,Não existe
2020-10-25 00:00:00,08:01:00,SEM VÍTIMA,BOA VIAGEM,AVENIDA CELSO FURTADO (VIA MANGUE),,SUBURBIO,CHOQUE,VEÍCULO PARADO -SINALIZADO COM O TRIANGULO E COM O AIRBAG ACIONADOS E O EIXO DIANTEIRO QUEBRADO-OCUPANDO A FAIXA DA DIREITA.SEM CONDUTOR,1,,,,,,,,,0,,,,,,,,,
2020-10-25 00:00:00,10:00:00,COM VÍTIMA,TEJIPIÓ,RUA FALCAO DE LACERDA,285,SUBURBIO,ABALROAMENTO LONGITUDINAL,COM UMA VITIMA AGUARDANDO SAMU,2,,,,,,,,,1,Longo da via,Bom,Perfeito estado,Seca,Perfeito estado,Outras,,Dupla,Faixa contínua
2020-10-25 00:00:00,12:26:00,SEM VÍTIMA,IMBIRIBEIRA,RUA JOAQUIM BANDEIRA,,,ABALROAMENTO TRANSVERSAL,COLISÃO COM SUSPEITA DE ALCOLEMIA,2,,,,,,,,,0,Cruzamento,Bom,Incompleta,Seca,Perfeito estado,R-4a,,Única,Faixa seccionada
2020-10-27 00:00:00,09:00:00,COM VÍTIMA,VASCO DA GAMA,RUA VASCO DA GAMA,,SUBURBIO,ABALROAMENTO TRANSVERSAL,COM VÍTIMA- AUTOMÓVEL EVADIU-SE,1,1,,,,,,,,2,Cruzamento,Bom,Incompleta,Seca,Perfeito estado,Placas Pare,30 km/h,Dupla,Não existe
2020-10-27 00:00:00,11:00:00,COM VÍTIMA,ILHA DO RETIRO,RUA SPORT CLUBE DO RECIFE,367,SUBURBIO,COLISÃO TRASEIRA,COM UMA VITIMA AGUARDANDO SAMU,1,1,,,,,,,,1,Longo da via,Bom,Perfeito estado,Seca,Perfeito estado,Não há placas,,Dupla,Canteiro central
2020-10-27 00:00:00,11:00:00,COM VÍTIMA,CORDEIRO,AV CAXANGA,,CIDADE,COLISÃO COM CICLISTA,ÔNIBUS E BICICLETA,1,,,1,,,,,,1,Longo da via,Bom,Perfeito estado,Seca,Perfeito estado,Não há placas,60 km/h,Dupla,Canteiro central
2020-10-27 00:00:00,19:03:00,COM VÍTIMA,PINA,PTE AGAMENON MAGALHAES,,CIDADE,COLISÃO,,,,,,,,,,,1,,,,,,,,,
2020-10-27 00:00:00,20:14:00,COM VÍTIMA,ENCRUZILHADA,AV NORTE,,,COLISÃO,,,,,,,,,,,1,,,,,,,,,
2020-10-27 00:00:00,21:47:00,COM VÍTIMA,PINA,AV BOA VIAGEM,104,CIDADE,ATROPELAMENTO,MOTO E PEDESTRE.,,1,,,1,,,,,2,Longo da via,Bom,Perfeito estado,Seca,Mal iluminada,Outras,60 km/h,Única,Faixa contínua
2020-10-28 00:00:00,07:14:00,COM VÍTIMA,DERBY,AV GOVERNADOR AGAMENON MAGALHAES,,CIDADE,TOMBAMENTO,AUTO E MOTO C/V.,1,1,,,,,,,,1,Longo da via,Bom,Perfeito estado,Seca,Perfeito estado,Outras,60 km/h,Dupla,Faixa contínua
2020-10-28 00:00:00,09:32:00,SEM VÍTIMA,DERBY,AV GOVERNADOR AGAMENON MAGALHAES,,,COLISÃO,AUTO E AMBULANCIA (OFICIAL),1,,,,,,,1,,0,Cruzamento,Bom,Perfeito estado,Seca,Perfeito estado,Outras,60km/h,Única,Faixa seccionada