data,hora,natureza,bairro,endereco,num_semaforo,sentido_via,tipo,auto,moto,ciclom,ciclista,pedestre,onibus,caminhao,viatura,outros,vitimas,vitimasfatais,acidente_verificado,tempo_clima,sinalizacao,condicao_via,conservacao_via,situacao_placa,velocidade_max_via,mao_direcao,divisao_via1
2020-11-09 00:00:00,12:34:00,COM VÍTIMA,ENCRUZILHADA,AV BEBERIBE,,SUBURBIO,ABALROAMENTO TRANSVERSAL,COLISÃO COM VÍTIMA,1,1,,,,,,,,1,Longo da via,Bom,Perfeito estado,Seca,Perfeito estado,Outras,,Dupla,Faixa seccionada
2020-11-09 00:00:00,14:09:00,COM VÍTIMA,ÁGUA FRIA,AV BEBERIBE,187,SUBURBIO,ATROPELAMENTO,TAXI ATROPELOU UM PEDESTRE,1,,,,1,,,,,2,Longo da via,Bom,Perfeito estado,Seca,Perfeito estado,,40 km/h,Dupla,Faixa contínua
2020-11-09 00:00:00,14:25:00,COM VÍTIMA,SANTO ANTÔNIO,AV GUARARAPES,603,CIDADE,ATROPELAMENTO,TAXI ATROPELOU UM PEDESTRE,1,,,,1,,,,,1,Longo da via,Bom,Perfeito estado,Seca,Perfeito estado,Outras,,Dupla,Faixa seccionada
2020-11-09 00:00:00,15:16:00,COM VÍTIMA,BOA VISTA,AV GOVERNADOR AGAMENON MAGALHAES,173,SUBURBIO,COLISÃO TRASEIRA,COLISAO ENTRE AUTO E MOTO COM UMA VITIMA,1,1,,,,,,,,1,Longo da via,Bom,Perfeito estado,Seca,Perfeito estado,R-6a,60 km/h,Dupla,Canteiro central
2020-11-09 00:00:00,16:07:00,COM VÍTIMA,MADALENA,AV CAXANGA,,SUBURBIO,COLISÃO COM CICLISTA,COM VÍTIMA,,,,1,,1,1,,,1,Longo da via,Bom,Perfeito estado,Seca,Perfeito estado,Outras,,Dupla,Canteiro central
2020-11-09 00:00:00,16:45:00,COM VÍTIMA,IPSEP,AV RECIFE,,,COLISÃO COM CICLISTA,COLISAO EN CO CICLISTA,1,,,1,,,,,,1,,,,,,,,,
2020-11-09 00:00:00,17:51:00,COM VÍTIMA,CAMPO GRANDE,RUA PROFESSOR FRANCISCO DA TRINDADE,,OLINDA,ABALROAMENTO TRANSVERSAL,COLISÃO COM VÍTIMA,1,2,,,,,,,,2,Cruzamento,Chuvoso,Perfeito estado,Seca,Perfeito estado,Placas Pare,,Dupla,Faixa seccionada
2020-11-09 00:00:00,17:55:00,COM VÍTIMA,JOANA BEZERRA,RUA DOM PAULO II,,SUBURBIO,COLISÃO COM CICLISTA,DOIS AUTOS ATROPELOU UMA VITIMA,1,1,,1,,,,,,1,Longo da via,Chuvoso,Perfeito estado,Molhada,Perfeito estado,Não há placas,60 km/h,Única,Faixa seccionada
2020-11-09 00:00:00,18:20:00,COM VÍTIMA,MACAXEIRA,RUA CORONEL JOAO BATISTA DO REGO BARROS,,CIDADE,ATROPELAMENTO,HONDA NXR 160 BROS X PEDESTRE AGUARDANDO SAMU,,1,,,1,,,,,1,Longo da via,Bom,Perfeito estado,Seca,Perfeito estado,Outras,,Dupla,Não existe
2020-11-09 00:00:00,20:04:00,SEM VÍTIMA,SANTO AMARO,AV GOVERNADOR AGAMENON MAGALHAES,,,COLISÃO,AMBULANCIA DO SAMU X AUTO  / S/V,1,,,,,,,1,,0,Longo da via,Bom,Perfeito estado,Seca,Perfeito estado,,60 km/h,Dupla,Canteiro central
2020-11-09 00:00:00,21:23:00,COM VÍTIMA,TOTÓ,RUA DES PAULO ANDRE,,SUBURBIO,COLISÃO FRONTAL,MOTO X AUTO,1,1,,,,,,,,1,Longo da via,Bom,Perfeito estado,Seca,Perfeito estado,Não há placas,,Dupla,Não existe
2020-11-10 00:00:00,08:22:00,COM VÍTIMA,IPSEP,AV RECIFE,,BOA VIAGEM,COLISÃO TRASEIRA,MOTO E AUTO,1,1,,,,,,,,2,Longo da via,Bom,Perfeito estado,Seca,Perfeito estado,Outras,,Dupla,Faixa contínua
2020-11-10 00:00:00,08:32:00,COM VÍTIMA,ROSARINHO,AV NORTE,,CIDADE,COLISÃO TRASEIRA,COM DUAS VITIMAS -SAMU ACIONADO/VT 18 DA CTTU NO LOCAL /GM FLAVIO -E GM DE SOUZA,,1,1,,,,,,,1,Longo da via,Chuvoso,Perfeito estado,Molhada,Perfeito estado,Não há placas,60 km/h,Única,Faixa seccionada
2020-11-10 00:00:00,09:30:00,COM VÍTIMA,IPUTINGA,AV CAXANGA,,SUBURBIO,COLISÃO COM CICLISTA,SAMU ACIONADO,1,,,1,,,,,,1,Cruzamento,Bom,Perfeito estado,Seca,Perfeito estado,,60 km/h,Dupla,Faixa contínua
2020-11-10 00:00:00,09:33:00,COM VÍTIMA,TAMARINEIRA,RUA CONEGO BARATA,,CIDADE,ENGAVETAMENTO,ENGAVETAMENTO,5,,,,,,,,,1,Longo da via,Bom,Perfeito estado,Seca,Perfeito estado,R-6a,,Dupla,Faixa seccionada
2020-11-10 00:00:00,09:37:00,COM VÍTIMA,BARRO,AV DR JOSE RUFINO,,,COLISÃO FRONTAL,MOTO E AUTO / VT 30 NO QTH,1,1,,,,,,,,1,Cruzamento,Bom,Perfeito estado,Seca,Perfeito estado,Não há placas,,Dupla,Faixa contínua
2020-11-10 00:00:00,09:45:00,COM VÍTIMA,PINA,AV HERCULANO BANDEIRA,660,SUBURBIO,COLISÃO TRASEIRA,DUAS MOTOS MOTOS 11 / 28  ITALO E EVERTON,,2,,,,,,,,1,Longo da via,Bom,Perfeito estado,Seca,Perfeito estado,Não há placas,60 km/h,Única,Faixa seccionada
2020-11-10 00:00:00,12:46:00,COM VÍTIMA,HIPÓDROMO,EST DE BELEM,,SUBURBIO,ABALROAMENTO LONGITUDINAL,CARRO X CAMINHÃO,1,,,,,,1,,,1,Longo da via,Bom,Perfeito estado,Seca,Perfeito estado,R-6b,,Dupla,Não existe
2020-11-10 00:00:00,14:48:00,COM VÍTIMA,PRADO,RUA GOMES TABORDA,,SUBURBIO,ABALROAMENTO LONGITUDINAL,COLISÃO MOTO X CARRO / VT 03 NO LOCAL,1,1,,,,,,,,2,Longo da via,Bom,Não existente,Seca,Perfeito estado,Não há placas,,Dupla,Faixa seccionada
2020-11-10 00:00:00,19:44:00,COM VÍTIMA,CAXANGÁ,AV CAXANGA,262,SUBURBIO,ABALROAMENTO TRANSVERSAL,A VITIMA É UMA MULHER- ESTÁ AGUARDANDO O SAMU NO LOCAL,,1,,,,1,,,,1,Cruzamento,Bom,Perfeito estado,Seca,Perfeito estado,Não há placas,60 km/h,Dupla,Canteiro central
2020-11-10 00:00:00,21:15:00,SEM VÍTIMA,BOA VISTA,RUA DA CONCEICAO,,,COLISÃO,COLISÃO SEM VITIMAS- UMA DAS PARTES APRESENTA SINTOMAS DE EMBRIAGUEZ,2,,,,,,,,,0,,,,,,,,,
2020-11-10 00:00:00,22:25:00,COM VÍTIMA,AFOGADOS,RUA SAO MIGUEL,,SUBURBIO,ABALROAMENTO TRANSVERSAL,DUAS MOTOS E UM AUTO.,1,2,,,,,,,,1,Longo da via,Bom,Perfeito estado,Seca,Perfeito estado,Não há placas,,Dupla,Faixa seccionada
2020-11-11 00:00:00,08:24:00,COM VÍTIMA,IPUTINGA,AV MAURICIO DE NASSAU,645,CIDADE,ABALROAMENTO TRANSVERSAL,COLISÃO COM VITIMA,1,1,,,,,,,,1,Longo da via,Bom,Perfeito estado,Seca,Perfeito estado,Não há placas,,Dupla,Faixa contínua
2020-11-11 00:00:00,09:52:00,COM VÍTIMA,JIQUIÁ,RUA SAO MIGUEL,,SUBURBIO,COLISÃO COM CICLISTA,COLISÃO COM VÍTIMAS ENTRE MOTOCICLETA E CICLISTA,,1,,1,,,,,,2,Longo da via,Bom,Perfeito estado,Seca,Perfeito estado,Não há placas,40 km/h,Dupla,Faixa contínua
2020-11-11 00:00:00,10:42:00,COM VÍTIMA,SANTO AMARO,RUA DOS PALMARES,,CIDADE,ABALROAMENTO LONGITUDINAL,COLISÃO COM VITIMA,1,1,,,,,,,,1,Longo da via,Bom,Perfeito estado,Seca,Perfeito estado,Outras,,Única,Não existe
2020-11-11 00:00:00,11:29:00,COM VÍTIMA,DERBY,AV GOVERNADOR AGAMENON MAGALHAES,68,CIDADE,COLISÃO TRASEIRA,COLISÃO COM VÍTIMA ENTRE AUTO E MOTO,1,1,,,,,,,,1,Cruzamento,Bom,Perfeito estado,Seca,Perfeito estado,Não há placas,,Única,Não existe
2020-11-11 00:00:00,12:25:00,COM VÍTIMA,SANTO AMARO,RUA DOS PALMARES,,CIDADE,ABALROAMENTO LONGITUDINAL,COLISÃO COM VÍTIMA,1,1,,,,,,,,1,Longo da via,Bom,,Seca,Outros,R-6a,,Única,Faixa seccionada
2020-11-11 00:00:00,14:12:00,SEM VÍTIMA,AFOGADOS,RUA MOTOCOLOMBO,,SUBURBIO,ABALROAMENTO LONGITUDINAL,COLISÃO COM VIATURA DA PM,2,,,,,,,,,0,Longo da via,Bom,Perfeito estado,Seca,Perfeito estado,Não há placas,,Única,Não existe
2020-11-11 00:00:00,14:28:00,COM VÍTIMA,CAMPO GRANDE,RUA VISCONDE DE CAIRU,,SUBURBIO,COLISÃO FRONTAL,COLISÃO COM VÍTIMA,1,1,,,,,,,,1,Esquina,Bom,Não existente,Seca,Perfeito estado,Não há placas,,,
2020-11-11 00:00:00,18:11:00,COM VÍTIMA,TAMARINEIRA,AV NORTE,,SUBURBIO,ABALROAMENTO LONGITUDINAL,COLISÃO ENTRE DUAS MOTOS,,2,,,,,,,,2,Cruzamento,Bom,Perfeito estado,Seca,Perfeito estado,Não há placas,40 km/h,Dupla,Canteiro central
2020-11-11 00:00:00,20:21:00,COM VÍTIMA,CAXANGÁ,AV CAXANGA,,,COLISÃO,ÕNIBUS X MOTO C/V,,1,,,,1,,,,1,,,,,,,,,
2020-11-11 00:00:00,20:45:00,COM VÍTIMA,CASA FORTE,AV DEZESSETE DE AGOSTO,469,SUBURBIO,ABALROAMENTO LONGITUDINAL,AUTO X MOTO,1,1,,,,,,,,1,Cruzamento,Bom,Perfeito estado,Seca,Perfeito estado,Outras,,Dupla,Faixa contínua
2020-11-12 00:00:00,05:38:00,SEM VÍTIMA,PINA,RUA NOGUEIRA DE SOUZA,,,COLISÃO,SEM VÍTIMA - CONDUTOR COM SUSPEITA DE EMBRIAGUEZ,2,,,,,,,,,0,,,,,,,,,
2020-11-12 00:00:00,07:09:00,COM VÍTIMA,JAQUEIRA,AV PARNAMIRIM,460,,COLISÃO COM CICLISTA,CICLISTA E AUTO,1,,,1,,,,,,1,Longo da via,Bom,Ilegível,Seca,Perfeito estado,R-6a,,Dupla,Faixa seccionada
2020-11-12 00:00:00,07:21:00,COM VÍTIMA,IMBIRIBEIRA,AV ENGENHEIRO ALVES DE SOUZA,,CIDADE,ABALROAMENTO LONGITUDINAL,CAMINHAO E AUTO,1,,,,,,1,,,1,Longo da via,Bom,Perfeito estado,Seca,Perfeito estado,Não há placas,,Dupla,Faixa seccionada
2020-11-12 00:00:00,07:45:00,COM VÍTIMA,BARRO,AV DR JOSE RUFINO,,SUBURBIO,ABALROAMENTO TRANSVERSAL,COM UMA VITIMA -SAMU NO LOCAL-CTTU NO LOCAL VT 24,1,1,,,,,,,,1,Cruzamento,Bom,Incompleta,Seca,Perfeito estado,Placas Pare,,Dupla,Faixa contínua
2020-11-12 00:00:00,14:33:00,COM VÍTIMA,BARRO,AV DR JOSE RUFINO,,SUBURBIO,ABALROAMENTO LONGITUDINAL,COLISAO COM VITIMAS ENTRE AUTO E MOTO,1,1,,,,,,,,2,Longo da via,Bom,Perfeito estado,Seca,Perfeito estado,Outras,60 km/h,Dupla,Faixa contínua
2020-11-12 00:00:00,15:40:00,COM VÍTIMA,IPUTINGA,RUA BOM PASTOR,,,COLISÃO FRONTAL,CARRO E MOTO,1,1,,,,,,,,1,Longo da via,Bom,,Seca,,R-6b,,Dupla,Não existe
2020-11-12 00:00:00,15:49:00,COM VÍTIMA,IPUTINGA,RUA BOM PASTOR,,,COLISÃO,COLISAO ENTRE AUTO E MOTO COM VITIMA,1,1,,,,,,,,1,,,,,,,,,
2020-11-12 00:00:00,16:18:00,,AFOGADOS,RUA SAO MIGUEL,,,COLISÃO,COLISÃO SEM VÍTIMA- VEÍCULO AGUARDANDO GUINCHO (IMOBILIZADO NA VIA),1,,,,,1,,,,,,,,,,,,,
2020-11-12 00:00:00,16:20:00,SEM VÍTIMA,IMBIRIBEIRA,RUA SARGENTO SILVINO DE MACEDO,,SUBURBIO,COLISÃO TRASEIRA,COLISÃO COM CARRO OFICIAL,2,,,,,,,,,0,Longo da via,Bom,Perfeito estado,Seca,Perfeito estado,Não há placas,,Dupla,Faixa contínua
2020-11-12 00:00:00,17:00:00,COM VÍTIMA,IMBIRIBEIRA,AV DOM JOAO VI,669,SUBURBIO,COLISÃO FRONTAL,COLISAO ENTRE UM CAMINHAO E DUAS MOTOS COM VITIMAS,,2,,,,,1,,,1,Longo da via,Bom,Perfeito estado,Seca,Perfeito estado,Placas Dê a preferência,50 km/h,Única,Não existe
2020-11-12 00:00:00,20:14:00,COM VÍTIMA,BOA VIAGEM,RUA VISCONDE DE JEQUITINHONHA,154,SUBURBIO,ABALROAMENTO LONGITUDINAL,COLISÃO ENTRE AUTO E MOTO- COM VÍTIMA,1,1,,,,,,,,1,Cruzamento,Bom,Perfeito estado,Seca,Perfeito estado,Não há placas,,Dupla,Faixa contínua
2020-11-12 00:00:00,21:31:00,COM VÍTIMA,IMBIRIBEIRA,AV MARECHAL MASCARENHAS DE MORAES,,CIDADE,CHOQUE OBJETO FIXO,BATEU NO CANTEIRO E CAIU. A PM ESTA NO LOCAL.,,1,,,,,,,,1,Longo da via,Bom,Perfeito estado,Seca,Perfeito estado,Não há placas,,Única,Canteiro central
2020-11-12 00:00:00,23:53:00,COM VÍTIMA,JARDIM SÃO PAULO,RUA LEANDRO BARRETO,,SUBURBIO,ABALROAMENTO TRANSVERSAL,AUTO E MOTO COM VITIMA,1,1,,,,,,,,1,Cruzamento,Bom,Incompleta,Seca,Perfeito estado,Não há placas,,Dupla,Faixa seccionada
2020-11-13 00:00:00,01:33:00,COM VÍTIMA,BAIRRO DO RECIFE,CAIS DO APOLO,436,,CHOQUE OBJETO FIXO,CHOQUE COM SEMAFORO,1,,,,,,,,,1,Longo da via,Bom,Perfeito estado,Seca,Perfeito estado,Não há placas,,Única,Faixa contínua
2020-11-13 00:00:00,08:09:00,COM VÍTIMA,PRADO,RUA SANTA EDWIRGES,,SUBURBIO,ABALROAMENTO TRANSVERSAL,COLISÃO C/VITIMAS ENTRE DOIS AUTOS,2,,,,,,,,,1,Cruzamento,Bom,,Seca,Mal conservada,R-4a,,Única,Não existe
2020-11-13 00:00:00,09:32:00,COM VÍTIMA,PINA,AV HERCULANO BANDEIRA,,,COLISÃO,DUAS MOTOS C/V,,2,,,,,,,,1,,,,,,,,,
2020-11-13 00:00:00,10:12:00,COM VÍTIMA,BARRO,AV DR JOSE RUFINO,213,CIDADE,COLISÃO TRASEIRA,COLISÃO ENTRE DOIS AUTOS E UMA MOTO,2,1,,,,,,,,1,Longo da via,Bom,Perfeito estado,Seca,Perfeito estado,R-19,40 km/h,Dupla,Faixa contínua
2020-11-13 00:00:00,11:05:00,COM VÍTIMA,IBURA,RUA JORNALISTA EDSON REGIS,,SUBURBIO,ABALROAMENTO TRANSVERSAL,AUTO E MOTO C/V,1,1,,,,,,,,1,Longo da via,Bom,Perfeito estado,Seca,Perfeito estado,Outras,,Dupla,Faixa seccionada
2020-11-13 00:00:00,13:02:00,COM VÍTIMA,ÁGUA FRIA,RUA MANOEL SILVA,,,COLISÃO,COLISAO ENTRE CAMINHAO E MOTO COM UMA VITIMA,,1,,,,,1,,,1,,,,,,,,,
2020-11-13 00:00:00,14:36:00,SEM VÍTIMA,TORRE,PTE ENGENHEIRO CANDIDO PINTO DE MELO,,,COLISÃO,AUTO E MOTO SEM VÍTIMA (AUTO VEÍCULO OFICIAL),1,1,,,,,,,,0,Ponte,Bom,Perfeito estado,Seca,Perfeito estado,,,Dupla,Faixa contínua
2020-11-13 00:00:00,16:09:00,SEM VÍTIMA,BAIRRO DO RECIFE,AV ALFREDO LISBOA,,,COLISÃO,COLISAO ENTRE DOIS AUTOS CONDUTOR COM SINTOMAS DE EMBRIAGUEZ,2,,,,,,,,,0,,,,,,,,,
2020-11-13 00:00:00,16:42:00,COM VÍTIMA,PINA,AV ENGENHEIRO DOMINGOS FERREIRA,,SUBURBIO,ABALROAMENTO LONGITUDINAL,COLISAO ENTRE AUTO E MOTO BATEDORES DA MOTO 38 E 14 NO LOCAL,1,1,,,,,,,,1,Longo da via,Bom,Perfeito estado,Seca,Perfeito estado,Outras,,Única,Faixa contínua
2020-11-13 00:00:00,19:01:00,COM VÍTIMA,PINA,AV ENGENHEIRO DOMINGOS FERREIRA,,SUBURBIO,ABALROAMENTO LONGITUDINAL,COM VÍTIMA,1,1,,,,,,,,1,Longo da via,Bom,Perfeito estado,Seca,Perfeito estado,Não há placas,60 km/h,Única,Canteiro central
2020-11-13 00:00:00,20:32:00,SEM VÍTIMA,VÁRZEA,RUA VALE DO SIRIJI,,,COLISÃO,TRES AUTO  OBS: UM DOS MOTORISTA COM SUSPEITA DE EMBRIAGUEZ ABANDONOU O VEICULO NO MEIO DA VIA,3,,,,,,,,,0,Longo da via,Bom,Incompleta,Seca,Mal iluminada,Não há placas,,Dupla,Não existe
2020-11-13 00:00:00,21:16:00,COM VÍTIMA,ILHA DO RETIRO,AV ENGENHEIRO ABDIAS DE CARVALHO,52,SUBURBIO,ABALROAMENTO TRANSVERSAL,CELTA X AUTO OBS: AMBULANCIA DO SAMU NO LOCAL,2,,,,,,,,,1,Cruzamento,Bom,Perfeito estado,Seca,Perfeito estado,Placas Pare,,Dupla,Canteiro central
2020-11-14 00:00:00,00:39:00,COM VÍTIMA,TORRE,RUA TOMAZ GONZAGA,448,CIDADE,ABALROAMENTO TRANSVERSAL,COLISÃO AUTO X MOTO,1,1,,,,,,,,1,Cruzamento,Bom,Perfeito estado,Seca,Perfeito estado,R-4b,,Dupla,Faixa contínua
2020-11-14 00:00:00,08:01:00,COM VÍTIMA,ARRUDA,RUA SETE PECADOS,,SUBURBIO,ABALROAMENTO LONGITUDINAL,COM DUAS VITIMAS- SAMU NO LOCAL,,2,,,,,,,,2,Esquina,Bom,Perfeito estado,Seca,Perfeito estado,Placas Pare,20 km/h,Dupla,Faixa seccionada
2020-11-14 00:00:00,09:34:00,COM VÍTIMA,MADALENA,AV ENGENHEIRO ABDIAS DE CARVALHO,52,SUBURBIO,ABALROAMENTO LONGITUDINAL,COLISÃO COM UMA VITIMA - SAMU ACIONADO,1,1,,,,,,,,1,Cruzamento,Bom,Perfeito estado,Seca,Perfeito estado,Não há placas,,Única,Canteiro central
2020-11-14 00:00:00,09:37:00,COM VÍTIMA,CORDEIRO,AV CAXANGA,,CIDADE,TOMBAMENTO,VT 24 NO QTH GM LUANA,,1,,,,,,,,1,Longo da via,Bom,Perfeito estado,Seca,Perfeito estado,R-6a,,Única,Faixa seccionada
2020-11-14 00:00:00,10:01:00,COM VÍTIMA,IPSEP,RUA JEAN EMILE FAVRE,,,COLISÃO COM CICLISTA,COM UMA VITIMA AGUARDANDO SOCORRO,,1,,1,,,,,,1,Longo da via,Bom,Perfeito estado,Seca,Perfeito estado,,,Dupla,Faixa contínua
2020-11-14 00:00:00,15:15:00,COM VÍTIMA,CABANGA,AV SUL,205,CIDADE,ATROPELAMENTO ANIMAL,MOTOCICLETA ATROPELOU UM CACHORRO NA VIA,,1,,,,,,,,1,Longo da via,Bom,Perfeito estado,Seca,Perfeito estado,,60 km/h,Dupla,Faixa seccionada
2020-11-14 00:00:00,16:27:00,COM VÍTIMA,JOANA BEZERRA,AV CENTRAL,,SUBURBIO,ABALROAMENTO LONGITUDINAL,COLISÃO ONIBUS X MOTO,,1,,,,1,,,,1,Longo da via,Bom,Perfeito estado,Seca,Perfeito estado,R-26,,Única,Não existe
2020-11-14 00:00:00,16:49:00,COM VÍTIMA,BARRO,AV DR JOSE RUFINO,,,COLISÃO,CARRO X MOTO / CARRO SE EVADIU DO LOCAL,1,1,,,,,,,,1,Longo da via,Bom,Perfeito estado,Seca,Perfeito estado,,,Dupla,Não existe
2020-11-14 00:00:00,17:00:00,COM VÍTIMA,CAJUEIRO,AV BEBERIBE,388,CIDADE,ABALROAMENTO LONGITUDINAL,CARRO X MOTO / CARRO SE EVADIU DO LOCAL,1,1,,,,,,,,1,Longo da via,Bom,Perfeito estado,Seca,Perfeito estado,Outras,,Dupla,Faixa contínua
2020-11-14 00:00:00,17:56:00,SEM VÍTIMA,SANTO AMARO,RUA DOS PALMARES,,,COLISÃO,COLISAO DE DOIS AUTOS S/ V,1,,,,,,,1,,0,,,,,,,,,
2020-11-14 00:00:00,19:07:00,COM VÍTIMA,BOA VIAGEM,RUA DEZ DE JULHO,,CIDADE,ABALROAMENTO TRANSVERSAL,COLISAO ENTRE AUTO/ MOTO COM VITIMA,1,1,,,,,,,,1,Cruzamento,Bom,Perfeito estado,Seca,Perfeito estado,Não há placas,,Única,Faixa seccionada
2020-11-14 00:00:00,21:13:00,SEM VÍTIMA,IMBIRIBEIRA,AV MARECHAL MASCARENHAS DE MORAES,,,COLISÃO,COLISAO S/V COM SUSPEITA DE EMBREAGUES,3,,,,,,,,,0,,,,,,,,,
2020-11-14 00:00:00,21:41:00,COM VÍTIMA,ÁGUA FRIA,RUA DA REGENERACAO,,SUBURBIO,COLISÃO FRONTAL,COLISAO ENTRE AUTO/ MOTO COM VITIMA E SINAL DE EMBREAGUES. SEGUNDO INFORMAÇÕES DO BOLETIM FÍSICO- O VEÍCULO EVADIU-SE DO LOCAL.,1,1,,,,,,,,1,Longo da via,Bom,Incompleta,Seca,Perfeito estado,Não há placas,40 km/h,Dupla,Não existe
2020-11-15 00:00:00,00:51:00,COM VÍTIMA,BOA VIAGEM,RUA ARTUR MUNIZ,5,SUBURBIO,COLISÃO FRONTAL,AUTO E MOTONETA.,1,1,,,,,,,,1,Cruzamento,Bom,Perfeito estado,Seca,Perfeito estado,,,Dupla,Não existe
2020-11-15 00:00:00,10:32:00,COM VÍTIMA,BOA VISTA,AV GOVERNADOR AGAMENON MAGALHAES,78,SUBURBIO,TOMBAMENTO,SITUAÇÃO GRAVADA PELO VIDEOMONITORAMENTO. O VEÍCULO PEGOU FOGO LOGO APÓS A DERRAPAGEM,,1,,,,,,,,1,Longo da via,Bom,Perfeito estado,Seca,Perfeito estado,Outras,,Dupla,Faixa seccionada
2020-11-15 00:00:00,11:58:00,COM VÍTIMA,JORDÃO,AV MARIA IRENE,,,COLISÃO,AUTO E MOTO,1,1,,,,,,,,1,,,,,,,,,
2020-11-15 00:00:00,12:40:00,COM VÍTIMA,CAMPO GRANDE,EST DE BELEM,,CIDADE,COLISÃO COM CICLISTA,COLISÃO COM VÍTIMA,1,,,1,,,,,,1,Longo da via,Bom,Não existente,Seca,Perfeito estado,Não há placas,,Dupla,Faixa contínua
2020-11-15 00:00:00,12:49:00,COM VÍTIMA,SANTO AMARO,AV CRUZ CABUGA,,SUBURBIO,ABALROAMENTO TRANSVERSAL,COLISÃO COM VITIMA,1,1,,,,,,,,1,Longo da via,Bom,Perfeito estado,Seca,Perfeito estado,Não há placas,40 km/h,Dupla,Faixa contínua
2020-11-15 00:00:00,13:18:00,COM VÍTIMA,PINA,AV ENGENHEIRO DOMINGOS FERREIRA,,SUBURBIO,ABALROAMENTO LONGITUDINAL,COLISÃO COM VITIMA,1,1,,,,,,,,1,Longo da via,Bom,Perfeito estado,Seca,Perfeito estado,Não há placas,60 km/h,Única,Faixa contínua
2020-11-16 00:00:00,01:32:00,COM VÍTIMA,AFOGADOS,RUA VINTE E UM DE ABRIL,334,,ABALROAMENTO TRANSVERSAL,COLISÃO AUTO E MOTO- COM UMA VITIMA. BICICLETA TAMBÉM ENVOLVIDA- SEM MUITAS INFORMAÇÕES (SEGUNDO O BOLETIM FÍSICO).,1,1,,1,,,,,,1,Cruzamento,Bom,Incompleta,Seca,Perfeito estado,R-6a,,Única,Faixa
2020-11-16 00:00:00,08:26:00,SEM VÍTIMA,FUNDÃO,AV BEBERIBE,,,COLISÃO,COM UMA VITIMA AGUARDANDO SOCORRO,,1,,,,1,,,,0,,,,,,,,,
2020-11-16 00:00:00,09:44:00,COM VÍTIMA,ARRUDA,RUA MEM DE SA,495,CIDADE,ABALROAMENTO TRANSVERSAL,MOTO E AUTO PASSEIO / VT 09 NO QTH GM RICARDO,1,1,,,,,,,,1,Cruzamento,Bom,Incompleta,Seca,Perfeito estado,Não há placas,,Dupla,Não existe
2020-11-16 00:00:00,11:58:00,COM VÍTIMA,BARRO,AV DR JOSE RUFINO,,CIDADE,ABALROAMENTO LONGITUDINAL,COM DUAS VITIMAS AGUARDANDO SOCORRO,1,1,,,,,,,,2,Longo da via,Bom,Ilegível,Seca,Perfeito estado,Não há placas,,Dupla,Não existe
2020-11-16 00:00:00,13:29:00,COM VÍTIMA,ESTÂNCIA,AV DR JOSE RUFINO,,CIDADE,ABALROAMENTO TRANSVERSAL,COLISAO ENTRE AUTO E MOTO,1,1,,,,,,,,1,Longo da via,Bom,Perfeito estado,Seca,Perfeito estado,R-6a,60 km/h,Dupla,Faixa contínua
2020-11-16 00:00:00,15:35:00,COM VÍTIMA,IPUTINGA,AV MAURICIO DE NASSAU,,CIDADE,ABALROAMENTO LONGITUDINAL,COLISÃO ENTRE AUTO E MOTO,1,1,,,,,,,,2,Longo da via,Bom,Perfeito estado,Seca,Perfeito estado,Outras,40 km/h,Dupla,Não existe
2020-11-16 00:00:00,15:42:00,COM VÍTIMA,ILHA DO RETIRO,EST DOS REMEDIOS,390,CIDADE,ABALROAMENTO LONGITUDINAL,COLISAO ENTRE AUTO E MOTO COM VITIMAS,1,1,,,,,,,,1,Longo da via,Bom,Perfeito estado,Seca,Perfeito estado,Não há placas,,Única,Faixa contínua
2020-11-16 00:00:00,16:24:00,VÍTIMA FATAL,GRAÇAS,AV RUI BARBOSA,48,CIDADE,ABALROAMENTO TRANSVERSAL,AMBULÂNCIA E MOTOCICLETA. APÓS A COLISÃO- UMA MOTOCICLETA QUE ESTAVA ESTACIONADA NAS PROXIMIDADES TAMBÉM FOI ATINGIDA.,1,2,,,,,,,,1,Cruzamento,Bom,Perfeito estado,Seca,Perfeito estado,,60 km/h,Única,
2020-11-16 00:00:00,17:02:00,COM VÍTIMA,AFOGADOS,RUA VINTE E UM DE ABRIL,,,COLISÃO,HONDA CG 160 X NISSAN KICKS,1,1,,,,,,,,1,,,,,,,,,
2020-11-16 00:00:00,17:36:00,COM VÍTIMA,BOA VIAGEM,AV BOA VIAGEM,4,CIDADE,ATROPELAMENTO,VITIMA NO LOCAL,1,,,,1,,,,,1,Longo da via,Bom,Perfeito estado,Seca,Perfeito estado,Não há placas,,Única,Faixa seccionada
2020-11-16 00:00:00,19:08:00,COM VÍTIMA,CASA AMARELA,RUA PADRE LEMOS,,,COLISÃO,COLISÃO ENTRE AUTO E MOTO- COM VITIMA,1,1,,,,,,,,1,,,,,,,,,
2020-11-16 00:00:00,19:47:00,COM VÍTIMA,ARRUDA,EST VELHA DE AGUA FRIA,306,SUBURBIO,COLISÃO TRASEIRA,COLISÃO ENTRE AUTO E MOTO COM VÍTIMA- VT-28 ESTÁ NO LOCAL,1,1,,,,,,,,1,Cruzamento,Bom,Perfeito estado,Seca,Perfeito estado,Não há placas,,Única,Faixa contínua