data,hora,natureza,bairro,endereco,num_semaforo,sentido_via,tipo,auto,moto,ciclom,ciclista,pedestre,onibus,caminhao,viatura,outros,vitimas,vitimasfatais,acidente_verificado,tempo_clima,sinalizacao,condicao_via,conservacao_via,situacao_placa,velocidade_max_via,mao_direcao,divisao_via1
2020-12-07 00:00:00,13:19:00,COM VÍTIMA,BOA VIAGEM,RUA ANTONIO FALCAO,,,ABALROAMENTO LONGITUDINAL,AUTO E MOTO.,1,1,,,,,,,,1,Longo da via,Bom,Perfeito estado,Seca,Perfeito estado,R-6a,60 km/h,Única,Faixa contínua
2020-12-07 00:00:00,18:18:00,COM VÍTIMA,ARRUDA,RUA DO MACHADO,,CIDADE,ABALROAMENTO TRANSVERSAL,AUTO X MOTO. C/V,1,1,,,,,,,,1,Cruzamento,Bom,Perfeito estado,Seca,Perfeito estado,Outras,,Dupla,Não existe
2020-12-07 00:00:00,19:18:00,COM VÍTIMA,SÃO JOSÉ,RUA IMPERIAL,,,COLISÃO,AUTO X MOTO. C/V,1,1,,,,,,,,1,,,,,,,,,
2020-12-07 00:00:00,20:47:00,COM VÍTIMA,PASSARINHO,EST DO PASSARINHO,,,COLISÃO,COLISAO ENTRE AUTO E MOTO COM VITIMA,1,1,,,,,,,,1,,,,,,,,,
2020-12-07 00:00:00,22:06:00,SEM VÍTIMA,NOVA DESCOBERTA,RUA NOVA DESCOBERTA,,,COLISÃO,2 AUTOS. S/V. CONDUTOR CAUSADOR COM SINTOMAS DE EMBRIAGUEZ,2,,,,,,,,,0,,,,,,,,,
2020-12-08 00:00:00,14:53:00,COM VÍTIMA,BOA VIAGEM,AV ENGENHEIRO DOMINGOS FERREIRA,380,SUBURBIO,COLISÃO TRASEIRA,COLISÃO ENTRE AUTO E MOTO,1,1,,,,,,,,1,Cruzamento,Bom,Perfeito estado,Seca,Perfeito estado,Não há placas,60 km/h,Única,Canteiro central
2020-12-08 00:00:00,19:38:00,COM VÍTIMA,CASA FORTE,AV DEZESSETE DE AGOSTO,,,COLISÃO,COLISÃO ENTRE AUTO E MOTO- COM VÍTIMA,1,1,,,,,,,,1,,,,,,,,,
2020-12-08 00:00:00,20:07:00,COM VÍTIMA,BOA VISTA,AV CONDE DA BOA VISTA,24,CIDADE,ATROPELAMENTO,ATROPELAMENTO ENVOLVENDO AUTO E PEDESTRE- COM VÍTIMA,1,,,,1,,,,,1,Longo da via,Bom,Perfeito estado,Seca,Perfeito estado,Outras,,Única,Faixa contínua
2020-12-08 00:00:00,21:23:00,SEM VÍTIMA,IPUTINGA,RUA MANOEL JOAQUIM DE ALMEIDA,,,COLISÃO,COLISÃO ENTRE DOIS AUTOS SEM VÍTIMAS- UMAS DAS PARTES APRESENTA SINTOMAS DE EMBRIAGUEZ,2,,,,,,,,,0,Longo da via,Bom,Não existente,Seca,Perfeito estado,Não há placas,30 km/h,Única,Não existe
2020-12-09 00:00:00,07:08:00,COM VÍTIMA,IPUTINGA,RUA SAO MATEUS,239,CIDADE,COLISÃO FRONTAL,MOTO,,1,,,,,,,,1,Cruzamento,Chuvoso,Incompleta,Molhada,Mal conservada,R-6a,,Dupla,Faixa contínua
2020-12-09 00:00:00,07:18:00,COM VÍTIMA,SÃO JOSÉ,C SANTA RITA,,,CHOQUE OBJETO FIXO,VEÍCULO CHOCOU-SE CONTRA O GRADIL,1,,,,,,,,,1,,,,,,,,,
2020-12-09 00:00:00,07:48:00,COM VÍTIMA,TAMARINEIRA,AV NORTE,,CIDADE,TOMBAMENTO,TOMBAMENTO DE MOTOCICLISTA.,,1,,,,,,,,1,Longo da via,Chuvoso,Perfeito estado,Molhada,Perfeito estado,Outras,60 km/h,Única,Canteiro central
2020-12-09 00:00:00,08:51:00,COM VÍTIMA,SÃO JOSÉ,C SANTA RITA,,CIDADE,TOMBAMENTO,TOMBAMENTO DE MOTOCICLISTA.,,1,,,,,,,,2,Longo da via,Chuvoso,Perfeito estado,Molhada,Perfeito estado,R-6a,60 km/h,Única,Faixa seccionada
2020-12-09 00:00:00,09:18:00,COM VÍTIMA,BOA VIAGEM,AV CONSELHEIRO AGUIAR,5,,ABALROAMENTO LONGITUDINAL,COLISÃO COM VITIMA A ESPERA DO SAMU,1,1,,,,,,,,1,Cruzamento,Chuvoso,Perfeito estado,Molhada,Perfeito estado,Outras,,Única,Faixa seccionada
2020-12-09 00:00:00,10:03:00,COM VÍTIMA,BOA VIAGEM,AV CONSELHEIRO AGUIAR,,SUBURBIO,ABALROAMENTO LONGITUDINAL,COLISÃO COM VITIMA BT AGUIAR LUCAS RAMOS QTH,1,1,,,,,,,,1,Longo da via,Chuvoso,Perfeito estado,Molhada,Perfeito estado,Não há placas,,Única,Faixa seccionada
2020-12-09 00:00:00,14:46:00,COM VÍTIMA,MADALENA,RUA NOBRE DE LACERDA,,,ABALROAMENTO LONGITUDINAL,COLISAO ENTRE DOIS AUTOS E UMA MOTO COM UMA VITIMA,2,1,,,,,,,,1,Longo da via,Bom,Não existente,Seca,Perfeito estado,Não há placas,,Dupla,Não existe
2020-12-09 00:00:00,17:29:00,COM VÍTIMA,ARRUDA,AV PROFESSOR JOSE DOS ANJOS,642,,COLISÃO,COLISÃO COM VÍTIMA,1,1,,,,,,,,1,,,,,,,,,
2020-12-10 00:00:00,05:49:00,SEM VÍTIMA,BOA VIAGEM,AV ENGENHEIRO DOMINGOS FERREIRA,,,CHOQUE OBJETO FIXO,COM POSTE,,,,,,,,,,0,,,,,,,,,
2020-12-10 00:00:00,08:16:00,COM VÍTIMA,IMBIRIBEIRA,EST DO FRIGORIFICO,,,CHOQUE OBJETO FIXO,POSTE VEIO AO SOLO E FIOS DE ALTA TENSÃO NO CHÃO - UMA PESSOA SOFREU UM CHOQUE ELÉTRICO E UMA VÍTIMA,,,,,,,,,,1,,,,,,,,,
2020-12-10 00:00:00,09:45:00,COM VÍTIMA,ILHA DO LEITE,RUA SENADOR JOSE HENRIQUE,,SUBURBIO,COLISÃO FRONTAL,COLISÃO ENTRE DOIS AUTOS .COM UMA VITIMA DE 89 ANOS SENDO SOCORRIDA PELO SAMU/,2,,,,,,,,,1,Cruzamento,Bom,Perfeito estado,Seca,Perfeito estado,Placas Pare,30 km/h,Dupla,Não existe
2020-12-10 00:00:00,13:28:00,COM VÍTIMA,PINA,RUA PROFESSOR ARNALDO CARNEIRO LEAO,,,COLISÃO,COLISÃO MOTO X CARRO,1,1,,,,,,,,1,,,,,,,,,
2020-12-10 00:00:00,13:34:00,COM VÍTIMA,CIDADE UNIVERSITÁRIA,RUA EMILIANO BRAGA,,CIDADE,ABALROAMENTO TRANSVERSAL,COLISÃO MOTO X CARRO / VT 24 NO LOCAL,1,1,,,,,,,,1,Cruzamento,Bom,Perfeito estado,Seca,Perfeito estado,Placas Pare,,Única,Faixa seccionada
2020-12-10 00:00:00,13:50:00,COM VÍTIMA,MADALENA,RUA BENFICA,257,SUBURBIO,COLISÃO,SAMU NO LOCAL,1,1,,,,,,,,1,Longo da via,Bom,Perfeito estado,Seca,Perfeito estado,Não há placas,,Dupla,Faixa contínua
2020-12-10 00:00:00,14:05:00,COM VÍTIMA,DOIS UNIDOS,AV HILDEBRANDO DE VASCONCELOS,,CIDADE,COLISÃO FRONTAL,AGUARDANDO ATENDIMENTO DO SAMU,,2,,,,,,,,2,Esquina,Bom,Perfeito estado,Seca,Perfeito estado,R-6a,,Dupla,Faixa seccionada
2020-12-10 00:00:00,15:00:00,COM VÍTIMA,IMBIRIBEIRA,AV MARECHAL MASCARENHAS DE MORAES,,,COLISÃO,AGUARDANDO ATENDIMENTO DO SAMU.,2,1,,,,,,,,1,,,,,,,,,
2020-12-10 00:00:00,16:53:00,COM VÍTIMA,BOA VIAGEM,AV BOA VIAGEM,,CIDADE,ABALROAMENTO LONGITUDINAL,AGUARDANDO ATENDIMENTO DO SAMU. BATEDORES REGINALDO E MILTON NO LOCAL.,1,1,,,,,,,,1,Longo da via,Bom,Perfeito estado,Seca,Perfeito estado,Não há placas,60 km/h,Única,Faixa seccionada
2020-12-10 00:00:00,18:28:00,COM VÍTIMA,DOIS IRMÃOS,RUA MANUEL DE MEDEIROS,189,,COLISÃO,COLISÃO ENTRE AUTO E MOTO- COM VÍTIMAS,1,1,,,,,,,,2,,,,,,,,,
2020-12-10 00:00:00,20:38:00,COM VÍTIMA,SANTO AMARO,AV DR JAYME DA FONTE,,,ABALROAMENTO TRANSVERSAL,COLISÃO ENTRE AUTO E MOTO- COM VÍTIMA,1,1,,,,,,,,2,Longo da via,Bom,Perfeito estado,Seca,Perfeito estado,Não há placas,,Dupla,Faixa seccionada
2020-12-11 00:00:00,07:59:00,COM VÍTIMA,CAMPO GRANDE,AV GOVERNADOR AGAMENON MAGALHAES,379,CIDADE,ABALROAMENTO TRANSVERSAL,COM VITIMAS,,1,,,,,,1,,1,Longo da via,Bom,Perfeito estado,Seca,Perfeito estado,Outras,,Dupla,Faixa seccionada
2020-12-11 00:00:00,08:13:00,COM VÍTIMA,CORDEIRO,AV CAXANGA,,CIDADE,ABALROAMENTO LONGITUDINAL,COLISÃO COM EVASÃO/ VITIMA NO LOCAL,1,1,,,,,,,,1,Longo da via,Bom,Perfeito estado,Seca,Mal conservada,Não há placas,,Única,Faixa seccionada
2020-12-11 00:00:00,08:34:00,COM VÍTIMA,DERBY,AV GOVERNADOR AGAMENON MAGALHAES,68,BOA VIAGEM,ATROPELAMENTO,MOTO E PEDESTRE C/V (PONTO FIXO GM JEFERSON E JOSY KARLA),,1,,,1,,,,,1,Longo da via,Bom,Perfeito estado,Seca,Perfeito estado,R-19,60 km/h,Dupla,Faixa contínua
2020-12-11 00:00:00,10:53:00,COM VÍTIMA,PINA,AV HERCULANO BANDEIRA,657,SUBURBIO,COLISÃO TRASEIRA,COM VITIMA,1,1,,,,,,,,1,Longo da via,Bom,Perfeito estado,Seca,Perfeito estado,Não há placas,60 km/h,Única,Faixa seccionada
2020-12-11 00:00:00,12:21:00,COM VÍTIMA,IBURA,AV DOIS RIOS,,,CHOQUE,SEGUNDO INFORME DO SUPERVISOR JONATHAN - VEICULO SE CHOCOU COM A MURETA DO VIADUTO E CAIU NA AV DOIS RIOS,1,,,,,,,,,3,,,,,,,,,
2020-12-11 00:00:00,13:18:00,COM VÍTIMA,ENGENHO DO MEIO,RUA LINDOLFO COLOR,395,,COLISÃO TRASEIRA,COLISÃO COM VÍTIMA,1,1,,,,,,,,1,Cruzamento,Bom,Ilegível,Seca,Perfeito estado,R-34,40 km/h,Dupla,
2020-12-11 00:00:00,13:51:00,COM VÍTIMA,AREIAS,AV DR JOSE RUFINO,491,SUBURBIO,ATROPELAMENTO,MOTO ATROPELOU UM PEDESTRE VT 22 NO LOCAL,,1,,,1,,,,,1,Longo da via,Bom,Perfeito estado,Seca,Perfeito estado,R-6a,,Dupla,Faixa contínua
2020-12-11 00:00:00,18:12:00,COM VÍTIMA,VÁRZEA,AV AFONSO OLINDENSE,,PRC DA VÁRZEA,ABALROAMENTO LONGITUDINAL,COLISAO ENTRE MOTO E AUTO COM VITIMA,1,1,,,,,,,,1,Longo da via,Bom,Perfeito estado,Seca,,Não há placas,,Dupla,Faixa seccionada
2020-12-12 00:00:00,12:45:00,COM VÍTIMA,ENCRUZILHADA,AV BEBERIBE,,SUBURBIO,ABALROAMENTO LONGITUDINAL,COLISÃO MOTO X CARRO / VT 02 NO LOCAL,1,1,,,,,,,,1,Longo da via,Bom,Não existente,Seca,Perfeito estado,Não há placas,,Dupla,Faixa contínua
2020-12-12 00:00:00,13:34:00,COM VÍTIMA,ILHA JOANA BEZERRA,PTE JOSE DE BARROS LIMA,,CIDADE,CHOQUE OBJETO FIXO,COLISAO ENVOLVENDO DUAS MOTOS COM VITIMA,,2,,,,,,,,1,Ponte,Bom,Perfeito estado,Seca,Perfeito estado,Não há placas,60 km/h,Única,Faixa seccionada
2020-12-12 00:00:00,13:46:00,COM VÍTIMA,BOA VISTA,AV CONDE DA BOA VISTA,25,SUBURBIO,ATROPELAMENTO,HONDA XRE 300,,1,,,1,,,,,2,Longo da via,Bom,Perfeito estado,Seca,Perfeito estado,Não há placas,,Dupla,Outros
2020-12-12 00:00:00,15:04:00,COM VÍTIMA,BOA VIAGEM,AV ENGENHEIRO DOMINGOS FERREIRA,217,SUBURBIO,ABALROAMENTO LONGITUDINAL,COLISÃO MOTO X CARRO,1,1,,,,,,,,1,Cruzamento,Bom,Perfeito estado,Seca,Perfeito estado,,,Única,Canteiro central
2020-12-12 00:00:00,15:25:00,COM VÍTIMA,CAMPO GRANDE,RUA ODORICO MENDES,,CIDADE,ABALROAMENTO LONGITUDINAL,AGUARDANDO ATENDIMENTO DO SAMU.,1,1,,,,,,,,2,Cruzamento,Bom,,Seca,Perfeito estado,R-6a,,Dupla,Faixa seccionada
2020-12-13 00:00:00,04:25:00,SEM VÍTIMA,BOA VIAGEM,RUA VISCONDE DE JEQUITINHONHA,258,,CAPOTAMENTO,NA FAIXA NA DIREITA,,,,,,,,,,0,,,,,,,,,
2020-12-13 00:00:00,10:34:00,COM VÍTIMA,IMBIRIBEIRA,AV MARECHAL MASCARENHAS DE MORAES,255,SUBURBIO,COLISÃO TRASEIRA,COLISÃO COM VÍTIMA,,2,,,,,,,,2,Longo da via,Bom,Perfeito estado,Seca,Perfeito estado,Não há placas,60 km/h,Dupla,Canteiro central
2020-12-13 00:00:00,13:30:00,COM VÍTIMA,PINA,AV REPUBLICA ARABE UNIDA,658,SHOP RIO MAR,ABALROAMENTO TRANSVERSAL,COLISAO ENTRE AUTO E MOTO COM UMA VITIMA,1,1,,,,,,,,1,Cruzamento,Bom,Perfeito estado,Seca,Perfeito estado,Não há placas,,Única,Faixa seccionada
2020-12-13 00:00:00,15:13:00,COM VÍTIMA,AFOGADOS,AV SUL,,CIDADE,ABALROAMENTO LONGITUDINAL,COLISÃO COM VITIMA,1,1,,,,,,,,1,Longo da via,Bom,Perfeito estado,Seca,Perfeito estado,Outras,,Única,Faixa seccionada
2020-12-13 00:00:00,16:07:00,COM VÍTIMA,IBURA,RUA PINTOR AGENOR DE ALBUQUERQUE CESAR,561,SUBURBIO,ATROPELAMENTO,MOTO ATROPELOU 1 PEDESTRE,,1,,,1,,,,,1,Longo da via,Bom,Incompleta,Seca,Perfeito estado,Outras,40 km/h,Dupla,Faixa seccionada
2020-12-13 00:00:00,17:40:00,COM VÍTIMA,TAMARINEIRA,EST VELHA DE AGUA FRIA,,SUBURBIO,ABALROAMENTO LONGITUDINAL,COLISAO ENTRE AUTO E MOTO COM UMA VITIMA,1,1,,,,,,,,1,Longo da via,Bom,Perfeito estado,Seca,Perfeito estado,Não há placas,,Dupla,Faixa contínua
2020-12-13 00:00:00,19:20:00,COM VÍTIMA,ESPINHEIRO,RUA DO ESPINHEIRO,,NORTE,ABALROAMENTO TRANSVERSAL,AUTO X MOTO. C/V,1,1,,,,,,,,1,Cruzamento,Bom,Perfeito estado,Seca,Perfeito estado,Não há placas,,Única,Faixa seccionada
2020-12-13 00:00:00,19:57:00,COM VÍTIMA,CAXANGÁ,AV JOAQUIM RIBEIRO,,SUBURBIO,ATROPELAMENTO,MOTO X PEDESTRE,,1,,,1,,,,,1,Longo da via,Bom,Perfeito estado,Seca,Perfeito estado,,,Dupla,Faixa seccionada
2020-12-13 00:00:00,23:38:00,SEM VÍTIMA,AFOGADOS,RUA PROFESSOR AUGUSTO WANDERLEY FILHO,39,,COLISÃO,SEM VÍTIMA /POSTE SEMÁFORICO DANIFICADO,,,,,,,,,,0,,,,,,,,,
2020-12-14 00:00:00,01:18:00,COM VÍTIMA,CORDEIRO,AV CAXANGA,80,,COLISÃO,COLISÃO AUTO X MOTO C/VITIMA - SAMU A CAMINHO,1,1,,,,,,,,1,,,,,,,,,
2020-12-14 00:00:00,13:02:00,COM VÍTIMA,CORDEIRO,AV CAXANGA,,SUBURBIO,COLISÃO TRASEIRA,COM UMA VITIMA-SAMU NO LOCAL,,1,,,,1,,,,1,Longo da via,Bom,Perfeito estado,Seca,Perfeito estado,Não há placas,60 km/h,Dupla,Faixa contínua
2020-12-14 00:00:00,14:15:00,COM VÍTIMA,SÃO JOSÉ,RUA IMPERIAL,510,SUBURBIO,ABALROAMENTO TRANSVERSAL,COM UMA VITIMA AGUARDANDO SOCORRO/CTTU NO LOCAL VT14,1,1,,,,,,,,1,Cruzamento,Bom,Perfeito estado,Seca,Perfeito estado,Não há placas,,Única,Faixa contínua
2020-12-14 00:00:00,15:01:00,COM VÍTIMA,CAMPO GRANDE,RUA PROFESSOR FRANCISCO DA TRINDADE,,CIDADE,ABALROAMENTO TRANSVERSAL,COLISÃO MOTO X CARRO,1,1,,,,,,,,1,Cruzamento,Bom,Incompleta,Seca,Perfeito estado,Placas Pare,,Dupla,Faixa seccionada
2020-12-14 00:00:00,16:28:00,COM VÍTIMA,CAXANGÁ,AV CAXANGA,,SUBURBIO,COLISÃO COM CICLISTA,COLISÃO COM CICLISTA,,,,1,,1,,,,1,Longo da via,Bom,Perfeito estado,Seca,Perfeito estado,Não há placas,60 km/h,Dupla,Faixa seccionada
2020-12-14 00:00:00,16:55:00,COM VÍTIMA,BOA VISTA,RUA DR LEOPOLDO LINS,78,SUBURBIO,ABALROAMENTO TRANSVERSAL,COLISAO ENVOLVENDO AUTO E MOTO COM VITIMA,1,1,,,,,,,,1,Cruzamento,Bom,Perfeito estado,Seca,Perfeito estado,R-19,60 km/h,Dupla,Canal
2020-12-14 00:00:00,18:43:00,COM VÍTIMA,ENCRUZILHADA,AV NORTE,43,,ABALROAMENTO TRANSVERSAL,COLISÃO ENTRE AUTO E MOTO- COM VÍTIMA,1,1,,,,,,,,1,Cruzamento,Bom,Perfeito estado,Seca,Perfeito estado,R-26,,Dupla,Canteiro central
2020-12-15 00:00:00,08:02:00,SEM VÍTIMA,TORRE,RUA NETO CAMPELO JUNIOR,,,COLISÃO,VEICULO OFICIAL,2,,,,,,,,,0,Longo da via,Bom,Não existente,Seca,Perfeito estado,Não há placas,,Única,Não existe
2020-12-15 00:00:00,08:36:00,COM VÍTIMA,CIDADE UNIVERSITÁRIA,RUA GENERAL POLIDORO,,SUBURBIO,ABALROAMENTO LONGITUDINAL,COM VITIMA,1,1,,,,,,,,1,Longo da via,Bom,Perfeito estado,Seca,Perfeito estado,Não há placas,,Dupla,Faixa contínua
2020-12-15 00:00:00,09:00:00,COM VÍTIMA,IBURA,AV DOIS RIOS,,SUBURBIO,COLISÃO FRONTAL,AUTO E MOTO,1,1,,,,,,,,1,Longo da via,Bom,Não existente,Seca,Perfeito estado,Não há placas,,Dupla,Faixa contínua
2020-12-15 00:00:00,14:01:00,COM VÍTIMA,CORDEIRO,AV CAXANGA,,CIDADE,ABALROAMENTO LONGITUDINAL,COLISÃO COM VÍTIMA,1,1,,,,,,,,1,Longo da via,Bom,Perfeito estado,Seca,Perfeito estado,R-6a,60 km/h,Única,Faixa seccionada
2020-12-15 00:00:00,18:13:00,COM VÍTIMA,MADALENA,AV ENGENHEIRO ABDIAS DE CARVALHO,52,TORRE,ABALROAMENTO LONGITUDINAL,COM VÍTIMA,,2,,,,,,,,1,Longo da via,Bom,Perfeito estado,Seca,Perfeito estado,Não há placas,60 km/h,Única,Faixa seccionada
2020-12-15 00:00:00,18:59:00,COM VÍTIMA,CABANGA,RUA CAPITAO TEMUDO,,BOA VIAGEM,ABALROAMENTO LONGITUDINAL,AUTO X MOTO. C/V,1,1,,,,,,,,1,Esquina,Chuvoso,Perfeito estado,Molhada,Perfeito estado,Não há placas,,Única,Faixa seccionada
2020-12-15 00:00:00,19:14:00,SEM VÍTIMA,CAMPO GRANDE,EST DE BELEM,,,COLISÃO,COLISAO SEM VITIMAS ENTRE TRES VEICULOS,3,,,,,,,,,0,,,,,,,,,
2020-12-15 00:00:00,21:23:00,COM VÍTIMA,VÁRZEA,AV AFONSO OLINDENSE,,PRAÇA DA VÁRZEA,ABALROAMENTO TRANSVERSAL,MOTO X ÕNIBUS. C/V,,1,,,,1,,,,2,Longo da via,Bom,Perfeito estado,Seca,Perfeito estado,Não há placas,,Dupla,Faixa seccionada
2020-12-16 00:00:00,01:23:00,COM VÍTIMA,AFOGADOS,RUA SAO MIGUEL,,CIDADE,COLISÃO,COLISÃO 2 AUTOS C/VITIMA (FIAT/UNO SE ENCONTRA CAPOTADO),2,,,,,,,,,1,,,,,,,,,
2020-12-16 00:00:00,09:20:00,COM VÍTIMA,VÁRZEA,RUA CONEGO JOSE FERNANDES MACHADO,,,COLISÃO FRONTAL,COM UMA VITIMA -AGUARDANDO SOCORRO,1,1,,,,,,,,1,Longo da via,Bom,Não existente,Seca,Perfeito estado,Não há placas,,Dupla,Não existe
2020-12-16 00:00:00,09:48:00,COM VÍTIMA,CORDEIRO,EST DO FORTE DO ARRAIAL N. DO B. JESUS,482,SUBURBIO,ABALROAMENTO LONGITUDINAL,COM UMA VITIMA-SAMU ACIONADO,1,1,,,,,,,,1,Longo da via,Bom,Perfeito estado,Seca,Perfeito estado,Não há placas,30 km/h,Dupla,Faixa seccionada
2020-12-16 00:00:00,10:49:00,SEM VÍTIMA,MADALENA,AV VISCONDE DE ALBUQUERQUE,,CIDADE,ABALROAMENTO LONGITUDINAL,SEM VITIMAS/VIATURA DA PM,1,,,,,,,1,,0,Longo da via,Bom,Perfeito estado,Seca,Perfeito estado,,,Única,Faixa seccionada
2020-12-16 00:00:00,14:16:00,SEM VÍTIMA,IPUTINGA,RUA EMILIANO BRAGA,,SUBURBIO,ABALROAMENTO TRANSVERSAL,COLISÃO NO LOCAL E NÃO TEM VÍTIMAS - VEÍCULOS ATRAPALJHANDO A FLUIDEZ DE VEÍCULOS,2,,,,,,,,,0,Cruzamento,Bom,Não existente,Seca,Perfeito estado,Não há placas,,Dupla,Não existe
2020-12-16 00:00:00,14:42:00,SEM VÍTIMA,BOA VIAGEM,RUA PADRE GIORDANO,,SUBURBIO,ABALROAMENTO TRANSVERSAL,COLISÃO COM VEÍCULO OFICIAL.,2,,,,,,,,,0,Longo da via,Bom,Não existente,Seca,Perfeito estado,Não há placas,,Dupla,Não existe
2020-12-16 00:00:00,17:33:00,COM VÍTIMA,TORRE,RUA CONDE DE IRAJA,106,AFOGADOS,COLISÃO TRASEIRA,COLISAO ENVOLVENDO AUTO E MOTO COM VITIMA,1,1,,,,,,,,1,Longo da via,Bom,Perfeito estado,Seca,Perfeito estado,R-6a,50 km/h,Única,Faixa seccionada
2020-12-16 00:00:00,17:35:00,COM VÍTIMA,BOA VIAGEM,RUA DOS NAVEGANTES,,SUBURBIO,ABALROAMENTO TRANSVERSAL,VÍTIMA SOCORRIDA PELO SAMU - MOTO NO LOCAL FICARÁ COM A RESPONSÁVEL XXX,1,1,,,,,,,,1,Longo da via,Bom,Perfeito estado,Seca,Perfeito estado,Não há placas,,Dupla,Não existe
2020-12-16 00:00:00,18:22:00,COM VÍTIMA,MADALENA,EST DOS REMEDIOS,,CIDADE,ABALROAMENTO LONGITUDINAL,SITUAÇÃO REPASSADA PELO GTM JORGE,1,1,,,,,,,,1,Cruzamento,Bom,Perfeito estado,Seca,Perfeito estado,Placas Pare,,Única,Não existe
2020-12-16 00:00:00,20:19:00,COM VÍTIMA,BONGI,EST DO BONGI,,SUBURBIO,ABALROAMENTO TRANSVERSAL,AUTO E MOTO,1,1,,,,,,,,1,Longo da via,Bom,Perfeito estado,Seca,Perfeito estado,Outras,,Dupla,Faixa contínua
2020-12-17 00:00:00,08:29:00,SEM VÍTIMA,,RUA N S DO CARMO,,,COLISÃO,COLISÃO ENTRE DOIS AUTOS SENDO UMA VT CORREGEDORIA,2,,,,,,,,,0,Longo da via,Bom,Perfeito estado,Seca,Perfeito estado,Não há placas,40 km/h,Dupla,Faixa contínua
2020-12-17 00:00:00,11:16:00,COM VÍTIMA,SAN MARTIN,RUA GOMES TABORDA,67,CIDADE,TOMBAMENTO,TOMBAMENTO DE MOTO,,1,,,,,,,,1,Cruzamento,Bom,Perfeito estado,Seca,Perfeito estado,R-6a,,Dupla,Faixa contínua
2020-12-17 00:00:00,17:43:00,COM VÍTIMA,BOA VISTA,AV CONDE DA BOA VISTA,27,SUBURBIO,ABALROAMENTO LONGITUDINAL,DUAS MOTOS COM VITIMA,,2,,,,,,,,1,Cruzamento,Bom,Perfeito estado,Seca,Perfeito estado,Não há placas,60 km/h,Única,Faixa contínua
2020-12-17 00:00:00,19:40:00,SEM VÍTIMA,IMBIRIBEIRA,AV MARECHAL MASCARENHAS DE MORAES,,CIDADE,COLISÃO,COLISAO DOIS AUTOS SEM VITIMAS,,,,,,,,,,0,Longo da via,Bom,Perfeito estado,Seca,Perfeito estado,Não há placas,60km/h,Dupla,Canteiro central
2020-12-17 00:00:00,20:00:00,COM VÍTIMA,PRADO,EST DOS REMEDIOS,52,SUBURBIO,ABALROAMENTO LONGITUDINAL,COLISÃO AUTO X MOTO,1,1,,,,,,,,2,Cruzamento,Bom,Perfeito estado,Seca,Mal conservada,R-6a,60 km/h,Dupla,Faixa contínua
2020-12-18 00:00:00,07:32:00,COM VÍTIMA,GRAÇAS,AV GOVERNADOR AGAMENON MAGALHAES,,SUBURBIO,ABALROAMENTO LONGITUDINAL,COLISÃO ENTRE AUTO E MOTOCICLETA,1,1,,,,,,,,1,Longo da via,Bom,Perfeito estado,Seca,Perfeito estado,Não há placas,60 km/h,Dupla,Canal
2020-12-18 00:00:00,08:30:00,COM VÍTIMA,ESPINHEIRO,RUA GOMES PACHECO,,SUBURBIO,COLISÃO FRONTAL,COLISÃO ENTRE AUTO E MOTOCICLETA,1,1,,,,,,,,1,Cruzamento,Bom,Incompleta,Seca,Perfeito estado,R-4a,,Dupla,
2020-12-18 00:00:00,09:30:00,COM VÍTIMA,APIPUCOS,RUA DE APIPUCOS,,CIDADE,COLISÃO FRONTAL,COLISÃO COM UMA VÍTIMA,1,1,,,,,,,,1,Cruzamento,Bom,Perfeito estado,Seca,Perfeito estado,R-6a,60 km/h,Dupla,Faixa contínua
2020-12-18 00:00:00,13:35:00,COM VÍTIMA,SANTO AMARO,AV GOVERNADOR AGAMENON MAGALHAES,465,SUBURBIO,ABALROAMENTO LONGITUDINAL,AUTO E MOTO.,1,1,,,,,,,,2,Longo da via,Bom,Perfeito estado,Seca,Perfeito estado,R-19,60 km/h,Única,Faixa seccionada
2020-12-18 00:00:00,14:26:00,COM VÍTIMA,BOA VISTA,AV CONDE DA BOA VISTA,,CIDADE,ABALROAMENTO LONGITUDINAL,COLISÃO ENTRE AUTO E MOTOCICLETA,1,1,,,,,,,,1,Longo da via,Bom,Perfeito estado,Seca,Perfeito estado,Outras,40 km/h,Dupla,Canteiro central
2020-12-19 00:00:00,01:12:00,VÍTIMA FATAL,SANTO AMARO,AV NORTE,36,CIDADE,CHOQUE OBJETO FIXO,VEÍCULO CHOCOU-SE CONTRA UM POSTE E UMA ÁRVORE ALÉM DO POSTE DA SEMAFORICA,1,,,,,,,,,1,Cruzamento,Bom,Perfeito estado,Seca,Perfeito estado,Não há placas,,Dupla,Canteiro central
2020-12-19 00:00:00,20:45:00,COM VÍTIMA,CORDEIRO,AV GENERAL SAN MARTIN,,CIDADE,ABALROAMENTO LONGITUDINAL,GOL VERMELHO X MOTO,1,1,,,,,,,,1,Longo da via,Bom,Ilegível,Seca,Perfeito estado,R-6a,60 km/h,Única,Faixa contínua
2020-12-20 00:00:00,13:08:00,COM VÍTIMA,AFOGADOS,RUA SAO MIGUEL,,SUBURBIO,ABALROAMENTO LONGITUDINAL,MOTO X GM SPIN,1,1,,,,,,,,1,Longo da via,Bom,Perfeito estado,Seca,Perfeito estado,Não há placas,,Dupla,Faixa contínua